myid,depot,eff_date,day,pullout2,swingdur,swingdursec,runno,start,arrive,finish,worktime,pay,leave,r1,b1,potype1,pot1,pitype1,pit1,stime1,stimeint1,start22,r2,b2,potype2,pot2,pitype2,pit2,stime2,stimeint2,start23,r3,b3,potype3,pot3,pitype3,pit3,stime3,stimeint3,start24,r4,b4,potype4,pot4,pitype4,pit4,stime4,stimeint4,start25,r5,b5,potype5,pot5,pitype5,pit5,stime5,stimeint5,start26,r6,b6,potype6,pot6,pitype6,pit6,stime6,stimeint6,start27,r7,b7,potype7,pot7,pitype7,pit7,stime7,stimeint7,start28,r8,b8,potype8,pot8,pitype8,pit8,stime8,stimeint8,start29,r9,b9,potype9,pot9,pitype9,pit9,stime9,stimeint9,start210,r10,b10,potype10,pot10,pitype10,pit10,stime10,stimeint10,sum1, sum12,sum2, sum22,sum3, sum32,sum4, sum42,sum5, sum52,sum6, sum62,sum7, sum72,sum8, sum82,sum9, sum92,sum10, sum102,
Midvaleweekday101,Midvale,6-15-2026,weekday,,,,101,2023-10-11 05:04 AM,,2023-10-11 2:40 PM,9:26,10.2,,2,3476,O,05:19 AM,I,02:36 PM,9:17,557,,,,,,,,,,,,,,,,,,,,,,,,,,,,,,,,,,,,,,,,,,,,,,,,,,,,,,,,,,,,,,,,,,,,,,,,,,,,,,,,,,RTE: 2 SCHD: 9:17,--> O: 05:19 AM > I: 02:36 PM,,,,,,,,,,,,,,,,,,,
Midvaleweekday102,Midvale,6-15-2026,weekday,11:20 AM,2Hrs 14Min,8040,102,2023-10-11 04:30 AM,3:19,2023-10-11 3:19 PM,8:25,8.9,,2,3475,O,04:45 AM,I,09:06 AM,4:21,261,11:10,71-81,3284,O,11:20 AM,RN,03:10 PM,3:50,230,,,,,,,,,,,,,,,,,,,,,,,,,,,,,,,,,,,,,,,,,,,,,,,,,,,,,,,,,,,,,,,,,,,,,,,,,RTE: 2 SCHD: 4:21,--> O: 04:45 AM > I: 09:06 AM,RTE: 71-81 SCHD: 3:50,--> O: 11:20 AM > RN: 03:10 PM,,,,,,,,,,,,,,,,,
Midvaleweekday103,Midvale,6-15-2026,weekday,12:31 PM,2Hrs 47Min,10020,103,2023-10-11 05:20 AM,,2023-10-11 5:44 PM,9:27,12.0,,2,3477,O,05:35 AM,I,09:44 AM,4:09,249,12:21,32,3217,O,12:31 PM,I,05:40 PM,5:09,309,,,,,,,,,,,,,,,,,,,,,,,,,,,,,,,,,,,,,,,,,,,,,,,,,,,,,,,,,,,,,,,,,,,,,,,,,RTE: 2 SCHD: 4:09,--> O: 05:35 AM > I: 09:44 AM,RTE: 32 SCHD: 5:09,--> O: 12:31 PM > I: 05:40 PM,,,,,,,,,,,,,,,,,
Midvaleweekday104,Midvale,6-15-2026,weekday,01:59 PM,3Hrs 30Min,12600,104,2023-10-11 05:33 AM,,2023-10-11 6:13 PM,9:20,12.3,,2,3478,O,05:48 AM,I,10:29 AM,4:41,281,1:39,4-16,3803,RS,01:59 PM,CG,04:02 PM,2:03,123,,71-81,3803,CG,04:02 PM,I,06:09 PM,2:07,127,,,,,,,,,,,,,,,,,,,,,,,,,,,,,,,,,,,,,,,,,,,,,,,,,,,,,,,,,,,,,,,,RTE: 2 SCHD: 4:41,--> O: 05:48 AM > I: 10:29 AM,RTE: 4-16 SCHD: 2:03,--> RS: 01:59 PM > CG: 04:02 PM,RTE: 71-81 SCHD: 2:07,--> CG: 04:02 PM > I: 06:09 PM,,,,,,,,,,,,,,,
Midvaleweekday105,Midvale,6-15-2026,weekday,11:52 AM,3Hrs 39Min,13140,105,2023-10-11 05:47 AM,,2023-10-11 6:25 PM,8:49,11.4,,2,3479,O,06:02 AM,I,08:13 AM,2:11,131,11:42,89,3458,O,11:52 AM,I,06:21 PM,6:29,389,,,,,,,,,,,,,,,,,,,,,,,,,,,,,,,,,,,,,,,,,,,,,,,,,,,,,,,,,,,,,,,,,,,,,,,,,RTE: 2 SCHD: 2:11,--> O: 06:02 AM > I: 08:13 AM,RTE: 89 SCHD: 6:29,--> O: 11:52 AM > I: 06:21 PM,,,,,,,,,,,,,,,,,
Midvaleweekday106,Midvale,6-15-2026,weekday,03:53 PM,2Hrs 18Min,8280,106,2023-10-11 06:12 AM,,2023-10-11 6:25 PM,9:45,12.2,,2,3480,O,06:27 AM,I,01:35 PM,7:08,428,3:43,61-62,3726,O,03:53 PM,I,06:21 PM,2:28,148,,,,,,,,,,,,,,,,,,,,,,,,,,,,,,,,,,,,,,,,,,,,,,,,,,,,,,,,,,,,,,,,,,,,,,,,,RTE: 2 SCHD: 7:08,--> O: 06:27 AM > I: 01:35 PM,RTE: 61-62 SCHD: 2:28,--> O: 03:53 PM > I: 06:21 PM,,,,,,,,,,,,,,,,,
Midvaleweekday107,Midvale,6-15-2026,weekday,02:41 PM,3Hrs 8Min,11280,107,2023-10-11 06:32 AM,,2023-10-11 7:11 PM,9:21,12.2,,2,3481,O,06:47 AM,I,11:33 AM,4:46,286,2:31,53,3436,O,02:41 PM,I,07:07 PM,4:26,266,,,,,,,,,,,,,,,,,,,,,,,,,,,,,,,,,,,,,,,,,,,,,,,,,,,,,,,,,,,,,,,,,,,,,,,,,RTE: 2 SCHD: 4:46,--> O: 06:47 AM > I: 11:33 AM,RTE: 53 SCHD: 4:26,--> O: 02:41 PM > I: 07:07 PM,,,,,,,,,,,,,,,,,
Midvaleweekday108,Midvale,6-15-2026,weekday,,,,108,2023-10-11 11:27 AM,,2023-10-11 9:16 PM,9:39,10.5,,2,3482,O,11:42 AM,I,09:12 PM,9:30,570,,,,,,,,,,,,,,,,,,,,,,,,,,,,,,,,,,,,,,,,,,,,,,,,,,,,,,,,,,,,,,,,,,,,,,,,,,,,,,,,,,RTE: 2 SCHD: 9:30,--> O: 11:42 AM > I: 09:12 PM,,,,,,,,,,,,,,,,,,,
Midvaleweekday109,Midvale,6-15-2026,weekday,,,,109,2023-10-11 03:53 PM,,2023-10-12 12:53 AM,8:50,9.3,,2,3486,O,04:08 PM,I,12:49 AM,8:41,521,,,,,,,,,,,,,,,,,,,,,,,,,,,,,,,,,,,,,,,,,,,,,,,,,,,,,,,,,,,,,,,,,,,,,,,,,,,,,,,,,,RTE: 2 SCHD: 8:41,--> O: 04:08 PM > I: 12:49 AM,,,,,,,,,,,,,,,,,,,
Midvaleweekday110,Midvale,6-15-2026,weekday,,,,110,2023-10-11 05:46 PM,,2023-10-12 2:17 AM,8:21,8.5,,2,3487,O,06:01 PM,I,02:13 AM,8:12,492,,,,,,,,,,,,,,,,,,,,,,,,,,,,,,,,,,,,,,,,,,,,,,,,,,,,,,,,,,,,,,,,,,,,,,,,,,,,,,,,,,RTE: 2 SCHD: 8:12,--> O: 06:01 PM > I: 02:13 AM,,,,,,,,,,,,,,,,,,,
Midvaleweekday501,Midvale,6-15-2026,weekday,,,,501,2023-10-11 04:04 AM,,2023-10-11 12:55 PM,8:41,9.0,,4-16,3801,O,04:19 AM,I,12:51 PM,8:32,512,,,,,,,,,,,,,,,,,,,,,,,,,,,,,,,,,,,,,,,,,,,,,,,,,,,,,,,,,,,,,,,,,,,,,,,,,,,,,,,,,,RTE: 4-16 SCHD: 8:32,--> O: 04:19 AM > I: 12:51 PM,,,,,,,,,,,,,,,,,,,
Midvaleweekday502,Midvale,6-15-2026,weekday,,,,502,2023-10-11 05:14 AM,2:19,2023-10-11 2:19 PM,8:55,9.4,,4-16,3803,O,05:29 AM,RS,01:59 PM,8:30,510,,,,,,,,,,,,,,,,,,,,,,,,,,,,,,,,,,,,,,,,,,,,,,,,,,,,,,,,,,,,,,,,,,,,,,,,,,,,,,,,,,RTE: 4-16 SCHD: 8:30,--> O: 05:29 AM > RS: 01:59 PM,,,,,,,,,,,,,,,,,,,
Midvaleweekday503,Midvale,6-15-2026,weekday,,,,503,2023-10-11 05:52 AM,3:31,2023-10-11 3:31 PM,9:29,10.2,,4-16,3807,O,06:07 AM,RS,03:11 PM,9:04,544,,,,,,,,,,,,,,,,,,,,,,,,,,,,,,,,,,,,,,,,,,,,,,,,,,,,,,,,,,,,,,,,,,,,,,,,,,,,,,,,,,RTE: 4-16 SCHD: 9:04,--> O: 06:07 AM > RS: 03:11 PM,,,,,,,,,,,,,,,,,,,
Midvaleweekday504,Midvale,6-15-2026,weekday,09:34 AM,0Hrs 44Min,2640,504,2023-10-11 04:31 AM,2:24,2023-10-11 2:24 PM,8:59,9.7,,4-16,3802,O,04:46 AM,RN,08:50 AM,4:04,244,,53,3433,RN,09:34 AM,RN,02:04 PM,4:30,270,,,,,,,,,,,,,,,,,,,,,,,,,,,,,,,,,,,,,,,,,,,,,,,,,,,,,,,,,,,,,,,,,,,,,,,,,RTE: 4-16 SCHD: 4:04,--> O: 04:46 AM > RN: 08:50 AM,RTE: 53 SCHD: 4:30,--> RN: 09:34 AM > RN: 02:04 PM,,,,,,,,,,,,,,,,,
Midvaleweekday505,Midvale,6-15-2026,weekday,02:52 PM,3Hrs 2Min,10920,505,2023-10-11 05:24 AM,,2023-10-11 5:26 PM,8:50,10.6,,4-16,3804,O,05:39 AM,RS,11:50 AM,6:11,371,,4-16,3806,RS,02:52 PM,I,05:22 PM,2:30,150,,,,,,,,,,,,,,,,,,,,,,,,,,,,,,,,,,,,,,,,,,,,,,,,,,,,,,,,,,,,,,,,,,,,,,,,,RTE: 4-16 SCHD: 6:11,--> O: 05:39 AM > RS: 11:50 AM,RTE: 4-16 SCHD: 2:30,--> RS: 02:52 PM > I: 05:22 PM,,,,,,,,,,,,,,,,,
Midvaleweekday506,Midvale,6-15-2026,weekday,02:24 PM,2Hrs 31Min,9060,506,2023-10-11 05:37 AM,,2023-10-11 5:57 PM,9:39,12.2,,4-16,3805,O,05:52 AM,I,11:53 AM,6:01,361,2:14,4-16,3818,O,02:24 PM,I,05:53 PM,3:29,209,,,,,,,,,,,,,,,,,,,,,,,,,,,,,,,,,,,,,,,,,,,,,,,,,,,,,,,,,,,,,,,,,,,,,,,,,RTE: 4-16 SCHD: 6:01,--> O: 05:52 AM > I: 11:53 AM,RTE: 4-16 SCHD: 3:29,--> O: 02:24 PM > I: 05:53 PM,,,,,,,,,,,,,,,,,
Midvaleweekday507,Midvale,6-15-2026,weekday,03:41 PM,3Hrs 29Min,12540,507,2023-10-11 05:40 AM,,2023-10-11 6:02 PM,8:43,10.9,,4-16,3806,O,05:55 AM,RS,12:12 PM,6:17,377,,4-16,3816,RN,03:41 PM,I,05:58 PM,2:17,137,,,,,,,,,,,,,,,,,,,,,,,,,,,,,,,,,,,,,,,,,,,,,,,,,,,,,,,,,,,,,,,,,,,,,,,,,RTE: 4-16 SCHD: 6:17,--> O: 05:55 AM > RS: 12:12 PM,RTE: 4-16 SCHD: 2:17,--> RN: 03:41 PM > I: 05:58 PM,,,,,,,,,,,,,,,,,
Midvaleweekday508,Midvale,6-15-2026,weekday,,,,508,2023-10-11 08:25 AM,,2023-10-11 6:12 PM,9:47,10.7,,4-16,3802,RN,08:50 AM,I,06:08 PM,9:18,558,,,,,,,,,,,,,,,,,,,,,,,,,,,,,,,,,,,,,,,,,,,,,,,,,,,,,,,,,,,,,,,,,,,,,,,,,,,,,,,,,,RTE: 4-16 SCHD: 9:18,--> RN: 08:50 AM > I: 06:08 PM,,,,,,,,,,,,,,,,,,,
Midvaleweekday509,Midvale,6-15-2026,weekday,03:39 PM,3Hrs 1Min,10860,509,2023-10-11 06:06 AM,,2023-10-11 6:51 PM,9:34,12.7,,4-16,3808,O,06:21 AM,I,12:38 PM,6:17,377,3:29,57,3915,O,03:39 PM,I,06:47 PM,3:08,188,,,,,,,,,,,,,,,,,,,,,,,,,,,,,,,,,,,,,,,,,,,,,,,,,,,,,,,,,,,,,,,,,,,,,,,,,RTE: 4-16 SCHD: 6:17,--> O: 06:21 AM > I: 12:38 PM,RTE: 57 SCHD: 3:08,--> O: 03:39 PM > I: 06:47 PM,,,,,,,,,,,,,,,,,
Midvaleweekday510,Midvale,6-15-2026,weekday,01:25 PM,3Hrs 53Min,13980,510,2023-10-11 06:08 AM,,2023-10-11 7:04 PM,8:53,12.0,,4-16,3809,O,06:23 AM,I,09:32 AM,3:09,189,1:15,89,3459,O,01:25 PM,I,07:00 PM,5:35,335,,,,,,,,,,,,,,,,,,,,,,,,,,,,,,,,,,,,,,,,,,,,,,,,,,,,,,,,,,,,,,,,,,,,,,,,,RTE: 4-16 SCHD: 3:09,--> O: 06:23 AM > I: 09:32 AM,RTE: 89 SCHD: 5:35,--> O: 01:25 PM > I: 07:00 PM,,,,,,,,,,,,,,,,,
Midvaleweekday511,Midvale,6-15-2026,weekday,02:30 PM,4Hrs 1Min,14460,511,2023-10-11 06:17 AM,,2023-10-11 7:10 PM,8:42,11.6,,4-16,3810,O,06:32 AM,I,10:29 AM,3:57,237,2:20,4-16,3819,O,02:30 PM,I,07:06 PM,4:36,276,,,,,,,,,,,,,,,,,,,,,,,,,,,,,,,,,,,,,,,,,,,,,,,,,,,,,,,,,,,,,,,,,,,,,,,,,RTE: 4-16 SCHD: 3:57,--> O: 06:32 AM > I: 10:29 AM,RTE: 4-16 SCHD: 4:36,--> O: 02:30 PM > I: 07:06 PM,,,,,,,,,,,,,,,,,
Midvaleweekday512,Midvale,6-15-2026,weekday,04:04 PM,1Hrs 12Min,4320,512,2023-10-11 11:47 AM,,2023-10-11 9:18 PM,8:39,9.2,11:52,4-16,3806,RS,12:12 PM,RS,02:52 PM,2:40,160,3:54,56,3625,O,04:04 PM,I,09:14 PM,5:10,310,,,,,,,,,,,,,,,,,,,,,,,,,,,,,,,,,,,,,,,,,,,,,,,,,,,,,,,,,,,,,,,,,,,,,,,,,RTE: 4-16 SCHD: 2:40,--> RS: 12:12 PM > RS: 02:52 PM,RTE: 56 SCHD: 5:10,--> O: 04:04 PM > I: 09:14 PM,,,,,,,,,,,,,,,,,
Midvaleweekday513,Midvale,6-15-2026,weekday,,,,513,2023-10-11 11:25 AM,,2023-10-11 9:40 PM,10:15,11.4,,4-16,3804,RS,11:50 AM,I,09:36 PM,9:46,586,,,,,,,,,,,,,,,,,,,,,,,,,,,,,,,,,,,,,,,,,,,,,,,,,,,,,,,,,,,,,,,,,,,,,,,,,,,,,,,,,,RTE: 4-16 SCHD: 9:46,--> RS: 11:50 AM > I: 09:36 PM,,,,,,,,,,,,,,,,,,,
Midvaleweekday514,Midvale,6-15-2026,weekday,,,,514,2023-10-11 02:46 PM,,2023-10-11 11:53 PM,9:07,9.7,,4-16,3807,RS,03:11 PM,CG,10:09 PM,6:58,418,,71-81,3807,CG,10:09 PM,I,11:49 PM,1:40,100,,,,,,,,,,,,,,,,,,,,,,,,,,,,,,,,,,,,,,,,,,,,,,,,,,,,,,,,,,,,,,,,,,,,,,,,,RTE: 4-16 SCHD: 6:58,--> RS: 03:11 PM > CG: 10:09 PM,RTE: 71-81 SCHD: 1:40,--> CG: 10:09 PM > I: 11:49 PM,,,,,,,,,,,,,,,,,
Midvaleweekday515,Midvale,6-15-2026,weekday,,,,515,2023-10-11 04:18 PM,,2023-10-12 2:42 AM,10:14,11.4,,4-16,3820,O,04:33 PM,I,02:38 AM,10:05,605,,,,,,,,,,,,,,,,,,,,,,,,,,,,,,,,,,,,,,,,,,,,,,,,,,,,,,,,,,,,,,,,,,,,,,,,,,,,,,,,,,RTE: 4-16 SCHD: 10:05,--> O: 04:33 PM > I: 02:38 AM,,,,,,,,,,,,,,,,,,,
Midvaleweekday1,Midvale,6-15-2026,weekday,,,,1,2023-10-11 02:35 AM,,2023-10-11 11:32 AM,8:47,9.2,,18,3001,O,02:50 AM,I,11:28 AM,8:38,518,,,,,,,,,,,,,,,,,,,,,,,,,,,,,,,,,,,,,,,,,,,,,,,,,,,,,,,,,,,,,,,,,,,,,,,,,,,,,,,,,,RTE: 18 SCHD: 8:38,--> O: 02:50 AM > I: 11:28 AM,,,,,,,,,,,,,,,,,,,
Midvaleweekday2,Midvale,6-15-2026,weekday,,,,2,2023-10-11 03:35 AM,,2023-10-11 1:02 PM,9:17,9.9,,18,3002,O,03:50 AM,I,12:58 PM,9:08,548,,,,,,,,,,,,,,,,,,,,,,,,,,,,,,,,,,,,,,,,,,,,,,,,,,,,,,,,,,,,,,,,,,,,,,,,,,,,,,,,,,RTE: 18 SCHD: 9:08,--> O: 03:50 AM > I: 12:58 PM,,,,,,,,,,,,,,,,,,,
Midvaleweekday3,Midvale,6-15-2026,weekday,,,,3,2023-10-11 03:40 AM,,2023-10-11 1:54 PM,10:04,11.1,,18,3003,O,03:55 AM,I,01:50 PM,9:55,595,,,,,,,,,,,,,,,,,,,,,,,,,,,,,,,,,,,,,,,,,,,,,,,,,,,,,,,,,,,,,,,,,,,,,,,,,,,,,,,,,,RTE: 18 SCHD: 9:55,--> O: 03:55 AM > I: 01:50 PM,,,,,,,,,,,,,,,,,,,
Midvaleweekday4,Midvale,6-15-2026,weekday,,,,4,2023-10-11 03:57 AM,,2023-10-11 2:09 PM,10:02,11.1,,18,3004,O,04:12 AM,I,02:05 PM,9:53,593,,,,,,,,,,,,,,,,,,,,,,,,,,,,,,,,,,,,,,,,,,,,,,,,,,,,,,,,,,,,,,,,,,,,,,,,,,,,,,,,,,RTE: 18 SCHD: 9:53,--> O: 04:12 AM > I: 02:05 PM,,,,,,,,,,,,,,,,,,,
Midvaleweekday5,Midvale,6-15-2026,weekday,,,,5,2023-10-11 04:34 AM,,2023-10-11 2:32 PM,9:48,10.7,,18,3006,O,04:49 AM,I,02:28 PM,9:39,579,,,,,,,,,,,,,,,,,,,,,,,,,,,,,,,,,,,,,,,,,,,,,,,,,,,,,,,,,,,,,,,,,,,,,,,,,,,,,,,,,,RTE: 18 SCHD: 9:39,--> O: 04:49 AM > I: 02:28 PM,,,,,,,,,,,,,,,,,,,
Midvaleweekday6,Midvale,6-15-2026,weekday,,,,6,2023-10-11 04:37 AM,,2023-10-11 1:47 PM,9:00,9.5,,18,3007,O,04:52 AM,I,01:43 PM,8:51,531,,,,,,,,,,,,,,,,,,,,,,,,,,,,,,,,,,,,,,,,,,,,,,,,,,,,,,,,,,,,,,,,,,,,,,,,,,,,,,,,,,RTE: 18 SCHD: 8:51,--> O: 04:52 AM > I: 01:43 PM,,,,,,,,,,,,,,,,,,,
Midvaleweekday7,Midvale,6-15-2026,weekday,,,,7,2023-10-11 06:03 AM,,2023-10-11 3:06 PM,8:53,9.3,,18,3013,O,06:18 AM,I,03:02 PM,8:44,524,,,,,,,,,,,,,,,,,,,,,,,,,,,,,,,,,,,,,,,,,,,,,,,,,,,,,,,,,,,,,,,,,,,,,,,,,,,,,,,,,,RTE: 18 SCHD: 8:44,--> O: 06:18 AM > I: 03:02 PM,,,,,,,,,,,,,,,,,,,
Midvaleweekday8,Midvale,6-15-2026,weekday,12:21 PM,1Hrs 53Min,6780,8,2023-10-11 04:12 AM,2:56,2023-10-11 2:56 PM,8:41,9.3,,18,3005,O,04:27 AM,I,10:28 AM,6:01,361,12:11,4-16,3814,O,12:21 PM,RN,02:36 PM,2:15,135,,,,,,,,,,,,,,,,,,,,,,,,,,,,,,,,,,,,,,,,,,,,,,,,,,,,,,,,,,,,,,,,,,,,,,,,,RTE: 18 SCHD: 6:01,--> O: 04:27 AM > I: 10:28 AM,RTE: 4-16 SCHD: 2:15,--> O: 12:21 PM > RN: 02:36 PM,,,,,,,,,,,,,,,,,
Midvaleweekday9,Midvale,6-15-2026,weekday,10:29 AM,2Hrs 22Min,8520,9,2023-10-11 04:57 AM,,2023-10-11 4:51 PM,9:22,11.3,,18,3009,O,05:12 AM,I,08:07 AM,2:55,175,10:19,18,3016,O,10:29 AM,I,04:47 PM,6:18,378,,,,,,,,,,,,,,,,,,,,,,,,,,,,,,,,,,,,,,,,,,,,,,,,,,,,,,,,,,,,,,,,,,,,,,,,,RTE: 18 SCHD: 2:55,--> O: 05:12 AM > I: 08:07 AM,RTE: 18 SCHD: 6:18,--> O: 10:29 AM > I: 04:47 PM,,,,,,,,,,,,,,,,,
Midvaleweekday10,Midvale,6-15-2026,weekday,03:09 PM,1Hrs 41Min,6060,10,2023-10-11 04:47 AM,4:54,2023-10-11 4:54 PM,10:16,12.9,,18,3008,O,05:02 AM,I,01:28 PM,8:26,506,2:59,18,3028,O,03:09 PM,RE,04:19 PM,1:10,70,,,,,,,,,,,,,,,,,,,,,,,,,,,,,,,,,,,,,,,,,,,,,,,,,,,,,,,,,,,,,,,,,,,,,,,,,RTE: 18 SCHD: 8:26,--> O: 05:02 AM > I: 01:28 PM,RTE: 18 SCHD: 1:10,--> O: 03:09 PM > RE: 04:19 PM,,,,,,,,,,,,,,,,,
Midvaleweekday11,Midvale,6-15-2026,weekday,12:14 PM,2Hrs 43Min,9780,11,2023-10-11 05:07 AM,,2023-10-11 5:09 PM,9:09,11.1,,18,3010,O,05:22 AM,I,09:31 AM,4:09,249,12:04,18,3019,O,12:14 PM,I,05:05 PM,4:51,291,,,,,,,,,,,,,,,,,,,,,,,,,,,,,,,,,,,,,,,,,,,,,,,,,,,,,,,,,,,,,,,,,,,,,,,,,RTE: 18 SCHD: 4:09,--> O: 05:22 AM > I: 09:31 AM,RTE: 18 SCHD: 4:51,--> O: 12:14 PM > I: 05:05 PM,,,,,,,,,,,,,,,,,
Midvaleweekday12,Midvale,6-15-2026,weekday,12:58 PM,3Hrs 6Min,11160,12,2023-10-11 05:15 AM,5:31,2023-10-11 5:31 PM,9:00,11.2,,18,3011,O,05:30 AM,I,09:52 AM,4:22,262,12:48,18,3021,O,12:58 PM,RW,04:56 PM,3:58,238,,,,,,,,,,,,,,,,,,,,,,,,,,,,,,,,,,,,,,,,,,,,,,,,,,,,,,,,,,,,,,,,,,,,,,,,,RTE: 18 SCHD: 4:22,--> O: 05:30 AM > I: 09:52 AM,RTE: 18 SCHD: 3:58,--> O: 12:58 PM > RW: 04:56 PM,,,,,,,,,,,,,,,,,
Midvaleweekday13,Midvale,6-15-2026,weekday,12:16 PM,2Hrs 40Min,9600,13,2023-10-11 05:45 AM,,2023-10-11 6:18 PM,9:43,12.6,,18,3012,O,06:00 AM,RE,09:36 AM,3:36,216,,55,3507,RN,12:16 PM,I,06:14 PM,5:58,358,,,,,,,,,,,,,,,,,,,,,,,,,,,,,,,,,,,,,,,,,,,,,,,,,,,,,,,,,,,,,,,,,,,,,,,,,RTE: 18 SCHD: 3:36,--> O: 06:00 AM > RE: 09:36 AM,RTE: 55 SCHD: 5:58,--> RN: 12:16 PM > I: 06:14 PM,,,,,,,,,,,,,,,,,
Midvaleweekday14,Midvale,6-15-2026,weekday,,,,14,2023-10-11 09:30 AM,,2023-10-11 6:38 PM,8:58,9.5,,18,3015,O,09:45 AM,I,06:34 PM,8:49,529,,,,,,,,,,,,,,,,,,,,,,,,,,,,,,,,,,,,,,,,,,,,,,,,,,,,,,,,,,,,,,,,,,,,,,,,,,,,,,,,,,RTE: 18 SCHD: 8:49,--> O: 09:45 AM > I: 06:34 PM,,,,,,,,,,,,,,,,,,,
Midvaleweekday15,Midvale,6-15-2026,weekday,02:18 PM,3Hrs 5Min,11100,15,2023-10-11 06:06 AM,,2023-10-11 6:57 PM,9:36,12.9,,18,3014,O,06:21 AM,I,11:13 AM,4:52,292,2:08,18,3026,O,02:18 PM,I,06:53 PM,4:35,275,,,,,,,,,,,,,,,,,,,,,,,,,,,,,,,,,,,,,,,,,,,,,,,,,,,,,,,,,,,,,,,,,,,,,,,,,RTE: 18 SCHD: 4:52,--> O: 06:21 AM > I: 11:13 AM,RTE: 18 SCHD: 4:35,--> O: 02:18 PM > I: 06:53 PM,,,,,,,,,,,,,,,,,
Midvaleweekday16,Midvale,6-15-2026,weekday,02:33 PM,2Hrs 35Min,9300,16,2023-10-11 08:56 AM,,2023-10-11 7:34 PM,8:03,8.4,9:01,18,3012,RE,09:36 AM,I,11:58 AM,2:22,142,2:23,77,3677,O,02:33 PM,I,07:30 PM,4:57,297,,,,,,,,,,,,,,,,,,,,,,,,,,,,,,,,,,,,,,,,,,,,,,,,,,,,,,,,,,,,,,,,,,,,,,,,,RTE: 18 SCHD: 2:22,--> RE: 09:36 AM > I: 11:58 AM,RTE: 77 SCHD: 4:57,--> O: 02:33 PM > I: 07:30 PM,,,,,,,,,,,,,,,,,
Midvaleweekday17,Midvale,6-15-2026,weekday,03:14 PM,1Hrs 40Min,6000,17,2023-10-11 10:59 AM,,2023-10-11 8:23 PM,8:09,8.5,,18,3018,O,11:14 AM,RW,01:34 PM,2:20,140,3:04,56,3623,O,03:14 PM,I,08:19 PM,5:05,305,,,,,,,,,,,,,,,,,,,,,,,,,,,,,,,,,,,,,,,,,,,,,,,,,,,,,,,,,,,,,,,,,,,,,,,,,RTE: 18 SCHD: 2:20,--> O: 11:14 AM > RW: 01:34 PM,RTE: 56 SCHD: 5:05,--> O: 03:14 PM > I: 08:19 PM,,,,,,,,,,,,,,,,,
Midvaleweekday18,Midvale,6-15-2026,weekday,,,,18,2023-10-11 01:14 PM,,2023-10-11 9:17 PM,7:53,8.0,,18,3024,O,01:29 PM,I,09:13 PM,7:44,464,,,,,,,,,,,,,,,,,,,,,,,,,,,,,,,,,,,,,,,,,,,,,,,,,,,,,,,,,,,,,,,,,,,,,,,,,,,,,,,,,,RTE: 18 SCHD: 7:44,--> O: 01:29 PM > I: 09:13 PM,,,,,,,,,,,,,,,,,,,
Midvaleweekday19,Midvale,6-15-2026,weekday,,,,19,2023-10-11 12:44 PM,,2023-10-11 10:26 PM,9:32,10.3,,18,3022,O,12:59 PM,I,10:22 PM,9:23,563,,,,,,,,,,,,,,,,,,,,,,,,,,,,,,,,,,,,,,,,,,,,,,,,,,,,,,,,,,,,,,,,,,,,,,,,,,,,,,,,,,RTE: 18 SCHD: 9:23,--> O: 12:59 PM > I: 10:22 PM,,,,,,,,,,,,,,,,,,,
Midvaleweekday20,Midvale,6-15-2026,weekday,,,,20,2023-10-11 12:29 PM,,2023-10-11 11:15 PM,10:36,11.9,,18,3020,O,12:44 PM,I,11:11 PM,10:27,627,,,,,,,,,,,,,,,,,,,,,,,,,,,,,,,,,,,,,,,,,,,,,,,,,,,,,,,,,,,,,,,,,,,,,,,,,,,,,,,,,,RTE: 18 SCHD: 10:27,--> O: 12:44 PM > I: 11:11 PM,,,,,,,,,,,,,,,,,,,
Midvaleweekday21,Midvale,6-15-2026,weekday,,,,21,2023-10-11 12:54 PM,,2023-10-11 11:47 PM,10:53,12.3,,18,3018,RW,01:34 PM,I,11:43 PM,10:09,609,,,,,,,,,,,,,,,,,,,,,,,,,,,,,,,,,,,,,,,,,,,,,,,,,,,,,,,,,,,,,,,,,,,,,,,,,,,,,,,,,,RTE: 18 SCHD: 10:09,--> RW: 01:34 PM > I: 11:43 PM,,,,,,,,,,,,,,,,,,,
Midvaleweekday22,Midvale,6-15-2026,weekday,,,,22,2023-10-11 02:19 PM,,2023-10-12 12:40 AM,10:11,11.3,,18,3027,O,02:34 PM,I,12:36 AM,10:02,602,,,,,,,,,,,,,,,,,,,,,,,,,,,,,,,,,,,,,,,,,,,,,,,,,,,,,,,,,,,,,,,,,,,,,,,,,,,,,,,,,,RTE: 18 SCHD: 10:02,--> O: 02:34 PM > I: 12:36 AM,,,,,,,,,,,,,,,,,,,
Midvaleweekday23,Midvale,6-15-2026,weekday,,,,23,2023-10-11 04:16 PM,,2023-10-12 2:06 AM,9:50,10.8,,18,3021,RW,04:56 PM,I,02:02 AM,9:06,546,,,,,,,,,,,,,,,,,,,,,,,,,,,,,,,,,,,,,,,,,,,,,,,,,,,,,,,,,,,,,,,,,,,,,,,,,,,,,,,,,,RTE: 18 SCHD: 9:06,--> RW: 04:56 PM > I: 02:02 AM,,,,,,,,,,,,,,,,,,,
Midvaleweekday24,Midvale,6-15-2026,weekday,,,,24,2023-10-11 05:01 PM,,2023-10-12 2:07 AM,8:56,9.4,,18,3033,O,05:16 PM,I,02:03 AM,8:47,527,,,,,,,,,,,,,,,,,,,,,,,,,,,,,,,,,,,,,,,,,,,,,,,,,,,,,,,,,,,,,,,,,,,,,,,,,,,,,,,,,,RTE: 18 SCHD: 8:47,--> O: 05:16 PM > I: 02:03 AM,,,,,,,,,,,,,,,,,,,
Midvaleweekday25,Midvale,6-15-2026,weekday,,,,25,2023-10-11 03:39 PM,,2023-10-12 2:24 AM,10:45,12.1,,18,3028,RE,04:19 PM,I,02:20 AM,10:01,601,,,,,,,,,,,,,,,,,,,,,,,,,,,,,,,,,,,,,,,,,,,,,,,,,,,,,,,,,,,,,,,,,,,,,,,,,,,,,,,,,,RTE: 18 SCHD: 10:01,--> RE: 04:19 PM > I: 02:20 AM,,,,,,,,,,,,,,,,,,,
Midvaleweekday26,Midvale,6-15-2026,weekday,,,,26,2023-10-11 04:37 PM,,2023-10-12 2:31 AM,9:44,10.6,,18,3031,O,04:52 PM,I,02:27 AM,9:35,575,,,,,,,,,,,,,,,,,,,,,,,,,,,,,,,,,,,,,,,,,,,,,,,,,,,,,,,,,,,,,,,,,,,,,,,,,,,,,,,,,,RTE: 18 SCHD: 9:35,--> O: 04:52 PM > I: 02:27 AM,,,,,,,,,,,,,,,,,,,
Midvaleweekday27,Midvale,6-15-2026,weekday,,,,27,2023-10-11 03:52 PM,,2023-10-12 2:49 AM,10:57,12.4,,18,3032,RW,04:32 PM,I,02:45 AM,10:13,613,,,,,,,,,,,,,,,,,,,,,,,,,,,,,,,,,,,,,,,,,,,,,,,,,,,,,,,,,,,,,,,,,,,,,,,,,,,,,,,,,,RTE: 18 SCHD: 10:13,--> RW: 04:32 PM > I: 02:45 AM,,,,,,,,,,,,,,,,,,,
Midvaleweekday251,Midvale,6-15-2026,weekday,,,,251,2023-10-11 03:45 AM,,2023-10-11 12:51 PM,8:56,9.4,,22,3241,O,04:00 AM,I,12:47 PM,8:47,527,,,,,,,,,,,,,,,,,,,,,,,,,,,,,,,,,,,,,,,,,,,,,,,,,,,,,,,,,,,,,,,,,,,,,,,,,,,,,,,,,,RTE: 22 SCHD: 8:47,--> O: 04:00 AM > I: 12:47 PM,,,,,,,,,,,,,,,,,,,
Midvaleweekday252,Midvale,6-15-2026,weekday,,,,252,2023-10-11 04:35 AM,,2023-10-11 1:50 PM,9:05,9.6,,22,3243,O,04:50 AM,I,01:46 PM,8:56,536,,,,,,,,,,,,,,,,,,,,,,,,,,,,,,,,,,,,,,,,,,,,,,,,,,,,,,,,,,,,,,,,,,,,,,,,,,,,,,,,,,RTE: 22 SCHD: 8:56,--> O: 04:50 AM > I: 01:46 PM,,,,,,,,,,,,,,,,,,,
Midvaleweekday253,Midvale,6-15-2026,weekday,12:55 PM,1Hrs 8Min,4080,253,2023-10-11 04:16 AM,3:31,2023-10-11 3:31 PM,9:57,11.5,,22,3242,O,04:31 AM,I,11:47 AM,7:16,436,12:45,77,3675,O,12:55 PM,CG,02:33 PM,1:38,98,,23-45,3675,CG,02:33 PM,RS,03:11 PM,0:38,38,,,,,,,,,,,,,,,,,,,,,,,,,,,,,,,,,,,,,,,,,,,,,,,,,,,,,,,,,,,,,,,,RTE: 22 SCHD: 7:16,--> O: 04:31 AM > I: 11:47 AM,RTE: 77 SCHD: 1:38,--> O: 12:55 PM > CG: 02:33 PM,RTE: 23-45 SCHD: 0:38,--> CG: 02:33 PM > RS: 03:11 PM,,,,,,,,,,,,,,,
Midvaleweekday254,Midvale,6-15-2026,weekday,01:17 PM,3Hrs 30Min,12600,254,2023-10-11 04:38 AM,4:01,2023-10-11 4:01 PM,7:43,8.4,,22,3244,O,04:53 AM,I,09:47 AM,4:54,294,1:07,4-16,3816,O,01:17 PM,RN,03:41 PM,2:24,144,,,,,,,,,,,,,,,,,,,,,,,,,,,,,,,,,,,,,,,,,,,,,,,,,,,,,,,,,,,,,,,,,,,,,,,,,RTE: 22 SCHD: 4:54,--> O: 04:53 AM > I: 09:47 AM,RTE: 4-16 SCHD: 2:24,--> O: 01:17 PM > RN: 03:41 PM,,,,,,,,,,,,,,,,,
Midvaleweekday255,Midvale,6-15-2026,weekday,02:23 PM,1Hrs 10Min,4200,255,2023-10-11 05:11 AM,,2023-10-11 4:36 PM,10:05,11.9,,22,3245,O,05:26 AM,I,01:13 PM,7:47,467,2:13,23-45,3176,O,02:23 PM,I,04:32 PM,2:09,129,,,,,,,,,,,,,,,,,,,,,,,,,,,,,,,,,,,,,,,,,,,,,,,,,,,,,,,,,,,,,,,,,,,,,,,,,RTE: 22 SCHD: 7:47,--> O: 05:26 AM > I: 01:13 PM,RTE: 23-45 SCHD: 2:09,--> O: 02:23 PM > I: 04:32 PM,,,,,,,,,,,,,,,,,
Midvaleweekday256,Midvale,6-15-2026,weekday,11:14 AM,2Hrs 31Min,9060,256,2023-10-11 05:23 AM,,2023-10-11 5:40 PM,9:36,12.1,,22,3246,O,05:38 AM,I,08:43 AM,3:05,185,11:04,57,3908,O,11:14 AM,I,05:36 PM,6:22,382,,,,,,,,,,,,,,,,,,,,,,,,,,,,,,,,,,,,,,,,,,,,,,,,,,,,,,,,,,,,,,,,,,,,,,,,,RTE: 22 SCHD: 3:05,--> O: 05:38 AM > I: 08:43 AM,RTE: 57 SCHD: 6:22,--> O: 11:14 AM > I: 05:36 PM,,,,,,,,,,,,,,,,,
Midvaleweekday257,Midvale,6-15-2026,weekday,03:30 PM,3Hrs 11Min,11460,257,2023-10-11 05:59 AM,,2023-10-11 6:12 PM,8:52,10.9,,22,3248,O,06:14 AM,I,12:19 PM,6:05,365,3:20,51,3398,O,03:30 PM,I,06:08 PM,2:38,158,,,,,,,,,,,,,,,,,,,,,,,,,,,,,,,,,,,,,,,,,,,,,,,,,,,,,,,,,,,,,,,,,,,,,,,,,RTE: 22 SCHD: 6:05,--> O: 06:14 AM > I: 12:19 PM,RTE: 51 SCHD: 2:38,--> O: 03:30 PM > I: 06:08 PM,,,,,,,,,,,,,,,,,
Midvaleweekday258,Midvale,6-15-2026,weekday,01:13 PM,4Hrs 0Min,14400,258,2023-10-11 05:40 AM,,2023-10-11 6:18 PM,8:28,10.9,,22,3247,O,05:55 AM,I,09:13 AM,3:18,198,1:03,18,3023,O,01:13 PM,I,06:14 PM,5:01,301,,,,,,,,,,,,,,,,,,,,,,,,,,,,,,,,,,,,,,,,,,,,,,,,,,,,,,,,,,,,,,,,,,,,,,,,,RTE: 22 SCHD: 3:18,--> O: 05:55 AM > I: 09:13 AM,RTE: 18 SCHD: 5:01,--> O: 01:13 PM > I: 06:14 PM,,,,,,,,,,,,,,,,,
Midvaleweekday259,Midvale,6-15-2026,weekday,,,,259,2023-10-11 11:50 AM,,2023-10-11 8:33 PM,8:33,8.8,,22,3250,O,12:05 PM,I,08:29 PM,8:24,504,,,,,,,,,,,,,,,,,,,,,,,,,,,,,,,,,,,,,,,,,,,,,,,,,,,,,,,,,,,,,,,,,,,,,,,,,,,,,,,,,,RTE: 22 SCHD: 8:24,--> O: 12:05 PM > I: 08:29 PM,,,,,,,,,,,,,,,,,,,
Midvaleweekday260,Midvale,6-15-2026,weekday,,,,260,2023-10-11 01:58 PM,,2023-10-11 10:05 PM,7:57,8.0,,22,3254,O,02:13 PM,I,10:01 PM,7:48,468,,,,,,,,,,,,,,,,,,,,,,,,,,,,,,,,,,,,,,,,,,,,,,,,,,,,,,,,,,,,,,,,,,,,,,,,,,,,,,,,,,RTE: 22 SCHD: 7:48,--> O: 02:13 PM > I: 10:01 PM,,,,,,,,,,,,,,,,,,,
Midvaleweekday261,Midvale,6-15-2026,weekday,,,,261,2023-10-11 05:00 PM,,2023-10-12 1:43 AM,8:33,8.8,,22,3257,O,05:15 PM,I,01:39 AM,8:24,504,,,,,,,,,,,,,,,,,,,,,,,,,,,,,,,,,,,,,,,,,,,,,,,,,,,,,,,,,,,,,,,,,,,,,,,,,,,,,,,,,,RTE: 22 SCHD: 8:24,--> O: 05:15 PM > I: 01:39 AM,,,,,,,,,,,,,,,,,,,
Midvaleweekday951,Midvale,6-15-2026,weekday,,,,951,2023-10-11 02:55 AM,,2023-10-11 10:49 AM,7:44,8.0,,23-45,3151,O,03:10 AM,I,10:45 AM,7:35,455,,,,,,,,,,,,,,,,,,,,,,,,,,,,,,,,,,,,,,,,,,,,,,,,,,,,,,,,,,,,,,,,,,,,,,,,,,,,,,,,,,RTE: 23-45 SCHD: 7:35,--> O: 03:10 AM > I: 10:45 AM,,,,,,,,,,,,,,,,,,,
Midvaleweekday952,Midvale,6-15-2026,weekday,,,,952,2023-10-11 03:35 AM,,2023-10-11 12:29 PM,8:44,9.1,,23-45,3152,O,03:50 AM,I,12:25 PM,8:35,515,,,,,,,,,,,,,,,,,,,,,,,,,,,,,,,,,,,,,,,,,,,,,,,,,,,,,,,,,,,,,,,,,,,,,,,,,,,,,,,,,,RTE: 23-45 SCHD: 8:35,--> O: 03:50 AM > I: 12:25 PM,,,,,,,,,,,,,,,,,,,
Midvaleweekday953,Midvale,6-15-2026,weekday,,,,953,2023-10-11 03:45 AM,,2023-10-11 12:09 PM,8:14,8.4,,23-45,3153,O,04:00 AM,I,12:05 PM,8:05,485,,,,,,,,,,,,,,,,,,,,,,,,,,,,,,,,,,,,,,,,,,,,,,,,,,,,,,,,,,,,,,,,,,,,,,,,,,,,,,,,,,RTE: 23-45 SCHD: 8:05,--> O: 04:00 AM > I: 12:05 PM,,,,,,,,,,,,,,,,,,,
Midvaleweekday954,Midvale,6-15-2026,weekday,,,,954,2023-10-11 04:16 AM,,2023-10-11 12:49 PM,8:23,8.6,,23-45,3154,O,04:31 AM,I,12:45 PM,8:14,494,,,,,,,,,,,,,,,,,,,,,,,,,,,,,,,,,,,,,,,,,,,,,,,,,,,,,,,,,,,,,,,,,,,,,,,,,,,,,,,,,,RTE: 23-45 SCHD: 8:14,--> O: 04:31 AM > I: 12:45 PM,,,,,,,,,,,,,,,,,,,
Midvaleweekday955,Midvale,6-15-2026,weekday,,,,955,2023-10-11 04:28 AM,3:13,2023-10-11 3:13 PM,10:35,11.9,,23-45,3155,O,04:43 AM,RN,02:53 PM,10:10,610,,,,,,,,,,,,,,,,,,,,,,,,,,,,,,,,,,,,,,,,,,,,,,,,,,,,,,,,,,,,,,,,,,,,,,,,,,,,,,,,,,RTE: 23-45 SCHD: 10:10,--> O: 04:43 AM > RN: 02:53 PM,,,,,,,,,,,,,,,,,,,
Midvaleweekday956,Midvale,6-15-2026,weekday,,,,956,2023-10-11 04:40 AM,2:01,2023-10-11 2:01 PM,9:11,9.8,,23-45,3156,O,04:55 AM,RS,01:41 PM,8:46,526,,,,,,,,,,,,,,,,,,,,,,,,,,,,,,,,,,,,,,,,,,,,,,,,,,,,,,,,,,,,,,,,,,,,,,,,,,,,,,,,,,RTE: 23-45 SCHD: 8:46,--> O: 04:55 AM > RS: 01:41 PM,,,,,,,,,,,,,,,,,,,
Midvaleweekday957,Midvale,6-15-2026,weekday,,,,957,2023-10-11 04:45 AM,2:51,2023-10-11 2:51 PM,9:56,10.9,,23-45,3157,O,05:00 AM,RS,02:31 PM,9:31,571,,,,,,,,,,,,,,,,,,,,,,,,,,,,,,,,,,,,,,,,,,,,,,,,,,,,,,,,,,,,,,,,,,,,,,,,,,,,,,,,,,RTE: 23-45 SCHD: 9:31,--> O: 05:00 AM > RS: 02:31 PM,,,,,,,,,,,,,,,,,,,
Midvaleweekday958,Midvale,6-15-2026,weekday,,,,958,2023-10-11 05:11 AM,2:41,2023-10-11 2:41 PM,9:20,10.0,,23-45,3160,O,05:26 AM,RS,02:21 PM,8:55,535,,,,,,,,,,,,,,,,,,,,,,,,,,,,,,,,,,,,,,,,,,,,,,,,,,,,,,,,,,,,,,,,,,,,,,,,,,,,,,,,,,RTE: 23-45 SCHD: 8:55,--> O: 05:26 AM > RS: 02:21 PM,,,,,,,,,,,,,,,,,,,
Midvaleweekday959,Midvale,6-15-2026,weekday,,,,959,2023-10-11 06:22 AM,4:18,2023-10-11 4:18 PM,9:46,10.7,,23-45,3166,O,06:37 AM,RS,03:58 PM,9:21,561,,,,,,,,,,,,,,,,,,,,,,,,,,,,,,,,,,,,,,,,,,,,,,,,,,,,,,,,,,,,,,,,,,,,,,,,,,,,,,,,,,RTE: 23-45 SCHD: 9:21,--> O: 06:37 AM > RS: 03:58 PM,,,,,,,,,,,,,,,,,,,
Midvaleweekday960,Midvale,6-15-2026,weekday,02:53 PM,0Hrs 42Min,2520,960,2023-10-11 05:02 AM,,2023-10-11 4:03 PM,10:09,11.6,,23-45,3159,O,05:17 AM,RS,02:11 PM,8:54,534,,23-45,3155,RN,02:53 PM,I,03:59 PM,1:06,66,,,,,,,,,,,,,,,,,,,,,,,,,,,,,,,,,,,,,,,,,,,,,,,,,,,,,,,,,,,,,,,,,,,,,,,,,RTE: 23-45 SCHD: 8:54,--> O: 05:17 AM > RS: 02:11 PM,RTE: 23-45 SCHD: 1:06,--> RN: 02:53 PM > I: 03:59 PM,,,,,,,,,,,,,,,,,
Midvaleweekday961,Midvale,6-15-2026,weekday,02:11 PM,3Hrs 28Min,12480,961,2023-10-11 05:11 AM,,2023-10-11 4:50 PM,8:01,9.0,,23-45,3161,O,05:26 AM,RN,10:43 AM,5:17,317,,23-45,3159,RS,02:11 PM,I,04:46 PM,2:35,155,,,,,,,,,,,,,,,,,,,,,,,,,,,,,,,,,,,,,,,,,,,,,,,,,,,,,,,,,,,,,,,,,,,,,,,,,RTE: 23-45 SCHD: 5:17,--> O: 05:26 AM > RN: 10:43 AM,RTE: 23-45 SCHD: 2:35,--> RS: 02:11 PM > I: 04:46 PM,,,,,,,,,,,,,,,,,
Midvaleweekday962,Midvale,6-15-2026,weekday,02:39 PM,4Hrs 16Min,15360,962,2023-10-11 04:58 AM,,2023-10-11 5:13 PM,8:09,9.8,,23-45,3158,O,05:13 AM,RN,10:23 AM,5:10,310,2:29,61-62,3720,O,02:39 PM,I,05:09 PM,2:30,150,,,,,,,,,,,,,,,,,,,,,,,,,,,,,,,,,,,,,,,,,,,,,,,,,,,,,,,,,,,,,,,,,,,,,,,,,RTE: 23-45 SCHD: 5:10,--> O: 05:13 AM > RN: 10:23 AM,RTE: 61-62 SCHD: 2:30,--> O: 02:39 PM > I: 05:09 PM,,,,,,,,,,,,,,,,,
Midvaleweekday963,Midvale,6-15-2026,weekday,02:42 PM,2Hrs 41Min,9660,963,2023-10-11 05:36 AM,,2023-10-11 5:32 PM,9:25,11.4,,23-45,3162,O,05:51 AM,RS,12:01 PM,6:10,370,2:32,32,3224,O,02:42 PM,I,05:28 PM,2:46,166,,,,,,,,,,,,,,,,,,,,,,,,,,,,,,,,,,,,,,,,,,,,,,,,,,,,,,,,,,,,,,,,,,,,,,,,,RTE: 23-45 SCHD: 6:10,--> O: 05:51 AM > RS: 12:01 PM,RTE: 32 SCHD: 2:46,--> O: 02:42 PM > I: 05:28 PM,,,,,,,,,,,,,,,,,
Midvaleweekday964,Midvale,6-15-2026,weekday,01:43 PM,2Hrs 42Min,9720,964,2023-10-11 05:45 AM,,2023-10-11 5:54 PM,9:17,11.4,,23-45,3163,O,06:00 AM,RS,11:01 AM,5:01,301,,23-45,3164,RN,01:43 PM,I,05:50 PM,4:07,247,,,,,,,,,,,,,,,,,,,,,,,,,,,,,,,,,,,,,,,,,,,,,,,,,,,,,,,,,,,,,,,,,,,,,,,,,RTE: 23-45 SCHD: 5:01,--> O: 06:00 AM > RS: 11:01 AM,RTE: 23-45 SCHD: 4:07,--> RN: 01:43 PM > I: 05:50 PM,,,,,,,,,,,,,,,,,
Midvaleweekday965,Midvale,6-15-2026,weekday,03:58 PM,3Hrs 17Min,11820,965,2023-10-11 06:08 AM,,2023-10-11 6:30 PM,8:55,11.2,,23-45,3165,O,06:23 AM,RS,12:41 PM,6:18,378,,23-45,3166,RS,03:58 PM,I,06:26 PM,2:28,148,,,,,,,,,,,,,,,,,,,,,,,,,,,,,,,,,,,,,,,,,,,,,,,,,,,,,,,,,,,,,,,,,,,,,,,,,RTE: 23-45 SCHD: 6:18,--> O: 06:23 AM > RS: 12:41 PM,RTE: 23-45 SCHD: 2:28,--> RS: 03:58 PM > I: 06:26 PM,,,,,,,,,,,,,,,,,
Midvaleweekday966,Midvale,6-15-2026,weekday,02:31 PM,3Hrs 38Min,13080,966,2023-10-11 05:53 AM,,2023-10-11 6:41 PM,9:00,12.0,,23-45,3164,O,06:08 AM,RN,10:53 AM,4:45,285,,23-45,3157,RS,02:31 PM,I,06:37 PM,4:06,246,,,,,,,,,,,,,,,,,,,,,,,,,,,,,,,,,,,,,,,,,,,,,,,,,,,,,,,,,,,,,,,,,,,,,,,,,RTE: 23-45 SCHD: 4:45,--> O: 06:08 AM > RN: 10:53 AM,RTE: 23-45 SCHD: 4:06,--> RS: 02:31 PM > I: 06:37 PM,,,,,,,,,,,,,,,,,
Midvaleweekday967,Midvale,6-15-2026,weekday,,,,967,2023-10-11 10:36 AM,,2023-10-11 7:17 PM,8:41,9.0,,23-45,3163,RS,11:01 AM,I,07:13 PM,8:12,492,,,,,,,,,,,,,,,,,,,,,,,,,,,,,,,,,,,,,,,,,,,,,,,,,,,,,,,,,,,,,,,,,,,,,,,,,,,,,,,,,,RTE: 23-45 SCHD: 8:12,--> RS: 11:01 AM > I: 07:13 PM,,,,,,,,,,,,,,,,,,,
Midvaleweekday968,Midvale,6-15-2026,weekday,02:21 PM,3Hrs 55Min,14100,968,2023-10-11 06:48 AM,,2023-10-11 7:36 PM,9:03,12.0,,23-45,3167,O,07:03 AM,I,10:26 AM,3:23,203,2:01,23-45,3160,RS,02:21 PM,I,07:32 PM,5:11,311,,,,,,,,,,,,,,,,,,,,,,,,,,,,,,,,,,,,,,,,,,,,,,,,,,,,,,,,,,,,,,,,,,,,,,,,,RTE: 23-45 SCHD: 3:23,--> O: 07:03 AM > I: 10:26 AM,RTE: 23-45 SCHD: 5:11,--> RS: 02:21 PM > I: 07:32 PM,,,,,,,,,,,,,,,,,
Midvaleweekday969,Midvale,6-15-2026,weekday,03:33 PM,1Hrs 55Min,6900,969,2023-10-11 09:55 AM,,2023-10-11 7:46 PM,7:46,8.0,,23-45,3169,O,10:10 AM,I,01:38 PM,3:28,208,3:23,55,3516,O,03:33 PM,I,07:42 PM,4:09,249,,,,,,,,,,,,,,,,,,,,,,,,,,,,,,,,,,,,,,,,,,,,,,,,,,,,,,,,,,,,,,,,,,,,,,,,,RTE: 23-45 SCHD: 3:28,--> O: 10:10 AM > I: 01:38 PM,RTE: 55 SCHD: 4:09,--> O: 03:33 PM > I: 07:42 PM,,,,,,,,,,,,,,,,,
Midvaleweekday970,Midvale,6-15-2026,weekday,,,,970,2023-10-11 11:34 AM,,2023-10-11 7:48 PM,8:04,8.1,,23-45,3171,O,11:49 AM,I,07:44 PM,7:55,475,,,,,,,,,,,,,,,,,,,,,,,,,,,,,,,,,,,,,,,,,,,,,,,,,,,,,,,,,,,,,,,,,,,,,,,,,,,,,,,,,,RTE: 23-45 SCHD: 7:55,--> O: 11:49 AM > I: 07:44 PM,,,,,,,,,,,,,,,,,,,
Midvaleweekday971,Midvale,6-15-2026,weekday,,,,971,2023-10-11 09:58 AM,,2023-10-11 7:55 PM,9:57,10.9,,23-45,3158,RN,10:23 AM,CG,05:04 PM,6:41,401,,77,3158,CG,05:04 PM,I,07:51 PM,2:47,167,,,,,,,,,,,,,,,,,,,,,,,,,,,,,,,,,,,,,,,,,,,,,,,,,,,,,,,,,,,,,,,,,,,,,,,,,RTE: 23-45 SCHD: 6:41,--> RN: 10:23 AM > CG: 05:04 PM,RTE: 77 SCHD: 2:47,--> CG: 05:04 PM > I: 07:51 PM,,,,,,,,,,,,,,,,,
Midvaleweekday972,Midvale,6-15-2026,weekday,02:51 PM,1Hrs 8Min,4080,972,2023-10-11 10:28 AM,,2023-10-11 7:55 PM,8:39,9.2,10:33,23-45,3164,RN,10:53 AM,RN,01:43 PM,2:50,170,2:41,23-45,3177,O,02:51 PM,I,07:51 PM,5:00,300,,,,,,,,,,,,,,,,,,,,,,,,,,,,,,,,,,,,,,,,,,,,,,,,,,,,,,,,,,,,,,,,,,,,,,,,,RTE: 23-45 SCHD: 2:50,--> RN: 10:53 AM > RN: 01:43 PM,RTE: 23-45 SCHD: 5:00,--> O: 02:51 PM > I: 07:51 PM,,,,,,,,,,,,,,,,,
Midvaleweekday973,Midvale,6-15-2026,weekday,,,,973,2023-10-11 11:36 AM,,2023-10-11 8:04 PM,8:28,8.7,,23-45,3162,RS,12:01 PM,I,08:00 PM,7:59,479,,,,,,,,,,,,,,,,,,,,,,,,,,,,,,,,,,,,,,,,,,,,,,,,,,,,,,,,,,,,,,,,,,,,,,,,,,,,,,,,,,RTE: 23-45 SCHD: 7:59,--> RS: 12:01 PM > I: 08:00 PM,,,,,,,,,,,,,,,,,,,
Midvaleweekday974,Midvale,6-15-2026,weekday,02:20 PM,1Hrs 2Min,3720,974,2023-10-11 09:35 AM,,2023-10-11 8:11 PM,9:24,10.4,,23-45,3168,O,09:50 AM,I,01:18 PM,3:28,208,2:10,39,3958,O,02:20 PM,I,08:07 PM,5:47,347,,,,,,,,,,,,,,,,,,,,,,,,,,,,,,,,,,,,,,,,,,,,,,,,,,,,,,,,,,,,,,,,,,,,,,,,,RTE: 23-45 SCHD: 3:28,--> O: 09:50 AM > I: 01:18 PM,RTE: 39 SCHD: 5:47,--> O: 02:20 PM > I: 08:07 PM,,,,,,,,,,,,,,,,,
Midvaleweekday975,Midvale,6-15-2026,weekday,,,,975,2023-10-11 10:18 AM,,2023-10-11 8:14 PM,9:56,10.9,,23-45,3161,RN,10:43 AM,I,08:10 PM,9:27,567,,,,,,,,,,,,,,,,,,,,,,,,,,,,,,,,,,,,,,,,,,,,,,,,,,,,,,,,,,,,,,,,,,,,,,,,,,,,,,,,,,RTE: 23-45 SCHD: 9:27,--> RN: 10:43 AM > I: 08:10 PM,,,,,,,,,,,,,,,,,,,
Midvaleweekday976,Midvale,6-15-2026,weekday,03:37 PM,1Hrs 4Min,3840,976,2023-10-11 11:53 AM,,2023-10-11 8:35 PM,7:48,8.1,,23-45,3172,O,12:08 PM,RN,02:33 PM,2:25,145,3:27,32,3226,O,03:37 PM,I,08:31 PM,4:54,294,,,,,,,,,,,,,,,,,,,,,,,,,,,,,,,,,,,,,,,,,,,,,,,,,,,,,,,,,,,,,,,,,,,,,,,,,RTE: 23-45 SCHD: 2:25,--> O: 12:08 PM > RN: 02:33 PM,RTE: 32 SCHD: 4:54,--> O: 03:37 PM > I: 08:31 PM,,,,,,,,,,,,,,,,,
Midvaleweekday977,Midvale,6-15-2026,weekday,,,,977,2023-10-11 11:14 AM,,2023-10-11 8:38 PM,9:14,9.9,,23-45,3170,O,11:29 AM,I,08:34 PM,9:05,545,,,,,,,,,,,,,,,,,,,,,,,,,,,,,,,,,,,,,,,,,,,,,,,,,,,,,,,,,,,,,,,,,,,,,,,,,,,,,,,,,,RTE: 23-45 SCHD: 9:05,--> O: 11:29 AM > I: 08:34 PM,,,,,,,,,,,,,,,,,,,
Midvaleweekday978,Midvale,6-15-2026,weekday,,,,978,2023-10-11 12:03 PM,,2023-10-11 9:25 PM,9:12,9.8,,23-45,3173,O,12:18 PM,I,09:21 PM,9:03,543,,,,,,,,,,,,,,,,,,,,,,,,,,,,,,,,,,,,,,,,,,,,,,,,,,,,,,,,,,,,,,,,,,,,,,,,,,,,,,,,,,RTE: 23-45 SCHD: 9:03,--> O: 12:18 PM > I: 09:21 PM,,,,,,,,,,,,,,,,,,,
Midvaleweekday979,Midvale,6-15-2026,weekday,,,,979,2023-10-11 12:42 PM,,2023-10-11 9:48 PM,8:56,9.4,,23-45,3174,O,12:57 PM,I,09:44 PM,8:47,527,,,,,,,,,,,,,,,,,,,,,,,,,,,,,,,,,,,,,,,,,,,,,,,,,,,,,,,,,,,,,,,,,,,,,,,,,,,,,,,,,,RTE: 23-45 SCHD: 8:47,--> O: 12:57 PM > I: 09:44 PM,,,,,,,,,,,,,,,,,,,
Midvaleweekday980,Midvale,6-15-2026,weekday,,,,980,2023-10-11 12:16 PM,,2023-10-11 10:10 PM,9:54,10.9,,23-45,3165,RS,12:41 PM,I,10:06 PM,9:25,565,,,,,,,,,,,,,,,,,,,,,,,,,,,,,,,,,,,,,,,,,,,,,,,,,,,,,,,,,,,,,,,,,,,,,,,,,,,,,,,,,,RTE: 23-45 SCHD: 9:25,--> RS: 12:41 PM > I: 10:06 PM,,,,,,,,,,,,,,,,,,,
Midvaleweekday981,Midvale,6-15-2026,weekday,,,,981,2023-10-11 02:08 PM,,2023-10-11 11:32 PM,9:24,10.1,,23-45,3172,RN,02:33 PM,I,11:28 PM,8:55,535,,,,,,,,,,,,,,,,,,,,,,,,,,,,,,,,,,,,,,,,,,,,,,,,,,,,,,,,,,,,,,,,,,,,,,,,,,,,,,,,,,RTE: 23-45 SCHD: 8:55,--> RN: 02:33 PM > I: 11:28 PM,,,,,,,,,,,,,,,,,,,
Midvaleweekday982,Midvale,6-15-2026,weekday,,,,982,2023-10-11 02:46 PM,,2023-10-12 1:05 AM,10:19,11.5,,23-45,3675,RS,03:11 PM,I,01:01 AM,9:50,590,,,,,,,,,,,,,,,,,,,,,,,,,,,,,,,,,,,,,,,,,,,,,,,,,,,,,,,,,,,,,,,,,,,,,,,,,,,,,,,,,,RTE: 23-45 SCHD: 9:50,--> RS: 03:11 PM > I: 01:01 AM,,,,,,,,,,,,,,,,,,,
Midvaleweekday983,Midvale,6-15-2026,weekday,,,,983,2023-10-11 05:07 PM,,2023-10-12 3:22 AM,10:05,11.1,,23-45,3178,O,05:22 PM,I,03:18 AM,9:56,596,,,,,,,,,,,,,,,,,,,,,,,,,,,,,,,,,,,,,,,,,,,,,,,,,,,,,,,,,,,,,,,,,,,,,,,,,,,,,,,,,,RTE: 23-45 SCHD: 9:56,--> O: 05:22 PM > I: 03:18 AM,,,,,,,,,,,,,,,,,,,
Midvaleweekday984,Midvale,6-15-2026,weekday,,,,984,2023-10-11 07:18 PM,,2023-10-12 3:28 AM,8:00,8.0,,23-45,3180,O,07:33 PM,I,03:24 AM,7:51,471,,,,,,,,,,,,,,,,,,,,,,,,,,,,,,,,,,,,,,,,,,,,,,,,,,,,,,,,,,,,,,,,,,,,,,,,,,,,,,,,,,RTE: 23-45 SCHD: 7:51,--> O: 07:33 PM > I: 03:24 AM,,,,,,,,,,,,,,,,,,,
Midvaleweekday985,Midvale,6-15-2026,weekday,,,,985,2023-10-11 06:15 PM,,2023-10-12 4:08 AM,9:43,10.6,,23-45,3179,O,06:30 PM,I,04:04 AM,9:34,574,,,,,,,,,,,,,,,,,,,,,,,,,,,,,,,,,,,,,,,,,,,,,,,,,,,,,,,,,,,,,,,,,,,,,,,,,,,,,,,,,,RTE: 23-45 SCHD: 9:34,--> O: 06:30 PM > I: 04:04 AM,,,,,,,,,,,,,,,,,,,
Midvaleweekday901,Midvale,6-15-2026,weekday,,,,901,2023-10-11 04:56 AM,,2023-10-11 2:52 PM,9:46,10.7,,26,3081,O,05:11 AM,I,02:48 PM,9:37,577,,,,,,,,,,,,,,,,,,,,,,,,,,,,,,,,,,,,,,,,,,,,,,,,,,,,,,,,,,,,,,,,,,,,,,,,,,,,,,,,,,RTE: 26 SCHD: 9:37,--> O: 05:11 AM > I: 02:48 PM,,,,,,,,,,,,,,,,,,,
Midvaleweekday902,Midvale,6-15-2026,weekday,,,,902,2023-10-11 05:15 AM,,2023-10-11 1:52 PM,8:27,8.7,,26,3084,O,05:30 AM,I,01:48 PM,8:18,498,,,,,,,,,,,,,,,,,,,,,,,,,,,,,,,,,,,,,,,,,,,,,,,,,,,,,,,,,,,,,,,,,,,,,,,,,,,,,,,,,,RTE: 26 SCHD: 8:18,--> O: 05:30 AM > I: 01:48 PM,,,,,,,,,,,,,,,,,,,
Midvaleweekday903,Midvale,6-15-2026,weekday,,,,903,2023-10-11 05:46 AM,,2023-10-11 2:39 PM,8:43,9.1,,26,3087,O,06:01 AM,I,02:35 PM,8:34,514,,,,,,,,,,,,,,,,,,,,,,,,,,,,,,,,,,,,,,,,,,,,,,,,,,,,,,,,,,,,,,,,,,,,,,,,,,,,,,,,,,RTE: 26 SCHD: 8:34,--> O: 06:01 AM > I: 02:35 PM,,,,,,,,,,,,,,,,,,,
Midvaleweekday904,Midvale,6-15-2026,weekday,01:35 PM,1Hrs 32Min,5520,904,2023-10-11 04:57 AM,,2023-10-11 4:06 PM,9:27,10.7,,26,3082,O,05:12 AM,I,12:03 PM,6:51,411,1:25,61-62,3717,O,01:35 PM,I,04:02 PM,2:27,147,,,,,,,,,,,,,,,,,,,,,,,,,,,,,,,,,,,,,,,,,,,,,,,,,,,,,,,,,,,,,,,,,,,,,,,,,RTE: 26 SCHD: 6:51,--> O: 05:12 AM > I: 12:03 PM,RTE: 61-62 SCHD: 2:27,--> O: 01:35 PM > I: 04:02 PM,,,,,,,,,,,,,,,,,
Midvaleweekday905,Midvale,6-15-2026,weekday,02:28 PM,2Hrs 45Min,9900,905,2023-10-11 05:34 AM,,2023-10-11 5:29 PM,9:35,11.6,,26,3085,O,05:49 AM,RE,11:43 AM,5:54,354,2:18,26,3099,O,02:28 PM,I,05:25 PM,2:57,177,,,,,,,,,,,,,,,,,,,,,,,,,,,,,,,,,,,,,,,,,,,,,,,,,,,,,,,,,,,,,,,,,,,,,,,,,RTE: 26 SCHD: 5:54,--> O: 05:49 AM > RE: 11:43 AM,RTE: 26 SCHD: 2:57,--> O: 02:28 PM > I: 05:25 PM,,,,,,,,,,,,,,,,,
Midvaleweekday906,Midvale,6-15-2026,weekday,01:03 PM,3Hrs 7Min,11220,906,2023-10-11 05:09 AM,,2023-10-11 5:43 PM,9:17,12.0,,26,3083,O,05:24 AM,I,09:56 AM,4:32,272,12:53,22,3252,O,01:03 PM,I,05:39 PM,4:36,276,,,,,,,,,,,,,,,,,,,,,,,,,,,,,,,,,,,,,,,,,,,,,,,,,,,,,,,,,,,,,,,,,,,,,,,,,RTE: 26 SCHD: 4:32,--> O: 05:24 AM > I: 09:56 AM,RTE: 22 SCHD: 4:36,--> O: 01:03 PM > I: 05:39 PM,,,,,,,,,,,,,,,,,
Midvaleweekday907,Midvale,6-15-2026,weekday,02:50 PM,1Hrs 17Min,4620,907,2023-10-11 06:21 AM,,2023-10-11 5:52 PM,10:04,12.0,,26,3091,O,06:36 AM,I,01:33 PM,6:57,417,2:40,26,3102,O,02:50 PM,I,05:48 PM,2:58,178,,,,,,,,,,,,,,,,,,,,,,,,,,,,,,,,,,,,,,,,,,,,,,,,,,,,,,,,,,,,,,,,,,,,,,,,,RTE: 26 SCHD: 6:57,--> O: 06:36 AM > I: 01:33 PM,RTE: 26 SCHD: 2:58,--> O: 02:50 PM > I: 05:48 PM,,,,,,,,,,,,,,,,,
Midvaleweekday908,Midvale,6-15-2026,weekday,11:28 AM,3Hrs 1Min,10860,908,2023-10-11 05:39 AM,,2023-10-11 6:19 PM,9:29,12.5,,26,3086,O,05:54 AM,I,08:27 AM,2:33,153,11:18,4-16,3812,O,11:28 AM,I,06:15 PM,6:47,407,,,,,,,,,,,,,,,,,,,,,,,,,,,,,,,,,,,,,,,,,,,,,,,,,,,,,,,,,,,,,,,,,,,,,,,,,RTE: 26 SCHD: 2:33,--> O: 05:54 AM > I: 08:27 AM,RTE: 4-16 SCHD: 6:47,--> O: 11:28 AM > I: 06:15 PM,,,,,,,,,,,,,,,,,
Midvaleweekday909,Midvale,6-15-2026,weekday,12:36 PM,3Hrs 8Min,11280,909,2023-10-11 06:06 AM,,2023-10-11 6:31 PM,9:07,11.5,,26,3089,O,06:21 AM,RE,09:28 AM,3:07,187,,55,3502,RN,12:36 PM,I,06:27 PM,5:51,351,,,,,,,,,,,,,,,,,,,,,,,,,,,,,,,,,,,,,,,,,,,,,,,,,,,,,,,,,,,,,,,,,,,,,,,,,RTE: 26 SCHD: 3:07,--> O: 06:21 AM > RE: 09:28 AM,RTE: 55 SCHD: 5:51,--> RN: 12:36 PM > I: 06:27 PM,,,,,,,,,,,,,,,,,
Midvaleweekday910,Midvale,6-15-2026,weekday,11:51 AM,3Hrs 2Min,10920,910,2023-10-11 05:57 AM,,2023-10-11 6:35 PM,9:26,12.4,,26,3088,O,06:12 AM,I,08:49 AM,2:37,157,11:41,4-16,3813,O,11:51 AM,I,06:31 PM,6:40,400,,,,,,,,,,,,,,,,,,,,,,,,,,,,,,,,,,,,,,,,,,,,,,,,,,,,,,,,,,,,,,,,,,,,,,,,,RTE: 26 SCHD: 2:37,--> O: 06:12 AM > I: 08:49 AM,RTE: 4-16 SCHD: 6:40,--> O: 11:51 AM > I: 06:31 PM,,,,,,,,,,,,,,,,,
Midvaleweekday911,Midvale,6-15-2026,weekday,,,,911,2023-10-11 08:48 AM,,2023-10-11 6:52 PM,10:04,11.1,,26,3089,RE,09:28 AM,I,06:48 PM,9:20,560,,,,,,,,,,,,,,,,,,,,,,,,,,,,,,,,,,,,,,,,,,,,,,,,,,,,,,,,,,,,,,,,,,,,,,,,,,,,,,,,,,RTE: 26 SCHD: 9:20,--> RE: 09:28 AM > I: 06:48 PM,,,,,,,,,,,,,,,,,,,
Midvaleweekday912,Midvale,6-15-2026,weekday,12:37 PM,3Hrs 29Min,12540,912,2023-10-11 06:10 AM,,2023-10-11 6:59 PM,9:10,12.2,,26,3090,O,06:25 AM,I,09:08 AM,2:43,163,12:27,77,3674,O,12:37 PM,CG,03:51 PM,3:14,194,,23-45,3674,CG,03:51 PM,I,06:55 PM,3:04,184,,,,,,,,,,,,,,,,,,,,,,,,,,,,,,,,,,,,,,,,,,,,,,,,,,,,,,,,,,,,,,,,RTE: 26 SCHD: 2:43,--> O: 06:25 AM > I: 09:08 AM,RTE: 77 SCHD: 3:14,--> O: 12:37 PM > CG: 03:51 PM,RTE: 23-45 SCHD: 3:04,--> CG: 03:51 PM > I: 06:55 PM,,,,,,,,,,,,,,,
Midvaleweekday913,Midvale,6-15-2026,weekday,01:52 PM,3Hrs 19Min,11940,913,2023-10-11 06:58 AM,,2023-10-11 7:06 PM,8:39,10.4,,26,3092,O,07:13 AM,I,10:33 AM,3:20,200,1:42,32,3219,O,01:52 PM,I,07:02 PM,5:10,310,,,,,,,,,,,,,,,,,,,,,,,,,,,,,,,,,,,,,,,,,,,,,,,,,,,,,,,,,,,,,,,,,,,,,,,,,RTE: 26 SCHD: 3:20,--> O: 07:13 AM > I: 10:33 AM,RTE: 32 SCHD: 5:10,--> O: 01:52 PM > I: 07:02 PM,,,,,,,,,,,,,,,,,
Midvaleweekday914,Midvale,6-15-2026,weekday,,,,914,2023-10-11 12:46 PM,,2023-10-11 9:32 PM,8:36,8.9,,26,3095,O,01:01 PM,I,09:28 PM,8:27,507,,,,,,,,,,,,,,,,,,,,,,,,,,,,,,,,,,,,,,,,,,,,,,,,,,,,,,,,,,,,,,,,,,,,,,,,,,,,,,,,,,RTE: 26 SCHD: 8:27,--> O: 01:01 PM > I: 09:28 PM,,,,,,,,,,,,,,,,,,,
Midvaleweekday915,Midvale,6-15-2026,weekday,02:40 PM,1Hrs 22Min,4920,915,2023-10-11 11:29 AM,,2023-10-11 10:06 PM,9:05,9.9,,26,3094,O,11:44 AM,I,01:18 PM,1:34,94,2:30,51,3396,O,02:40 PM,I,10:02 PM,7:22,442,,,,,,,,,,,,,,,,,,,,,,,,,,,,,,,,,,,,,,,,,,,,,,,,,,,,,,,,,,,,,,,,,,,,,,,,,RTE: 26 SCHD: 1:34,--> O: 11:44 AM > I: 01:18 PM,RTE: 51 SCHD: 7:22,--> O: 02:40 PM > I: 10:02 PM,,,,,,,,,,,,,,,,,
Midvaleweekday916,Midvale,6-15-2026,weekday,,,,916,2023-10-11 01:30 PM,,2023-10-11 11:08 PM,9:28,10.2,,26,3098,O,01:45 PM,I,11:04 PM,9:19,559,,,,,,,,,,,,,,,,,,,,,,,,,,,,,,,,,,,,,,,,,,,,,,,,,,,,,,,,,,,,,,,,,,,,,,,,,,,,,,,,,,RTE: 26 SCHD: 9:19,--> O: 01:45 PM > I: 11:04 PM,,,,,,,,,,,,,,,,,,,
Midvaleweekday917,Midvale,6-15-2026,weekday,,,,917,2023-10-11 01:12 PM,,2023-10-12 12:09 AM,10:47,12.2,,26,3096,O,01:27 PM,I,12:05 AM,10:38,638,,,,,,,,,,,,,,,,,,,,,,,,,,,,,,,,,,,,,,,,,,,,,,,,,,,,,,,,,,,,,,,,,,,,,,,,,,,,,,,,,,RTE: 26 SCHD: 10:38,--> O: 01:27 PM > I: 12:05 AM,,,,,,,,,,,,,,,,,,,
Midvaleweekday918,Midvale,6-15-2026,weekday,,,,918,2023-10-11 02:24 PM,,2023-10-12 12:39 AM,10:05,11.1,,26,3101,O,02:39 PM,I,12:35 AM,9:56,596,,,,,,,,,,,,,,,,,,,,,,,,,,,,,,,,,,,,,,,,,,,,,,,,,,,,,,,,,,,,,,,,,,,,,,,,,,,,,,,,,,RTE: 26 SCHD: 9:56,--> O: 02:39 PM > I: 12:35 AM,,,,,,,,,,,,,,,,,,,
Midvaleweekday919,Midvale,6-15-2026,weekday,,,,919,2023-10-11 04:28 PM,,2023-10-12 2:09 AM,9:31,10.3,,26,3104,O,04:43 PM,I,02:05 AM,9:22,562,,,,,,,,,,,,,,,,,,,,,,,,,,,,,,,,,,,,,,,,,,,,,,,,,,,,,,,,,,,,,,,,,,,,,,,,,,,,,,,,,,RTE: 26 SCHD: 9:22,--> O: 04:43 PM > I: 02:05 AM,,,,,,,,,,,,,,,,,,,
Midvaleweekday920,Midvale,6-15-2026,weekday,,,,920,2023-10-11 05:22 PM,,2023-10-12 2:41 AM,9:09,9.7,,26,3105,O,05:37 PM,I,02:37 AM,9:00,540,,,,,,,,,,,,,,,,,,,,,,,,,,,,,,,,,,,,,,,,,,,,,,,,,,,,,,,,,,,,,,,,,,,,,,,,,,,,,,,,,,RTE: 26 SCHD: 9:00,--> O: 05:37 PM > I: 02:37 AM,,,,,,,,,,,,,,,,,,,
Midvaleweekday751,Midvale,6-15-2026,weekday,,,,751,2023-10-11 04:47 AM,,2023-10-11 2:46 PM,9:49,10.7,,32,3202,O,05:02 AM,I,02:42 PM,9:40,580,,,,,,,,,,,,,,,,,,,,,,,,,,,,,,,,,,,,,,,,,,,,,,,,,,,,,,,,,,,,,,,,,,,,,,,,,,,,,,,,,,RTE: 32 SCHD: 9:40,--> O: 05:02 AM > I: 02:42 PM,,,,,,,,,,,,,,,,,,,
Midvaleweekday752,Midvale,6-15-2026,weekday,,,,752,2023-10-11 05:02 AM,,2023-10-11 2:15 PM,9:03,9.6,,32,3204,O,05:17 AM,I,02:11 PM,8:54,534,,,,,,,,,,,,,,,,,,,,,,,,,,,,,,,,,,,,,,,,,,,,,,,,,,,,,,,,,,,,,,,,,,,,,,,,,,,,,,,,,,RTE: 32 SCHD: 8:54,--> O: 05:17 AM > I: 02:11 PM,,,,,,,,,,,,,,,,,,,
Midvaleweekday753,Midvale,6-15-2026,weekday,,,,753,2023-10-11 05:27 AM,,2023-10-11 3:53 PM,10:16,11.4,,32,3206,O,05:42 AM,I,03:49 PM,10:07,607,,,,,,,,,,,,,,,,,,,,,,,,,,,,,,,,,,,,,,,,,,,,,,,,,,,,,,,,,,,,,,,,,,,,,,,,,,,,,,,,,,RTE: 32 SCHD: 10:07,--> O: 05:42 AM > I: 03:49 PM,,,,,,,,,,,,,,,,,,,
Midvaleweekday754,Midvale,6-15-2026,weekday,02:08 PM,1Hrs 27Min,5220,754,2023-10-11 05:02 AM,,2023-10-11 4:55 PM,10:16,12.6,,32,3203,O,05:17 AM,I,12:41 PM,7:24,444,1:58,32,3220,O,02:08 PM,I,04:51 PM,2:43,163,,,,,,,,,,,,,,,,,,,,,,,,,,,,,,,,,,,,,,,,,,,,,,,,,,,,,,,,,,,,,,,,,,,,,,,,,RTE: 32 SCHD: 7:24,--> O: 05:17 AM > I: 12:41 PM,RTE: 32 SCHD: 2:43,--> O: 02:08 PM > I: 04:51 PM,,,,,,,,,,,,,,,,,
Midvaleweekday755,Midvale,6-15-2026,weekday,02:25 PM,4Hrs 1Min,14460,755,2023-10-11 04:36 AM,,2023-10-11 5:19 PM,8:32,11.1,,32,3201,O,04:51 AM,I,10:24 AM,5:33,333,2:15,32,3222,O,02:25 PM,I,05:15 PM,2:50,170,,,,,,,,,,,,,,,,,,,,,,,,,,,,,,,,,,,,,,,,,,,,,,,,,,,,,,,,,,,,,,,,,,,,,,,,,RTE: 32 SCHD: 5:33,--> O: 04:51 AM > I: 10:24 AM,RTE: 32 SCHD: 2:50,--> O: 02:25 PM > I: 05:15 PM,,,,,,,,,,,,,,,,,
Midvaleweekday756,Midvale,6-15-2026,weekday,03:07 PM,4Hrs 7Min,14820,756,2023-10-11 05:36 AM,,2023-10-11 5:55 PM,8:02,9.8,,32,3207,O,05:51 AM,I,11:00 AM,5:09,309,2:57,32,3225,O,03:07 PM,I,05:51 PM,2:44,164,,,,,,,,,,,,,,,,,,,,,,,,,,,,,,,,,,,,,,,,,,,,,,,,,,,,,,,,,,,,,,,,,,,,,,,,,RTE: 32 SCHD: 5:09,--> O: 05:51 AM > I: 11:00 AM,RTE: 32 SCHD: 2:44,--> O: 03:07 PM > I: 05:51 PM,,,,,,,,,,,,,,,,,
Midvaleweekday757,Midvale,6-15-2026,weekday,01:01 PM,3Hrs 50Min,13800,757,2023-10-11 05:18 AM,,2023-10-11 6:09 PM,8:51,11.8,,32,3205,O,05:33 AM,I,09:11 AM,3:38,218,12:51,32,3218,O,01:01 PM,I,06:05 PM,5:04,304,,,,,,,,,,,,,,,,,,,,,,,,,,,,,,,,,,,,,,,,,,,,,,,,,,,,,,,,,,,,,,,,,,,,,,,,,RTE: 32 SCHD: 3:38,--> O: 05:33 AM > I: 09:11 AM,RTE: 32 SCHD: 5:04,--> O: 01:01 PM > I: 06:05 PM,,,,,,,,,,,,,,,,,
Midvaleweekday758,Midvale,6-15-2026,weekday,11:54 AM,3Hrs 13Min,11580,758,2023-10-11 05:47 AM,,2023-10-11 6:23 PM,9:22,12.2,,32,3208,O,06:02 AM,I,08:41 AM,2:39,159,11:45,71-81,3276,RN,11:54 AM,I,06:19 PM,6:25,385,,,,,,,,,,,,,,,,,,,,,,,,,,,,,,,,,,,,,,,,,,,,,,,,,,,,,,,,,,,,,,,,,,,,,,,,,RTE: 32 SCHD: 2:39,--> O: 06:02 AM > I: 08:41 AM,RTE: 71-81 SCHD: 6:25,--> RN: 11:54 AM > I: 06:19 PM,,,,,,,,,,,,,,,,,
Midvaleweekday759,Midvale,6-15-2026,weekday,11:03 AM,2Hrs 9Min,7740,759,2023-10-11 06:26 AM,,2023-10-11 6:34 PM,9:49,12.2,,32,3210,O,06:41 AM,I,08:54 AM,2:13,133,10:53,55,3510,O,11:03 AM,CG,05:26 PM,6:23,383,,18,3510,CG,05:26 PM,I,06:30 PM,1:04,64,,,,,,,,,,,,,,,,,,,,,,,,,,,,,,,,,,,,,,,,,,,,,,,,,,,,,,,,,,,,,,,,RTE: 32 SCHD: 2:13,--> O: 06:41 AM > I: 08:54 AM,RTE: 55 SCHD: 6:23,--> O: 11:03 AM > CG: 05:26 PM,RTE: 18 SCHD: 1:04,--> CG: 05:26 PM > I: 06:30 PM,,,,,,,,,,,,,,,
Midvaleweekday760,Midvale,6-15-2026,weekday,,,,760,2023-10-11 10:45 AM,,2023-10-11 6:51 PM,7:56,8.0,,32,3216,O,11:00 AM,I,06:47 PM,7:47,467,,,,,,,,,,,,,,,,,,,,,,,,,,,,,,,,,,,,,,,,,,,,,,,,,,,,,,,,,,,,,,,,,,,,,,,,,,,,,,,,,,RTE: 32 SCHD: 7:47,--> O: 11:00 AM > I: 06:47 PM,,,,,,,,,,,,,,,,,,,
Midvaleweekday761,Midvale,6-15-2026,weekday,03:18 PM,3Hrs 53Min,13980,761,2023-10-11 06:11 AM,,2023-10-11 7:01 PM,8:47,11.7,,32,3209,O,06:26 AM,I,11:25 AM,4:59,299,3:08,55,3515,O,03:18 PM,I,06:57 PM,3:39,219,,,,,,,,,,,,,,,,,,,,,,,,,,,,,,,,,,,,,,,,,,,,,,,,,,,,,,,,,,,,,,,,,,,,,,,,,RTE: 32 SCHD: 4:59,--> O: 06:26 AM > I: 11:25 AM,RTE: 55 SCHD: 3:39,--> O: 03:18 PM > I: 06:57 PM,,,,,,,,,,,,,,,,,
Midvaleweekday762,Midvale,6-15-2026,weekday,11:37 AM,2Hrs 6Min,7560,762,2023-10-11 07:22 AM,,2023-10-11 7:09 PM,9:31,11.4,,32,3211,O,07:37 AM,I,09:31 AM,1:54,114,11:27,22,3249,O,11:37 AM,CG,06:02 PM,6:25,385,,18,3249,CG,06:02 PM,I,07:05 PM,1:03,63,,,,,,,,,,,,,,,,,,,,,,,,,,,,,,,,,,,,,,,,,,,,,,,,,,,,,,,,,,,,,,,,RTE: 32 SCHD: 1:54,--> O: 07:37 AM > I: 09:31 AM,RTE: 22 SCHD: 6:25,--> O: 11:37 AM > CG: 06:02 PM,RTE: 18 SCHD: 1:03,--> CG: 06:02 PM > I: 07:05 PM,,,,,,,,,,,,,,,
Midvaleweekday763,Midvale,6-15-2026,weekday,05:18 PM,1Hrs 10Min,4200,763,2023-10-11 08:23 AM,,2023-10-11 7:18 PM,9:35,10.7,,32,3212,O,08:38 AM,I,04:08 PM,7:30,450,5:08,32,3229,O,05:18 PM,I,07:14 PM,1:56,116,,,,,,,,,,,,,,,,,,,,,,,,,,,,,,,,,,,,,,,,,,,,,,,,,,,,,,,,,,,,,,,,,,,,,,,,,RTE: 32 SCHD: 7:30,--> O: 08:38 AM > I: 04:08 PM,RTE: 32 SCHD: 1:56,--> O: 05:18 PM > I: 07:14 PM,,,,,,,,,,,,,,,,,
Midvaleweekday764,Midvale,6-15-2026,weekday,05:45 PM,3Hrs 4Min,11040,764,2023-10-11 08:44 AM,,2023-10-11 9:01 PM,9:03,11.2,,32,3213,O,08:59 AM,I,02:41 PM,5:42,342,5:35,32,3231,O,05:45 PM,I,08:57 PM,3:12,192,,,,,,,,,,,,,,,,,,,,,,,,,,,,,,,,,,,,,,,,,,,,,,,,,,,,,,,,,,,,,,,,,,,,,,,,,RTE: 32 SCHD: 5:42,--> O: 08:59 AM > I: 02:41 PM,RTE: 32 SCHD: 3:12,--> O: 05:45 PM > I: 08:57 PM,,,,,,,,,,,,,,,,,
Midvaleweekday765,Midvale,6-15-2026,weekday,06:15 PM,3Hrs 4Min,11040,765,2023-10-11 09:12 AM,,2023-10-11 9:28 PM,9:02,11.2,,32,3214,O,09:27 AM,I,03:11 PM,5:44,344,6:05,32,3232,O,06:15 PM,I,09:24 PM,3:09,189,,,,,,,,,,,,,,,,,,,,,,,,,,,,,,,,,,,,,,,,,,,,,,,,,,,,,,,,,,,,,,,,,,,,,,,,,RTE: 32 SCHD: 5:44,--> O: 09:27 AM > I: 03:11 PM,RTE: 32 SCHD: 3:09,--> O: 06:15 PM > I: 09:24 PM,,,,,,,,,,,,,,,,,
Midvaleweekday766,Midvale,6-15-2026,weekday,05:05 PM,3Hrs 27Min,12420,766,2023-10-11 09:36 AM,,2023-10-11 9:55 PM,8:42,10.8,,32,3215,O,09:51 AM,I,01:38 PM,3:47,227,4:55,32,3228,O,05:05 PM,I,09:51 PM,4:46,286,,,,,,,,,,,,,,,,,,,,,,,,,,,,,,,,,,,,,,,,,,,,,,,,,,,,,,,,,,,,,,,,,,,,,,,,,RTE: 32 SCHD: 3:47,--> O: 09:51 AM > I: 01:38 PM,RTE: 32 SCHD: 4:46,--> O: 05:05 PM > I: 09:51 PM,,,,,,,,,,,,,,,,,
Midvaleweekday767,Midvale,6-15-2026,weekday,,,,767,2023-10-11 01:59 PM,,2023-10-12 12:47 AM,10:38,12.0,,32,3221,O,02:14 PM,I,12:43 AM,10:29,629,,,,,,,,,,,,,,,,,,,,,,,,,,,,,,,,,,,,,,,,,,,,,,,,,,,,,,,,,,,,,,,,,,,,,,,,,,,,,,,,,,RTE: 32 SCHD: 10:29,--> O: 02:14 PM > I: 12:43 AM,,,,,,,,,,,,,,,,,,,
Midvaleweekday768,Midvale,6-15-2026,weekday,,,,768,2023-10-11 02:25 PM,,2023-10-12 1:17 AM,10:42,12.1,,32,3223,O,02:40 PM,I,01:13 AM,10:33,633,,,,,,,,,,,,,,,,,,,,,,,,,,,,,,,,,,,,,,,,,,,,,,,,,,,,,,,,,,,,,,,,,,,,,,,,,,,,,,,,,,RTE: 32 SCHD: 10:33,--> O: 02:40 PM > I: 01:13 AM,,,,,,,,,,,,,,,,,,,
Midvaleweekday769,Midvale,6-15-2026,weekday,,,,769,2023-10-11 04:50 PM,,2023-10-12 1:47 AM,8:47,9.2,,32,3227,O,05:05 PM,I,01:43 AM,8:38,518,,,,,,,,,,,,,,,,,,,,,,,,,,,,,,,,,,,,,,,,,,,,,,,,,,,,,,,,,,,,,,,,,,,,,,,,,,,,,,,,,,RTE: 32 SCHD: 8:38,--> O: 05:05 PM > I: 01:43 AM,,,,,,,,,,,,,,,,,,,
Midvaleweekday770,Midvale,6-15-2026,weekday,,,,770,2023-10-11 05:21 PM,,2023-10-12 2:17 AM,8:46,9.2,,32,3230,O,05:36 PM,I,02:13 AM,8:37,517,,,,,,,,,,,,,,,,,,,,,,,,,,,,,,,,,,,,,,,,,,,,,,,,,,,,,,,,,,,,,,,,,,,,,,,,,,,,,,,,,,RTE: 32 SCHD: 8:37,--> O: 05:36 PM > I: 02:13 AM,,,,,,,,,,,,,,,,,,,
Midvaleweekday741,Midvale,6-15-2026,weekday,,,,741,2023-10-11 05:37 AM,,2023-10-11 2:35 PM,8:48,9.2,,35,3571,O,05:52 AM,I,02:31 PM,8:39,519,,,,,,,,,,,,,,,,,,,,,,,,,,,,,,,,,,,,,,,,,,,,,,,,,,,,,,,,,,,,,,,,,,,,,,,,,,,,,,,,,,RTE: 35 SCHD: 8:39,--> O: 05:52 AM > I: 02:31 PM,,,,,,,,,,,,,,,,,,,
Midvaleweekday671,Midvale,6-15-2026,weekday,,,,671,2023-10-11 04:29 AM,,2023-10-11 12:46 PM,8:07,8.2,,39,3951,O,04:44 AM,I,12:42 PM,7:58,478,,,,,,,,,,,,,,,,,,,,,,,,,,,,,,,,,,,,,,,,,,,,,,,,,,,,,,,,,,,,,,,,,,,,,,,,,,,,,,,,,,RTE: 39 SCHD: 7:58,--> O: 04:44 AM > I: 12:42 PM,,,,,,,,,,,,,,,,,,,
Midvaleweekday672,Midvale,6-15-2026,weekday,,,,672,2023-10-11 04:59 AM,,2023-10-11 1:11 PM,8:02,8.1,,39,3952,O,05:14 AM,I,01:07 PM,7:53,473,,,,,,,,,,,,,,,,,,,,,,,,,,,,,,,,,,,,,,,,,,,,,,,,,,,,,,,,,,,,,,,,,,,,,,,,,,,,,,,,,,RTE: 39 SCHD: 7:53,--> O: 05:14 AM > I: 01:07 PM,,,,,,,,,,,,,,,,,,,
Midvaleweekday673,Midvale,6-15-2026,weekday,,,,673,2023-10-11 06:25 AM,,2023-10-11 4:51 PM,10:16,11.4,,39,3954,O,06:40 AM,I,04:47 PM,10:07,607,,,,,,,,,,,,,,,,,,,,,,,,,,,,,,,,,,,,,,,,,,,,,,,,,,,,,,,,,,,,,,,,,,,,,,,,,,,,,,,,,,RTE: 39 SCHD: 10:07,--> O: 06:40 AM > I: 04:47 PM,,,,,,,,,,,,,,,,,,,
Midvaleweekday674,Midvale,6-15-2026,weekday,01:39 PM,3Hrs 54Min,14040,674,2023-10-11 05:29 AM,,2023-10-11 6:28 PM,8:55,12.1,,39,3953,O,05:44 AM,I,09:45 AM,4:01,241,1:29,2,3483,O,01:39 PM,I,06:24 PM,4:45,285,,,,,,,,,,,,,,,,,,,,,,,,,,,,,,,,,,,,,,,,,,,,,,,,,,,,,,,,,,,,,,,,,,,,,,,,,RTE: 39 SCHD: 4:01,--> O: 05:44 AM > I: 09:45 AM,RTE: 2 SCHD: 4:45,--> O: 01:39 PM > I: 06:24 PM,,,,,,,,,,,,,,,,,
Midvaleweekday675,Midvale,6-15-2026,weekday,,,,675,2023-10-11 11:46 AM,,2023-10-11 9:46 PM,9:50,10.8,,39,3955,O,12:01 PM,I,09:42 PM,9:41,581,,,,,,,,,,,,,,,,,,,,,,,,,,,,,,,,,,,,,,,,,,,,,,,,,,,,,,,,,,,,,,,,,,,,,,,,,,,,,,,,,,RTE: 39 SCHD: 9:41,--> O: 12:01 PM > I: 09:42 PM,,,,,,,,,,,,,,,,,,,
Midvaleweekday676,Midvale,6-15-2026,weekday,,,,676,2023-10-11 04:33 PM,,2023-10-12 1:31 AM,8:48,9.2,,39,3959,O,04:48 PM,I,01:27 AM,8:39,519,,,,,,,,,,,,,,,,,,,,,,,,,,,,,,,,,,,,,,,,,,,,,,,,,,,,,,,,,,,,,,,,,,,,,,,,,,,,,,,,,,RTE: 39 SCHD: 8:39,--> O: 04:48 PM > I: 01:27 AM,,,,,,,,,,,,,,,,,,,
Midvaleweekday301,Midvale,6-15-2026,weekday,,,,301,2023-10-10 11:53 PM,,2023-10-11 10:05 AM,10:02,11.1,,47,3331,O,12:08 AM,I,10:01 AM,9:53,593,,,,,,,,,,,,,,,,,,,,,,,,,,,,,,,,,,,,,,,,,,,,,,,,,,,,,,,,,,,,,,,,,,,,,,,,,,,,,,,,,,RTE: 47 SCHD: 9:53,--> O: 12:08 AM > I: 10:01 AM,,,,,,,,,,,,,,,,,,,
Midvaleweekday302,Midvale,6-15-2026,weekday,,,,302,2023-10-11 12:39 AM,,2023-10-11 8:26 AM,7:37,8.0,,47,3332,O,12:54 AM,I,08:22 AM,7:28,448,,,,,,,,,,,,,,,,,,,,,,,,,,,,,,,,,,,,,,,,,,,,,,,,,,,,,,,,,,,,,,,,,,,,,,,,,,,,,,,,,,RTE: 47 SCHD: 7:28,--> O: 12:54 AM > I: 08:22 AM,,,,,,,,,,,,,,,,,,,
Midvaleweekday303,Midvale,6-15-2026,weekday,,,,303,2023-10-11 01:24 AM,,2023-10-11 11:36 AM,10:02,11.1,,47,3333,O,01:39 AM,CG,09:10 AM,7:31,451,,57,3333,CG,09:10 AM,I,11:32 AM,2:22,142,,,,,,,,,,,,,,,,,,,,,,,,,,,,,,,,,,,,,,,,,,,,,,,,,,,,,,,,,,,,,,,,,,,,,,,,,RTE: 47 SCHD: 7:31,--> O: 01:39 AM > CG: 09:10 AM,RTE: 57 SCHD: 2:22,--> CG: 09:10 AM > I: 11:32 AM,,,,,,,,,,,,,,,,,
Midvaleweekday304,Midvale,6-15-2026,weekday,,,,304,2023-10-11 05:24 AM,,2023-10-11 2:42 PM,9:08,9.7,,47,3334,O,05:39 AM,I,02:38 PM,8:59,539,,,,,,,,,,,,,,,,,,,,,,,,,,,,,,,,,,,,,,,,,,,,,,,,,,,,,,,,,,,,,,,,,,,,,,,,,,,,,,,,,,RTE: 47 SCHD: 8:59,--> O: 05:39 AM > I: 02:38 PM,,,,,,,,,,,,,,,,,,,
Midvaleweekday305,Midvale,6-15-2026,weekday,,,,305,2023-10-11 05:51 AM,,2023-10-11 3:06 PM,9:05,9.6,,47,3335,O,06:06 AM,I,03:02 PM,8:56,536,,,,,,,,,,,,,,,,,,,,,,,,,,,,,,,,,,,,,,,,,,,,,,,,,,,,,,,,,,,,,,,,,,,,,,,,,,,,,,,,,,RTE: 47 SCHD: 8:56,--> O: 06:06 AM > I: 03:02 PM,,,,,,,,,,,,,,,,,,,
Midvaleweekday306,Midvale,6-15-2026,weekday,,,,306,2023-10-11 05:59 AM,,2023-10-11 3:19 PM,9:10,9.8,,47,3336,O,06:14 AM,I,03:15 PM,9:01,541,,,,,,,,,,,,,,,,,,,,,,,,,,,,,,,,,,,,,,,,,,,,,,,,,,,,,,,,,,,,,,,,,,,,,,,,,,,,,,,,,,RTE: 47 SCHD: 9:01,--> O: 06:14 AM > I: 03:15 PM,,,,,,,,,,,,,,,,,,,
Midvaleweekday307,Midvale,6-15-2026,weekday,,,,307,2023-10-11 06:07 AM,,2023-10-11 3:29 PM,9:12,9.8,,47,3337,O,06:22 AM,I,03:25 PM,9:03,543,,,,,,,,,,,,,,,,,,,,,,,,,,,,,,,,,,,,,,,,,,,,,,,,,,,,,,,,,,,,,,,,,,,,,,,,,,,,,,,,,,RTE: 47 SCHD: 9:03,--> O: 06:22 AM > I: 03:25 PM,,,,,,,,,,,,,,,,,,,
Midvaleweekday308,Midvale,6-15-2026,weekday,02:00 PM,4Hrs 19Min,15540,308,2023-10-11 06:15 AM,,2023-10-11 7:06 PM,8:22,11.1,,47,3338,O,06:30 AM,I,09:41 AM,3:11,191,1:50,18,3025,O,02:00 PM,I,07:02 PM,5:02,302,,,,,,,,,,,,,,,,,,,,,,,,,,,,,,,,,,,,,,,,,,,,,,,,,,,,,,,,,,,,,,,,,,,,,,,,,RTE: 47 SCHD: 3:11,--> O: 06:30 AM > I: 09:41 AM,RTE: 18 SCHD: 5:02,--> O: 02:00 PM > I: 07:02 PM,,,,,,,,,,,,,,,,,
Midvaleweekday309,Midvale,6-15-2026,weekday,02:17 PM,3Hrs 57Min,14220,309,2023-10-11 06:44 AM,,2023-10-11 7:17 PM,8:26,10.7,,47,3339,O,06:59 AM,I,10:20 AM,3:21,201,2:07,2,3484,O,02:17 PM,I,07:13 PM,4:56,296,,,,,,,,,,,,,,,,,,,,,,,,,,,,,,,,,,,,,,,,,,,,,,,,,,,,,,,,,,,,,,,,,,,,,,,,,RTE: 47 SCHD: 3:21,--> O: 06:59 AM > I: 10:20 AM,RTE: 2 SCHD: 4:56,--> O: 02:17 PM > I: 07:13 PM,,,,,,,,,,,,,,,,,
Midvaleweekday310,Midvale,6-15-2026,weekday,02:59 PM,3Hrs 59Min,14340,310,2023-10-11 07:32 AM,,2023-10-11 7:36 PM,7:55,9.3,,47,3340,O,07:47 AM,I,11:00 AM,3:13,193,2:49,61-62,3722,O,02:59 PM,I,07:32 PM,4:33,273,,,,,,,,,,,,,,,,,,,,,,,,,,,,,,,,,,,,,,,,,,,,,,,,,,,,,,,,,,,,,,,,,,,,,,,,,RTE: 47 SCHD: 3:13,--> O: 07:47 AM > I: 11:00 AM,RTE: 61-62 SCHD: 4:33,--> O: 02:59 PM > I: 07:32 PM,,,,,,,,,,,,,,,,,
Midvaleweekday311,Midvale,6-15-2026,weekday,04:32 PM,2Hrs 5Min,7500,311,2023-10-11 08:04 AM,,2023-10-11 7:51 PM,9:32,11.4,,47,3341,O,08:19 AM,I,02:27 PM,6:08,368,4:22,47,3351,O,04:32 PM,I,07:47 PM,3:15,195,,,,,,,,,,,,,,,,,,,,,,,,,,,,,,,,,,,,,,,,,,,,,,,,,,,,,,,,,,,,,,,,,,,,,,,,,RTE: 47 SCHD: 6:08,--> O: 08:19 AM > I: 02:27 PM,RTE: 47 SCHD: 3:15,--> O: 04:32 PM > I: 07:47 PM,,,,,,,,,,,,,,,,,
Midvaleweekday312,Midvale,6-15-2026,weekday,,,,312,2023-10-11 10:37 AM,,2023-10-11 7:56 PM,9:09,9.7,,47,3343,O,10:52 AM,CG,06:55 PM,8:03,483,,2,3343,CG,06:55 PM,I,07:52 PM,0:57,57,,,,,,,,,,,,,,,,,,,,,,,,,,,,,,,,,,,,,,,,,,,,,,,,,,,,,,,,,,,,,,,,,,,,,,,,,RTE: 47 SCHD: 8:03,--> O: 10:52 AM > CG: 06:55 PM,RTE: 2 SCHD: 0:57,--> CG: 06:55 PM > I: 07:52 PM,,,,,,,,,,,,,,,,,
Midvaleweekday313,Midvale,6-15-2026,weekday,02:06 PM,1Hrs 2Min,3720,313,2023-10-11 09:25 AM,,2023-10-11 8:27 PM,9:50,11.2,,47,3342,O,09:40 AM,I,01:04 PM,3:24,204,1:56,47,3346,O,02:06 PM,CG,04:04 PM,1:58,118,,57,3346,CG,04:04 PM,I,08:23 PM,4:19,259,,,,,,,,,,,,,,,,,,,,,,,,,,,,,,,,,,,,,,,,,,,,,,,,,,,,,,,,,,,,,,,,RTE: 47 SCHD: 3:24,--> O: 09:40 AM > I: 01:04 PM,RTE: 47 SCHD: 1:58,--> O: 02:06 PM > CG: 04:04 PM,RTE: 57 SCHD: 4:19,--> CG: 04:04 PM > I: 08:23 PM,,,,,,,,,,,,,,,
Midvaleweekday314,Midvale,6-15-2026,weekday,,,,314,2023-10-11 12:23 PM,,2023-10-11 9:33 PM,9:00,9.5,,47,3344,O,12:38 PM,I,09:29 PM,8:51,531,,,,,,,,,,,,,,,,,,,,,,,,,,,,,,,,,,,,,,,,,,,,,,,,,,,,,,,,,,,,,,,,,,,,,,,,,,,,,,,,,,RTE: 47 SCHD: 8:51,--> O: 12:38 PM > I: 09:29 PM,,,,,,,,,,,,,,,,,,,
Midvaleweekday315,Midvale,6-15-2026,weekday,,,,315,2023-10-11 02:35 PM,,2023-10-11 10:58 PM,8:13,8.3,,47,3348,O,02:50 PM,I,10:54 PM,8:04,484,,,,,,,,,,,,,,,,,,,,,,,,,,,,,,,,,,,,,,,,,,,,,,,,,,,,,,,,,,,,,,,,,,,,,,,,,,,,,,,,,,RTE: 47 SCHD: 8:04,--> O: 02:50 PM > I: 10:54 PM,,,,,,,,,,,,,,,,,,,
Midvaleweekday316,Midvale,6-15-2026,weekday,,,,316,2023-10-11 03:43 PM,,2023-10-11 11:57 PM,8:04,8.1,,47,3350,O,03:58 PM,I,11:53 PM,7:55,475,,,,,,,,,,,,,,,,,,,,,,,,,,,,,,,,,,,,,,,,,,,,,,,,,,,,,,,,,,,,,,,,,,,,,,,,,,,,,,,,,,RTE: 47 SCHD: 7:55,--> O: 03:58 PM > I: 11:53 PM,,,,,,,,,,,,,,,,,,,
Midvaleweekday317,Midvale,6-15-2026,weekday,,,,317,2023-10-11 02:43 PM,,2023-10-12 1:18 AM,10:25,11.6,,47,3349,O,02:58 PM,I,01:14 AM,10:16,616,,,,,,,,,,,,,,,,,,,,,,,,,,,,,,,,,,,,,,,,,,,,,,,,,,,,,,,,,,,,,,,,,,,,,,,,,,,,,,,,,,RTE: 47 SCHD: 10:16,--> O: 02:58 PM > I: 01:14 AM,,,,,,,,,,,,,,,,,,,
Midvaleweekday601,Midvale,6-15-2026,weekday,,,,601,2023-10-11 03:20 AM,,2023-10-11 12:14 PM,8:44,9.1,,51,3381,O,03:35 AM,I,12:10 PM,8:35,515,,,,,,,,,,,,,,,,,,,,,,,,,,,,,,,,,,,,,,,,,,,,,,,,,,,,,,,,,,,,,,,,,,,,,,,,,,,,,,,,,,RTE: 51 SCHD: 8:35,--> O: 03:35 AM > I: 12:10 PM,,,,,,,,,,,,,,,,,,,
Midvaleweekday602,Midvale,6-15-2026,weekday,,,,602,2023-10-11 04:06 AM,,2023-10-11 1:29 PM,9:13,9.8,,51,3382,O,04:21 AM,I,01:25 PM,9:04,544,,,,,,,,,,,,,,,,,,,,,,,,,,,,,,,,,,,,,,,,,,,,,,,,,,,,,,,,,,,,,,,,,,,,,,,,,,,,,,,,,,RTE: 51 SCHD: 9:04,--> O: 04:21 AM > I: 01:25 PM,,,,,,,,,,,,,,,,,,,
Midvaleweekday603,Midvale,6-15-2026,weekday,,,,603,2023-10-11 04:35 AM,1:16,2023-10-11 1:16 PM,8:31,8.8,,51,3383,O,04:50 AM,RS,12:41 PM,7:51,471,,,,,,,,,,,,,,,,,,,,,,,,,,,,,,,,,,,,,,,,,,,,,,,,,,,,,,,,,,,,,,,,,,,,,,,,,,,,,,,,,,RTE: 51 SCHD: 7:51,--> O: 04:50 AM > RS: 12:41 PM,,,,,,,,,,,,,,,,,,,
Midvaleweekday604,Midvale,6-15-2026,weekday,,,,604,2023-10-11 05:01 AM,,2023-10-11 3:26 PM,10:15,11.4,,51,3385,O,05:16 AM,I,03:22 PM,10:06,606,,,,,,,,,,,,,,,,,,,,,,,,,,,,,,,,,,,,,,,,,,,,,,,,,,,,,,,,,,,,,,,,,,,,,,,,,,,,,,,,,,RTE: 51 SCHD: 10:06,--> O: 05:16 AM > I: 03:22 PM,,,,,,,,,,,,,,,,,,,
Midvaleweekday605,Midvale,6-15-2026,weekday,,,,605,2023-10-11 05:21 AM,,2023-10-11 3:58 PM,10:27,11.7,,51,3387,O,05:36 AM,I,03:54 PM,10:18,618,,,,,,,,,,,,,,,,,,,,,,,,,,,,,,,,,,,,,,,,,,,,,,,,,,,,,,,,,,,,,,,,,,,,,,,,,,,,,,,,,,RTE: 51 SCHD: 10:18,--> O: 05:36 AM > I: 03:54 PM,,,,,,,,,,,,,,,,,,,
Midvaleweekday606,Midvale,6-15-2026,weekday,,,,606,2023-10-11 05:24 AM,,2023-10-11 3:34 PM,10:00,11.0,,51,3388,O,05:39 AM,I,03:30 PM,9:51,591,,,,,,,,,,,,,,,,,,,,,,,,,,,,,,,,,,,,,,,,,,,,,,,,,,,,,,,,,,,,,,,,,,,,,,,,,,,,,,,,,,RTE: 51 SCHD: 9:51,--> O: 05:39 AM > I: 03:30 PM,,,,,,,,,,,,,,,,,,,
Midvaleweekday607,Midvale,6-15-2026,weekday,02:03 PM,2Hrs 38Min,9480,607,2023-10-11 04:46 AM,4:18,2023-10-11 4:18 PM,8:44,10.0,,51,3384,O,05:01 AM,I,11:25 AM,6:24,384,1:53,71-81,3288,O,02:03 PM,RN,04:09 PM,2:06,126,,,,,,,,,,,,,,,,,,,,,,,,,,,,,,,,,,,,,,,,,,,,,,,,,,,,,,,,,,,,,,,,,,,,,,,,,RTE: 51 SCHD: 6:24,--> O: 05:01 AM > I: 11:25 AM,RTE: 71-81 SCHD: 2:06,--> O: 02:03 PM > RN: 04:09 PM,,,,,,,,,,,,,,,,,
Midvaleweekday608,Midvale,6-15-2026,weekday,03:10 PM,2Hrs 45Min,9900,608,2023-10-11 05:09 AM,,2023-10-11 5:48 PM,9:44,12.8,,51,3386,O,05:24 AM,I,12:25 PM,7:01,421,3:00,51,3397,O,03:10 PM,I,05:44 PM,2:34,154,,,,,,,,,,,,,,,,,,,,,,,,,,,,,,,,,,,,,,,,,,,,,,,,,,,,,,,,,,,,,,,,,,,,,,,,,RTE: 51 SCHD: 7:01,--> O: 05:24 AM > I: 12:25 PM,RTE: 51 SCHD: 2:34,--> O: 03:10 PM > I: 05:44 PM,,,,,,,,,,,,,,,,,
Midvaleweekday609,Midvale,6-15-2026,weekday,12:13 PM,3Hrs 1Min,10860,609,2023-10-11 05:43 AM,,2023-10-11 6:22 PM,9:28,12.4,,51,3389,O,05:58 AM,I,09:12 AM,3:14,194,12:03,51,3392,O,12:13 PM,I,06:18 PM,6:05,365,,,,,,,,,,,,,,,,,,,,,,,,,,,,,,,,,,,,,,,,,,,,,,,,,,,,,,,,,,,,,,,,,,,,,,,,,RTE: 51 SCHD: 3:14,--> O: 05:58 AM > I: 09:12 AM,RTE: 51 SCHD: 6:05,--> O: 12:13 PM > I: 06:18 PM,,,,,,,,,,,,,,,,,
Midvaleweekday610,Midvale,6-15-2026,weekday,,,,610,2023-10-11 11:13 AM,,2023-10-11 7:56 PM,8:33,8.8,,51,3390,O,11:28 AM,I,07:52 PM,8:24,504,,,,,,,,,,,,,,,,,,,,,,,,,,,,,,,,,,,,,,,,,,,,,,,,,,,,,,,,,,,,,,,,,,,,,,,,,,,,,,,,,,RTE: 51 SCHD: 8:24,--> O: 11:28 AM > I: 07:52 PM,,,,,,,,,,,,,,,,,,,
Midvaleweekday611,Midvale,6-15-2026,weekday,,,,611,2023-10-11 12:01 PM,,2023-10-11 8:46 PM,8:45,9.1,,51,3383,RN,12:41 PM,I,08:42 PM,8:01,481,,,,,,,,,,,,,,,,,,,,,,,,,,,,,,,,,,,,,,,,,,,,,,,,,,,,,,,,,,,,,,,,,,,,,,,,,,,,,,,,,,RTE: 51 SCHD: 8:01,--> RN: 12:41 PM > I: 08:42 PM,,,,,,,,,,,,,,,,,,,
Midvaleweekday612,Midvale,6-15-2026,weekday,,,,612,2023-10-11 11:43 AM,,2023-10-11 9:17 PM,9:24,10.1,,51,3391,O,11:58 AM,I,09:13 PM,9:15,555,,,,,,,,,,,,,,,,,,,,,,,,,,,,,,,,,,,,,,,,,,,,,,,,,,,,,,,,,,,,,,,,,,,,,,,,,,,,,,,,,,RTE: 51 SCHD: 9:15,--> O: 11:58 AM > I: 09:13 PM,,,,,,,,,,,,,,,,,,,
Midvaleweekday613,Midvale,6-15-2026,weekday,,,,613,2023-10-11 01:25 PM,,2023-10-11 11:02 PM,9:27,10.2,,51,3394,O,01:40 PM,I,10:58 PM,9:18,558,,,,,,,,,,,,,,,,,,,,,,,,,,,,,,,,,,,,,,,,,,,,,,,,,,,,,,,,,,,,,,,,,,,,,,,,,,,,,,,,,,RTE: 51 SCHD: 9:18,--> O: 01:40 PM > I: 10:58 PM,,,,,,,,,,,,,,,,,,,
Midvaleweekday614,Midvale,6-15-2026,weekday,,,,614,2023-10-11 05:40 PM,,2023-10-12 2:17 AM,8:27,8.7,,51,3401,O,05:55 PM,I,02:13 AM,8:18,498,,,,,,,,,,,,,,,,,,,,,,,,,,,,,,,,,,,,,,,,,,,,,,,,,,,,,,,,,,,,,,,,,,,,,,,,,,,,,,,,,,RTE: 51 SCHD: 8:18,--> O: 05:55 PM > I: 02:13 AM,,,,,,,,,,,,,,,,,,,
Midvaleweekday615,Midvale,6-15-2026,weekday,,,,615,2023-10-11 04:00 PM,,2023-10-12 2:47 AM,10:37,11.9,,51,3399,O,04:15 PM,I,02:43 AM,10:28,628,,,,,,,,,,,,,,,,,,,,,,,,,,,,,,,,,,,,,,,,,,,,,,,,,,,,,,,,,,,,,,,,,,,,,,,,,,,,,,,,,,RTE: 51 SCHD: 10:28,--> O: 04:15 PM > I: 02:43 AM,,,,,,,,,,,,,,,,,,,
Midvaleweekday616,Midvale,6-15-2026,weekday,,,,616,2023-10-11 05:12 PM,,2023-10-12 3:20 AM,9:58,11.0,,51,3400,O,05:27 PM,I,03:16 AM,9:49,589,,,,,,,,,,,,,,,,,,,,,,,,,,,,,,,,,,,,,,,,,,,,,,,,,,,,,,,,,,,,,,,,,,,,,,,,,,,,,,,,,,RTE: 51 SCHD: 9:49,--> O: 05:27 PM > I: 03:16 AM,,,,,,,,,,,,,,,,,,,
Midvaleweekday351,Midvale,6-15-2026,weekday,01:35 PM,0Hrs 51Min,3060,351,2023-10-11 04:31 AM,3:25,2023-10-11 3:25 PM,9:53,11.2,,53,3431,O,04:46 AM,I,12:44 PM,7:58,478,1:25,71-81,3285,O,01:35 PM,RS,03:16 PM,1:41,101,,,,,,,,,,,,,,,,,,,,,,,,,,,,,,,,,,,,,,,,,,,,,,,,,,,,,,,,,,,,,,,,,,,,,,,,,RTE: 53 SCHD: 7:58,--> O: 04:46 AM > I: 12:44 PM,RTE: 71-81 SCHD: 1:41,--> O: 01:35 PM > RS: 03:16 PM,,,,,,,,,,,,,,,,,
Midvaleweekday352,Midvale,6-15-2026,weekday,01:34 PM,2Hrs 0Min,7200,352,2023-10-11 05:00 AM,,2023-10-11 4:55 PM,10:05,12.4,,53,3432,O,05:15 AM,RN,11:34 AM,6:19,379,1:24,4-16,3817,O,01:34 PM,I,04:51 PM,3:17,197,,,,,,,,,,,,,,,,,,,,,,,,,,,,,,,,,,,,,,,,,,,,,,,,,,,,,,,,,,,,,,,,,,,,,,,,,RTE: 53 SCHD: 6:19,--> O: 05:15 AM > RN: 11:34 AM,RTE: 4-16 SCHD: 3:17,--> O: 01:34 PM > I: 04:51 PM,,,,,,,,,,,,,,,,,
Midvaleweekday353,Midvale,6-15-2026,weekday,10:03 AM,1Hrs 22Min,4920,353,2023-10-11 07:05 AM,,2023-10-11 6:35 PM,9:58,11.8,,53,3434,O,07:20 AM,I,08:41 AM,1:21,81,9:53,4-16,3811,O,10:03 AM,I,06:31 PM,8:28,508,,,,,,,,,,,,,,,,,,,,,,,,,,,,,,,,,,,,,,,,,,,,,,,,,,,,,,,,,,,,,,,,,,,,,,,,,RTE: 53 SCHD: 1:21,--> O: 07:20 AM > I: 08:41 AM,RTE: 4-16 SCHD: 8:28,--> O: 10:03 AM > I: 06:31 PM,,,,,,,,,,,,,,,,,
Midvaleweekday354,Midvale,6-15-2026,weekday,01:49 PM,4Hrs 15Min,15300,354,2023-10-11 05:45 AM,,2023-10-11 6:43 PM,8:53,12.0,,53,3433,O,06:00 AM,RN,09:34 AM,3:34,214,1:39,71-81,3287,O,01:49 PM,I,06:39 PM,4:50,290,,,,,,,,,,,,,,,,,,,,,,,,,,,,,,,,,,,,,,,,,,,,,,,,,,,,,,,,,,,,,,,,,,,,,,,,,RTE: 53 SCHD: 3:34,--> O: 06:00 AM > RN: 09:34 AM,RTE: 71-81 SCHD: 4:50,--> O: 01:49 PM > I: 06:39 PM,,,,,,,,,,,,,,,,,
Midvaleweekday355,Midvale,6-15-2026,weekday,,,,355,2023-10-11 11:56 AM,,2023-10-11 8:26 PM,8:20,8.5,,53,3435,O,12:11 PM,I,08:22 PM,8:11,491,,,,,,,,,,,,,,,,,,,,,,,,,,,,,,,,,,,,,,,,,,,,,,,,,,,,,,,,,,,,,,,,,,,,,,,,,,,,,,,,,,RTE: 53 SCHD: 8:11,--> O: 12:11 PM > I: 08:22 PM,,,,,,,,,,,,,,,,,,,
Midvaleweekday356,Midvale,6-15-2026,weekday,,,,356,2023-10-11 01:39 PM,,2023-10-11 10:34 PM,8:55,9.4,,53,3433,RN,02:04 PM,I,10:30 PM,8:26,506,,,,,,,,,,,,,,,,,,,,,,,,,,,,,,,,,,,,,,,,,,,,,,,,,,,,,,,,,,,,,,,,,,,,,,,,,,,,,,,,,,RTE: 53 SCHD: 8:26,--> RN: 02:04 PM > I: 10:30 PM,,,,,,,,,,,,,,,,,,,
Midvaleweekday357,Midvale,6-15-2026,weekday,,,,357,2023-10-11 03:22 PM,,2023-10-12 2:14 AM,10:42,12.1,,53,3437,O,03:37 PM,I,02:10 AM,10:33,633,,,,,,,,,,,,,,,,,,,,,,,,,,,,,,,,,,,,,,,,,,,,,,,,,,,,,,,,,,,,,,,,,,,,,,,,,,,,,,,,,,RTE: 53 SCHD: 10:33,--> O: 03:37 PM > I: 02:10 AM,,,,,,,,,,,,,,,,,,,
Midvaleweekday701,Midvale,6-15-2026,weekday,,,,701,2023-10-11 04:00 AM,,2023-10-11 2:21 PM,10:11,11.3,,55,3501,O,04:15 AM,I,02:17 PM,10:02,602,,,,,,,,,,,,,,,,,,,,,,,,,,,,,,,,,,,,,,,,,,,,,,,,,,,,,,,,,,,,,,,,,,,,,,,,,,,,,,,,,,RTE: 55 SCHD: 10:02,--> O: 04:15 AM > I: 02:17 PM,,,,,,,,,,,,,,,,,,,
Midvaleweekday702,Midvale,6-15-2026,weekday,,,,702,2023-10-11 04:19 AM,1:11,2023-10-11 1:11 PM,8:42,9.1,,55,3502,O,04:34 AM,RS,12:36 PM,8:02,482,,,,,,,,,,,,,,,,,,,,,,,,,,,,,,,,,,,,,,,,,,,,,,,,,,,,,,,,,,,,,,,,,,,,,,,,,,,,,,,,,,RTE: 55 SCHD: 8:02,--> O: 04:34 AM > RS: 12:36 PM,,,,,,,,,,,,,,,,,,,
Midvaleweekday703,Midvale,6-15-2026,weekday,,,,703,2023-10-11 04:50 AM,,2023-10-11 3:02 PM,10:02,11.1,,55,3504,O,05:05 AM,I,02:58 PM,9:53,593,,,,,,,,,,,,,,,,,,,,,,,,,,,,,,,,,,,,,,,,,,,,,,,,,,,,,,,,,,,,,,,,,,,,,,,,,,,,,,,,,,RTE: 55 SCHD: 9:53,--> O: 05:05 AM > I: 02:58 PM,,,,,,,,,,,,,,,,,,,
Midvaleweekday704,Midvale,6-15-2026,weekday,,,,704,2023-10-11 05:15 AM,,2023-10-11 3:42 PM,10:17,11.4,,55,3506,O,05:30 AM,I,03:38 PM,10:08,608,,,,,,,,,,,,,,,,,,,,,,,,,,,,,,,,,,,,,,,,,,,,,,,,,,,,,,,,,,,,,,,,,,,,,,,,,,,,,,,,,,RTE: 55 SCHD: 10:08,--> O: 05:30 AM > I: 03:38 PM,,,,,,,,,,,,,,,,,,,
Midvaleweekday705,Midvale,6-15-2026,weekday,10:56 AM,1Hrs 57Min,7020,705,2023-10-11 04:40 AM,,2023-10-11 3:46 PM,8:59,9.9,,55,3503,O,04:55 AM,I,08:59 AM,4:04,244,10:46,61-62,3714,O,10:56 AM,I,03:42 PM,4:46,286,,,,,,,,,,,,,,,,,,,,,,,,,,,,,,,,,,,,,,,,,,,,,,,,,,,,,,,,,,,,,,,,,,,,,,,,,RTE: 55 SCHD: 4:04,--> O: 04:55 AM > I: 08:59 AM,RTE: 61-62 SCHD: 4:46,--> O: 10:56 AM > I: 03:42 PM,,,,,,,,,,,,,,,,,
Midvaleweekday706,Midvale,6-15-2026,weekday,01:28 PM,2Hrs 32Min,9120,706,2023-10-11 04:58 AM,,2023-10-11 5:09 PM,9:29,11.7,,55,3505,O,05:13 AM,I,10:56 AM,5:43,343,1:18,47,3345,O,01:28 PM,I,05:05 PM,3:37,217,,,,,,,,,,,,,,,,,,,,,,,,,,,,,,,,,,,,,,,,,,,,,,,,,,,,,,,,,,,,,,,,,,,,,,,,,RTE: 55 SCHD: 5:43,--> O: 05:13 AM > I: 10:56 AM,RTE: 47 SCHD: 3:37,--> O: 01:28 PM > I: 05:05 PM,,,,,,,,,,,,,,,,,
Midvaleweekday707,Midvale,6-15-2026,weekday,03:07 PM,2Hrs 51Min,10260,707,2023-10-11 05:30 AM,,2023-10-11 5:45 PM,9:49,12.3,,55,3507,O,05:45 AM,RS,12:16 PM,6:31,391,2:57,2,3485,O,03:07 PM,I,05:41 PM,2:34,154,,,,,,,,,,,,,,,,,,,,,,,,,,,,,,,,,,,,,,,,,,,,,,,,,,,,,,,,,,,,,,,,,,,,,,,,,RTE: 55 SCHD: 6:31,--> O: 05:45 AM > RS: 12:16 PM,RTE: 2 SCHD: 2:34,--> O: 03:07 PM > I: 05:41 PM,,,,,,,,,,,,,,,,,
Midvaleweekday708,Midvale,6-15-2026,weekday,03:29 PM,1Hrs 33Min,5580,708,2023-10-11 06:09 AM,,2023-10-11 5:55 PM,10:03,12.2,,55,3508,O,06:24 AM,I,01:56 PM,7:32,452,3:19,61-62,3724,O,03:29 PM,I,05:51 PM,2:22,142,,,,,,,,,,,,,,,,,,,,,,,,,,,,,,,,,,,,,,,,,,,,,,,,,,,,,,,,,,,,,,,,,,,,,,,,,RTE: 55 SCHD: 7:32,--> O: 06:24 AM > I: 01:56 PM,RTE: 61-62 SCHD: 2:22,--> O: 03:29 PM > I: 05:51 PM,,,,,,,,,,,,,,,,,
Midvaleweekday709,Midvale,6-15-2026,weekday,,,,709,2023-10-11 10:28 AM,,2023-10-11 7:23 PM,8:45,9.1,,55,3509,O,10:43 AM,I,07:19 PM,8:36,516,,,,,,,,,,,,,,,,,,,,,,,,,,,,,,,,,,,,,,,,,,,,,,,,,,,,,,,,,,,,,,,,,,,,,,,,,,,,,,,,,,RTE: 55 SCHD: 8:36,--> O: 10:43 AM > I: 07:19 PM,,,,,,,,,,,,,,,,,,,
Midvaleweekday710,Midvale,6-15-2026,weekday,,,,710,2023-10-11 01:26 PM,,2023-10-11 9:43 PM,8:07,8.2,,55,3511,O,01:41 PM,I,09:39 PM,7:58,478,,,,,,,,,,,,,,,,,,,,,,,,,,,,,,,,,,,,,,,,,,,,,,,,,,,,,,,,,,,,,,,,,,,,,,,,,,,,,,,,,,RTE: 55 SCHD: 7:58,--> O: 01:41 PM > I: 09:39 PM,,,,,,,,,,,,,,,,,,,
Midvaleweekday711,Midvale,6-15-2026,weekday,,,,711,2023-10-11 01:44 PM,,2023-10-11 11:26 PM,9:32,10.3,,55,3512,O,01:59 PM,I,11:22 PM,9:23,563,,,,,,,,,,,,,,,,,,,,,,,,,,,,,,,,,,,,,,,,,,,,,,,,,,,,,,,,,,,,,,,,,,,,,,,,,,,,,,,,,,RTE: 55 SCHD: 9:23,--> O: 01:59 PM > I: 11:22 PM,,,,,,,,,,,,,,,,,,,
Midvaleweekday712,Midvale,6-15-2026,weekday,,,,712,2023-10-11 02:33 PM,,2023-10-12 12:43 AM,10:00,11.0,,55,3514,O,02:48 PM,I,12:39 AM,9:51,591,,,,,,,,,,,,,,,,,,,,,,,,,,,,,,,,,,,,,,,,,,,,,,,,,,,,,,,,,,,,,,,,,,,,,,,,,,,,,,,,,,RTE: 55 SCHD: 9:51,--> O: 02:48 PM > I: 12:39 AM,,,,,,,,,,,,,,,,,,,
Midvaleweekday713,Midvale,6-15-2026,weekday,,,,713,2023-10-11 07:05 PM,,2023-10-12 3:05 AM,7:50,8.0,,55,3518,O,07:20 PM,I,03:01 AM,7:41,461,,,,,,,,,,,,,,,,,,,,,,,,,,,,,,,,,,,,,,,,,,,,,,,,,,,,,,,,,,,,,,,,,,,,,,,,,,,,,,,,,,RTE: 55 SCHD: 7:41,--> O: 07:20 PM > I: 03:01 AM,,,,,,,,,,,,,,,,,,,
Midvaleweekday714,Midvale,6-15-2026,weekday,,,,714,2023-10-11 06:40 PM,,2023-10-12 4:07 AM,9:17,9.9,,55,3517,O,06:55 PM,I,04:03 AM,9:08,548,,,,,,,,,,,,,,,,,,,,,,,,,,,,,,,,,,,,,,,,,,,,,,,,,,,,,,,,,,,,,,,,,,,,,,,,,,,,,,,,,,RTE: 55 SCHD: 9:08,--> O: 06:55 PM > I: 04:03 AM,,,,,,,,,,,,,,,,,,,
Midvaleweekday61,Midvale,6-15-2026,weekday,,,,61,2023-10-11 01:14 AM,,2023-10-11 9:41 AM,8:17,8.4,,56,3601,O,01:29 AM,I,09:37 AM,8:08,488,,,,,,,,,,,,,,,,,,,,,,,,,,,,,,,,,,,,,,,,,,,,,,,,,,,,,,,,,,,,,,,,,,,,,,,,,,,,,,,,,,RTE: 56 SCHD: 8:08,--> O: 01:29 AM > I: 09:37 AM,,,,,,,,,,,,,,,,,,,
Midvaleweekday62,Midvale,6-15-2026,weekday,,,,62,2023-10-11 04:13 AM,,2023-10-11 12:50 PM,8:27,8.7,,56,3602,O,04:28 AM,I,12:46 PM,8:18,498,,,,,,,,,,,,,,,,,,,,,,,,,,,,,,,,,,,,,,,,,,,,,,,,,,,,,,,,,,,,,,,,,,,,,,,,,,,,,,,,,,RTE: 56 SCHD: 8:18,--> O: 04:28 AM > I: 12:46 PM,,,,,,,,,,,,,,,,,,,
Midvaleweekday63,Midvale,6-15-2026,weekday,,,,63,2023-10-11 04:28 AM,,2023-10-11 1:50 PM,9:12,9.8,,56,3603,O,04:43 AM,I,01:46 PM,9:03,543,,,,,,,,,,,,,,,,,,,,,,,,,,,,,,,,,,,,,,,,,,,,,,,,,,,,,,,,,,,,,,,,,,,,,,,,,,,,,,,,,,RTE: 56 SCHD: 9:03,--> O: 04:43 AM > I: 01:46 PM,,,,,,,,,,,,,,,,,,,
Midvaleweekday64,Midvale,6-15-2026,weekday,,,,64,2023-10-11 05:16 AM,,2023-10-11 4:05 PM,10:39,12.0,,56,3606,O,05:31 AM,I,04:01 PM,10:30,630,,,,,,,,,,,,,,,,,,,,,,,,,,,,,,,,,,,,,,,,,,,,,,,,,,,,,,,,,,,,,,,,,,,,,,,,,,,,,,,,,,RTE: 56 SCHD: 10:30,--> O: 05:31 AM > I: 04:01 PM,,,,,,,,,,,,,,,,,,,
Midvaleweekday65,Midvale,6-15-2026,weekday,10:00 AM,1Hrs 37Min,5820,65,2023-10-11 04:58 AM,,2023-10-11 4:25 PM,9:40,11.3,,56,3604,O,05:13 AM,I,08:23 AM,3:10,190,9:50,26,3093,O,10:00 AM,I,04:21 PM,6:21,381,,,,,,,,,,,,,,,,,,,,,,,,,,,,,,,,,,,,,,,,,,,,,,,,,,,,,,,,,,,,,,,,,,,,,,,,,RTE: 56 SCHD: 3:10,--> O: 05:13 AM > I: 08:23 AM,RTE: 26 SCHD: 6:21,--> O: 10:00 AM > I: 04:21 PM,,,,,,,,,,,,,,,,,
Midvaleweekday66,Midvale,6-15-2026,weekday,12:44 PM,2Hrs 17Min,8220,66,2023-10-11 05:08 AM,,2023-10-11 5:09 PM,9:34,11.7,,56,3605,O,05:23 AM,I,10:27 AM,5:04,304,12:34,39,3956,O,12:44 PM,I,05:05 PM,4:21,261,,,,,,,,,,,,,,,,,,,,,,,,,,,,,,,,,,,,,,,,,,,,,,,,,,,,,,,,,,,,,,,,,,,,,,,,,RTE: 56 SCHD: 5:04,--> O: 05:23 AM > I: 10:27 AM,RTE: 39 SCHD: 4:21,--> O: 12:44 PM > I: 05:05 PM,,,,,,,,,,,,,,,,,
Midvaleweekday67,Midvale,6-15-2026,weekday,01:04 PM,1Hrs 57Min,7020,67,2023-10-11 05:36 AM,,2023-10-11 5:44 PM,10:01,12.5,,56,3608,O,05:51 AM,I,11:07 AM,5:16,316,12:54,39,3957,O,01:04 PM,I,05:40 PM,4:36,276,,,,,,,,,,,,,,,,,,,,,,,,,,,,,,,,,,,,,,,,,,,,,,,,,,,,,,,,,,,,,,,,,,,,,,,,,RTE: 56 SCHD: 5:16,--> O: 05:51 AM > I: 11:07 AM,RTE: 39 SCHD: 4:36,--> O: 01:04 PM > I: 05:40 PM,,,,,,,,,,,,,,,,,
Midvaleweekday68,Midvale,6-15-2026,weekday,01:27 PM,3Hrs 18Min,11880,68,2023-10-11 05:28 AM,,2023-10-11 5:58 PM,9:02,11.6,,56,3607,O,05:43 AM,I,10:09 AM,4:26,266,1:17,22,3253,O,01:27 PM,CG,04:50 PM,3:23,203,,18,3253,CG,04:50 PM,I,05:54 PM,1:04,64,,,,,,,,,,,,,,,,,,,,,,,,,,,,,,,,,,,,,,,,,,,,,,,,,,,,,,,,,,,,,,,,RTE: 56 SCHD: 4:26,--> O: 05:43 AM > I: 10:09 AM,RTE: 22 SCHD: 3:23,--> O: 01:27 PM > CG: 04:50 PM,RTE: 18 SCHD: 1:04,--> CG: 04:50 PM > I: 05:54 PM,,,,,,,,,,,,,,,
Midvaleweekday69,Midvale,6-15-2026,weekday,02:44 PM,3Hrs 47Min,13620,69,2023-10-11 05:54 AM,,2023-10-11 6:24 PM,8:33,10.8,,56,3609,O,06:09 AM,I,10:57 AM,4:48,288,2:34,56,3622,O,02:44 PM,I,06:20 PM,3:36,216,,,,,,,,,,,,,,,,,,,,,,,,,,,,,,,,,,,,,,,,,,,,,,,,,,,,,,,,,,,,,,,,,,,,,,,,,RTE: 56 SCHD: 4:48,--> O: 06:09 AM > I: 10:57 AM,RTE: 56 SCHD: 3:36,--> O: 02:44 PM > I: 06:20 PM,,,,,,,,,,,,,,,,,
Midvaleweekday70,Midvale,6-15-2026,weekday,02:09 PM,4Hrs 12Min,15120,70,2023-10-11 06:20 AM,,2023-10-11 6:57 PM,8:15,10.5,,56,3610,O,06:35 AM,I,09:57 AM,3:22,202,1:59,23-45,3175,O,02:09 PM,CG,04:04 PM,1:55,115,,77,3175,CG,04:04 PM,I,06:53 PM,2:49,169,,,,,,,,,,,,,,,,,,,,,,,,,,,,,,,,,,,,,,,,,,,,,,,,,,,,,,,,,,,,,,,,RTE: 56 SCHD: 3:22,--> O: 06:35 AM > I: 09:57 AM,RTE: 23-45 SCHD: 1:55,--> O: 02:09 PM > CG: 04:04 PM,RTE: 77 SCHD: 2:49,--> CG: 04:04 PM > I: 06:53 PM,,,,,,,,,,,,,,,
Midvaleweekday71,Midvale,6-15-2026,weekday,,,,71,2023-10-11 09:33 AM,,2023-10-11 7:03 PM,9:20,10.0,,56,3613,O,09:48 AM,I,06:59 PM,9:11,551,,,,,,,,,,,,,,,,,,,,,,,,,,,,,,,,,,,,,,,,,,,,,,,,,,,,,,,,,,,,,,,,,,,,,,,,,,,,,,,,,,RTE: 56 SCHD: 9:11,--> O: 09:48 AM > I: 06:59 PM,,,,,,,,,,,,,,,,,,,
Midvaleweekday72,Midvale,6-15-2026,weekday,12:50 PM,2Hrs 28Min,8880,72,2023-10-11 08:16 AM,,2023-10-11 7:33 PM,8:39,9.6,,56,3611,O,08:31 AM,I,10:22 AM,1:51,111,12:40,57,3911,O,12:50 PM,I,07:29 PM,6:39,399,,,,,,,,,,,,,,,,,,,,,,,,,,,,,,,,,,,,,,,,,,,,,,,,,,,,,,,,,,,,,,,,,,,,,,,,,RTE: 56 SCHD: 1:51,--> O: 08:31 AM > I: 10:22 AM,RTE: 57 SCHD: 6:39,--> O: 12:50 PM > I: 07:29 PM,,,,,,,,,,,,,,,,,
Midvaleweekday73,Midvale,6-15-2026,weekday,,,,73,2023-10-11 10:09 AM,,2023-10-11 7:53 PM,9:34,10.4,,56,3615,O,10:24 AM,I,07:49 PM,9:25,565,,,,,,,,,,,,,,,,,,,,,,,,,,,,,,,,,,,,,,,,,,,,,,,,,,,,,,,,,,,,,,,,,,,,,,,,,,,,,,,,,,RTE: 56 SCHD: 9:25,--> O: 10:24 AM > I: 07:49 PM,,,,,,,,,,,,,,,,,,,
Midvaleweekday74,Midvale,6-15-2026,weekday,,,,74,2023-10-11 10:30 AM,,2023-10-11 8:07 PM,9:27,10.2,,56,3616,O,10:45 AM,I,08:03 PM,9:18,558,,,,,,,,,,,,,,,,,,,,,,,,,,,,,,,,,,,,,,,,,,,,,,,,,,,,,,,,,,,,,,,,,,,,,,,,,,,,,,,,,,RTE: 56 SCHD: 9:18,--> O: 10:45 AM > I: 08:03 PM,,,,,,,,,,,,,,,,,,,
Midvaleweekday75,Midvale,6-15-2026,weekday,01:55 PM,3Hrs 17Min,11820,75,2023-10-11 08:47 AM,,2023-10-11 8:22 PM,8:08,9.1,,56,3612,O,09:02 AM,I,10:38 AM,1:36,96,1:45,89,3460,O,01:55 PM,I,08:18 PM,6:23,383,,,,,,,,,,,,,,,,,,,,,,,,,,,,,,,,,,,,,,,,,,,,,,,,,,,,,,,,,,,,,,,,,,,,,,,,,RTE: 56 SCHD: 1:36,--> O: 09:02 AM > I: 10:38 AM,RTE: 89 SCHD: 6:23,--> O: 01:55 PM > I: 08:18 PM,,,,,,,,,,,,,,,,,
Midvaleweekday76,Midvale,6-15-2026,weekday,02:36 PM,1Hrs 11Min,4260,76,2023-10-11 09:43 AM,,2023-10-11 8:37 PM,9:53,11.2,,56,3614,O,09:58 AM,I,01:25 PM,3:27,207,2:16,4-16,3814,RN,02:36 PM,I,08:33 PM,5:57,357,,,,,,,,,,,,,,,,,,,,,,,,,,,,,,,,,,,,,,,,,,,,,,,,,,,,,,,,,,,,,,,,,,,,,,,,,RTE: 56 SCHD: 3:27,--> O: 09:58 AM > I: 01:25 PM,RTE: 4-16 SCHD: 5:57,--> RN: 02:36 PM > I: 08:33 PM,,,,,,,,,,,,,,,,,
Midvaleweekday77,Midvale,6-15-2026,weekday,,,,77,2023-10-11 11:00 AM,,2023-10-11 9:41 PM,10:31,11.8,,56,3617,O,11:15 AM,I,09:37 PM,10:22,622,,,,,,,,,,,,,,,,,,,,,,,,,,,,,,,,,,,,,,,,,,,,,,,,,,,,,,,,,,,,,,,,,,,,,,,,,,,,,,,,,,RTE: 56 SCHD: 10:22,--> O: 11:15 AM > I: 09:37 PM,,,,,,,,,,,,,,,,,,,
Midvaleweekday78,Midvale,6-15-2026,weekday,,,,78,2023-10-11 12:37 PM,,2023-10-11 9:52 PM,9:05,9.6,,56,3618,O,12:52 PM,I,09:48 PM,8:56,536,,,,,,,,,,,,,,,,,,,,,,,,,,,,,,,,,,,,,,,,,,,,,,,,,,,,,,,,,,,,,,,,,,,,,,,,,,,,,,,,,,RTE: 56 SCHD: 8:56,--> O: 12:52 PM > I: 09:48 PM,,,,,,,,,,,,,,,,,,,
Midvaleweekday79,Midvale,6-15-2026,weekday,,,,79,2023-10-11 01:27 PM,,2023-10-11 10:47 PM,9:10,9.8,,56,3619,O,01:42 PM,I,10:43 PM,9:01,541,,,,,,,,,,,,,,,,,,,,,,,,,,,,,,,,,,,,,,,,,,,,,,,,,,,,,,,,,,,,,,,,,,,,,,,,,,,,,,,,,,RTE: 56 SCHD: 9:01,--> O: 01:42 PM > I: 10:43 PM,,,,,,,,,,,,,,,,,,,
Midvaleweekday80,Midvale,6-15-2026,weekday,04:36 PM,0Hrs 45Min,2700,80,2023-10-11 01:50 PM,,2023-10-11 11:13 PM,8:28,9.0,,56,3621,O,02:05 PM,I,03:51 PM,1:46,106,4:26,22,3256,O,04:36 PM,I,11:09 PM,6:33,393,,,,,,,,,,,,,,,,,,,,,,,,,,,,,,,,,,,,,,,,,,,,,,,,,,,,,,,,,,,,,,,,,,,,,,,,,RTE: 56 SCHD: 1:46,--> O: 02:05 PM > I: 03:51 PM,RTE: 22 SCHD: 6:33,--> O: 04:36 PM > I: 11:09 PM,,,,,,,,,,,,,,,,,
Midvaleweekday81,Midvale,6-15-2026,weekday,,,,81,2023-10-11 03:59 PM,,2023-10-12 1:11 AM,9:02,9.6,,56,3626,O,04:14 PM,I,01:07 AM,8:53,533,,,,,,,,,,,,,,,,,,,,,,,,,,,,,,,,,,,,,,,,,,,,,,,,,,,,,,,,,,,,,,,,,,,,,,,,,,,,,,,,,,RTE: 56 SCHD: 8:53,--> O: 04:14 PM > I: 01:07 AM,,,,,,,,,,,,,,,,,,,
Midvaleweekday82,Midvale,6-15-2026,weekday,,,,82,2023-10-11 03:29 PM,,2023-10-12 2:10 AM,10:31,11.8,,56,3624,O,03:44 PM,I,02:06 AM,10:22,622,,,,,,,,,,,,,,,,,,,,,,,,,,,,,,,,,,,,,,,,,,,,,,,,,,,,,,,,,,,,,,,,,,,,,,,,,,,,,,,,,,RTE: 56 SCHD: 10:22,--> O: 03:44 PM > I: 02:06 AM,,,,,,,,,,,,,,,,,,,
Midvaleweekday401,Midvale,6-15-2026,weekday,,,,401,2023-10-11 04:27 AM,,2023-10-11 12:55 PM,8:18,8.5,,57,3901,O,04:42 AM,I,12:51 PM,8:09,489,,,,,,,,,,,,,,,,,,,,,,,,,,,,,,,,,,,,,,,,,,,,,,,,,,,,,,,,,,,,,,,,,,,,,,,,,,,,,,,,,,RTE: 57 SCHD: 8:09,--> O: 04:42 AM > I: 12:51 PM,,,,,,,,,,,,,,,,,,,
Midvaleweekday402,Midvale,6-15-2026,weekday,,,,402,2023-10-11 04:44 AM,,2023-10-11 1:20 PM,8:26,8.7,,57,3902,O,04:59 AM,I,01:16 PM,8:17,497,,,,,,,,,,,,,,,,,,,,,,,,,,,,,,,,,,,,,,,,,,,,,,,,,,,,,,,,,,,,,,,,,,,,,,,,,,,,,,,,,,RTE: 57 SCHD: 8:17,--> O: 04:59 AM > I: 01:16 PM,,,,,,,,,,,,,,,,,,,
Midvaleweekday403,Midvale,6-15-2026,weekday,,,,403,2023-10-11 06:17 AM,,2023-10-11 3:59 PM,9:32,10.3,,57,3905,O,06:32 AM,CG,08:22 AM,1:50,110,,47,3905,CG,08:22 AM,I,03:55 PM,7:33,453,,,,,,,,,,,,,,,,,,,,,,,,,,,,,,,,,,,,,,,,,,,,,,,,,,,,,,,,,,,,,,,,,,,,,,,,,RTE: 57 SCHD: 1:50,--> O: 06:32 AM > CG: 08:22 AM,RTE: 47 SCHD: 7:33,--> CG: 08:22 AM > I: 03:55 PM,,,,,,,,,,,,,,,,,
Midvaleweekday404,Midvale,6-15-2026,weekday,11:34 AM,2Hrs 54Min,10440,404,2023-10-11 05:24 AM,,2023-10-11 5:50 PM,9:42,12.5,,57,3903,O,05:39 AM,I,08:40 AM,3:01,181,11:14,53,3432,RN,11:34 AM,I,05:46 PM,6:12,372,,,,,,,,,,,,,,,,,,,,,,,,,,,,,,,,,,,,,,,,,,,,,,,,,,,,,,,,,,,,,,,,,,,,,,,,,RTE: 57 SCHD: 3:01,--> O: 05:39 AM > I: 08:40 AM,RTE: 53 SCHD: 6:12,--> RN: 11:34 AM > I: 05:46 PM,,,,,,,,,,,,,,,,,
Midvaleweekday405,Midvale,6-15-2026,weekday,12:00 PM,2Hrs 24Min,8640,405,2023-10-11 06:00 AM,,2023-10-11 6:24 PM,9:50,12.6,,57,3904,O,06:15 AM,I,09:36 AM,3:21,201,11:50,57,3909,O,12:00 PM,I,06:20 PM,6:20,380,,,,,,,,,,,,,,,,,,,,,,,,,,,,,,,,,,,,,,,,,,,,,,,,,,,,,,,,,,,,,,,,,,,,,,,,,RTE: 57 SCHD: 3:21,--> O: 06:15 AM > I: 09:36 AM,RTE: 57 SCHD: 6:20,--> O: 12:00 PM > I: 06:20 PM,,,,,,,,,,,,,,,,,
Midvaleweekday406,Midvale,6-15-2026,weekday,02:34 PM,2Hrs 10Min,7800,406,2023-10-11 09:09 AM,,2023-10-11 7:39 PM,8:10,8.5,,57,3906,O,09:24 AM,I,12:24 PM,3:00,180,2:24,26,3100,O,02:34 PM,CG,05:10 PM,2:36,156,,89,3100,CG,05:10 PM,I,07:35 PM,2:25,145,,,,,,,,,,,,,,,,,,,,,,,,,,,,,,,,,,,,,,,,,,,,,,,,,,,,,,,,,,,,,,,,RTE: 57 SCHD: 3:00,--> O: 09:24 AM > I: 12:24 PM,RTE: 26 SCHD: 2:36,--> O: 02:34 PM > CG: 05:10 PM,RTE: 89 SCHD: 2:25,--> CG: 05:10 PM > I: 07:35 PM,,,,,,,,,,,,,,,
Midvaleweekday407,Midvale,6-15-2026,weekday,,,,407,2023-10-11 10:35 AM,,2023-10-11 8:13 PM,9:28,10.2,,57,3907,O,10:50 AM,I,08:09 PM,9:19,559,,,,,,,,,,,,,,,,,,,,,,,,,,,,,,,,,,,,,,,,,,,,,,,,,,,,,,,,,,,,,,,,,,,,,,,,,,,,,,,,,,RTE: 57 SCHD: 9:19,--> O: 10:50 AM > I: 08:09 PM,,,,,,,,,,,,,,,,,,,
Midvaleweekday408,Midvale,6-15-2026,weekday,,,,408,2023-10-11 12:58 PM,,2023-10-11 10:04 PM,8:56,9.4,,57,3912,O,01:13 PM,I,10:00 PM,8:47,527,,,,,,,,,,,,,,,,,,,,,,,,,,,,,,,,,,,,,,,,,,,,,,,,,,,,,,,,,,,,,,,,,,,,,,,,,,,,,,,,,,RTE: 57 SCHD: 8:47,--> O: 01:13 PM > I: 10:00 PM,,,,,,,,,,,,,,,,,,,
Midvaleweekday409,Midvale,6-15-2026,weekday,,,,409,2023-10-11 03:15 PM,,2023-10-12 2:00 AM,10:35,11.9,,57,3914,O,03:30 PM,I,01:56 AM,10:26,626,,,,,,,,,,,,,,,,,,,,,,,,,,,,,,,,,,,,,,,,,,,,,,,,,,,,,,,,,,,,,,,,,,,,,,,,,,,,,,,,,,RTE: 57 SCHD: 10:26,--> O: 03:30 PM > I: 01:56 AM,,,,,,,,,,,,,,,,,,,
Midvaleweekday201,Midvale,6-15-2026,weekday,,,,201,2023-10-11 04:31 AM,,2023-10-11 1:39 PM,8:58,9.5,,61-62,3701,O,04:46 AM,I,01:35 PM,8:49,529,,,,,,,,,,,,,,,,,,,,,,,,,,,,,,,,,,,,,,,,,,,,,,,,,,,,,,,,,,,,,,,,,,,,,,,,,,,,,,,,,,RTE: 61-62 SCHD: 8:49,--> O: 04:46 AM > I: 01:35 PM,,,,,,,,,,,,,,,,,,,
Midvaleweekday202,Midvale,6-15-2026,weekday,,,,202,2023-10-11 05:31 AM,,2023-10-11 2:59 PM,9:18,10.0,,61-62,3704,O,05:46 AM,I,02:55 PM,9:09,549,,,,,,,,,,,,,,,,,,,,,,,,,,,,,,,,,,,,,,,,,,,,,,,,,,,,,,,,,,,,,,,,,,,,,,,,,,,,,,,,,,RTE: 61-62 SCHD: 9:09,--> O: 05:46 AM > I: 02:55 PM,,,,,,,,,,,,,,,,,,,
Midvaleweekday203,Midvale,6-15-2026,weekday,11:00 AM,1Hrs 59Min,7140,203,2023-10-11 04:51 AM,4:32,2023-10-11 4:32 PM,9:32,11.3,,61-62,3702,O,05:06 AM,I,09:01 AM,3:55,235,10:50,71-81,3283,O,11:00 AM,RS,04:23 PM,5:23,323,,,,,,,,,,,,,,,,,,,,,,,,,,,,,,,,,,,,,,,,,,,,,,,,,,,,,,,,,,,,,,,,,,,,,,,,,RTE: 61-62 SCHD: 3:55,--> O: 05:06 AM > I: 09:01 AM,RTE: 71-81 SCHD: 5:23,--> O: 11:00 AM > RS: 04:23 PM,,,,,,,,,,,,,,,,,
Midvaleweekday204,Midvale,6-15-2026,weekday,01:49 PM,1Hrs 54Min,6840,204,2023-10-11 05:26 AM,,2023-10-11 5:16 PM,9:46,11.8,,61-62,3703,O,05:41 AM,I,11:55 AM,6:14,374,1:39,56,3620,O,01:49 PM,I,05:12 PM,3:23,203,,,,,,,,,,,,,,,,,,,,,,,,,,,,,,,,,,,,,,,,,,,,,,,,,,,,,,,,,,,,,,,,,,,,,,,,,RTE: 61-62 SCHD: 6:14,--> O: 05:41 AM > I: 11:55 AM,RTE: 56 SCHD: 3:23,--> O: 01:49 PM > I: 05:12 PM,,,,,,,,,,,,,,,,,
Midvaleweekday205,Midvale,6-15-2026,weekday,12:58 PM,2Hrs 55Min,10500,205,2023-10-11 05:32 AM,,2023-10-11 5:53 PM,9:16,11.7,,61-62,3705,O,05:47 AM,I,10:03 AM,4:16,256,12:48,61-62,3716,O,12:58 PM,I,05:49 PM,4:51,291,,,,,,,,,,,,,,,,,,,,,,,,,,,,,,,,,,,,,,,,,,,,,,,,,,,,,,,,,,,,,,,,,,,,,,,,,RTE: 61-62 SCHD: 4:16,--> O: 05:47 AM > I: 10:03 AM,RTE: 61-62 SCHD: 4:51,--> O: 12:58 PM > I: 05:49 PM,,,,,,,,,,,,,,,,,
Midvaleweekday206,Midvale,6-15-2026,weekday,01:48 PM,2Hrs 58Min,10680,206,2023-10-11 06:01 AM,,2023-10-11 6:36 PM,9:27,12.3,,61-62,3706,O,06:16 AM,I,10:50 AM,4:34,274,1:38,61-62,3718,O,01:48 PM,I,06:32 PM,4:44,284,,,,,,,,,,,,,,,,,,,,,,,,,,,,,,,,,,,,,,,,,,,,,,,,,,,,,,,,,,,,,,,,,,,,,,,,,RTE: 61-62 SCHD: 4:34,--> O: 06:16 AM > I: 10:50 AM,RTE: 61-62 SCHD: 4:44,--> O: 01:48 PM > I: 06:32 PM,,,,,,,,,,,,,,,,,
Midvaleweekday207,Midvale,6-15-2026,weekday,10:44 AM,1Hrs 25Min,5100,207,2023-10-11 06:53 AM,,2023-10-11 6:41 PM,10:13,12.5,,61-62,3711,O,07:08 AM,I,09:19 AM,2:11,131,10:34,18,3017,O,10:44 AM,I,06:37 PM,7:53,473,,,,,,,,,,,,,,,,,,,,,,,,,,,,,,,,,,,,,,,,,,,,,,,,,,,,,,,,,,,,,,,,,,,,,,,,,RTE: 61-62 SCHD: 2:11,--> O: 07:08 AM > I: 09:19 AM,RTE: 18 SCHD: 7:53,--> O: 10:44 AM > I: 06:37 PM,,,,,,,,,,,,,,,,,
Midvaleweekday208,Midvale,6-15-2026,weekday,11:43 AM,2Hrs 49Min,10140,208,2023-10-11 06:30 AM,,2023-10-11 6:45 PM,9:51,12.4,,61-62,3709,O,06:45 AM,I,08:54 AM,2:09,129,11:08,26,3085,RE,11:43 AM,I,06:41 PM,6:58,418,,,,,,,,,,,,,,,,,,,,,,,,,,,,,,,,,,,,,,,,,,,,,,,,,,,,,,,,,,,,,,,,,,,,,,,,,RTE: 61-62 SCHD: 2:09,--> O: 06:45 AM > I: 08:54 AM,RTE: 26 SCHD: 6:58,--> RE: 11:43 AM > I: 06:41 PM,,,,,,,,,,,,,,,,,
Midvaleweekday209,Midvale,6-15-2026,weekday,12:33 PM,3Hrs 4Min,11040,209,2023-10-11 06:49 AM,,2023-10-11 7:01 PM,8:58,11.0,,61-62,3710,O,07:04 AM,I,09:29 AM,2:25,145,12:23,22,3251,O,12:33 PM,I,06:57 PM,6:24,384,,,,,,,,,,,,,,,,,,,,,,,,,,,,,,,,,,,,,,,,,,,,,,,,,,,,,,,,,,,,,,,,,,,,,,,,,RTE: 61-62 SCHD: 2:25,--> O: 07:04 AM > I: 09:29 AM,RTE: 22 SCHD: 6:24,--> O: 12:33 PM > I: 06:57 PM,,,,,,,,,,,,,,,,,
Midvaleweekday210,Midvale,6-15-2026,weekday,02:32 PM,3Hrs 58Min,14280,210,2023-10-11 06:03 AM,,2023-10-11 7:03 PM,8:52,12.1,,61-62,3707,O,06:18 AM,I,10:34 AM,4:16,256,2:22,55,3513,O,02:32 PM,I,06:59 PM,4:27,267,,,,,,,,,,,,,,,,,,,,,,,,,,,,,,,,,,,,,,,,,,,,,,,,,,,,,,,,,,,,,,,,,,,,,,,,,RTE: 61-62 SCHD: 4:16,--> O: 06:18 AM > I: 10:34 AM,RTE: 55 SCHD: 4:27,--> O: 02:32 PM > I: 06:59 PM,,,,,,,,,,,,,,,,,
Midvaleweekday211,Midvale,6-15-2026,weekday,,,,211,2023-10-11 09:50 AM,,2023-10-11 7:06 PM,9:06,9.7,,61-62,3713,O,10:05 AM,I,07:02 PM,8:57,537,,,,,,,,,,,,,,,,,,,,,,,,,,,,,,,,,,,,,,,,,,,,,,,,,,,,,,,,,,,,,,,,,,,,,,,,,,,,,,,,,,RTE: 61-62 SCHD: 8:57,--> O: 10:05 AM > I: 07:02 PM,,,,,,,,,,,,,,,,,,,
Midvaleweekday212,Midvale,6-15-2026,weekday,03:39 PM,4Hrs 9Min,14940,212,2023-10-11 06:27 AM,,2023-10-11 7:24 PM,8:38,11.6,,61-62,3708,O,06:42 AM,I,11:30 AM,4:48,288,3:29,18,3029,O,03:39 PM,I,07:20 PM,3:41,221,,,,,,,,,,,,,,,,,,,,,,,,,,,,,,,,,,,,,,,,,,,,,,,,,,,,,,,,,,,,,,,,,,,,,,,,,RTE: 61-62 SCHD: 4:48,--> O: 06:42 AM > I: 11:30 AM,RTE: 18 SCHD: 3:41,--> O: 03:39 PM > I: 07:20 PM,,,,,,,,,,,,,,,,,
Midvaleweekday213,Midvale,6-15-2026,weekday,12:37 PM,2Hrs 46Min,9960,213,2023-10-11 07:06 AM,,2023-10-11 7:25 PM,9:23,11.8,,61-62,3712,O,07:21 AM,I,09:51 AM,2:30,150,12:27,4-16,3815,O,12:37 PM,I,07:21 PM,6:44,404,,,,,,,,,,,,,,,,,,,,,,,,,,,,,,,,,,,,,,,,,,,,,,,,,,,,,,,,,,,,,,,,,,,,,,,,,RTE: 61-62 SCHD: 2:30,--> O: 07:21 AM > I: 09:51 AM,RTE: 4-16 SCHD: 6:44,--> O: 12:37 PM > I: 07:21 PM,,,,,,,,,,,,,,,,,
Midvaleweekday214,Midvale,6-15-2026,weekday,,,,214,2023-10-11 11:31 AM,,2023-10-11 8:51 PM,9:10,9.8,,61-62,3715,O,11:46 AM,I,08:47 PM,9:01,541,,,,,,,,,,,,,,,,,,,,,,,,,,,,,,,,,,,,,,,,,,,,,,,,,,,,,,,,,,,,,,,,,,,,,,,,,,,,,,,,,,RTE: 61-62 SCHD: 9:01,--> O: 11:46 AM > I: 08:47 PM,,,,,,,,,,,,,,,,,,,
Midvaleweekday215,Midvale,6-15-2026,weekday,,,,215,2023-10-11 02:23 PM,,2023-10-12 12:59 AM,10:26,11.7,,61-62,3719,O,02:38 PM,I,12:55 AM,10:17,617,,,,,,,,,,,,,,,,,,,,,,,,,,,,,,,,,,,,,,,,,,,,,,,,,,,,,,,,,,,,,,,,,,,,,,,,,,,,,,,,,,RTE: 61-62 SCHD: 10:17,--> O: 02:38 PM > I: 12:55 AM,,,,,,,,,,,,,,,,,,,
Midvaleweekday216,Midvale,6-15-2026,weekday,,,,216,2023-10-11 02:43 PM,,2023-10-12 1:22 AM,10:29,11.7,,61-62,3721,O,02:58 PM,I,01:18 AM,10:20,620,,,,,,,,,,,,,,,,,,,,,,,,,,,,,,,,,,,,,,,,,,,,,,,,,,,,,,,,,,,,,,,,,,,,,,,,,,,,,,,,,,RTE: 61-62 SCHD: 10:20,--> O: 02:58 PM > I: 01:18 AM,,,,,,,,,,,,,,,,,,,
Midvaleweekday217,Midvale,6-15-2026,weekday,,,,217,2023-10-11 03:14 PM,,2023-10-12 1:54 AM,10:30,11.8,,61-62,3723,O,03:29 PM,I,01:50 AM,10:21,621,,,,,,,,,,,,,,,,,,,,,,,,,,,,,,,,,,,,,,,,,,,,,,,,,,,,,,,,,,,,,,,,,,,,,,,,,,,,,,,,,,RTE: 61-62 SCHD: 10:21,--> O: 03:29 PM > I: 01:50 AM,,,,,,,,,,,,,,,,,,,
Midvaleweekday218,Midvale,6-15-2026,weekday,,,,218,2023-10-11 03:38 PM,,2023-10-12 2:24 AM,10:36,11.9,,61-62,3725,O,03:53 PM,I,02:20 AM,10:27,627,,,,,,,,,,,,,,,,,,,,,,,,,,,,,,,,,,,,,,,,,,,,,,,,,,,,,,,,,,,,,,,,,,,,,,,,,,,,,,,,,,RTE: 61-62 SCHD: 10:27,--> O: 03:53 PM > I: 02:20 AM,,,,,,,,,,,,,,,,,,,
Midvaleweekday219,Midvale,6-15-2026,weekday,,,,219,2023-10-11 04:14 PM,,2023-10-12 2:53 AM,10:29,11.7,,61-62,3727,O,04:29 PM,CG,07:29 PM,3:00,180,,23-45,3727,CG,07:29 PM,I,02:49 AM,7:20,440,,,,,,,,,,,,,,,,,,,,,,,,,,,,,,,,,,,,,,,,,,,,,,,,,,,,,,,,,,,,,,,,,,,,,,,,,RTE: 61-62 SCHD: 3:00,--> O: 04:29 PM > CG: 07:29 PM,RTE: 23-45 SCHD: 7:20,--> CG: 07:29 PM > I: 02:49 AM,,,,,,,,,,,,,,,,,
Midvaleweekday551,Midvale,6-15-2026,weekday,,,,551,2023-10-11 05:08 AM,,2023-10-11 1:51 PM,8:33,8.8,,71-81,3271,O,05:23 AM,I,01:47 PM,8:24,504,,,,,,,,,,,,,,,,,,,,,,,,,,,,,,,,,,,,,,,,,,,,,,,,,,,,,,,,,,,,,,,,,,,,,,,,,,,,,,,,,,RTE: 71-81 SCHD: 8:24,--> O: 05:23 AM > I: 01:47 PM,,,,,,,,,,,,,,,,,,,
Midvaleweekday552,Midvale,6-15-2026,weekday,,,,552,2023-10-11 05:16 AM,4:02,2023-10-11 4:02 PM,10:36,11.9,,71-81,3272,O,05:31 AM,RS,03:53 PM,10:22,622,,,,,,,,,,,,,,,,,,,,,,,,,,,,,,,,,,,,,,,,,,,,,,,,,,,,,,,,,,,,,,,,,,,,,,,,,,,,,,,,,,RTE: 71-81 SCHD: 10:22,--> O: 05:31 AM > RS: 03:53 PM,,,,,,,,,,,,,,,,,,,
Midvaleweekday553,Midvale,6-15-2026,weekday,02:14 PM,1Hrs 40Min,6000,553,2023-10-11 05:41 AM,,2023-10-11 5:37 PM,10:06,12.4,,71-81,3273,O,05:56 AM,RS,12:34 PM,6:38,398,,71-81,3282,RS,02:14 PM,I,05:33 PM,3:19,199,,,,,,,,,,,,,,,,,,,,,,,,,,,,,,,,,,,,,,,,,,,,,,,,,,,,,,,,,,,,,,,,,,,,,,,,,RTE: 71-81 SCHD: 6:38,--> O: 05:56 AM > RS: 12:34 PM,RTE: 71-81 SCHD: 3:19,--> RS: 02:14 PM > I: 05:33 PM,,,,,,,,,,,,,,,,,
Midvaleweekday554,Midvale,6-15-2026,weekday,12:34 PM,3Hrs 44Min,13440,554,2023-10-11 05:44 AM,,2023-10-11 5:46 PM,8:17,9.8,,71-81,3274,O,05:59 AM,I,08:50 AM,2:51,171,12:25,71-81,3273,RS,12:34 PM,I,05:42 PM,5:08,308,,,,,,,,,,,,,,,,,,,,,,,,,,,,,,,,,,,,,,,,,,,,,,,,,,,,,,,,,,,,,,,,,,,,,,,,,RTE: 71-81 SCHD: 2:51,--> O: 05:59 AM > I: 08:50 AM,RTE: 71-81 SCHD: 5:08,--> RS: 12:34 PM > I: 05:42 PM,,,,,,,,,,,,,,,,,
Midvaleweekday555,Midvale,6-15-2026,weekday,01:14 PM,2Hrs 40Min,9600,555,2023-10-11 05:45 AM,,2023-10-11 6:08 PM,9:33,12.1,,71-81,3275,O,06:00 AM,RN,10:34 AM,4:34,274,,71-81,3556,RN,01:14 PM,I,06:04 PM,4:50,290,,,,,,,,,,,,,,,,,,,,,,,,,,,,,,,,,,,,,,,,,,,,,,,,,,,,,,,,,,,,,,,,,,,,,,,,,RTE: 71-81 SCHD: 4:34,--> O: 06:00 AM > RN: 10:34 AM,RTE: 71-81 SCHD: 4:50,--> RN: 01:14 PM > I: 06:04 PM,,,,,,,,,,,,,,,,,
Midvaleweekday556,Midvale,6-15-2026,weekday,01:43 PM,3Hrs 39Min,13140,556,2023-10-11 06:01 AM,,2023-10-11 6:37 PM,8:56,11.6,,71-81,3276,O,06:16 AM,RN,10:04 AM,3:48,228,1:33,71-81,3286,O,01:43 PM,I,06:33 PM,4:50,290,,,,,,,,,,,,,,,,,,,,,,,,,,,,,,,,,,,,,,,,,,,,,,,,,,,,,,,,,,,,,,,,,,,,,,,,,RTE: 71-81 SCHD: 3:48,--> O: 06:16 AM > RN: 10:04 AM,RTE: 71-81 SCHD: 4:50,--> O: 01:43 PM > I: 06:33 PM,,,,,,,,,,,,,,,,,
Midvaleweekday557,Midvale,6-15-2026,weekday,02:52 PM,3Hrs 45Min,13500,557,2023-10-11 06:05 AM,,2023-10-11 6:57 PM,8:57,12.0,,71-81,3277,O,06:20 AM,I,11:07 AM,4:47,287,2:42,26,3103,O,02:52 PM,I,06:53 PM,4:01,241,,,,,,,,,,,,,,,,,,,,,,,,,,,,,,,,,,,,,,,,,,,,,,,,,,,,,,,,,,,,,,,,,,,,,,,,,RTE: 71-81 SCHD: 4:47,--> O: 06:20 AM > I: 11:07 AM,RTE: 26 SCHD: 4:01,--> O: 02:52 PM > I: 06:53 PM,,,,,,,,,,,,,,,,,
Midvaleweekday558,Midvale,6-15-2026,weekday,12:24 PM,3Hrs 8Min,11280,558,2023-10-11 06:23 AM,,2023-10-11 7:00 PM,9:19,12.1,,71-81,3279,O,06:38 AM,I,09:16 AM,2:38,158,12:14,57,3910,O,12:24 PM,CG,03:49 PM,3:25,205,,47,3910,CG,03:49 PM,I,06:56 PM,3:07,187,,,,,,,,,,,,,,,,,,,,,,,,,,,,,,,,,,,,,,,,,,,,,,,,,,,,,,,,,,,,,,,,RTE: 71-81 SCHD: 2:38,--> O: 06:38 AM > I: 09:16 AM,RTE: 57 SCHD: 3:25,--> O: 12:24 PM > CG: 03:49 PM,RTE: 47 SCHD: 3:07,--> CG: 03:49 PM > I: 06:56 PM,,,,,,,,,,,,,,,
Midvaleweekday559,Midvale,6-15-2026,weekday,01:52 PM,3Hrs 58Min,14280,559,2023-10-11 06:10 AM,,2023-10-11 7:02 PM,8:53,11.9,,71-81,3278,O,06:25 AM,RN,09:54 AM,3:29,209,1:42,35,3572,O,01:52 PM,I,06:58 PM,5:06,306,,,,,,,,,,,,,,,,,,,,,,,,,,,,,,,,,,,,,,,,,,,,,,,,,,,,,,,,,,,,,,,,,,,,,,,,,RTE: 71-81 SCHD: 3:29,--> O: 06:25 AM > RN: 09:54 AM,RTE: 35 SCHD: 5:06,--> O: 01:52 PM > I: 06:58 PM,,,,,,,,,,,,,,,,,
Midvaleweekday560,Midvale,6-15-2026,weekday,01:41 PM,4Hrs 22Min,15720,560,2023-10-11 06:33 AM,,2023-10-11 7:08 PM,8:23,10.7,,71-81,3281,O,06:48 AM,I,09:19 AM,2:31,151,1:21,23-45,3156,RS,01:41 PM,I,07:04 PM,5:23,323,,,,,,,,,,,,,,,,,,,,,,,,,,,,,,,,,,,,,,,,,,,,,,,,,,,,,,,,,,,,,,,,,,,,,,,,,RTE: 71-81 SCHD: 2:31,--> O: 06:48 AM > I: 09:19 AM,RTE: 23-45 SCHD: 5:23,--> RS: 01:41 PM > I: 07:04 PM,,,,,,,,,,,,,,,,,
Midvaleweekday561,Midvale,6-15-2026,weekday,03:53 PM,1Hrs 39Min,5940,561,2023-10-11 07:21 AM,,2023-10-11 7:13 PM,10:03,12.3,,71-81,3282,O,07:36 AM,RS,02:14 PM,6:38,398,,71-81,3272,RS,03:53 PM,I,07:09 PM,3:16,196,,,,,,,,,,,,,,,,,,,,,,,,,,,,,,,,,,,,,,,,,,,,,,,,,,,,,,,,,,,,,,,,,,,,,,,,,RTE: 71-81 SCHD: 6:38,--> O: 07:36 AM > RS: 02:14 PM,RTE: 71-81 SCHD: 3:16,--> RS: 03:53 PM > I: 07:09 PM,,,,,,,,,,,,,,,,,
Midvaleweekday562,Midvale,6-15-2026,weekday,02:32 PM,4Hrs 45Min,17100,562,2023-10-11 06:23 AM,,2023-10-11 7:22 PM,8:04,10.8,,71-81,3280,O,06:38 AM,I,09:47 AM,3:09,189,2:22,71-81,3289,O,02:32 PM,I,07:18 PM,4:46,286,,,,,,,,,,,,,,,,,,,,,,,,,,,,,,,,,,,,,,,,,,,,,,,,,,,,,,,,,,,,,,,,,,,,,,,,,RTE: 71-81 SCHD: 3:09,--> O: 06:38 AM > I: 09:47 AM,RTE: 71-81 SCHD: 4:46,--> O: 02:32 PM > I: 07:18 PM,,,,,,,,,,,,,,,,,
Midvaleweekday563,Midvale,6-15-2026,weekday,01:10 PM,1Hrs 16Min,4560,563,2023-10-11 09:50 AM,,2023-10-11 8:25 PM,9:28,10.5,9:55,71-81,3276,RN,10:04 AM,RN,11:54 AM,1:50,110,1:00,51,3393,O,01:10 PM,I,08:21 PM,7:11,431,,,,,,,,,,,,,,,,,,,,,,,,,,,,,,,,,,,,,,,,,,,,,,,,,,,,,,,,,,,,,,,,,,,,,,,,,RTE: 71-81 SCHD: 1:50,--> RN: 10:04 AM > RN: 11:54 AM,RTE: 51 SCHD: 7:11,--> O: 01:10 PM > I: 08:21 PM,,,,,,,,,,,,,,,,,
Midvaleweekday564,Midvale,6-15-2026,weekday,,,,564,2023-10-11 09:40 AM,,2023-10-11 8:29 PM,10:49,12.2,,71-81,3278,RN,09:54 AM,I,08:25 PM,10:31,631,,,,,,,,,,,,,,,,,,,,,,,,,,,,,,,,,,,,,,,,,,,,,,,,,,,,,,,,,,,,,,,,,,,,,,,,,,,,,,,,,,RTE: 71-81 SCHD: 10:31,--> RN: 09:54 AM > I: 08:25 PM,,,,,,,,,,,,,,,,,,,
Midvaleweekday565,Midvale,6-15-2026,weekday,02:16 PM,1Hrs 52Min,6720,565,2023-10-11 10:20 AM,,2023-10-11 8:38 PM,8:35,9.1,10:25,71-81,3275,RN,10:34 AM,RN,12:24 PM,1:50,110,2:06,47,3347,O,02:16 PM,I,08:34 PM,6:18,378,,,,,,,,,,,,,,,,,,,,,,,,,,,,,,,,,,,,,,,,,,,,,,,,,,,,,,,,,,,,,,,,,,,,,,,,,RTE: 71-81 SCHD: 1:50,--> RN: 10:34 AM > RN: 12:24 PM,RTE: 47 SCHD: 6:18,--> O: 02:16 PM > I: 08:34 PM,,,,,,,,,,,,,,,,,
Midvaleweekday566,Midvale,6-15-2026,weekday,04:40 PM,1Hrs 2Min,3720,566,2023-10-11 12:10 PM,,2023-10-11 9:59 PM,8:56,9.7,12:15,71-81,3275,RN,12:24 PM,RS,03:38 PM,3:14,194,4:30,18,3030,O,04:40 PM,I,09:55 PM,5:15,315,,,,,,,,,,,,,,,,,,,,,,,,,,,,,,,,,,,,,,,,,,,,,,,,,,,,,,,,,,,,,,,,,,,,,,,,,RTE: 71-81 SCHD: 3:14,--> RN: 12:24 PM > RS: 03:38 PM,RTE: 18 SCHD: 5:15,--> O: 04:40 PM > I: 09:55 PM,,,,,,,,,,,,,,,,,
Midvaleweekday567,Midvale,6-15-2026,weekday,,,,567,2023-10-11 03:02 PM,,2023-10-12 1:12 AM,10:10,11.3,,71-81,3285,RS,03:16 PM,I,01:08 AM,9:52,592,,,,,,,,,,,,,,,,,,,,,,,,,,,,,,,,,,,,,,,,,,,,,,,,,,,,,,,,,,,,,,,,,,,,,,,,,,,,,,,,,,RTE: 71-81 SCHD: 9:52,--> RS: 03:16 PM > I: 01:08 AM,,,,,,,,,,,,,,,,,,,
Midvaleweekday568,Midvale,6-15-2026,weekday,,,,568,2023-10-11 02:56 PM,,2023-10-12 1:27 AM,10:31,11.8,,71-81,3284,RN,03:10 PM,CG,04:00 PM,0:50,50,,4-16,3284,CG,04:00 PM,I,01:23 AM,9:23,563,,,,,,,,,,,,,,,,,,,,,,,,,,,,,,,,,,,,,,,,,,,,,,,,,,,,,,,,,,,,,,,,,,,,,,,,,RTE: 71-81 SCHD: 0:50,--> RN: 03:10 PM > CG: 04:00 PM,RTE: 4-16 SCHD: 9:23,--> CG: 04:00 PM > I: 01:23 AM,,,,,,,,,,,,,,,,,
Midvaleweekday569,Midvale,6-15-2026,weekday,,,,569,2023-10-11 03:31 PM,,2023-10-12 2:05 AM,10:24,11.6,,71-81,3290,O,03:46 PM,CG,09:58 PM,6:12,372,,4-16,3290,CG,09:58 PM,I,02:01 AM,4:03,243,,,,,,,,,,,,,,,,,,,,,,,,,,,,,,,,,,,,,,,,,,,,,,,,,,,,,,,,,,,,,,,,,,,,,,,,,RTE: 71-81 SCHD: 6:12,--> O: 03:46 PM > CG: 09:58 PM,RTE: 4-16 SCHD: 4:03,--> CG: 09:58 PM > I: 02:01 AM,,,,,,,,,,,,,,,,,
Midvaleweekday570,Midvale,6-15-2026,weekday,,,,570,2023-10-11 04:09 PM,,2023-10-12 2:10 AM,10:01,11.0,,71-81,3283,RS,04:23 PM,I,02:06 AM,9:43,583,,,,,,,,,,,,,,,,,,,,,,,,,,,,,,,,,,,,,,,,,,,,,,,,,,,,,,,,,,,,,,,,,,,,,,,,,,,,,,,,,,RTE: 71-81 SCHD: 9:43,--> RS: 04:23 PM > I: 02:06 AM,,,,,,,,,,,,,,,,,,,
Midvaleweekday571,Midvale,6-15-2026,weekday,,,,571,2023-10-11 04:32 PM,,2023-10-12 2:40 AM,9:58,11.0,,71-81,3292,O,04:47 PM,I,02:36 AM,9:49,589,,,,,,,,,,,,,,,,,,,,,,,,,,,,,,,,,,,,,,,,,,,,,,,,,,,,,,,,,,,,,,,,,,,,,,,,,,,,,,,,,,RTE: 71-81 SCHD: 9:49,--> O: 04:47 PM > I: 02:36 AM,,,,,,,,,,,,,,,,,,,
Midvaleweekday572,Midvale,6-15-2026,weekday,,,,572,2023-10-11 03:55 PM,,2023-10-12 2:42 AM,10:47,12.2,,71-81,3288,RN,04:09 PM,CG,08:35 PM,4:26,266,,4-16,3288,CG,08:35 PM,I,02:38 AM,6:03,363,,,,,,,,,,,,,,,,,,,,,,,,,,,,,,,,,,,,,,,,,,,,,,,,,,,,,,,,,,,,,,,,,,,,,,,,,RTE: 71-81 SCHD: 4:26,--> RN: 04:09 PM > CG: 08:35 PM,RTE: 4-16 SCHD: 6:03,--> CG: 08:35 PM > I: 02:38 AM,,,,,,,,,,,,,,,,,
Midvaleweekday573,Midvale,6-15-2026,weekday,,,,573,2023-10-11 04:07 PM,,2023-10-12 3:05 AM,10:48,12.2,,71-81,3291,O,04:22 PM,I,03:01 AM,10:39,639,,,,,,,,,,,,,,,,,,,,,,,,,,,,,,,,,,,,,,,,,,,,,,,,,,,,,,,,,,,,,,,,,,,,,,,,,,,,,,,,,,RTE: 71-81 SCHD: 10:39,--> O: 04:22 PM > I: 03:01 AM,,,,,,,,,,,,,,,,,,,
Midvaleweekday465,Midvale,6-15-2026,weekday,,,,465,2023-10-11 05:46 AM,,2023-10-11 1:55 PM,7:59,8.0,,77,3672,O,06:01 AM,I,01:51 PM,7:50,470,,,,,,,,,,,,,,,,,,,,,,,,,,,,,,,,,,,,,,,,,,,,,,,,,,,,,,,,,,,,,,,,,,,,,,,,,,,,,,,,,,RTE: 77 SCHD: 7:50,--> O: 06:01 AM > I: 01:51 PM,,,,,,,,,,,,,,,,,,,
Midvaleweekday466,Midvale,6-15-2026,weekday,02:10 PM,0Hrs 44Min,2640,466,2023-10-11 05:29 AM,,2023-10-11 4:46 PM,10:23,12.2,,77,3671,O,05:44 AM,I,01:26 PM,7:42,462,2:00,51,3395,O,02:10 PM,I,04:42 PM,2:32,152,,,,,,,,,,,,,,,,,,,,,,,,,,,,,,,,,,,,,,,,,,,,,,,,,,,,,,,,,,,,,,,,,,,,,,,,,RTE: 77 SCHD: 7:42,--> O: 05:44 AM > I: 01:26 PM,RTE: 51 SCHD: 2:32,--> O: 02:10 PM > I: 04:42 PM,,,,,,,,,,,,,,,,,
Midvaleweekday467,Midvale,6-15-2026,weekday,03:10 PM,2Hrs 20Min,8400,467,2023-10-11 06:27 AM,,2023-10-11 6:43 PM,9:46,12.3,,77,3673,O,06:42 AM,I,12:50 PM,6:08,368,3:00,57,3913,O,03:10 PM,CG,05:03 PM,1:53,113,,47,3913,CG,05:03 PM,I,06:39 PM,1:36,96,,,,,,,,,,,,,,,,,,,,,,,,,,,,,,,,,,,,,,,,,,,,,,,,,,,,,,,,,,,,,,,,RTE: 77 SCHD: 6:08,--> O: 06:42 AM > I: 12:50 PM,RTE: 57 SCHD: 1:53,--> O: 03:10 PM > CG: 05:03 PM,RTE: 47 SCHD: 1:36,--> CG: 05:03 PM > I: 06:39 PM,,,,,,,,,,,,,,,
Midvaleweekday468,Midvale,6-15-2026,weekday,,,,468,2023-10-11 01:20 PM,,2023-10-11 10:17 PM,8:47,9.2,,77,3676,O,01:35 PM,CG,04:42 PM,3:07,187,,23-45,3676,CG,04:42 PM,I,10:13 PM,5:31,331,,,,,,,,,,,,,,,,,,,,,,,,,,,,,,,,,,,,,,,,,,,,,,,,,,,,,,,,,,,,,,,,,,,,,,,,,RTE: 77 SCHD: 3:07,--> O: 01:35 PM > CG: 04:42 PM,RTE: 23-45 SCHD: 5:31,--> CG: 04:42 PM > I: 10:13 PM,,,,,,,,,,,,,,,,,
Midvaleweekday851,Midvale,6-15-2026,weekday,,,,851,2023-10-11 06:25 AM,,2023-10-11 4:17 PM,9:42,10.6,,80,3652,O,06:40 AM,CG,08:24 AM,1:44,104,,55,3652,CG,08:24 AM,CG,11:11 AM,2:47,167,,80,3652,CG,11:11 AM,CG,12:26 PM,1:15,75,,55,3652,CG,12:26 PM,I,04:13 PM,3:47,227,,,,,,,,,,,,,,,,,,,,,,,,,,,,,,,,,,,,,,,,,,,,,,,,,,,,,,,RTE: 80 SCHD: 1:44,--> O: 06:40 AM > CG: 08:24 AM,RTE: 55 SCHD: 2:47,--> CG: 08:24 AM > CG: 11:11 AM,RTE: 80 SCHD: 1:15,--> CG: 11:11 AM > CG: 12:26 PM,RTE: 55 SCHD: 3:47,--> CG: 12:26 PM > I: 04:13 PM,,,,,,,,,,,,,
Midvaleweekday852,Midvale,6-15-2026,weekday,03:03 PM,1Hrs 6Min,3960,852,2023-10-11 05:31 AM,,2023-10-11 5:13 PM,10:26,12.7,,80,3651,O,05:46 AM,CG,07:36 AM,1:50,110,,71-81,3651,CG,07:36 AM,I,01:57 PM,6:21,381,2:53,80,3654,O,03:03 PM,I,05:09 PM,2:06,126,,,,,,,,,,,,,,,,,,,,,,,,,,,,,,,,,,,,,,,,,,,,,,,,,,,,,,,,,,,,,,,,RTE: 80 SCHD: 1:50,--> O: 05:46 AM > CG: 07:36 AM,RTE: 71-81 SCHD: 6:21,--> CG: 07:36 AM > I: 01:57 PM,RTE: 80 SCHD: 2:06,--> O: 03:03 PM > I: 05:09 PM,,,,,,,,,,,,,,,
Midvaleweekday853,Midvale,6-15-2026,weekday,02:58 PM,3Hrs 31Min,12660,853,2023-10-11 06:36 AM,,2023-10-11 7:21 PM,9:04,12.0,,80,3653,O,06:51 AM,CG,08:38 AM,1:47,107,,71-81,3653,CG,08:38 AM,I,11:27 AM,2:49,169,2:48,22,3255,O,02:58 PM,I,07:17 PM,4:19,259,,,,,,,,,,,,,,,,,,,,,,,,,,,,,,,,,,,,,,,,,,,,,,,,,,,,,,,,,,,,,,,,RTE: 80 SCHD: 1:47,--> O: 06:51 AM > CG: 08:38 AM,RTE: 71-81 SCHD: 2:49,--> CG: 08:38 AM > I: 11:27 AM,RTE: 22 SCHD: 4:19,--> O: 02:58 PM > I: 07:17 PM,,,,,,,,,,,,,,,
Midvaleweekday854,Midvale,6-15-2026,weekday,,,,854,2023-10-11 03:25 PM,,2023-10-12 1:43 AM,10:08,11.2,,80,3655,O,03:40 PM,CG,06:01 PM,2:21,141,,22,3655,CG,06:01 PM,I,01:39 AM,7:38,458,,,,,,,,,,,,,,,,,,,,,,,,,,,,,,,,,,,,,,,,,,,,,,,,,,,,,,,,,,,,,,,,,,,,,,,,,RTE: 80 SCHD: 2:21,--> O: 03:40 PM > CG: 06:01 PM,RTE: 22 SCHD: 7:38,--> CG: 06:01 PM > I: 01:39 AM,,,,,,,,,,,,,,,,,
Midvaleweekday855,Midvale,6-15-2026,weekday,,,,855,2023-10-11 03:58 PM,,2023-10-12 2:15 AM,10:07,11.2,,80,3656,O,04:13 PM,CG,06:21 PM,2:08,128,,55,3656,CG,06:21 PM,I,02:11 AM,7:50,470,,,,,,,,,,,,,,,,,,,,,,,,,,,,,,,,,,,,,,,,,,,,,,,,,,,,,,,,,,,,,,,,,,,,,,,,,RTE: 80 SCHD: 2:08,--> O: 04:13 PM > CG: 06:21 PM,RTE: 55 SCHD: 7:50,--> CG: 06:21 PM > I: 02:11 AM,,,,,,,,,,,,,,,,,
Midvaleweekday451,Midvale,6-15-2026,weekday,,,,451,2023-10-11 05:22 AM,,2023-10-11 2:01 PM,8:29,8.7,,89,3453,O,05:37 AM,I,01:57 PM,8:20,500,,,,,,,,,,,,,,,,,,,,,,,,,,,,,,,,,,,,,,,,,,,,,,,,,,,,,,,,,,,,,,,,,,,,,,,,,,,,,,,,,,RTE: 89 SCHD: 8:20,--> O: 05:37 AM > I: 01:57 PM,,,,,,,,,,,,,,,,,,,
Midvaleweekday452,Midvale,6-15-2026,weekday,,,,452,2023-10-11 05:41 AM,,2023-10-11 4:47 PM,10:56,12.4,,89,3454,O,05:56 AM,I,04:43 PM,10:47,647,,,,,,,,,,,,,,,,,,,,,,,,,,,,,,,,,,,,,,,,,,,,,,,,,,,,,,,,,,,,,,,,,,,,,,,,,,,,,,,,,,RTE: 89 SCHD: 10:47,--> O: 05:56 AM > I: 04:43 PM,,,,,,,,,,,,,,,,,,,
Midvaleweekday453,Midvale,6-15-2026,weekday,,,,453,2023-10-11 05:46 AM,,2023-10-11 2:35 PM,8:39,9.0,,89,3455,O,06:01 AM,I,02:31 PM,8:30,510,,,,,,,,,,,,,,,,,,,,,,,,,,,,,,,,,,,,,,,,,,,,,,,,,,,,,,,,,,,,,,,,,,,,,,,,,,,,,,,,,,RTE: 89 SCHD: 8:30,--> O: 06:01 AM > I: 02:31 PM,,,,,,,,,,,,,,,,,,,
Midvaleweekday454,Midvale,6-15-2026,weekday,02:08 PM,3Hrs 0Min,10800,454,2023-10-11 04:54 AM,5:07,2023-10-11 5:07 PM,9:03,11.1,,89,3451,O,05:09 AM,I,11:08 AM,5:59,359,1:58,18,3032,O,02:08 PM,RW,04:32 PM,2:24,144,,,,,,,,,,,,,,,,,,,,,,,,,,,,,,,,,,,,,,,,,,,,,,,,,,,,,,,,,,,,,,,,,,,,,,,,,RTE: 89 SCHD: 5:59,--> O: 05:09 AM > I: 11:08 AM,RTE: 18 SCHD: 2:24,--> O: 02:08 PM > RW: 04:32 PM,,,,,,,,,,,,,,,,,
Midvaleweekday455,Midvale,6-15-2026,weekday,01:31 PM,3Hrs 14Min,11640,455,2023-10-11 05:19 AM,,2023-10-11 5:40 PM,8:57,11.2,,89,3452,O,05:34 AM,I,10:17 AM,4:43,283,1:21,26,3097,O,01:31 PM,I,05:36 PM,4:05,245,,,,,,,,,,,,,,,,,,,,,,,,,,,,,,,,,,,,,,,,,,,,,,,,,,,,,,,,,,,,,,,,,,,,,,,,,RTE: 89 SCHD: 4:43,--> O: 05:34 AM > I: 10:17 AM,RTE: 26 SCHD: 4:05,--> O: 01:31 PM > I: 05:36 PM,,,,,,,,,,,,,,,,,
Midvaleweekday456,Midvale,6-15-2026,weekday,03:38 PM,3Hrs 29Min,12540,456,2023-10-11 06:01 AM,,2023-10-11 6:51 PM,9:20,12.5,,89,3456,O,06:16 AM,I,12:09 PM,5:53,353,3:29,71-81,3275,RS,03:38 PM,I,06:47 PM,3:09,189,,,,,,,,,,,,,,,,,,,,,,,,,,,,,,,,,,,,,,,,,,,,,,,,,,,,,,,,,,,,,,,,,,,,,,,,,RTE: 89 SCHD: 5:53,--> O: 06:16 AM > I: 12:09 PM,RTE: 71-81 SCHD: 3:09,--> RS: 03:38 PM > I: 06:47 PM,,,,,,,,,,,,,,,,,
Midvaleweekday457,Midvale,6-15-2026,weekday,,,,457,2023-10-11 10:38 AM,,2023-10-11 6:52 PM,8:04,8.1,,89,3457,O,10:53 AM,I,06:48 PM,7:55,475,,,,,,,,,,,,,,,,,,,,,,,,,,,,,,,,,,,,,,,,,,,,,,,,,,,,,,,,,,,,,,,,,,,,,,,,,,,,,,,,,,RTE: 89 SCHD: 7:55,--> O: 10:53 AM > I: 06:48 PM,,,,,,,,,,,,,,,,,,,
Midvaleweekday458,Midvale,6-15-2026,weekday,,,,458,2023-10-11 03:25 PM,,2023-10-12 12:44 AM,9:09,9.7,,89,3461,O,03:40 PM,I,12:40 AM,9:00,540,,,,,,,,,,,,,,,,,,,,,,,,,,,,,,,,,,,,,,,,,,,,,,,,,,,,,,,,,,,,,,,,,,,,,,,,,,,,,,,,,,RTE: 89 SCHD: 9:00,--> O: 03:40 PM > I: 12:40 AM,,,,,,,,,,,,,,,,,,,
Midvaleweekday459,Midvale,6-15-2026,weekday,,,,459,2023-10-11 04:05 PM,,2023-10-12 1:46 AM,9:31,10.3,,89,3462,O,04:20 PM,I,01:42 AM,9:22,562,,,,,,,,,,,,,,,,,,,,,,,,,,,,,,,,,,,,,,,,,,,,,,,,,,,,,,,,,,,,,,,,,,,,,,,,,,,,,,,,,,RTE: 89 SCHD: 9:22,--> O: 04:20 PM > I: 01:42 AM,,,,,,,,,,,,,,,,,,,
Midvaleweekday651,Midvale,6-15-2026,weekday,,,,651,2023-10-10 11:46 PM,,2023-10-11 8:56 AM,9:00,9.5,,B1 OWL,3551,O,12:01 AM,CG,02:33 AM,2:32,152,,56,3551,CG,02:33 AM,I,08:52 AM,6:19,379,,,,,,,,,,,,,,,,,,,,,,,,,,,,,,,,,,,,,,,,,,,,,,,,,,,,,,,,,,,,,,,,,,,,,,,,,RTE: B1 OWL SCHD: 2:32,--> O: 12:01 AM > CG: 02:33 AM,RTE: 56 SCHD: 6:19,--> CG: 02:33 AM > I: 08:52 AM,,,,,,,,,,,,,,,,,
Midvaleweekday652,Midvale,6-15-2026,weekday,,,,652,2023-10-10 11:52 PM,,2023-10-11 9:47 AM,9:45,10.6,,B1 OWL,3552,O,12:07 AM,CG,06:29 AM,6:22,382,,53,3552,CG,06:29 AM,I,09:43 AM,3:14,194,,,,,,,,,,,,,,,,,,,,,,,,,,,,,,,,,,,,,,,,,,,,,,,,,,,,,,,,,,,,,,,,,,,,,,,,,RTE: B1 OWL SCHD: 6:22,--> O: 12:07 AM > CG: 06:29 AM,RTE: 53 SCHD: 3:14,--> CG: 06:29 AM > I: 09:43 AM,,,,,,,,,,,,,,,,,
Midvaleweekday653,Midvale,6-15-2026,weekday,,,,653,2023-10-10 11:57 PM,,2023-10-11 10:24 AM,10:17,11.4,,B1 OWL,3553,O,12:12 AM,CG,05:39 AM,5:27,327,,4-16,3553,CG,05:39 AM,I,10:20 AM,4:41,281,,,,,,,,,,,,,,,,,,,,,,,,,,,,,,,,,,,,,,,,,,,,,,,,,,,,,,,,,,,,,,,,,,,,,,,,,RTE: B1 OWL SCHD: 5:27,--> O: 12:12 AM > CG: 05:39 AM,RTE: 4-16 SCHD: 4:41,--> CG: 05:39 AM > I: 10:20 AM,,,,,,,,,,,,,,,,,
Midvaleweekday654,Midvale,6-15-2026,weekday,,,,654,2023-10-11 12:02 AM,,2023-10-11 9:24 AM,9:12,9.8,,B1 OWL,3554,O,12:17 AM,CG,05:09 AM,4:52,292,,2,3554,CG,05:09 AM,I,09:20 AM,4:11,251,,,,,,,,,,,,,,,,,,,,,,,,,,,,,,,,,,,,,,,,,,,,,,,,,,,,,,,,,,,,,,,,,,,,,,,,,RTE: B1 OWL SCHD: 4:52,--> O: 12:17 AM > CG: 05:09 AM,RTE: 2 SCHD: 4:11,--> CG: 05:09 AM > I: 09:20 AM,,,,,,,,,,,,,,,,,
Midvaleweekday655,Midvale,6-15-2026,weekday,,,,655,2023-10-11 12:12 AM,,2023-10-11 10:42 AM,10:20,11.5,,B1 OWL,3555,O,12:27 AM,CG,05:26 AM,4:59,299,,4-16,3555,CG,05:26 AM,I,10:38 AM,5:12,312,,,,,,,,,,,,,,,,,,,,,,,,,,,,,,,,,,,,,,,,,,,,,,,,,,,,,,,,,,,,,,,,,,,,,,,,,RTE: B1 OWL SCHD: 4:59,--> O: 12:27 AM > CG: 05:26 AM,RTE: 4-16 SCHD: 5:12,--> CG: 05:26 AM > I: 10:38 AM,,,,,,,,,,,,,,,,,
Midvaleweekday656,Midvale,6-15-2026,weekday,,,,656,2023-10-11 04:21 AM,1:23,2023-10-11 1:23 PM,8:52,9.3,,B1 OWL,3556,O,04:36 AM,CG,05:47 AM,1:11,71,,71-81,3556,CG,05:47 AM,RN,01:14 PM,7:27,447,,,,,,,,,,,,,,,,,,,,,,,,,,,,,,,,,,,,,,,,,,,,,,,,,,,,,,,,,,,,,,,,,,,,,,,,,RTE: B1 OWL SCHD: 1:11,--> O: 04:36 AM > CG: 05:47 AM,RTE: 71-81 SCHD: 7:27,--> CG: 05:47 AM > RN: 01:14 PM,,,,,,,,,,,,,,,,,
