myid,runno,depot,page_1,page,day,moblink,pclink,Trip Sheet
Victory busWeekday1,1,Victory bus,1 of 2,1,Weekday,https://www4.septa.org/picking/pdf/summer-a-2026/victory/bus/paddles/weekday-paddles.pdf#page=1,https://www4.septa.org/picking/pdf/summer-a-2026/victory/bus/paddles/weekday-paddles#page=1.pdf,https://www4.septa.org/picking/pdf/summer-a-2026/victory/bus/trip-sheets/weekday-trip-sheets.pdf
Victory busWeekday2,2,Victory bus,1 of 3,3,Weekday,https://www4.septa.org/picking/pdf/summer-a-2026/victory/bus/paddles/weekday-paddles.pdf#page=3,https://www4.septa.org/picking/pdf/summer-a-2026/victory/bus/paddles/weekday-paddles#page=3.pdf,https://www4.septa.org/picking/pdf/summer-a-2026/victory/bus/trip-sheets/weekday-trip-sheets.pdf
Victory busWeekday2,2,Victory bus,1 of 3,3,Weekday,https://www4.septa.org/picking/pdf/summer-a-2026/victory/bus/paddles/weekday-paddles.pdf#page=3,https://www4.septa.org/picking/pdf/summer-a-2026/victory/bus/paddles/weekday-paddles#page=3.pdf,https://www4.septa.org/picking/pdf/summer-a-2026/victory/bus/trip-sheets/weekday-trip-sheets.pdf
Victory busWeekday3,3,Victory bus,1 of 2,6,Weekday,https://www4.septa.org/picking/pdf/summer-a-2026/victory/bus/paddles/weekday-paddles.pdf#page=6,https://www4.septa.org/picking/pdf/summer-a-2026/victory/bus/paddles/weekday-paddles#page=6.pdf,https://www4.septa.org/picking/pdf/summer-a-2026/victory/bus/trip-sheets/weekday-trip-sheets.pdf
Victory busWeekday4,4,Victory bus,1 of 3,8,Weekday,https://www4.septa.org/picking/pdf/summer-a-2026/victory/bus/paddles/weekday-paddles.pdf#page=8,https://www4.septa.org/picking/pdf/summer-a-2026/victory/bus/paddles/weekday-paddles#page=8.pdf,https://www4.septa.org/picking/pdf/summer-a-2026/victory/bus/trip-sheets/weekday-trip-sheets.pdf
Victory busWeekday5,5,Victory bus,1 of 2,11,Weekday,https://www4.septa.org/picking/pdf/summer-a-2026/victory/bus/paddles/weekday-paddles.pdf#page=11,https://www4.septa.org/picking/pdf/summer-a-2026/victory/bus/paddles/weekday-paddles#page=11.pdf,https://www4.septa.org/picking/pdf/summer-a-2026/victory/bus/trip-sheets/weekday-trip-sheets.pdf
Victory busWeekday6,6,Victory bus,1 of 3,13,Weekday,https://www4.septa.org/picking/pdf/summer-a-2026/victory/bus/paddles/weekday-paddles.pdf#page=13,https://www4.septa.org/picking/pdf/summer-a-2026/victory/bus/paddles/weekday-paddles#page=13.pdf,https://www4.septa.org/picking/pdf/summer-a-2026/victory/bus/trip-sheets/weekday-trip-sheets.pdf
Victory busWeekday26,26,Victory bus,1 of 2,16,Weekday,https://www4.septa.org/picking/pdf/summer-a-2026/victory/bus/paddles/weekday-paddles.pdf#page=16,https://www4.septa.org/picking/pdf/summer-a-2026/victory/bus/paddles/weekday-paddles#page=16.pdf,https://www4.septa.org/picking/pdf/summer-a-2026/victory/bus/trip-sheets/weekday-trip-sheets.pdf
Victory busWeekday27,27,Victory bus,1 of 2,18,Weekday,https://www4.septa.org/picking/pdf/summer-a-2026/victory/bus/paddles/weekday-paddles.pdf#page=18,https://www4.septa.org/picking/pdf/summer-a-2026/victory/bus/paddles/weekday-paddles#page=18.pdf,https://www4.septa.org/picking/pdf/summer-a-2026/victory/bus/trip-sheets/weekday-trip-sheets.pdf
Victory busWeekday28,28,Victory bus,1 of 2,20,Weekday,https://www4.septa.org/picking/pdf/summer-a-2026/victory/bus/paddles/weekday-paddles.pdf#page=20,https://www4.septa.org/picking/pdf/summer-a-2026/victory/bus/paddles/weekday-paddles#page=20.pdf,https://www4.septa.org/picking/pdf/summer-a-2026/victory/bus/trip-sheets/weekday-trip-sheets.pdf
Victory busWeekday29,29,Victory bus,1 of 2,22,Weekday,https://www4.septa.org/picking/pdf/summer-a-2026/victory/bus/paddles/weekday-paddles.pdf#page=22,https://www4.septa.org/picking/pdf/summer-a-2026/victory/bus/paddles/weekday-paddles#page=22.pdf,https://www4.septa.org/picking/pdf/summer-a-2026/victory/bus/trip-sheets/weekday-trip-sheets.pdf
Victory busWeekday30,30,Victory bus,1 of 2,24,Weekday,https://www4.septa.org/picking/pdf/summer-a-2026/victory/bus/paddles/weekday-paddles.pdf#page=24,https://www4.septa.org/picking/pdf/summer-a-2026/victory/bus/paddles/weekday-paddles#page=24.pdf,https://www4.septa.org/picking/pdf/summer-a-2026/victory/bus/trip-sheets/weekday-trip-sheets.pdf
Victory busWeekday31,31,Victory bus,1 of 2,26,Weekday,https://www4.septa.org/picking/pdf/summer-a-2026/victory/bus/paddles/weekday-paddles.pdf#page=26,https://www4.septa.org/picking/pdf/summer-a-2026/victory/bus/paddles/weekday-paddles#page=26.pdf,https://www4.septa.org/picking/pdf/summer-a-2026/victory/bus/trip-sheets/weekday-trip-sheets.pdf
Victory busWeekday32,32,Victory bus,1 of 3,28,Weekday,https://www4.septa.org/picking/pdf/summer-a-2026/victory/bus/paddles/weekday-paddles.pdf#page=28,https://www4.septa.org/picking/pdf/summer-a-2026/victory/bus/paddles/weekday-paddles#page=28.pdf,https://www4.septa.org/picking/pdf/summer-a-2026/victory/bus/trip-sheets/weekday-trip-sheets.pdf
Victory busWeekday33,33,Victory bus,1 of 2,31,Weekday,https://www4.septa.org/picking/pdf/summer-a-2026/victory/bus/paddles/weekday-paddles.pdf#page=31,https://www4.septa.org/picking/pdf/summer-a-2026/victory/bus/paddles/weekday-paddles#page=31.pdf,https://www4.septa.org/picking/pdf/summer-a-2026/victory/bus/trip-sheets/weekday-trip-sheets.pdf
Victory busWeekday34,34,Victory bus,1 of 3,33,Weekday,https://www4.septa.org/picking/pdf/summer-a-2026/victory/bus/paddles/weekday-paddles.pdf#page=33,https://www4.septa.org/picking/pdf/summer-a-2026/victory/bus/paddles/weekday-paddles#page=33.pdf,https://www4.septa.org/picking/pdf/summer-a-2026/victory/bus/trip-sheets/weekday-trip-sheets.pdf
Victory busWeekday35,35,Victory bus,1 of 2,36,Weekday,https://www4.septa.org/picking/pdf/summer-a-2026/victory/bus/paddles/weekday-paddles.pdf#page=36,https://www4.septa.org/picking/pdf/summer-a-2026/victory/bus/paddles/weekday-paddles#page=36.pdf,https://www4.septa.org/picking/pdf/summer-a-2026/victory/bus/trip-sheets/weekday-trip-sheets.pdf
Victory busWeekday36,36,Victory bus,1 of 2,38,Weekday,https://www4.septa.org/picking/pdf/summer-a-2026/victory/bus/paddles/weekday-paddles.pdf#page=38,https://www4.septa.org/picking/pdf/summer-a-2026/victory/bus/paddles/weekday-paddles#page=38.pdf,https://www4.septa.org/picking/pdf/summer-a-2026/victory/bus/trip-sheets/weekday-trip-sheets.pdf
Victory busWeekday37,37,Victory bus,1 of 2,40,Weekday,https://www4.septa.org/picking/pdf/summer-a-2026/victory/bus/paddles/weekday-paddles.pdf#page=40,https://www4.septa.org/picking/pdf/summer-a-2026/victory/bus/paddles/weekday-paddles#page=40.pdf,https://www4.septa.org/picking/pdf/summer-a-2026/victory/bus/trip-sheets/weekday-trip-sheets.pdf
Victory busWeekday38,38,Victory bus,1 of 2,42,Weekday,https://www4.septa.org/picking/pdf/summer-a-2026/victory/bus/paddles/weekday-paddles.pdf#page=42,https://www4.septa.org/picking/pdf/summer-a-2026/victory/bus/paddles/weekday-paddles#page=42.pdf,https://www4.septa.org/picking/pdf/summer-a-2026/victory/bus/trip-sheets/weekday-trip-sheets.pdf
Victory busWeekday39,39,Victory bus,1 of 2,44,Weekday,https://www4.septa.org/picking/pdf/summer-a-2026/victory/bus/paddles/weekday-paddles.pdf#page=44,https://www4.septa.org/picking/pdf/summer-a-2026/victory/bus/paddles/weekday-paddles#page=44.pdf,https://www4.septa.org/picking/pdf/summer-a-2026/victory/bus/trip-sheets/weekday-trip-sheets.pdf
Victory busWeekday76,76,Victory bus,1 of 2,46,Weekday,https://www4.septa.org/picking/pdf/summer-a-2026/victory/bus/paddles/weekday-paddles.pdf#page=46,https://www4.septa.org/picking/pdf/summer-a-2026/victory/bus/paddles/weekday-paddles#page=46.pdf,https://www4.septa.org/picking/pdf/summer-a-2026/victory/bus/trip-sheets/weekday-trip-sheets.pdf
Victory busWeekday77,77,Victory bus,1 of 2,48,Weekday,https://www4.septa.org/picking/pdf/summer-a-2026/victory/bus/paddles/weekday-paddles.pdf#page=48,https://www4.septa.org/picking/pdf/summer-a-2026/victory/bus/paddles/weekday-paddles#page=48.pdf,https://www4.septa.org/picking/pdf/summer-a-2026/victory/bus/trip-sheets/weekday-trip-sheets.pdf
Victory busWeekday78,78,Victory bus,1 of 2,50,Weekday,https://www4.septa.org/picking/pdf/summer-a-2026/victory/bus/paddles/weekday-paddles.pdf#page=50,https://www4.septa.org/picking/pdf/summer-a-2026/victory/bus/paddles/weekday-paddles#page=50.pdf,https://www4.septa.org/picking/pdf/summer-a-2026/victory/bus/trip-sheets/weekday-trip-sheets.pdf
Victory busWeekday79,79,Victory bus,1 of 3,52,Weekday,https://www4.septa.org/picking/pdf/summer-a-2026/victory/bus/paddles/weekday-paddles.pdf#page=52,https://www4.septa.org/picking/pdf/summer-a-2026/victory/bus/paddles/weekday-paddles#page=52.pdf,https://www4.septa.org/picking/pdf/summer-a-2026/victory/bus/trip-sheets/weekday-trip-sheets.pdf
Victory busWeekday80,80,Victory bus,1 of 3,55,Weekday,https://www4.septa.org/picking/pdf/summer-a-2026/victory/bus/paddles/weekday-paddles.pdf#page=55,https://www4.septa.org/picking/pdf/summer-a-2026/victory/bus/paddles/weekday-paddles#page=55.pdf,https://www4.septa.org/picking/pdf/summer-a-2026/victory/bus/trip-sheets/weekday-trip-sheets.pdf
Victory busWeekday101,101,Victory bus,1 of 2,58,Weekday,https://www4.septa.org/picking/pdf/summer-a-2026/victory/bus/paddles/weekday-paddles.pdf#page=58,https://www4.septa.org/picking/pdf/summer-a-2026/victory/bus/paddles/weekday-paddles#page=58.pdf,https://www4.septa.org/picking/pdf/summer-a-2026/victory/bus/trip-sheets/weekday-trip-sheets.pdf
Victory busWeekday102,102,Victory bus,1 of 3,60,Weekday,https://www4.septa.org/picking/pdf/summer-a-2026/victory/bus/paddles/weekday-paddles.pdf#page=60,https://www4.septa.org/picking/pdf/summer-a-2026/victory/bus/paddles/weekday-paddles#page=60.pdf,https://www4.septa.org/picking/pdf/summer-a-2026/victory/bus/trip-sheets/weekday-trip-sheets.pdf
Victory busWeekday103,103,Victory bus,1 of 2,63,Weekday,https://www4.septa.org/picking/pdf/summer-a-2026/victory/bus/paddles/weekday-paddles.pdf#page=63,https://www4.septa.org/picking/pdf/summer-a-2026/victory/bus/paddles/weekday-paddles#page=63.pdf,https://www4.septa.org/picking/pdf/summer-a-2026/victory/bus/trip-sheets/weekday-trip-sheets.pdf
Victory busWeekday104,104,Victory bus,1 of 2,65,Weekday,https://www4.septa.org/picking/pdf/summer-a-2026/victory/bus/paddles/weekday-paddles.pdf#page=65,https://www4.septa.org/picking/pdf/summer-a-2026/victory/bus/paddles/weekday-paddles#page=65.pdf,https://www4.septa.org/picking/pdf/summer-a-2026/victory/bus/trip-sheets/weekday-trip-sheets.pdf
Victory busWeekday126,126,Victory bus,1 of 2,67,Weekday,https://www4.septa.org/picking/pdf/summer-a-2026/victory/bus/paddles/weekday-paddles.pdf#page=67,https://www4.septa.org/picking/pdf/summer-a-2026/victory/bus/paddles/weekday-paddles#page=67.pdf,https://www4.septa.org/picking/pdf/summer-a-2026/victory/bus/trip-sheets/weekday-trip-sheets.pdf
Victory busWeekday127,127,Victory bus,1 of 2,69,Weekday,https://www4.septa.org/picking/pdf/summer-a-2026/victory/bus/paddles/weekday-paddles.pdf#page=69,https://www4.septa.org/picking/pdf/summer-a-2026/victory/bus/paddles/weekday-paddles#page=69.pdf,https://www4.septa.org/picking/pdf/summer-a-2026/victory/bus/trip-sheets/weekday-trip-sheets.pdf
Victory busWeekday128,128,Victory bus,1 of 3,71,Weekday,https://www4.septa.org/picking/pdf/summer-a-2026/victory/bus/paddles/weekday-paddles.pdf#page=71,https://www4.septa.org/picking/pdf/summer-a-2026/victory/bus/paddles/weekday-paddles#page=71.pdf,https://www4.septa.org/picking/pdf/summer-a-2026/victory/bus/trip-sheets/weekday-trip-sheets.pdf
Victory busWeekday129,129,Victory bus,1 of 2,74,Weekday,https://www4.septa.org/picking/pdf/summer-a-2026/victory/bus/paddles/weekday-paddles.pdf#page=74,https://www4.septa.org/picking/pdf/summer-a-2026/victory/bus/paddles/weekday-paddles#page=74.pdf,https://www4.septa.org/picking/pdf/summer-a-2026/victory/bus/trip-sheets/weekday-trip-sheets.pdf
Victory busWeekday130,130,Victory bus,1 of 2,76,Weekday,https://www4.septa.org/picking/pdf/summer-a-2026/victory/bus/paddles/weekday-paddles.pdf#page=76,https://www4.septa.org/picking/pdf/summer-a-2026/victory/bus/paddles/weekday-paddles#page=76.pdf,https://www4.septa.org/picking/pdf/summer-a-2026/victory/bus/trip-sheets/weekday-trip-sheets.pdf
Victory busWeekday131,131,Victory bus,1 of 2,78,Weekday,https://www4.septa.org/picking/pdf/summer-a-2026/victory/bus/paddles/weekday-paddles.pdf#page=78,https://www4.septa.org/picking/pdf/summer-a-2026/victory/bus/paddles/weekday-paddles#page=78.pdf,https://www4.septa.org/picking/pdf/summer-a-2026/victory/bus/trip-sheets/weekday-trip-sheets.pdf
Victory busWeekday151,151,Victory bus,1 of 3,80,Weekday,https://www4.septa.org/picking/pdf/summer-a-2026/victory/bus/paddles/weekday-paddles.pdf#page=80,https://www4.septa.org/picking/pdf/summer-a-2026/victory/bus/paddles/weekday-paddles#page=80.pdf,https://www4.septa.org/picking/pdf/summer-a-2026/victory/bus/trip-sheets/weekday-trip-sheets.pdf
Victory busWeekday152,152,Victory bus,1 of 6,83,Weekday,https://www4.septa.org/picking/pdf/summer-a-2026/victory/bus/paddles/weekday-paddles.pdf#page=83,https://www4.septa.org/picking/pdf/summer-a-2026/victory/bus/paddles/weekday-paddles#page=83.pdf,https://www4.septa.org/picking/pdf/summer-a-2026/victory/bus/trip-sheets/weekday-trip-sheets.pdf
Victory busWeekday153,153,Victory bus,1 of 3,89,Weekday,https://www4.septa.org/picking/pdf/summer-a-2026/victory/bus/paddles/weekday-paddles.pdf#page=89,https://www4.septa.org/picking/pdf/summer-a-2026/victory/bus/paddles/weekday-paddles#page=89.pdf,https://www4.septa.org/picking/pdf/summer-a-2026/victory/bus/trip-sheets/weekday-trip-sheets.pdf
Victory busWeekday154,154,Victory bus,1 of 3,92,Weekday,https://www4.septa.org/picking/pdf/summer-a-2026/victory/bus/paddles/weekday-paddles.pdf#page=92,https://www4.septa.org/picking/pdf/summer-a-2026/victory/bus/paddles/weekday-paddles#page=92.pdf,https://www4.septa.org/picking/pdf/summer-a-2026/victory/bus/trip-sheets/weekday-trip-sheets.pdf
Victory busWeekday155,155,Victory bus,1 of 2,95,Weekday,https://www4.septa.org/picking/pdf/summer-a-2026/victory/bus/paddles/weekday-paddles.pdf#page=95,https://www4.septa.org/picking/pdf/summer-a-2026/victory/bus/paddles/weekday-paddles#page=95.pdf,https://www4.septa.org/picking/pdf/summer-a-2026/victory/bus/trip-sheets/weekday-trip-sheets.pdf
Victory busWeekday156,156,Victory bus,1 of 3,97,Weekday,https://www4.septa.org/picking/pdf/summer-a-2026/victory/bus/paddles/weekday-paddles.pdf#page=97,https://www4.septa.org/picking/pdf/summer-a-2026/victory/bus/paddles/weekday-paddles#page=97.pdf,https://www4.septa.org/picking/pdf/summer-a-2026/victory/bus/trip-sheets/weekday-trip-sheets.pdf
Victory busWeekday157,157,Victory bus,1 of 3,100,Weekday,https://www4.septa.org/picking/pdf/summer-a-2026/victory/bus/paddles/weekday-paddles.pdf#page=100,https://www4.septa.org/picking/pdf/summer-a-2026/victory/bus/paddles/weekday-paddles#page=100.pdf,https://www4.septa.org/picking/pdf/summer-a-2026/victory/bus/trip-sheets/weekday-trip-sheets.pdf
Victory busWeekday158,158,Victory bus,1 of 3,103,Weekday,https://www4.septa.org/picking/pdf/summer-a-2026/victory/bus/paddles/weekday-paddles.pdf#page=103,https://www4.septa.org/picking/pdf/summer-a-2026/victory/bus/paddles/weekday-paddles#page=103.pdf,https://www4.septa.org/picking/pdf/summer-a-2026/victory/bus/trip-sheets/weekday-trip-sheets.pdf
Victory busWeekday159,159,Victory bus,1 of 2,106,Weekday,https://www4.septa.org/picking/pdf/summer-a-2026/victory/bus/paddles/weekday-paddles.pdf#page=106,https://www4.septa.org/picking/pdf/summer-a-2026/victory/bus/paddles/weekday-paddles#page=106.pdf,https://www4.septa.org/picking/pdf/summer-a-2026/victory/bus/trip-sheets/weekday-trip-sheets.pdf
Victory busWeekday160,160,Victory bus,1 of 3,108,Weekday,https://www4.septa.org/picking/pdf/summer-a-2026/victory/bus/paddles/weekday-paddles.pdf#page=108,https://www4.septa.org/picking/pdf/summer-a-2026/victory/bus/paddles/weekday-paddles#page=108.pdf,https://www4.septa.org/picking/pdf/summer-a-2026/victory/bus/trip-sheets/weekday-trip-sheets.pdf
Victory busWeekday161,161,Victory bus,1 of 3,111,Weekday,https://www4.septa.org/picking/pdf/summer-a-2026/victory/bus/paddles/weekday-paddles.pdf#page=111,https://www4.septa.org/picking/pdf/summer-a-2026/victory/bus/paddles/weekday-paddles#page=111.pdf,https://www4.septa.org/picking/pdf/summer-a-2026/victory/bus/trip-sheets/weekday-trip-sheets.pdf
Victory busWeekday162,162,Victory bus,1 of 3,114,Weekday,https://www4.septa.org/picking/pdf/summer-a-2026/victory/bus/paddles/weekday-paddles.pdf#page=114,https://www4.septa.org/picking/pdf/summer-a-2026/victory/bus/paddles/weekday-paddles#page=114.pdf,https://www4.septa.org/picking/pdf/summer-a-2026/victory/bus/trip-sheets/weekday-trip-sheets.pdf
Victory busWeekday163,163,Victory bus,1 of 3,117,Weekday,https://www4.septa.org/picking/pdf/summer-a-2026/victory/bus/paddles/weekday-paddles.pdf#page=117,https://www4.septa.org/picking/pdf/summer-a-2026/victory/bus/paddles/weekday-paddles#page=117.pdf,https://www4.septa.org/picking/pdf/summer-a-2026/victory/bus/trip-sheets/weekday-trip-sheets.pdf
Victory busWeekday164,164,Victory bus,1 of 2,120,Weekday,https://www4.septa.org/picking/pdf/summer-a-2026/victory/bus/paddles/weekday-paddles.pdf#page=120,https://www4.septa.org/picking/pdf/summer-a-2026/victory/bus/paddles/weekday-paddles#page=120.pdf,https://www4.septa.org/picking/pdf/summer-a-2026/victory/bus/trip-sheets/weekday-trip-sheets.pdf
Victory busWeekday165,165,Victory bus,1 of 3,122,Weekday,https://www4.septa.org/picking/pdf/summer-a-2026/victory/bus/paddles/weekday-paddles.pdf#page=122,https://www4.septa.org/picking/pdf/summer-a-2026/victory/bus/paddles/weekday-paddles#page=122.pdf,https://www4.septa.org/picking/pdf/summer-a-2026/victory/bus/trip-sheets/weekday-trip-sheets.pdf
Victory busWeekday166,166,Victory bus,1 of 2,125,Weekday,https://www4.septa.org/picking/pdf/summer-a-2026/victory/bus/paddles/weekday-paddles.pdf#page=125,https://www4.septa.org/picking/pdf/summer-a-2026/victory/bus/paddles/weekday-paddles#page=125.pdf,https://www4.septa.org/picking/pdf/summer-a-2026/victory/bus/trip-sheets/weekday-trip-sheets.pdf
Victory busWeekday176,176,Victory bus,1 of 2,127,Weekday,https://www4.septa.org/picking/pdf/summer-a-2026/victory/bus/paddles/weekday-paddles.pdf#page=127,https://www4.septa.org/picking/pdf/summer-a-2026/victory/bus/paddles/weekday-paddles#page=127.pdf,https://www4.septa.org/picking/pdf/summer-a-2026/victory/bus/trip-sheets/weekday-trip-sheets.pdf
Victory busWeekday177,177,Victory bus,1 of 2,129,Weekday,https://www4.septa.org/picking/pdf/summer-a-2026/victory/bus/paddles/weekday-paddles.pdf#page=129,https://www4.septa.org/picking/pdf/summer-a-2026/victory/bus/paddles/weekday-paddles#page=129.pdf,https://www4.septa.org/picking/pdf/summer-a-2026/victory/bus/trip-sheets/weekday-trip-sheets.pdf
Victory busWeekday178,178,Victory bus,1 of 2,131,Weekday,https://www4.septa.org/picking/pdf/summer-a-2026/victory/bus/paddles/weekday-paddles.pdf#page=131,https://www4.septa.org/picking/pdf/summer-a-2026/victory/bus/paddles/weekday-paddles#page=131.pdf,https://www4.septa.org/picking/pdf/summer-a-2026/victory/bus/trip-sheets/weekday-trip-sheets.pdf
Victory busWeekday179,179,Victory bus,1 of 2,133,Weekday,https://www4.septa.org/picking/pdf/summer-a-2026/victory/bus/paddles/weekday-paddles.pdf#page=133,https://www4.septa.org/picking/pdf/summer-a-2026/victory/bus/paddles/weekday-paddles#page=133.pdf,https://www4.septa.org/picking/pdf/summer-a-2026/victory/bus/trip-sheets/weekday-trip-sheets.pdf
Victory busWeekday180,180,Victory bus,1 of 2,135,Weekday,https://www4.septa.org/picking/pdf/summer-a-2026/victory/bus/paddles/weekday-paddles.pdf#page=135,https://www4.septa.org/picking/pdf/summer-a-2026/victory/bus/paddles/weekday-paddles#page=135.pdf,https://www4.septa.org/picking/pdf/summer-a-2026/victory/bus/trip-sheets/weekday-trip-sheets.pdf
Victory busWeekday181,181,Victory bus,1 of 2,137,Weekday,https://www4.septa.org/picking/pdf/summer-a-2026/victory/bus/paddles/weekday-paddles.pdf#page=137,https://www4.septa.org/picking/pdf/summer-a-2026/victory/bus/paddles/weekday-paddles#page=137.pdf,https://www4.septa.org/picking/pdf/summer-a-2026/victory/bus/trip-sheets/weekday-trip-sheets.pdf
Victory busWeekday182,182,Victory bus,1 of 2,139,Weekday,https://www4.septa.org/picking/pdf/summer-a-2026/victory/bus/paddles/weekday-paddles.pdf#page=139,https://www4.septa.org/picking/pdf/summer-a-2026/victory/bus/paddles/weekday-paddles#page=139.pdf,https://www4.septa.org/picking/pdf/summer-a-2026/victory/bus/trip-sheets/weekday-trip-sheets.pdf
Victory busWeekday183,183,Victory bus,1 of 2,141,Weekday,https://www4.septa.org/picking/pdf/summer-a-2026/victory/bus/paddles/weekday-paddles.pdf#page=141,https://www4.septa.org/picking/pdf/summer-a-2026/victory/bus/paddles/weekday-paddles#page=141.pdf,https://www4.septa.org/picking/pdf/summer-a-2026/victory/bus/trip-sheets/weekday-trip-sheets.pdf
Victory busWeekday184,184,Victory bus,1 of 2,143,Weekday,https://www4.septa.org/picking/pdf/summer-a-2026/victory/bus/paddles/weekday-paddles.pdf#page=143,https://www4.septa.org/picking/pdf/summer-a-2026/victory/bus/paddles/weekday-paddles#page=143.pdf,https://www4.septa.org/picking/pdf/summer-a-2026/victory/bus/trip-sheets/weekday-trip-sheets.pdf
Victory busWeekday185,185,Victory bus,1 of 2,145,Weekday,https://www4.septa.org/picking/pdf/summer-a-2026/victory/bus/paddles/weekday-paddles.pdf#page=145,https://www4.septa.org/picking/pdf/summer-a-2026/victory/bus/paddles/weekday-paddles#page=145.pdf,https://www4.septa.org/picking/pdf/summer-a-2026/victory/bus/trip-sheets/weekday-trip-sheets.pdf
Victory busWeekday186,186,Victory bus,1 of 2,147,Weekday,https://www4.septa.org/picking/pdf/summer-a-2026/victory/bus/paddles/weekday-paddles.pdf#page=147,https://www4.septa.org/picking/pdf/summer-a-2026/victory/bus/paddles/weekday-paddles#page=147.pdf,https://www4.septa.org/picking/pdf/summer-a-2026/victory/bus/trip-sheets/weekday-trip-sheets.pdf
Victory busWeekday187,187,Victory bus,1 of 2,149,Weekday,https://www4.septa.org/picking/pdf/summer-a-2026/victory/bus/paddles/weekday-paddles.pdf#page=149,https://www4.septa.org/picking/pdf/summer-a-2026/victory/bus/paddles/weekday-paddles#page=149.pdf,https://www4.septa.org/picking/pdf/summer-a-2026/victory/bus/trip-sheets/weekday-trip-sheets.pdf
Victory busWeekday201,201,Victory bus,1 of 3,151,Weekday,https://www4.septa.org/picking/pdf/summer-a-2026/victory/bus/paddles/weekday-paddles.pdf#page=151,https://www4.septa.org/picking/pdf/summer-a-2026/victory/bus/paddles/weekday-paddles#page=151.pdf,https://www4.septa.org/picking/pdf/summer-a-2026/victory/bus/trip-sheets/weekday-trip-sheets.pdf
Victory busWeekday202,202,Victory bus,1 of 3,154,Weekday,https://www4.septa.org/picking/pdf/summer-a-2026/victory/bus/paddles/weekday-paddles.pdf#page=154,https://www4.septa.org/picking/pdf/summer-a-2026/victory/bus/paddles/weekday-paddles#page=154.pdf,https://www4.septa.org/picking/pdf/summer-a-2026/victory/bus/trip-sheets/weekday-trip-sheets.pdf
Victory busWeekday203,203,Victory bus,1 of 3,157,Weekday,https://www4.septa.org/picking/pdf/summer-a-2026/victory/bus/paddles/weekday-paddles.pdf#page=157,https://www4.septa.org/picking/pdf/summer-a-2026/victory/bus/paddles/weekday-paddles#page=157.pdf,https://www4.septa.org/picking/pdf/summer-a-2026/victory/bus/trip-sheets/weekday-trip-sheets.pdf
Victory busWeekday204,204,Victory bus,1 of 3,160,Weekday,https://www4.septa.org/picking/pdf/summer-a-2026/victory/bus/paddles/weekday-paddles.pdf#page=160,https://www4.septa.org/picking/pdf/summer-a-2026/victory/bus/paddles/weekday-paddles#page=160.pdf,https://www4.septa.org/picking/pdf/summer-a-2026/victory/bus/trip-sheets/weekday-trip-sheets.pdf
Victory busWeekday205,205,Victory bus,1 of 2,163,Weekday,https://www4.septa.org/picking/pdf/summer-a-2026/victory/bus/paddles/weekday-paddles.pdf#page=163,https://www4.septa.org/picking/pdf/summer-a-2026/victory/bus/paddles/weekday-paddles#page=163.pdf,https://www4.septa.org/picking/pdf/summer-a-2026/victory/bus/trip-sheets/weekday-trip-sheets.pdf
Victory busWeekday206,206,Victory bus,1 of 3,165,Weekday,https://www4.septa.org/picking/pdf/summer-a-2026/victory/bus/paddles/weekday-paddles.pdf#page=165,https://www4.septa.org/picking/pdf/summer-a-2026/victory/bus/paddles/weekday-paddles#page=165.pdf,https://www4.septa.org/picking/pdf/summer-a-2026/victory/bus/trip-sheets/weekday-trip-sheets.pdf
Victory busWeekday207,207,Victory bus,1 of 3,168,Weekday,https://www4.septa.org/picking/pdf/summer-a-2026/victory/bus/paddles/weekday-paddles.pdf#page=168,https://www4.septa.org/picking/pdf/summer-a-2026/victory/bus/paddles/weekday-paddles#page=168.pdf,https://www4.septa.org/picking/pdf/summer-a-2026/victory/bus/trip-sheets/weekday-trip-sheets.pdf
Victory busWeekday208,208,Victory bus,1 of 2,171,Weekday,https://www4.septa.org/picking/pdf/summer-a-2026/victory/bus/paddles/weekday-paddles.pdf#page=171,https://www4.septa.org/picking/pdf/summer-a-2026/victory/bus/paddles/weekday-paddles#page=171.pdf,https://www4.septa.org/picking/pdf/summer-a-2026/victory/bus/trip-sheets/weekday-trip-sheets.pdf
Victory busWeekday209,209,Victory bus,1 of 3,173,Weekday,https://www4.septa.org/picking/pdf/summer-a-2026/victory/bus/paddles/weekday-paddles.pdf#page=173,https://www4.septa.org/picking/pdf/summer-a-2026/victory/bus/paddles/weekday-paddles#page=173.pdf,https://www4.septa.org/picking/pdf/summer-a-2026/victory/bus/trip-sheets/weekday-trip-sheets.pdf
Victory busWeekday210,210,Victory bus,1 of 3,176,Weekday,https://www4.septa.org/picking/pdf/summer-a-2026/victory/bus/paddles/weekday-paddles.pdf#page=176,https://www4.septa.org/picking/pdf/summer-a-2026/victory/bus/paddles/weekday-paddles#page=176.pdf,https://www4.septa.org/picking/pdf/summer-a-2026/victory/bus/trip-sheets/weekday-trip-sheets.pdf
Victory busWeekday211,211,Victory bus,1 of 3,179,Weekday,https://www4.septa.org/picking/pdf/summer-a-2026/victory/bus/paddles/weekday-paddles.pdf#page=179,https://www4.septa.org/picking/pdf/summer-a-2026/victory/bus/paddles/weekday-paddles#page=179.pdf,https://www4.septa.org/picking/pdf/summer-a-2026/victory/bus/trip-sheets/weekday-trip-sheets.pdf
Victory busWeekday212,212,Victory bus,1 of 3,182,Weekday,https://www4.septa.org/picking/pdf/summer-a-2026/victory/bus/paddles/weekday-paddles.pdf#page=182,https://www4.septa.org/picking/pdf/summer-a-2026/victory/bus/paddles/weekday-paddles#page=182.pdf,https://www4.septa.org/picking/pdf/summer-a-2026/victory/bus/trip-sheets/weekday-trip-sheets.pdf
Victory busWeekday213,213,Victory bus,1 of 2,185,Weekday,https://www4.septa.org/picking/pdf/summer-a-2026/victory/bus/paddles/weekday-paddles.pdf#page=185,https://www4.septa.org/picking/pdf/summer-a-2026/victory/bus/paddles/weekday-paddles#page=185.pdf,https://www4.septa.org/picking/pdf/summer-a-2026/victory/bus/trip-sheets/weekday-trip-sheets.pdf
Victory busWeekday226,226,Victory bus,1 of 2,187,Weekday,https://www4.septa.org/picking/pdf/summer-a-2026/victory/bus/paddles/weekday-paddles.pdf#page=187,https://www4.septa.org/picking/pdf/summer-a-2026/victory/bus/paddles/weekday-paddles#page=187.pdf,https://www4.septa.org/picking/pdf/summer-a-2026/victory/bus/trip-sheets/weekday-trip-sheets.pdf
Victory busWeekday227,227,Victory bus,1 of 3,189,Weekday,https://www4.septa.org/picking/pdf/summer-a-2026/victory/bus/paddles/weekday-paddles.pdf#page=189,https://www4.septa.org/picking/pdf/summer-a-2026/victory/bus/paddles/weekday-paddles#page=189.pdf,https://www4.septa.org/picking/pdf/summer-a-2026/victory/bus/trip-sheets/weekday-trip-sheets.pdf
Victory busWeekday228,228,Victory bus,1 of 3,192,Weekday,https://www4.septa.org/picking/pdf/summer-a-2026/victory/bus/paddles/weekday-paddles.pdf#page=192,https://www4.septa.org/picking/pdf/summer-a-2026/victory/bus/paddles/weekday-paddles#page=192.pdf,https://www4.septa.org/picking/pdf/summer-a-2026/victory/bus/trip-sheets/weekday-trip-sheets.pdf
Victory busWeekday229,229,Victory bus,1 of 3,195,Weekday,https://www4.septa.org/picking/pdf/summer-a-2026/victory/bus/paddles/weekday-paddles.pdf#page=195,https://www4.septa.org/picking/pdf/summer-a-2026/victory/bus/paddles/weekday-paddles#page=195.pdf,https://www4.septa.org/picking/pdf/summer-a-2026/victory/bus/trip-sheets/weekday-trip-sheets.pdf
Victory busWeekday230,230,Victory bus,1 of 3,198,Weekday,https://www4.septa.org/picking/pdf/summer-a-2026/victory/bus/paddles/weekday-paddles.pdf#page=198,https://www4.septa.org/picking/pdf/summer-a-2026/victory/bus/paddles/weekday-paddles#page=198.pdf,https://www4.septa.org/picking/pdf/summer-a-2026/victory/bus/trip-sheets/weekday-trip-sheets.pdf
Victory busWeekday231,231,Victory bus,1 of 3,201,Weekday,https://www4.septa.org/picking/pdf/summer-a-2026/victory/bus/paddles/weekday-paddles.pdf#page=201,https://www4.septa.org/picking/pdf/summer-a-2026/victory/bus/paddles/weekday-paddles#page=201.pdf,https://www4.septa.org/picking/pdf/summer-a-2026/victory/bus/trip-sheets/weekday-trip-sheets.pdf
Victory busWeekday232,232,Victory bus,1 of 2,204,Weekday,https://www4.septa.org/picking/pdf/summer-a-2026/victory/bus/paddles/weekday-paddles.pdf#page=204,https://www4.septa.org/picking/pdf/summer-a-2026/victory/bus/paddles/weekday-paddles#page=204.pdf,https://www4.septa.org/picking/pdf/summer-a-2026/victory/bus/trip-sheets/weekday-trip-sheets.pdf
Victory busWeekday233,233,Victory bus,1 of 3,206,Weekday,https://www4.septa.org/picking/pdf/summer-a-2026/victory/bus/paddles/weekday-paddles.pdf#page=206,https://www4.septa.org/picking/pdf/summer-a-2026/victory/bus/paddles/weekday-paddles#page=206.pdf,https://www4.septa.org/picking/pdf/summer-a-2026/victory/bus/trip-sheets/weekday-trip-sheets.pdf
Victory busWeekday234,234,Victory bus,1 of 3,209,Weekday,https://www4.septa.org/picking/pdf/summer-a-2026/victory/bus/paddles/weekday-paddles.pdf#page=209,https://www4.septa.org/picking/pdf/summer-a-2026/victory/bus/paddles/weekday-paddles#page=209.pdf,https://www4.septa.org/picking/pdf/summer-a-2026/victory/bus/trip-sheets/weekday-trip-sheets.pdf
Victory busWeekday235,235,Victory bus,1 of 3,212,Weekday,https://www4.septa.org/picking/pdf/summer-a-2026/victory/bus/paddles/weekday-paddles.pdf#page=212,https://www4.septa.org/picking/pdf/summer-a-2026/victory/bus/paddles/weekday-paddles#page=212.pdf,https://www4.septa.org/picking/pdf/summer-a-2026/victory/bus/trip-sheets/weekday-trip-sheets.pdf
Victory busWeekday251,251,Victory bus,1 of 2,215,Weekday,https://www4.septa.org/picking/pdf/summer-a-2026/victory/bus/paddles/weekday-paddles.pdf#page=215,https://www4.septa.org/picking/pdf/summer-a-2026/victory/bus/paddles/weekday-paddles#page=215.pdf,https://www4.septa.org/picking/pdf/summer-a-2026/victory/bus/trip-sheets/weekday-trip-sheets.pdf
Victory busWeekday252,252,Victory bus,1 of 2,217,Weekday,https://www4.septa.org/picking/pdf/summer-a-2026/victory/bus/paddles/weekday-paddles.pdf#page=217,https://www4.septa.org/picking/pdf/summer-a-2026/victory/bus/paddles/weekday-paddles#page=217.pdf,https://www4.septa.org/picking/pdf/summer-a-2026/victory/bus/trip-sheets/weekday-trip-sheets.pdf
Victory busWeekday253,253,Victory bus,1 of 2,219,Weekday,https://www4.septa.org/picking/pdf/summer-a-2026/victory/bus/paddles/weekday-paddles.pdf#page=219,https://www4.septa.org/picking/pdf/summer-a-2026/victory/bus/paddles/weekday-paddles#page=219.pdf,https://www4.septa.org/picking/pdf/summer-a-2026/victory/bus/trip-sheets/weekday-trip-sheets.pdf
Victory busWeekday254,254,Victory bus,1 of 2,221,Weekday,https://www4.septa.org/picking/pdf/summer-a-2026/victory/bus/paddles/weekday-paddles.pdf#page=221,https://www4.septa.org/picking/pdf/summer-a-2026/victory/bus/paddles/weekday-paddles#page=221.pdf,https://www4.septa.org/picking/pdf/summer-a-2026/victory/bus/trip-sheets/weekday-trip-sheets.pdf
Victory busWeekday255,255,Victory bus,1 of 3,223,Weekday,https://www4.septa.org/picking/pdf/summer-a-2026/victory/bus/paddles/weekday-paddles.pdf#page=223,https://www4.septa.org/picking/pdf/summer-a-2026/victory/bus/paddles/weekday-paddles#page=223.pdf,https://www4.septa.org/picking/pdf/summer-a-2026/victory/bus/trip-sheets/weekday-trip-sheets.pdf
Victory busWeekday276,276,Victory bus,1 of 3,226,Weekday,https://www4.septa.org/picking/pdf/summer-a-2026/victory/bus/paddles/weekday-paddles.pdf#page=226,https://www4.septa.org/picking/pdf/summer-a-2026/victory/bus/paddles/weekday-paddles#page=226.pdf,https://www4.septa.org/picking/pdf/summer-a-2026/victory/bus/trip-sheets/weekday-trip-sheets.pdf
Victory busWeekday277,277,Victory bus,1 of 3,229,Weekday,https://www4.septa.org/picking/pdf/summer-a-2026/victory/bus/paddles/weekday-paddles.pdf#page=229,https://www4.septa.org/picking/pdf/summer-a-2026/victory/bus/paddles/weekday-paddles#page=229.pdf,https://www4.septa.org/picking/pdf/summer-a-2026/victory/bus/trip-sheets/weekday-trip-sheets.pdf
Victory busWeekday278,278,Victory bus,1 of 2,232,Weekday,https://www4.septa.org/picking/pdf/summer-a-2026/victory/bus/paddles/weekday-paddles.pdf#page=232,https://www4.septa.org/picking/pdf/summer-a-2026/victory/bus/paddles/weekday-paddles#page=232.pdf,https://www4.septa.org/picking/pdf/summer-a-2026/victory/bus/trip-sheets/weekday-trip-sheets.pdf
Victory busWeekday279,279,Victory bus,1 of 2,234,Weekday,https://www4.septa.org/picking/pdf/summer-a-2026/victory/bus/paddles/weekday-paddles.pdf#page=234,https://www4.septa.org/picking/pdf/summer-a-2026/victory/bus/paddles/weekday-paddles#page=234.pdf,https://www4.septa.org/picking/pdf/summer-a-2026/victory/bus/trip-sheets/weekday-trip-sheets.pdf
Victory busWeekday280,280,Victory bus,1 of 3,236,Weekday,https://www4.septa.org/picking/pdf/summer-a-2026/victory/bus/paddles/weekday-paddles.pdf#page=236,https://www4.septa.org/picking/pdf/summer-a-2026/victory/bus/paddles/weekday-paddles#page=236.pdf,https://www4.septa.org/picking/pdf/summer-a-2026/victory/bus/trip-sheets/weekday-trip-sheets.pdf
Victory busWeekday281,281,Victory bus,1 of 2,239,Weekday,https://www4.septa.org/picking/pdf/summer-a-2026/victory/bus/paddles/weekday-paddles.pdf#page=239,https://www4.septa.org/picking/pdf/summer-a-2026/victory/bus/paddles/weekday-paddles#page=239.pdf,https://www4.septa.org/picking/pdf/summer-a-2026/victory/bus/trip-sheets/weekday-trip-sheets.pdf
Victory busWeekday282,282,Victory bus,1 of 2,241,Weekday,https://www4.septa.org/picking/pdf/summer-a-2026/victory/bus/paddles/weekday-paddles.pdf#page=241,https://www4.septa.org/picking/pdf/summer-a-2026/victory/bus/paddles/weekday-paddles#page=241.pdf,https://www4.septa.org/picking/pdf/summer-a-2026/victory/bus/trip-sheets/weekday-trip-sheets.pdf
Victory busWeekday283,283,Victory bus,1 of 3,243,Weekday,https://www4.septa.org/picking/pdf/summer-a-2026/victory/bus/paddles/weekday-paddles.pdf#page=243,https://www4.septa.org/picking/pdf/summer-a-2026/victory/bus/paddles/weekday-paddles#page=243.pdf,https://www4.septa.org/picking/pdf/summer-a-2026/victory/bus/trip-sheets/weekday-trip-sheets.pdf
Victory busWeekday284,284,Victory bus,1 of 3,246,Weekday,https://www4.septa.org/picking/pdf/summer-a-2026/victory/bus/paddles/weekday-paddles.pdf#page=246,https://www4.septa.org/picking/pdf/summer-a-2026/victory/bus/paddles/weekday-paddles#page=246.pdf,https://www4.septa.org/picking/pdf/summer-a-2026/victory/bus/trip-sheets/weekday-trip-sheets.pdf
Victory busWeekday285,285,Victory bus,1 of 3,249,Weekday,https://www4.septa.org/picking/pdf/summer-a-2026/victory/bus/paddles/weekday-paddles.pdf#page=249,https://www4.septa.org/picking/pdf/summer-a-2026/victory/bus/paddles/weekday-paddles#page=249.pdf,https://www4.septa.org/picking/pdf/summer-a-2026/victory/bus/trip-sheets/weekday-trip-sheets.pdf
Victory busWeekday286,286,Victory bus,1 of 2,252,Weekday,https://www4.septa.org/picking/pdf/summer-a-2026/victory/bus/paddles/weekday-paddles.pdf#page=252,https://www4.septa.org/picking/pdf/summer-a-2026/victory/bus/paddles/weekday-paddles#page=252.pdf,https://www4.septa.org/picking/pdf/summer-a-2026/victory/bus/trip-sheets/weekday-trip-sheets.pdf
Victory busWeekday287,287,Victory bus,1 of 3,254,Weekday,https://www4.septa.org/picking/pdf/summer-a-2026/victory/bus/paddles/weekday-paddles.pdf#page=254,https://www4.septa.org/picking/pdf/summer-a-2026/victory/bus/paddles/weekday-paddles#page=254.pdf,https://www4.septa.org/picking/pdf/summer-a-2026/victory/bus/trip-sheets/weekday-trip-sheets.pdf
Victory busWeekday287,287,Victory bus,1 of 3,254,Weekday,https://www4.septa.org/picking/pdf/summer-a-2026/victory/bus/paddles/weekday-paddles.pdf#page=254,https://www4.septa.org/picking/pdf/summer-a-2026/victory/bus/paddles/weekday-paddles#page=254.pdf,https://www4.septa.org/picking/pdf/summer-a-2026/victory/bus/trip-sheets/weekday-trip-sheets.pdf
Victory busWeekday288,288,Victory bus,1 of 2,257,Weekday,https://www4.septa.org/picking/pdf/summer-a-2026/victory/bus/paddles/weekday-paddles.pdf#page=257,https://www4.septa.org/picking/pdf/summer-a-2026/victory/bus/paddles/weekday-paddles#page=257.pdf,https://www4.septa.org/picking/pdf/summer-a-2026/victory/bus/trip-sheets/weekday-trip-sheets.pdf
Victory busWeekday289,289,Victory bus,1 of 2,259,Weekday,https://www4.septa.org/picking/pdf/summer-a-2026/victory/bus/paddles/weekday-paddles.pdf#page=259,https://www4.septa.org/picking/pdf/summer-a-2026/victory/bus/paddles/weekday-paddles#page=259.pdf,https://www4.septa.org/picking/pdf/summer-a-2026/victory/bus/trip-sheets/weekday-trip-sheets.pdf
Victory busWeekday290,290,Victory bus,1 of 2,261,Weekday,https://www4.septa.org/picking/pdf/summer-a-2026/victory/bus/paddles/weekday-paddles.pdf#page=261,https://www4.septa.org/picking/pdf/summer-a-2026/victory/bus/paddles/weekday-paddles#page=261.pdf,https://www4.septa.org/picking/pdf/summer-a-2026/victory/bus/trip-sheets/weekday-trip-sheets.pdf
Victory busWeekday291,291,Victory bus,1 of 2,263,Weekday,https://www4.septa.org/picking/pdf/summer-a-2026/victory/bus/paddles/weekday-paddles.pdf#page=263,https://www4.septa.org/picking/pdf/summer-a-2026/victory/bus/paddles/weekday-paddles#page=263.pdf,https://www4.septa.org/picking/pdf/summer-a-2026/victory/bus/trip-sheets/weekday-trip-sheets.pdf
Victory busWeekday292,292,Victory bus,1 of 2,265,Weekday,https://www4.septa.org/picking/pdf/summer-a-2026/victory/bus/paddles/weekday-paddles.pdf#page=265,https://www4.septa.org/picking/pdf/summer-a-2026/victory/bus/paddles/weekday-paddles#page=265.pdf,https://www4.septa.org/picking/pdf/summer-a-2026/victory/bus/trip-sheets/weekday-trip-sheets.pdf
Victory busWeekday293,293,Victory bus,1 of 2,267,Weekday,https://www4.septa.org/picking/pdf/summer-a-2026/victory/bus/paddles/weekday-paddles.pdf#page=267,https://www4.septa.org/picking/pdf/summer-a-2026/victory/bus/paddles/weekday-paddles#page=267.pdf,https://www4.septa.org/picking/pdf/summer-a-2026/victory/bus/trip-sheets/weekday-trip-sheets.pdf
Victory busWeekday294,294,Victory bus,1 of 2,269,Weekday,https://www4.septa.org/picking/pdf/summer-a-2026/victory/bus/paddles/weekday-paddles.pdf#page=269,https://www4.septa.org/picking/pdf/summer-a-2026/victory/bus/paddles/weekday-paddles#page=269.pdf,https://www4.septa.org/picking/pdf/summer-a-2026/victory/bus/trip-sheets/weekday-trip-sheets.pdf
Victory busWeekday306,306,Victory bus,1 of 3,271,Weekday,https://www4.septa.org/picking/pdf/summer-a-2026/victory/bus/paddles/weekday-paddles.pdf#page=271,https://www4.septa.org/picking/pdf/summer-a-2026/victory/bus/paddles/weekday-paddles#page=271.pdf,https://www4.septa.org/picking/pdf/summer-a-2026/victory/bus/trip-sheets/weekday-trip-sheets.pdf
Victory busWeekday307,307,Victory bus,1 of 2,274,Weekday,https://www4.septa.org/picking/pdf/summer-a-2026/victory/bus/paddles/weekday-paddles.pdf#page=274,https://www4.septa.org/picking/pdf/summer-a-2026/victory/bus/paddles/weekday-paddles#page=274.pdf,https://www4.septa.org/picking/pdf/summer-a-2026/victory/bus/trip-sheets/weekday-trip-sheets.pdf
Victory busWeekday308,308,Victory bus,1 of 2,276,Weekday,https://www4.septa.org/picking/pdf/summer-a-2026/victory/bus/paddles/weekday-paddles.pdf#page=276,https://www4.septa.org/picking/pdf/summer-a-2026/victory/bus/paddles/weekday-paddles#page=276.pdf,https://www4.septa.org/picking/pdf/summer-a-2026/victory/bus/trip-sheets/weekday-trip-sheets.pdf
Victory busWeekday309,309,Victory bus,1 of 2,278,Weekday,https://www4.septa.org/picking/pdf/summer-a-2026/victory/bus/paddles/weekday-paddles.pdf#page=278,https://www4.septa.org/picking/pdf/summer-a-2026/victory/bus/paddles/weekday-paddles#page=278.pdf,https://www4.septa.org/picking/pdf/summer-a-2026/victory/bus/trip-sheets/weekday-trip-sheets.pdf
Victory busWeekday310,310,Victory bus,1 of 2,280,Weekday,https://www4.septa.org/picking/pdf/summer-a-2026/victory/bus/paddles/weekday-paddles.pdf#page=280,https://www4.septa.org/picking/pdf/summer-a-2026/victory/bus/paddles/weekday-paddles#page=280.pdf,https://www4.septa.org/picking/pdf/summer-a-2026/victory/bus/trip-sheets/weekday-trip-sheets.pdf
Victory busWeekday311,311,Victory bus,1 of 3,282,Weekday,https://www4.septa.org/picking/pdf/summer-a-2026/victory/bus/paddles/weekday-paddles.pdf#page=282,https://www4.septa.org/picking/pdf/summer-a-2026/victory/bus/paddles/weekday-paddles#page=282.pdf,https://www4.septa.org/picking/pdf/summer-a-2026/victory/bus/trip-sheets/weekday-trip-sheets.pdf
Victory busWeekday312,312,Victory bus,1 of 2,285,Weekday,https://www4.septa.org/picking/pdf/summer-a-2026/victory/bus/paddles/weekday-paddles.pdf#page=285,https://www4.septa.org/picking/pdf/summer-a-2026/victory/bus/paddles/weekday-paddles#page=285.pdf,https://www4.septa.org/picking/pdf/summer-a-2026/victory/bus/trip-sheets/weekday-trip-sheets.pdf
Victory busWeekday313,313,Victory bus,1 of 2,287,Weekday,https://www4.septa.org/picking/pdf/summer-a-2026/victory/bus/paddles/weekday-paddles.pdf#page=287,https://www4.septa.org/picking/pdf/summer-a-2026/victory/bus/paddles/weekday-paddles#page=287.pdf,https://www4.septa.org/picking/pdf/summer-a-2026/victory/bus/trip-sheets/weekday-trip-sheets.pdf
Victory busWeekday314,314,Victory bus,1 of 2,289,Weekday,https://www4.septa.org/picking/pdf/summer-a-2026/victory/bus/paddles/weekday-paddles.pdf#page=289,https://www4.septa.org/picking/pdf/summer-a-2026/victory/bus/paddles/weekday-paddles#page=289.pdf,https://www4.septa.org/picking/pdf/summer-a-2026/victory/bus/trip-sheets/weekday-trip-sheets.pdf
Victory busWeekday326,326,Victory bus,1 of 3,291,Weekday,https://www4.septa.org/picking/pdf/summer-a-2026/victory/bus/paddles/weekday-paddles.pdf#page=291,https://www4.septa.org/picking/pdf/summer-a-2026/victory/bus/paddles/weekday-paddles#page=291.pdf,https://www4.septa.org/picking/pdf/summer-a-2026/victory/bus/trip-sheets/weekday-trip-sheets.pdf
Victory busWeekday327,327,Victory bus,1 of 3,294,Weekday,https://www4.septa.org/picking/pdf/summer-a-2026/victory/bus/paddles/weekday-paddles.pdf#page=294,https://www4.septa.org/picking/pdf/summer-a-2026/victory/bus/paddles/weekday-paddles#page=294.pdf,https://www4.septa.org/picking/pdf/summer-a-2026/victory/bus/trip-sheets/weekday-trip-sheets.pdf
Victory busWeekday328,328,Victory bus,1 of 3,297,Weekday,https://www4.septa.org/picking/pdf/summer-a-2026/victory/bus/paddles/weekday-paddles.pdf#page=297,https://www4.septa.org/picking/pdf/summer-a-2026/victory/bus/paddles/weekday-paddles#page=297.pdf,https://www4.septa.org/picking/pdf/summer-a-2026/victory/bus/trip-sheets/weekday-trip-sheets.pdf
Victory busWeekday329,329,Victory bus,1 of 3,300,Weekday,https://www4.septa.org/picking/pdf/summer-a-2026/victory/bus/paddles/weekday-paddles.pdf#page=300,https://www4.septa.org/picking/pdf/summer-a-2026/victory/bus/paddles/weekday-paddles#page=300.pdf,https://www4.septa.org/picking/pdf/summer-a-2026/victory/bus/trip-sheets/weekday-trip-sheets.pdf
Victory busWeekday330,330,Victory bus,1 of 2,303,Weekday,https://www4.septa.org/picking/pdf/summer-a-2026/victory/bus/paddles/weekday-paddles.pdf#page=303,https://www4.septa.org/picking/pdf/summer-a-2026/victory/bus/paddles/weekday-paddles#page=303.pdf,https://www4.septa.org/picking/pdf/summer-a-2026/victory/bus/trip-sheets/weekday-trip-sheets.pdf
Victory busWeekday331,331,Victory bus,1 of 2,305,Weekday,https://www4.septa.org/picking/pdf/summer-a-2026/victory/bus/paddles/weekday-paddles.pdf#page=305,https://www4.septa.org/picking/pdf/summer-a-2026/victory/bus/paddles/weekday-paddles#page=305.pdf,https://www4.septa.org/picking/pdf/summer-a-2026/victory/bus/trip-sheets/weekday-trip-sheets.pdf
Victory busWeekday332,332,Victory bus,1 of 2,307,Weekday,https://www4.septa.org/picking/pdf/summer-a-2026/victory/bus/paddles/weekday-paddles.pdf#page=307,https://www4.septa.org/picking/pdf/summer-a-2026/victory/bus/paddles/weekday-paddles#page=307.pdf,https://www4.septa.org/picking/pdf/summer-a-2026/victory/bus/trip-sheets/weekday-trip-sheets.pdf
Victory busWeekday376,376,Victory bus,1 of 2,309,Weekday,https://www4.septa.org/picking/pdf/summer-a-2026/victory/bus/paddles/weekday-paddles.pdf#page=309,https://www4.septa.org/picking/pdf/summer-a-2026/victory/bus/paddles/weekday-paddles#page=309.pdf,https://www4.septa.org/picking/pdf/summer-a-2026/victory/bus/trip-sheets/weekday-trip-sheets.pdf
Victory busWeekday377,377,Victory bus,1 of 2,311,Weekday,https://www4.septa.org/picking/pdf/summer-a-2026/victory/bus/paddles/weekday-paddles.pdf#page=311,https://www4.septa.org/picking/pdf/summer-a-2026/victory/bus/paddles/weekday-paddles#page=311.pdf,https://www4.septa.org/picking/pdf/summer-a-2026/victory/bus/trip-sheets/weekday-trip-sheets.pdf
Victory busWeekday378,378,Victory bus,1 of 3,313,Weekday,https://www4.septa.org/picking/pdf/summer-a-2026/victory/bus/paddles/weekday-paddles.pdf#page=313,https://www4.septa.org/picking/pdf/summer-a-2026/victory/bus/paddles/weekday-paddles#page=313.pdf,https://www4.septa.org/picking/pdf/summer-a-2026/victory/bus/trip-sheets/weekday-trip-sheets.pdf
Victory busWeekday379,379,Victory bus,1 of 2,316,Weekday,https://www4.septa.org/picking/pdf/summer-a-2026/victory/bus/paddles/weekday-paddles.pdf#page=316,https://www4.septa.org/picking/pdf/summer-a-2026/victory/bus/paddles/weekday-paddles#page=316.pdf,https://www4.septa.org/picking/pdf/summer-a-2026/victory/bus/trip-sheets/weekday-trip-sheets.pdf
Victory busWeekday380,380,Victory bus,1 of 3,318,Weekday,https://www4.septa.org/picking/pdf/summer-a-2026/victory/bus/paddles/weekday-paddles.pdf#page=318,https://www4.septa.org/picking/pdf/summer-a-2026/victory/bus/paddles/weekday-paddles#page=318.pdf,https://www4.septa.org/picking/pdf/summer-a-2026/victory/bus/trip-sheets/weekday-trip-sheets.pdf
Victory busWeekday381,381,Victory bus,1 of 2,321,Weekday,https://www4.septa.org/picking/pdf/summer-a-2026/victory/bus/paddles/weekday-paddles.pdf#page=321,https://www4.septa.org/picking/pdf/summer-a-2026/victory/bus/paddles/weekday-paddles#page=321.pdf,https://www4.septa.org/picking/pdf/summer-a-2026/victory/bus/trip-sheets/weekday-trip-sheets.pdf
Victory busWeekday382,382,Victory bus,1 of 2,323,Weekday,https://www4.septa.org/picking/pdf/summer-a-2026/victory/bus/paddles/weekday-paddles.pdf#page=323,https://www4.septa.org/picking/pdf/summer-a-2026/victory/bus/paddles/weekday-paddles#page=323.pdf,https://www4.septa.org/picking/pdf/summer-a-2026/victory/bus/trip-sheets/weekday-trip-sheets.pdf
Victory busWeekday383,383,Victory bus,1 of 2,325,Weekday,https://www4.septa.org/picking/pdf/summer-a-2026/victory/bus/paddles/weekday-paddles.pdf#page=325,https://www4.septa.org/picking/pdf/summer-a-2026/victory/bus/paddles/weekday-paddles#page=325.pdf,https://www4.septa.org/picking/pdf/summer-a-2026/victory/bus/trip-sheets/weekday-trip-sheets.pdf
Victory busWeekday384,384,Victory bus,1 of 2,327,Weekday,https://www4.septa.org/picking/pdf/summer-a-2026/victory/bus/paddles/weekday-paddles.pdf#page=327,https://www4.septa.org/picking/pdf/summer-a-2026/victory/bus/paddles/weekday-paddles#page=327.pdf,https://www4.septa.org/picking/pdf/summer-a-2026/victory/bus/trip-sheets/weekday-trip-sheets.pdf
Victory busWeekday401,401,Victory bus,1 of 3,329,Weekday,https://www4.septa.org/picking/pdf/summer-a-2026/victory/bus/paddles/weekday-paddles.pdf#page=329,https://www4.septa.org/picking/pdf/summer-a-2026/victory/bus/paddles/weekday-paddles#page=329.pdf,https://www4.septa.org/picking/pdf/summer-a-2026/victory/bus/trip-sheets/weekday-trip-sheets.pdf
Victory busWeekday402,402,Victory bus,1 of 2,332,Weekday,https://www4.septa.org/picking/pdf/summer-a-2026/victory/bus/paddles/weekday-paddles.pdf#page=332,https://www4.septa.org/picking/pdf/summer-a-2026/victory/bus/paddles/weekday-paddles#page=332.pdf,https://www4.septa.org/picking/pdf/summer-a-2026/victory/bus/trip-sheets/weekday-trip-sheets.pdf
Victory busWeekday403,403,Victory bus,1 of 3,334,Weekday,https://www4.septa.org/picking/pdf/summer-a-2026/victory/bus/paddles/weekday-paddles.pdf#page=334,https://www4.septa.org/picking/pdf/summer-a-2026/victory/bus/paddles/weekday-paddles#page=334.pdf,https://www4.septa.org/picking/pdf/summer-a-2026/victory/bus/trip-sheets/weekday-trip-sheets.pdf
Victory busWeekday404,404,Victory bus,1 of 2,337,Weekday,https://www4.septa.org/picking/pdf/summer-a-2026/victory/bus/paddles/weekday-paddles.pdf#page=337,https://www4.septa.org/picking/pdf/summer-a-2026/victory/bus/paddles/weekday-paddles#page=337.pdf,https://www4.septa.org/picking/pdf/summer-a-2026/victory/bus/trip-sheets/weekday-trip-sheets.pdf
Victory busWeekday426,426,Victory bus,1 of 2,339,Weekday,https://www4.septa.org/picking/pdf/summer-a-2026/victory/bus/paddles/weekday-paddles.pdf#page=339,https://www4.septa.org/picking/pdf/summer-a-2026/victory/bus/paddles/weekday-paddles#page=339.pdf,https://www4.septa.org/picking/pdf/summer-a-2026/victory/bus/trip-sheets/weekday-trip-sheets.pdf
Victory busWeekday427,427,Victory bus,1 of 2,341,Weekday,https://www4.septa.org/picking/pdf/summer-a-2026/victory/bus/paddles/weekday-paddles.pdf#page=341,https://www4.septa.org/picking/pdf/summer-a-2026/victory/bus/paddles/weekday-paddles#page=341.pdf,https://www4.septa.org/picking/pdf/summer-a-2026/victory/bus/trip-sheets/weekday-trip-sheets.pdf
Victory busWeekday428,428,Victory bus,1 of 2,343,Weekday,https://www4.septa.org/picking/pdf/summer-a-2026/victory/bus/paddles/weekday-paddles.pdf#page=343,https://www4.septa.org/picking/pdf/summer-a-2026/victory/bus/paddles/weekday-paddles#page=343.pdf,https://www4.septa.org/picking/pdf/summer-a-2026/victory/bus/trip-sheets/weekday-trip-sheets.pdf
Victory busWeekday429,429,Victory bus,1 of 2,345,Weekday,https://www4.septa.org/picking/pdf/summer-a-2026/victory/bus/paddles/weekday-paddles.pdf#page=345,https://www4.septa.org/picking/pdf/summer-a-2026/victory/bus/paddles/weekday-paddles#page=345.pdf,https://www4.septa.org/picking/pdf/summer-a-2026/victory/bus/trip-sheets/weekday-trip-sheets.pdf
Victory busWeekday451,451,Victory bus,1 of 2,347,Weekday,https://www4.septa.org/picking/pdf/summer-a-2026/victory/bus/paddles/weekday-paddles.pdf#page=347,https://www4.septa.org/picking/pdf/summer-a-2026/victory/bus/paddles/weekday-paddles#page=347.pdf,https://www4.septa.org/picking/pdf/summer-a-2026/victory/bus/trip-sheets/weekday-trip-sheets.pdf
Victory busWeekday452,452,Victory bus,1 of 2,349,Weekday,https://www4.septa.org/picking/pdf/summer-a-2026/victory/bus/paddles/weekday-paddles.pdf#page=349,https://www4.septa.org/picking/pdf/summer-a-2026/victory/bus/paddles/weekday-paddles#page=349.pdf,https://www4.septa.org/picking/pdf/summer-a-2026/victory/bus/trip-sheets/weekday-trip-sheets.pdf
Victory busWeekday501,501,Victory bus,1 of 4,351,Weekday,https://www4.septa.org/picking/pdf/summer-a-2026/victory/bus/paddles/weekday-paddles.pdf#page=351,https://www4.septa.org/picking/pdf/summer-a-2026/victory/bus/paddles/weekday-paddles#page=351.pdf,https://www4.septa.org/picking/pdf/summer-a-2026/victory/bus/trip-sheets/weekday-trip-sheets.pdf
Victory busWeekday502,502,Victory bus,1 of 4,355,Weekday,https://www4.septa.org/picking/pdf/summer-a-2026/victory/bus/paddles/weekday-paddles.pdf#page=355,https://www4.septa.org/picking/pdf/summer-a-2026/victory/bus/paddles/weekday-paddles#page=355.pdf,https://www4.septa.org/picking/pdf/summer-a-2026/victory/bus/trip-sheets/weekday-trip-sheets.pdf
Victory busWeekday503,503,Victory bus,1 of 3,359,Weekday,https://www4.septa.org/picking/pdf/summer-a-2026/victory/bus/paddles/weekday-paddles.pdf#page=359,https://www4.septa.org/picking/pdf/summer-a-2026/victory/bus/paddles/weekday-paddles#page=359.pdf,https://www4.septa.org/picking/pdf/summer-a-2026/victory/bus/trip-sheets/weekday-trip-sheets.pdf
Victory busWeekday504,504,Victory bus,1 of 3,362,Weekday,https://www4.septa.org/picking/pdf/summer-a-2026/victory/bus/paddles/weekday-paddles.pdf#page=362,https://www4.septa.org/picking/pdf/summer-a-2026/victory/bus/paddles/weekday-paddles#page=362.pdf,https://www4.septa.org/picking/pdf/summer-a-2026/victory/bus/trip-sheets/weekday-trip-sheets.pdf
Victory busWeekday505,505,Victory bus,1 of 3,365,Weekday,https://www4.septa.org/picking/pdf/summer-a-2026/victory/bus/paddles/weekday-paddles.pdf#page=365,https://www4.septa.org/picking/pdf/summer-a-2026/victory/bus/paddles/weekday-paddles#page=365.pdf,https://www4.septa.org/picking/pdf/summer-a-2026/victory/bus/trip-sheets/weekday-trip-sheets.pdf
Victory busWeekday506,506,Victory bus,1 of 3,368,Weekday,https://www4.septa.org/picking/pdf/summer-a-2026/victory/bus/paddles/weekday-paddles.pdf#page=368,https://www4.septa.org/picking/pdf/summer-a-2026/victory/bus/paddles/weekday-paddles#page=368.pdf,https://www4.septa.org/picking/pdf/summer-a-2026/victory/bus/trip-sheets/weekday-trip-sheets.pdf
Victory busWeekday507,507,Victory bus,1 of 4,371,Weekday,https://www4.septa.org/picking/pdf/summer-a-2026/victory/bus/paddles/weekday-paddles.pdf#page=371,https://www4.septa.org/picking/pdf/summer-a-2026/victory/bus/paddles/weekday-paddles#page=371.pdf,https://www4.septa.org/picking/pdf/summer-a-2026/victory/bus/trip-sheets/weekday-trip-sheets.pdf
Victory busWeekday508,508,Victory bus,1 of 3,375,Weekday,https://www4.septa.org/picking/pdf/summer-a-2026/victory/bus/paddles/weekday-paddles.pdf#page=375,https://www4.septa.org/picking/pdf/summer-a-2026/victory/bus/paddles/weekday-paddles#page=375.pdf,https://www4.septa.org/picking/pdf/summer-a-2026/victory/bus/trip-sheets/weekday-trip-sheets.pdf
Victory busWeekday509,509,Victory bus,1 of 3,378,Weekday,https://www4.septa.org/picking/pdf/summer-a-2026/victory/bus/paddles/weekday-paddles.pdf#page=378,https://www4.septa.org/picking/pdf/summer-a-2026/victory/bus/paddles/weekday-paddles#page=378.pdf,https://www4.septa.org/picking/pdf/summer-a-2026/victory/bus/trip-sheets/weekday-trip-sheets.pdf
Victory busWeekday510,510,Victory bus,1 of 3,381,Weekday,https://www4.septa.org/picking/pdf/summer-a-2026/victory/bus/paddles/weekday-paddles.pdf#page=381,https://www4.septa.org/picking/pdf/summer-a-2026/victory/bus/paddles/weekday-paddles#page=381.pdf,https://www4.septa.org/picking/pdf/summer-a-2026/victory/bus/trip-sheets/weekday-trip-sheets.pdf
Victory busWeekday526,526,Victory bus,1 of 3,384,Weekday,https://www4.septa.org/picking/pdf/summer-a-2026/victory/bus/paddles/weekday-paddles.pdf#page=384,https://www4.septa.org/picking/pdf/summer-a-2026/victory/bus/paddles/weekday-paddles#page=384.pdf,https://www4.septa.org/picking/pdf/summer-a-2026/victory/bus/trip-sheets/weekday-trip-sheets.pdf
Victory busWeekday527,527,Victory bus,1 of 2,387,Weekday,https://www4.septa.org/picking/pdf/summer-a-2026/victory/bus/paddles/weekday-paddles.pdf#page=387,https://www4.septa.org/picking/pdf/summer-a-2026/victory/bus/paddles/weekday-paddles#page=387.pdf,https://www4.septa.org/picking/pdf/summer-a-2026/victory/bus/trip-sheets/weekday-trip-sheets.pdf
Victory busWeekday528,528,Victory bus,1 of 4,389,Weekday,https://www4.septa.org/picking/pdf/summer-a-2026/victory/bus/paddles/weekday-paddles.pdf#page=389,https://www4.septa.org/picking/pdf/summer-a-2026/victory/bus/paddles/weekday-paddles#page=389.pdf,https://www4.septa.org/picking/pdf/summer-a-2026/victory/bus/trip-sheets/weekday-trip-sheets.pdf
Victory busWeekday529,529,Victory bus,1 of 3,393,Weekday,https://www4.septa.org/picking/pdf/summer-a-2026/victory/bus/paddles/weekday-paddles.pdf#page=393,https://www4.septa.org/picking/pdf/summer-a-2026/victory/bus/paddles/weekday-paddles#page=393.pdf,https://www4.septa.org/picking/pdf/summer-a-2026/victory/bus/trip-sheets/weekday-trip-sheets.pdf
Victory busWeekday530,530,Victory bus,1 of 3,396,Weekday,https://www4.septa.org/picking/pdf/summer-a-2026/victory/bus/paddles/weekday-paddles.pdf#page=396,https://www4.septa.org/picking/pdf/summer-a-2026/victory/bus/paddles/weekday-paddles#page=396.pdf,https://www4.septa.org/picking/pdf/summer-a-2026/victory/bus/trip-sheets/weekday-trip-sheets.pdf
Victory busWeekday531,531,Victory bus,1 of 4,399,Weekday,https://www4.septa.org/picking/pdf/summer-a-2026/victory/bus/paddles/weekday-paddles.pdf#page=399,https://www4.septa.org/picking/pdf/summer-a-2026/victory/bus/paddles/weekday-paddles#page=399.pdf,https://www4.septa.org/picking/pdf/summer-a-2026/victory/bus/trip-sheets/weekday-trip-sheets.pdf
Victory busWeekday532,532,Victory bus,1 of 3,403,Weekday,https://www4.septa.org/picking/pdf/summer-a-2026/victory/bus/paddles/weekday-paddles.pdf#page=403,https://www4.septa.org/picking/pdf/summer-a-2026/victory/bus/paddles/weekday-paddles#page=403.pdf,https://www4.septa.org/picking/pdf/summer-a-2026/victory/bus/trip-sheets/weekday-trip-sheets.pdf
Victory busWeekday533,533,Victory bus,1 of 3,406,Weekday,https://www4.septa.org/picking/pdf/summer-a-2026/victory/bus/paddles/weekday-paddles.pdf#page=406,https://www4.septa.org/picking/pdf/summer-a-2026/victory/bus/paddles/weekday-paddles#page=406.pdf,https://www4.septa.org/picking/pdf/summer-a-2026/victory/bus/trip-sheets/weekday-trip-sheets.pdf
Victory busWeekday534,534,Victory bus,1 of 3,409,Weekday,https://www4.septa.org/picking/pdf/summer-a-2026/victory/bus/paddles/weekday-paddles.pdf#page=409,https://www4.septa.org/picking/pdf/summer-a-2026/victory/bus/paddles/weekday-paddles#page=409.pdf,https://www4.septa.org/picking/pdf/summer-a-2026/victory/bus/trip-sheets/weekday-trip-sheets.pdf
Victory busWeekday535,535,Victory bus,1 of 3,412,Weekday,https://www4.septa.org/picking/pdf/summer-a-2026/victory/bus/paddles/weekday-paddles.pdf#page=412,https://www4.septa.org/picking/pdf/summer-a-2026/victory/bus/paddles/weekday-paddles#page=412.pdf,https://www4.septa.org/picking/pdf/summer-a-2026/victory/bus/trip-sheets/weekday-trip-sheets.pdf
Victory busWeekday556,556,Victory bus,1 of 2,415,Weekday,https://www4.septa.org/picking/pdf/summer-a-2026/victory/bus/paddles/weekday-paddles.pdf#page=415,https://www4.septa.org/picking/pdf/summer-a-2026/victory/bus/paddles/weekday-paddles#page=415.pdf,https://www4.septa.org/picking/pdf/summer-a-2026/victory/bus/trip-sheets/weekday-trip-sheets.pdf
Victory busWeekday557,557,Victory bus,1 of 3,417,Weekday,https://www4.septa.org/picking/pdf/summer-a-2026/victory/bus/paddles/weekday-paddles.pdf#page=417,https://www4.septa.org/picking/pdf/summer-a-2026/victory/bus/paddles/weekday-paddles#page=417.pdf,https://www4.septa.org/picking/pdf/summer-a-2026/victory/bus/trip-sheets/weekday-trip-sheets.pdf
Victory busWeekday558,558,Victory bus,1 of 3,420,Weekday,https://www4.septa.org/picking/pdf/summer-a-2026/victory/bus/paddles/weekday-paddles.pdf#page=420,https://www4.septa.org/picking/pdf/summer-a-2026/victory/bus/paddles/weekday-paddles#page=420.pdf,https://www4.septa.org/picking/pdf/summer-a-2026/victory/bus/trip-sheets/weekday-trip-sheets.pdf
Victory busWeekday559,559,Victory bus,1 of 2,423,Weekday,https://www4.septa.org/picking/pdf/summer-a-2026/victory/bus/paddles/weekday-paddles.pdf#page=423,https://www4.septa.org/picking/pdf/summer-a-2026/victory/bus/paddles/weekday-paddles#page=423.pdf,https://www4.septa.org/picking/pdf/summer-a-2026/victory/bus/trip-sheets/weekday-trip-sheets.pdf
Victory busWeekday721,721,Victory bus,1 of 1,425,Weekday,https://www4.septa.org/picking/pdf/summer-a-2026/victory/bus/paddles/weekday-paddles.pdf#page=425,https://www4.septa.org/picking/pdf/summer-a-2026/victory/bus/paddles/weekday-paddles#page=425.pdf,https://www4.septa.org/picking/pdf/summer-a-2026/victory/bus/trip-sheets/weekday-trip-sheets.pdf
Victory busWeekday721,721,Victory bus,1 of 1,425,Weekday,https://www4.septa.org/picking/pdf/summer-a-2026/victory/bus/paddles/weekday-paddles.pdf#page=425,https://www4.septa.org/picking/pdf/summer-a-2026/victory/bus/paddles/weekday-paddles#page=425.pdf,https://www4.septa.org/picking/pdf/summer-a-2026/victory/bus/trip-sheets/weekday-trip-sheets.pdf
Victory busWeekday722,722,Victory bus,1 of 1,426,Weekday,https://www4.septa.org/picking/pdf/summer-a-2026/victory/bus/paddles/weekday-paddles.pdf#page=426,https://www4.septa.org/picking/pdf/summer-a-2026/victory/bus/paddles/weekday-paddles#page=426.pdf,https://www4.septa.org/picking/pdf/summer-a-2026/victory/bus/trip-sheets/weekday-trip-sheets.pdf
Victory busWeekday722,722,Victory bus,1 of 1,426,Weekday,https://www4.septa.org/picking/pdf/summer-a-2026/victory/bus/paddles/weekday-paddles.pdf#page=426,https://www4.septa.org/picking/pdf/summer-a-2026/victory/bus/paddles/weekday-paddles#page=426.pdf,https://www4.septa.org/picking/pdf/summer-a-2026/victory/bus/trip-sheets/weekday-trip-sheets.pdf
Victory busWeekday722,722,Victory bus,1 of 1,426,Weekday,https://www4.septa.org/picking/pdf/summer-a-2026/victory/bus/paddles/weekday-paddles.pdf#page=426,https://www4.septa.org/picking/pdf/summer-a-2026/victory/bus/paddles/weekday-paddles#page=426.pdf,https://www4.septa.org/picking/pdf/summer-a-2026/victory/bus/trip-sheets/weekday-trip-sheets.pdf
Victory busWeekday731,731,Victory bus,1 of 2,427,Weekday,https://www4.septa.org/picking/pdf/summer-a-2026/victory/bus/paddles/weekday-paddles.pdf#page=427,https://www4.septa.org/picking/pdf/summer-a-2026/victory/bus/paddles/weekday-paddles#page=427.pdf,https://www4.septa.org/picking/pdf/summer-a-2026/victory/bus/trip-sheets/weekday-trip-sheets.pdf
Victory busWeekday731,731,Victory bus,1 of 2,427,Weekday,https://www4.septa.org/picking/pdf/summer-a-2026/victory/bus/paddles/weekday-paddles.pdf#page=427,https://www4.septa.org/picking/pdf/summer-a-2026/victory/bus/paddles/weekday-paddles#page=427.pdf,https://www4.septa.org/picking/pdf/summer-a-2026/victory/bus/trip-sheets/weekday-trip-sheets.pdf
Victory busWeekday732,732,Victory bus,1 of 2,429,Weekday,https://www4.septa.org/picking/pdf/summer-a-2026/victory/bus/paddles/weekday-paddles.pdf#page=429,https://www4.septa.org/picking/pdf/summer-a-2026/victory/bus/paddles/weekday-paddles#page=429.pdf,https://www4.septa.org/picking/pdf/summer-a-2026/victory/bus/trip-sheets/weekday-trip-sheets.pdf
Victory busWeekday732,732,Victory bus,1 of 2,429,Weekday,https://www4.septa.org/picking/pdf/summer-a-2026/victory/bus/paddles/weekday-paddles.pdf#page=429,https://www4.septa.org/picking/pdf/summer-a-2026/victory/bus/paddles/weekday-paddles#page=429.pdf,https://www4.septa.org/picking/pdf/summer-a-2026/victory/bus/trip-sheets/weekday-trip-sheets.pdf
Victory busWeekday733,733,Victory bus,1 of 1,431,Weekday,https://www4.septa.org/picking/pdf/summer-a-2026/victory/bus/paddles/weekday-paddles.pdf#page=431,https://www4.septa.org/picking/pdf/summer-a-2026/victory/bus/paddles/weekday-paddles#page=431.pdf,https://www4.septa.org/picking/pdf/summer-a-2026/victory/bus/trip-sheets/weekday-trip-sheets.pdf
Victory busWeekday733,733,Victory bus,1 of 1,431,Weekday,https://www4.septa.org/picking/pdf/summer-a-2026/victory/bus/paddles/weekday-paddles.pdf#page=431,https://www4.septa.org/picking/pdf/summer-a-2026/victory/bus/paddles/weekday-paddles#page=431.pdf,https://www4.septa.org/picking/pdf/summer-a-2026/victory/bus/trip-sheets/weekday-trip-sheets.pdf
Victory busWeekday734,734,Victory bus,1 of 1,432,Weekday,https://www4.septa.org/picking/pdf/summer-a-2026/victory/bus/paddles/weekday-paddles.pdf#page=432,https://www4.septa.org/picking/pdf/summer-a-2026/victory/bus/paddles/weekday-paddles#page=432.pdf,https://www4.septa.org/picking/pdf/summer-a-2026/victory/bus/trip-sheets/weekday-trip-sheets.pdf
Victory busWeekday734,734,Victory bus,1 of 1,432,Weekday,https://www4.septa.org/picking/pdf/summer-a-2026/victory/bus/paddles/weekday-paddles.pdf#page=432,https://www4.septa.org/picking/pdf/summer-a-2026/victory/bus/paddles/weekday-paddles#page=432.pdf,https://www4.septa.org/picking/pdf/summer-a-2026/victory/bus/trip-sheets/weekday-trip-sheets.pdf
Victory busWeekday735,735,Victory bus,1 of 2,433,Weekday,https://www4.septa.org/picking/pdf/summer-a-2026/victory/bus/paddles/weekday-paddles.pdf#page=433,https://www4.septa.org/picking/pdf/summer-a-2026/victory/bus/paddles/weekday-paddles#page=433.pdf,https://www4.septa.org/picking/pdf/summer-a-2026/victory/bus/trip-sheets/weekday-trip-sheets.pdf
Victory busWeekday735,735,Victory bus,1 of 2,433,Weekday,https://www4.septa.org/picking/pdf/summer-a-2026/victory/bus/paddles/weekday-paddles.pdf#page=433,https://www4.septa.org/picking/pdf/summer-a-2026/victory/bus/paddles/weekday-paddles#page=433.pdf,https://www4.septa.org/picking/pdf/summer-a-2026/victory/bus/trip-sheets/weekday-trip-sheets.pdf
Victory busWeekday736,736,Victory bus,1 of 2,435,Weekday,https://www4.septa.org/picking/pdf/summer-a-2026/victory/bus/paddles/weekday-paddles.pdf#page=435,https://www4.septa.org/picking/pdf/summer-a-2026/victory/bus/paddles/weekday-paddles#page=435.pdf,https://www4.septa.org/picking/pdf/summer-a-2026/victory/bus/trip-sheets/weekday-trip-sheets.pdf
Victory busWeekday736,736,Victory bus,1 of 2,435,Weekday,https://www4.septa.org/picking/pdf/summer-a-2026/victory/bus/paddles/weekday-paddles.pdf#page=435,https://www4.septa.org/picking/pdf/summer-a-2026/victory/bus/paddles/weekday-paddles#page=435.pdf,https://www4.septa.org/picking/pdf/summer-a-2026/victory/bus/trip-sheets/weekday-trip-sheets.pdf
Victory busWeekday737,737,Victory bus,1 of 1,437,Weekday,https://www4.septa.org/picking/pdf/summer-a-2026/victory/bus/paddles/weekday-paddles.pdf#page=437,https://www4.septa.org/picking/pdf/summer-a-2026/victory/bus/paddles/weekday-paddles#page=437.pdf,https://www4.septa.org/picking/pdf/summer-a-2026/victory/bus/trip-sheets/weekday-trip-sheets.pdf
Victory busWeekday738,738,Victory bus,1 of 1,438,Weekday,https://www4.septa.org/picking/pdf/summer-a-2026/victory/bus/paddles/weekday-paddles.pdf#page=438,https://www4.septa.org/picking/pdf/summer-a-2026/victory/bus/paddles/weekday-paddles#page=438.pdf,https://www4.septa.org/picking/pdf/summer-a-2026/victory/bus/trip-sheets/weekday-trip-sheets.pdf
Victory busWeekday739,739,Victory bus,1 of 1,439,Weekday,https://www4.septa.org/picking/pdf/summer-a-2026/victory/bus/paddles/weekday-paddles.pdf#page=439,https://www4.septa.org/picking/pdf/summer-a-2026/victory/bus/paddles/weekday-paddles#page=439.pdf,https://www4.septa.org/picking/pdf/summer-a-2026/victory/bus/trip-sheets/weekday-trip-sheets.pdf
Victory busSaturday1,1,Victory bus,1 of 2,1,Saturday,https://www4.septa.org/picking/pdf/summer-a-2026/victory/bus/paddles/saturday-paddles.pdf#page=1,https://www4.septa.org/picking/pdf/summer-a-2026/victory/bus/paddles/saturday-paddles#page=1.pdf,https://www4.septa.org/picking/pdf/summer-a-2026/victory/bus/trip-sheets/saturday-trip-sheets.pdf
Victory busSaturday2,2,Victory bus,1 of 3,3,Saturday,https://www4.septa.org/picking/pdf/summer-a-2026/victory/bus/paddles/saturday-paddles.pdf#page=3,https://www4.septa.org/picking/pdf/summer-a-2026/victory/bus/paddles/saturday-paddles#page=3.pdf,https://www4.septa.org/picking/pdf/summer-a-2026/victory/bus/trip-sheets/saturday-trip-sheets.pdf
Victory busSaturday3,3,Victory bus,1 of 3,6,Saturday,https://www4.septa.org/picking/pdf/summer-a-2026/victory/bus/paddles/saturday-paddles.pdf#page=6,https://www4.septa.org/picking/pdf/summer-a-2026/victory/bus/paddles/saturday-paddles#page=6.pdf,https://www4.septa.org/picking/pdf/summer-a-2026/victory/bus/trip-sheets/saturday-trip-sheets.pdf
Victory busSaturday4,4,Victory bus,1 of 3,9,Saturday,https://www4.septa.org/picking/pdf/summer-a-2026/victory/bus/paddles/saturday-paddles.pdf#page=9,https://www4.septa.org/picking/pdf/summer-a-2026/victory/bus/paddles/saturday-paddles#page=9.pdf,https://www4.septa.org/picking/pdf/summer-a-2026/victory/bus/trip-sheets/saturday-trip-sheets.pdf
Victory busSaturday26,26,Victory bus,1 of 2,12,Saturday,https://www4.septa.org/picking/pdf/summer-a-2026/victory/bus/paddles/saturday-paddles.pdf#page=12,https://www4.septa.org/picking/pdf/summer-a-2026/victory/bus/paddles/saturday-paddles#page=12.pdf,https://www4.septa.org/picking/pdf/summer-a-2026/victory/bus/trip-sheets/saturday-trip-sheets.pdf
Victory busSaturday27,27,Victory bus,1 of 2,14,Saturday,https://www4.septa.org/picking/pdf/summer-a-2026/victory/bus/paddles/saturday-paddles.pdf#page=14,https://www4.septa.org/picking/pdf/summer-a-2026/victory/bus/paddles/saturday-paddles#page=14.pdf,https://www4.septa.org/picking/pdf/summer-a-2026/victory/bus/trip-sheets/saturday-trip-sheets.pdf
Victory busSaturday28,28,Victory bus,1 of 1,16,Saturday,https://www4.septa.org/picking/pdf/summer-a-2026/victory/bus/paddles/saturday-paddles.pdf#page=16,https://www4.septa.org/picking/pdf/summer-a-2026/victory/bus/paddles/saturday-paddles#page=16.pdf,https://www4.septa.org/picking/pdf/summer-a-2026/victory/bus/trip-sheets/saturday-trip-sheets.pdf
Victory busSaturday29,29,Victory bus,1 of 3,17,Saturday,https://www4.septa.org/picking/pdf/summer-a-2026/victory/bus/paddles/saturday-paddles.pdf#page=17,https://www4.septa.org/picking/pdf/summer-a-2026/victory/bus/paddles/saturday-paddles#page=17.pdf,https://www4.septa.org/picking/pdf/summer-a-2026/victory/bus/trip-sheets/saturday-trip-sheets.pdf
Victory busSaturday30,30,Victory bus,1 of 3,20,Saturday,https://www4.septa.org/picking/pdf/summer-a-2026/victory/bus/paddles/saturday-paddles.pdf#page=20,https://www4.septa.org/picking/pdf/summer-a-2026/victory/bus/paddles/saturday-paddles#page=20.pdf,https://www4.septa.org/picking/pdf/summer-a-2026/victory/bus/trip-sheets/saturday-trip-sheets.pdf
Victory busSaturday31,31,Victory bus,1 of 2,23,Saturday,https://www4.septa.org/picking/pdf/summer-a-2026/victory/bus/paddles/saturday-paddles.pdf#page=23,https://www4.septa.org/picking/pdf/summer-a-2026/victory/bus/paddles/saturday-paddles#page=23.pdf,https://www4.septa.org/picking/pdf/summer-a-2026/victory/bus/trip-sheets/saturday-trip-sheets.pdf
Victory busSaturday32,32,Victory bus,1 of 2,25,Saturday,https://www4.septa.org/picking/pdf/summer-a-2026/victory/bus/paddles/saturday-paddles.pdf#page=25,https://www4.septa.org/picking/pdf/summer-a-2026/victory/bus/paddles/saturday-paddles#page=25.pdf,https://www4.septa.org/picking/pdf/summer-a-2026/victory/bus/trip-sheets/saturday-trip-sheets.pdf
Victory busSaturday76,76,Victory bus,1 of 2,27,Saturday,https://www4.septa.org/picking/pdf/summer-a-2026/victory/bus/paddles/saturday-paddles.pdf#page=27,https://www4.septa.org/picking/pdf/summer-a-2026/victory/bus/paddles/saturday-paddles#page=27.pdf,https://www4.septa.org/picking/pdf/summer-a-2026/victory/bus/trip-sheets/saturday-trip-sheets.pdf
Victory busSaturday77,77,Victory bus,1 of 3,29,Saturday,https://www4.septa.org/picking/pdf/summer-a-2026/victory/bus/paddles/saturday-paddles.pdf#page=29,https://www4.septa.org/picking/pdf/summer-a-2026/victory/bus/paddles/saturday-paddles#page=29.pdf,https://www4.septa.org/picking/pdf/summer-a-2026/victory/bus/trip-sheets/saturday-trip-sheets.pdf
Victory busSaturday101,101,Victory bus,1 of 3,32,Saturday,https://www4.septa.org/picking/pdf/summer-a-2026/victory/bus/paddles/saturday-paddles.pdf#page=32,https://www4.septa.org/picking/pdf/summer-a-2026/victory/bus/paddles/saturday-paddles#page=32.pdf,https://www4.septa.org/picking/pdf/summer-a-2026/victory/bus/trip-sheets/saturday-trip-sheets.pdf
Victory busSaturday102,102,Victory bus,1 of 3,35,Saturday,https://www4.septa.org/picking/pdf/summer-a-2026/victory/bus/paddles/saturday-paddles.pdf#page=35,https://www4.septa.org/picking/pdf/summer-a-2026/victory/bus/paddles/saturday-paddles#page=35.pdf,https://www4.septa.org/picking/pdf/summer-a-2026/victory/bus/trip-sheets/saturday-trip-sheets.pdf
Victory busSaturday126,126,Victory bus,1 of 2,38,Saturday,https://www4.septa.org/picking/pdf/summer-a-2026/victory/bus/paddles/saturday-paddles.pdf#page=38,https://www4.septa.org/picking/pdf/summer-a-2026/victory/bus/paddles/saturday-paddles#page=38.pdf,https://www4.septa.org/picking/pdf/summer-a-2026/victory/bus/trip-sheets/saturday-trip-sheets.pdf
Victory busSaturday127,127,Victory bus,1 of 2,40,Saturday,https://www4.septa.org/picking/pdf/summer-a-2026/victory/bus/paddles/saturday-paddles.pdf#page=40,https://www4.septa.org/picking/pdf/summer-a-2026/victory/bus/paddles/saturday-paddles#page=40.pdf,https://www4.septa.org/picking/pdf/summer-a-2026/victory/bus/trip-sheets/saturday-trip-sheets.pdf
Victory busSaturday128,128,Victory bus,1 of 3,42,Saturday,https://www4.septa.org/picking/pdf/summer-a-2026/victory/bus/paddles/saturday-paddles.pdf#page=42,https://www4.septa.org/picking/pdf/summer-a-2026/victory/bus/paddles/saturday-paddles#page=42.pdf,https://www4.septa.org/picking/pdf/summer-a-2026/victory/bus/trip-sheets/saturday-trip-sheets.pdf
Victory busSaturday129,129,Victory bus,1 of 2,45,Saturday,https://www4.septa.org/picking/pdf/summer-a-2026/victory/bus/paddles/saturday-paddles.pdf#page=45,https://www4.septa.org/picking/pdf/summer-a-2026/victory/bus/paddles/saturday-paddles#page=45.pdf,https://www4.septa.org/picking/pdf/summer-a-2026/victory/bus/trip-sheets/saturday-trip-sheets.pdf
Victory busSaturday130,130,Victory bus,1 of 2,47,Saturday,https://www4.septa.org/picking/pdf/summer-a-2026/victory/bus/paddles/saturday-paddles.pdf#page=47,https://www4.septa.org/picking/pdf/summer-a-2026/victory/bus/paddles/saturday-paddles#page=47.pdf,https://www4.septa.org/picking/pdf/summer-a-2026/victory/bus/trip-sheets/saturday-trip-sheets.pdf
Victory busSaturday151,151,Victory bus,1 of 2,49,Saturday,https://www4.septa.org/picking/pdf/summer-a-2026/victory/bus/paddles/saturday-paddles.pdf#page=49,https://www4.septa.org/picking/pdf/summer-a-2026/victory/bus/paddles/saturday-paddles#page=49.pdf,https://www4.septa.org/picking/pdf/summer-a-2026/victory/bus/trip-sheets/saturday-trip-sheets.pdf
Victory busSaturday152,152,Victory bus,1 of 2,51,Saturday,https://www4.septa.org/picking/pdf/summer-a-2026/victory/bus/paddles/saturday-paddles.pdf#page=51,https://www4.septa.org/picking/pdf/summer-a-2026/victory/bus/paddles/saturday-paddles#page=51.pdf,https://www4.septa.org/picking/pdf/summer-a-2026/victory/bus/trip-sheets/saturday-trip-sheets.pdf
Victory busSaturday153,153,Victory bus,1 of 2,53,Saturday,https://www4.septa.org/picking/pdf/summer-a-2026/victory/bus/paddles/saturday-paddles.pdf#page=53,https://www4.septa.org/picking/pdf/summer-a-2026/victory/bus/paddles/saturday-paddles#page=53.pdf,https://www4.septa.org/picking/pdf/summer-a-2026/victory/bus/trip-sheets/saturday-trip-sheets.pdf
Victory busSaturday154,154,Victory bus,1 of 2,55,Saturday,https://www4.septa.org/picking/pdf/summer-a-2026/victory/bus/paddles/saturday-paddles.pdf#page=55,https://www4.septa.org/picking/pdf/summer-a-2026/victory/bus/paddles/saturday-paddles#page=55.pdf,https://www4.septa.org/picking/pdf/summer-a-2026/victory/bus/trip-sheets/saturday-trip-sheets.pdf
Victory busSaturday155,155,Victory bus,1 of 2,57,Saturday,https://www4.septa.org/picking/pdf/summer-a-2026/victory/bus/paddles/saturday-paddles.pdf#page=57,https://www4.septa.org/picking/pdf/summer-a-2026/victory/bus/paddles/saturday-paddles#page=57.pdf,https://www4.septa.org/picking/pdf/summer-a-2026/victory/bus/trip-sheets/saturday-trip-sheets.pdf
Victory busSaturday156,156,Victory bus,1 of 2,59,Saturday,https://www4.septa.org/picking/pdf/summer-a-2026/victory/bus/paddles/saturday-paddles.pdf#page=59,https://www4.septa.org/picking/pdf/summer-a-2026/victory/bus/paddles/saturday-paddles#page=59.pdf,https://www4.septa.org/picking/pdf/summer-a-2026/victory/bus/trip-sheets/saturday-trip-sheets.pdf
Victory busSaturday157,157,Victory bus,1 of 2,61,Saturday,https://www4.septa.org/picking/pdf/summer-a-2026/victory/bus/paddles/saturday-paddles.pdf#page=61,https://www4.septa.org/picking/pdf/summer-a-2026/victory/bus/paddles/saturday-paddles#page=61.pdf,https://www4.septa.org/picking/pdf/summer-a-2026/victory/bus/trip-sheets/saturday-trip-sheets.pdf
Victory busSaturday158,158,Victory bus,1 of 2,63,Saturday,https://www4.septa.org/picking/pdf/summer-a-2026/victory/bus/paddles/saturday-paddles.pdf#page=63,https://www4.septa.org/picking/pdf/summer-a-2026/victory/bus/paddles/saturday-paddles#page=63.pdf,https://www4.septa.org/picking/pdf/summer-a-2026/victory/bus/trip-sheets/saturday-trip-sheets.pdf
Victory busSaturday159,159,Victory bus,1 of 2,65,Saturday,https://www4.septa.org/picking/pdf/summer-a-2026/victory/bus/paddles/saturday-paddles.pdf#page=65,https://www4.septa.org/picking/pdf/summer-a-2026/victory/bus/paddles/saturday-paddles#page=65.pdf,https://www4.septa.org/picking/pdf/summer-a-2026/victory/bus/trip-sheets/saturday-trip-sheets.pdf
Victory busSaturday160,160,Victory bus,1 of 2,67,Saturday,https://www4.septa.org/picking/pdf/summer-a-2026/victory/bus/paddles/saturday-paddles.pdf#page=67,https://www4.septa.org/picking/pdf/summer-a-2026/victory/bus/paddles/saturday-paddles#page=67.pdf,https://www4.septa.org/picking/pdf/summer-a-2026/victory/bus/trip-sheets/saturday-trip-sheets.pdf
Victory busSaturday161,161,Victory bus,1 of 2,69,Saturday,https://www4.septa.org/picking/pdf/summer-a-2026/victory/bus/paddles/saturday-paddles.pdf#page=69,https://www4.septa.org/picking/pdf/summer-a-2026/victory/bus/paddles/saturday-paddles#page=69.pdf,https://www4.septa.org/picking/pdf/summer-a-2026/victory/bus/trip-sheets/saturday-trip-sheets.pdf
Victory busSaturday176,176,Victory bus,1 of 2,71,Saturday,https://www4.septa.org/picking/pdf/summer-a-2026/victory/bus/paddles/saturday-paddles.pdf#page=71,https://www4.septa.org/picking/pdf/summer-a-2026/victory/bus/paddles/saturday-paddles#page=71.pdf,https://www4.septa.org/picking/pdf/summer-a-2026/victory/bus/trip-sheets/saturday-trip-sheets.pdf
Victory busSaturday177,177,Victory bus,1 of 2,73,Saturday,https://www4.septa.org/picking/pdf/summer-a-2026/victory/bus/paddles/saturday-paddles.pdf#page=73,https://www4.septa.org/picking/pdf/summer-a-2026/victory/bus/paddles/saturday-paddles#page=73.pdf,https://www4.septa.org/picking/pdf/summer-a-2026/victory/bus/trip-sheets/saturday-trip-sheets.pdf
Victory busSaturday178,178,Victory bus,1 of 2,75,Saturday,https://www4.septa.org/picking/pdf/summer-a-2026/victory/bus/paddles/saturday-paddles.pdf#page=75,https://www4.septa.org/picking/pdf/summer-a-2026/victory/bus/paddles/saturday-paddles#page=75.pdf,https://www4.septa.org/picking/pdf/summer-a-2026/victory/bus/trip-sheets/saturday-trip-sheets.pdf
Victory busSaturday179,179,Victory bus,1 of 3,77,Saturday,https://www4.septa.org/picking/pdf/summer-a-2026/victory/bus/paddles/saturday-paddles.pdf#page=77,https://www4.septa.org/picking/pdf/summer-a-2026/victory/bus/paddles/saturday-paddles#page=77.pdf,https://www4.septa.org/picking/pdf/summer-a-2026/victory/bus/trip-sheets/saturday-trip-sheets.pdf
Victory busSaturday180,180,Victory bus,1 of 2,80,Saturday,https://www4.septa.org/picking/pdf/summer-a-2026/victory/bus/paddles/saturday-paddles.pdf#page=80,https://www4.septa.org/picking/pdf/summer-a-2026/victory/bus/paddles/saturday-paddles#page=80.pdf,https://www4.septa.org/picking/pdf/summer-a-2026/victory/bus/trip-sheets/saturday-trip-sheets.pdf
Victory busSaturday181,181,Victory bus,1 of 2,82,Saturday,https://www4.septa.org/picking/pdf/summer-a-2026/victory/bus/paddles/saturday-paddles.pdf#page=82,https://www4.septa.org/picking/pdf/summer-a-2026/victory/bus/paddles/saturday-paddles#page=82.pdf,https://www4.septa.org/picking/pdf/summer-a-2026/victory/bus/trip-sheets/saturday-trip-sheets.pdf
Victory busSaturday182,182,Victory bus,1 of 2,84,Saturday,https://www4.septa.org/picking/pdf/summer-a-2026/victory/bus/paddles/saturday-paddles.pdf#page=84,https://www4.septa.org/picking/pdf/summer-a-2026/victory/bus/paddles/saturday-paddles#page=84.pdf,https://www4.septa.org/picking/pdf/summer-a-2026/victory/bus/trip-sheets/saturday-trip-sheets.pdf
Victory busSaturday183,183,Victory bus,1 of 2,86,Saturday,https://www4.septa.org/picking/pdf/summer-a-2026/victory/bus/paddles/saturday-paddles.pdf#page=86,https://www4.septa.org/picking/pdf/summer-a-2026/victory/bus/paddles/saturday-paddles#page=86.pdf,https://www4.septa.org/picking/pdf/summer-a-2026/victory/bus/trip-sheets/saturday-trip-sheets.pdf
Victory busSaturday201,201,Victory bus,1 of 2,88,Saturday,https://www4.septa.org/picking/pdf/summer-a-2026/victory/bus/paddles/saturday-paddles.pdf#page=88,https://www4.septa.org/picking/pdf/summer-a-2026/victory/bus/paddles/saturday-paddles#page=88.pdf,https://www4.septa.org/picking/pdf/summer-a-2026/victory/bus/trip-sheets/saturday-trip-sheets.pdf
Victory busSaturday202,202,Victory bus,1 of 2,90,Saturday,https://www4.septa.org/picking/pdf/summer-a-2026/victory/bus/paddles/saturday-paddles.pdf#page=90,https://www4.septa.org/picking/pdf/summer-a-2026/victory/bus/paddles/saturday-paddles#page=90.pdf,https://www4.septa.org/picking/pdf/summer-a-2026/victory/bus/trip-sheets/saturday-trip-sheets.pdf
Victory busSaturday203,203,Victory bus,1 of 2,92,Saturday,https://www4.septa.org/picking/pdf/summer-a-2026/victory/bus/paddles/saturday-paddles.pdf#page=92,https://www4.septa.org/picking/pdf/summer-a-2026/victory/bus/paddles/saturday-paddles#page=92.pdf,https://www4.septa.org/picking/pdf/summer-a-2026/victory/bus/trip-sheets/saturday-trip-sheets.pdf
Victory busSaturday204,204,Victory bus,1 of 2,94,Saturday,https://www4.septa.org/picking/pdf/summer-a-2026/victory/bus/paddles/saturday-paddles.pdf#page=94,https://www4.septa.org/picking/pdf/summer-a-2026/victory/bus/paddles/saturday-paddles#page=94.pdf,https://www4.septa.org/picking/pdf/summer-a-2026/victory/bus/trip-sheets/saturday-trip-sheets.pdf
Victory busSaturday205,205,Victory bus,1 of 2,96,Saturday,https://www4.septa.org/picking/pdf/summer-a-2026/victory/bus/paddles/saturday-paddles.pdf#page=96,https://www4.septa.org/picking/pdf/summer-a-2026/victory/bus/paddles/saturday-paddles#page=96.pdf,https://www4.septa.org/picking/pdf/summer-a-2026/victory/bus/trip-sheets/saturday-trip-sheets.pdf
Victory busSaturday226,226,Victory bus,1 of 2,98,Saturday,https://www4.septa.org/picking/pdf/summer-a-2026/victory/bus/paddles/saturday-paddles.pdf#page=98,https://www4.septa.org/picking/pdf/summer-a-2026/victory/bus/paddles/saturday-paddles#page=98.pdf,https://www4.septa.org/picking/pdf/summer-a-2026/victory/bus/trip-sheets/saturday-trip-sheets.pdf
Victory busSaturday227,227,Victory bus,1 of 2,100,Saturday,https://www4.septa.org/picking/pdf/summer-a-2026/victory/bus/paddles/saturday-paddles.pdf#page=100,https://www4.septa.org/picking/pdf/summer-a-2026/victory/bus/paddles/saturday-paddles#page=100.pdf,https://www4.septa.org/picking/pdf/summer-a-2026/victory/bus/trip-sheets/saturday-trip-sheets.pdf
Victory busSaturday228,228,Victory bus,1 of 2,102,Saturday,https://www4.septa.org/picking/pdf/summer-a-2026/victory/bus/paddles/saturday-paddles.pdf#page=102,https://www4.septa.org/picking/pdf/summer-a-2026/victory/bus/paddles/saturday-paddles#page=102.pdf,https://www4.septa.org/picking/pdf/summer-a-2026/victory/bus/trip-sheets/saturday-trip-sheets.pdf
Victory busSaturday229,229,Victory bus,1 of 2,104,Saturday,https://www4.septa.org/picking/pdf/summer-a-2026/victory/bus/paddles/saturday-paddles.pdf#page=104,https://www4.septa.org/picking/pdf/summer-a-2026/victory/bus/paddles/saturday-paddles#page=104.pdf,https://www4.septa.org/picking/pdf/summer-a-2026/victory/bus/trip-sheets/saturday-trip-sheets.pdf
Victory busSaturday230,230,Victory bus,1 of 2,106,Saturday,https://www4.septa.org/picking/pdf/summer-a-2026/victory/bus/paddles/saturday-paddles.pdf#page=106,https://www4.septa.org/picking/pdf/summer-a-2026/victory/bus/paddles/saturday-paddles#page=106.pdf,https://www4.septa.org/picking/pdf/summer-a-2026/victory/bus/trip-sheets/saturday-trip-sheets.pdf
Victory busSaturday251,251,Victory bus,1 of 2,108,Saturday,https://www4.septa.org/picking/pdf/summer-a-2026/victory/bus/paddles/saturday-paddles.pdf#page=108,https://www4.septa.org/picking/pdf/summer-a-2026/victory/bus/paddles/saturday-paddles#page=108.pdf,https://www4.septa.org/picking/pdf/summer-a-2026/victory/bus/trip-sheets/saturday-trip-sheets.pdf
Victory busSaturday252,252,Victory bus,1 of 2,110,Saturday,https://www4.septa.org/picking/pdf/summer-a-2026/victory/bus/paddles/saturday-paddles.pdf#page=110,https://www4.septa.org/picking/pdf/summer-a-2026/victory/bus/paddles/saturday-paddles#page=110.pdf,https://www4.septa.org/picking/pdf/summer-a-2026/victory/bus/trip-sheets/saturday-trip-sheets.pdf
Victory busSaturday253,253,Victory bus,1 of 3,112,Saturday,https://www4.septa.org/picking/pdf/summer-a-2026/victory/bus/paddles/saturday-paddles.pdf#page=112,https://www4.septa.org/picking/pdf/summer-a-2026/victory/bus/paddles/saturday-paddles#page=112.pdf,https://www4.septa.org/picking/pdf/summer-a-2026/victory/bus/trip-sheets/saturday-trip-sheets.pdf
Victory busSaturday276,276,Victory bus,1 of 2,115,Saturday,https://www4.septa.org/picking/pdf/summer-a-2026/victory/bus/paddles/saturday-paddles.pdf#page=115,https://www4.septa.org/picking/pdf/summer-a-2026/victory/bus/paddles/saturday-paddles#page=115.pdf,https://www4.septa.org/picking/pdf/summer-a-2026/victory/bus/trip-sheets/saturday-trip-sheets.pdf
Victory busSaturday277,277,Victory bus,1 of 2,117,Saturday,https://www4.septa.org/picking/pdf/summer-a-2026/victory/bus/paddles/saturday-paddles.pdf#page=117,https://www4.septa.org/picking/pdf/summer-a-2026/victory/bus/paddles/saturday-paddles#page=117.pdf,https://www4.septa.org/picking/pdf/summer-a-2026/victory/bus/trip-sheets/saturday-trip-sheets.pdf
Victory busSaturday278,278,Victory bus,1 of 3,119,Saturday,https://www4.septa.org/picking/pdf/summer-a-2026/victory/bus/paddles/saturday-paddles.pdf#page=119,https://www4.septa.org/picking/pdf/summer-a-2026/victory/bus/paddles/saturday-paddles#page=119.pdf,https://www4.septa.org/picking/pdf/summer-a-2026/victory/bus/trip-sheets/saturday-trip-sheets.pdf
Victory busSaturday279,279,Victory bus,1 of 2,122,Saturday,https://www4.septa.org/picking/pdf/summer-a-2026/victory/bus/paddles/saturday-paddles.pdf#page=122,https://www4.septa.org/picking/pdf/summer-a-2026/victory/bus/paddles/saturday-paddles#page=122.pdf,https://www4.septa.org/picking/pdf/summer-a-2026/victory/bus/trip-sheets/saturday-trip-sheets.pdf
Victory busSaturday280,280,Victory bus,1 of 2,124,Saturday,https://www4.septa.org/picking/pdf/summer-a-2026/victory/bus/paddles/saturday-paddles.pdf#page=124,https://www4.septa.org/picking/pdf/summer-a-2026/victory/bus/paddles/saturday-paddles#page=124.pdf,https://www4.septa.org/picking/pdf/summer-a-2026/victory/bus/trip-sheets/saturday-trip-sheets.pdf
Victory busSaturday281,281,Victory bus,1 of 2,126,Saturday,https://www4.septa.org/picking/pdf/summer-a-2026/victory/bus/paddles/saturday-paddles.pdf#page=126,https://www4.septa.org/picking/pdf/summer-a-2026/victory/bus/paddles/saturday-paddles#page=126.pdf,https://www4.septa.org/picking/pdf/summer-a-2026/victory/bus/trip-sheets/saturday-trip-sheets.pdf
Victory busSaturday282,282,Victory bus,1 of 2,128,Saturday,https://www4.septa.org/picking/pdf/summer-a-2026/victory/bus/paddles/saturday-paddles.pdf#page=128,https://www4.septa.org/picking/pdf/summer-a-2026/victory/bus/paddles/saturday-paddles#page=128.pdf,https://www4.septa.org/picking/pdf/summer-a-2026/victory/bus/trip-sheets/saturday-trip-sheets.pdf
Victory busSaturday283,283,Victory bus,1 of 2,130,Saturday,https://www4.septa.org/picking/pdf/summer-a-2026/victory/bus/paddles/saturday-paddles.pdf#page=130,https://www4.septa.org/picking/pdf/summer-a-2026/victory/bus/paddles/saturday-paddles#page=130.pdf,https://www4.septa.org/picking/pdf/summer-a-2026/victory/bus/trip-sheets/saturday-trip-sheets.pdf
Victory busSaturday284,284,Victory bus,1 of 3,132,Saturday,https://www4.septa.org/picking/pdf/summer-a-2026/victory/bus/paddles/saturday-paddles.pdf#page=132,https://www4.septa.org/picking/pdf/summer-a-2026/victory/bus/paddles/saturday-paddles#page=132.pdf,https://www4.septa.org/picking/pdf/summer-a-2026/victory/bus/trip-sheets/saturday-trip-sheets.pdf
Victory busSaturday285,285,Victory bus,1 of 3,135,Saturday,https://www4.septa.org/picking/pdf/summer-a-2026/victory/bus/paddles/saturday-paddles.pdf#page=135,https://www4.septa.org/picking/pdf/summer-a-2026/victory/bus/paddles/saturday-paddles#page=135.pdf,https://www4.septa.org/picking/pdf/summer-a-2026/victory/bus/trip-sheets/saturday-trip-sheets.pdf
Victory busSaturday286,286,Victory bus,1 of 2,138,Saturday,https://www4.septa.org/picking/pdf/summer-a-2026/victory/bus/paddles/saturday-paddles.pdf#page=138,https://www4.septa.org/picking/pdf/summer-a-2026/victory/bus/paddles/saturday-paddles#page=138.pdf,https://www4.septa.org/picking/pdf/summer-a-2026/victory/bus/trip-sheets/saturday-trip-sheets.pdf
Victory busSaturday287,287,Victory bus,1 of 2,140,Saturday,https://www4.septa.org/picking/pdf/summer-a-2026/victory/bus/paddles/saturday-paddles.pdf#page=140,https://www4.septa.org/picking/pdf/summer-a-2026/victory/bus/paddles/saturday-paddles#page=140.pdf,https://www4.septa.org/picking/pdf/summer-a-2026/victory/bus/trip-sheets/saturday-trip-sheets.pdf
Victory busSaturday288,288,Victory bus,1 of 2,142,Saturday,https://www4.septa.org/picking/pdf/summer-a-2026/victory/bus/paddles/saturday-paddles.pdf#page=142,https://www4.septa.org/picking/pdf/summer-a-2026/victory/bus/paddles/saturday-paddles#page=142.pdf,https://www4.septa.org/picking/pdf/summer-a-2026/victory/bus/trip-sheets/saturday-trip-sheets.pdf
Victory busSaturday289,289,Victory bus,1 of 2,144,Saturday,https://www4.septa.org/picking/pdf/summer-a-2026/victory/bus/paddles/saturday-paddles.pdf#page=144,https://www4.septa.org/picking/pdf/summer-a-2026/victory/bus/paddles/saturday-paddles#page=144.pdf,https://www4.septa.org/picking/pdf/summer-a-2026/victory/bus/trip-sheets/saturday-trip-sheets.pdf
Victory busSaturday290,290,Victory bus,1 of 3,146,Saturday,https://www4.septa.org/picking/pdf/summer-a-2026/victory/bus/paddles/saturday-paddles.pdf#page=146,https://www4.septa.org/picking/pdf/summer-a-2026/victory/bus/paddles/saturday-paddles#page=146.pdf,https://www4.septa.org/picking/pdf/summer-a-2026/victory/bus/trip-sheets/saturday-trip-sheets.pdf
Victory busSaturday291,291,Victory bus,1 of 2,149,Saturday,https://www4.septa.org/picking/pdf/summer-a-2026/victory/bus/paddles/saturday-paddles.pdf#page=149,https://www4.septa.org/picking/pdf/summer-a-2026/victory/bus/paddles/saturday-paddles#page=149.pdf,https://www4.septa.org/picking/pdf/summer-a-2026/victory/bus/trip-sheets/saturday-trip-sheets.pdf
Victory busSaturday306,306,Victory bus,1 of 2,151,Saturday,https://www4.septa.org/picking/pdf/summer-a-2026/victory/bus/paddles/saturday-paddles.pdf#page=151,https://www4.septa.org/picking/pdf/summer-a-2026/victory/bus/paddles/saturday-paddles#page=151.pdf,https://www4.septa.org/picking/pdf/summer-a-2026/victory/bus/trip-sheets/saturday-trip-sheets.pdf
Victory busSaturday307,307,Victory bus,1 of 2,153,Saturday,https://www4.septa.org/picking/pdf/summer-a-2026/victory/bus/paddles/saturday-paddles.pdf#page=153,https://www4.septa.org/picking/pdf/summer-a-2026/victory/bus/paddles/saturday-paddles#page=153.pdf,https://www4.septa.org/picking/pdf/summer-a-2026/victory/bus/trip-sheets/saturday-trip-sheets.pdf
Victory busSaturday308,308,Victory bus,1 of 1,155,Saturday,https://www4.septa.org/picking/pdf/summer-a-2026/victory/bus/paddles/saturday-paddles.pdf#page=155,https://www4.septa.org/picking/pdf/summer-a-2026/victory/bus/paddles/saturday-paddles#page=155.pdf,https://www4.septa.org/picking/pdf/summer-a-2026/victory/bus/trip-sheets/saturday-trip-sheets.pdf
Victory busSaturday309,309,Victory bus,1 of 2,156,Saturday,https://www4.septa.org/picking/pdf/summer-a-2026/victory/bus/paddles/saturday-paddles.pdf#page=156,https://www4.septa.org/picking/pdf/summer-a-2026/victory/bus/paddles/saturday-paddles#page=156.pdf,https://www4.septa.org/picking/pdf/summer-a-2026/victory/bus/trip-sheets/saturday-trip-sheets.pdf
Victory busSaturday310,310,Victory bus,1 of 2,158,Saturday,https://www4.septa.org/picking/pdf/summer-a-2026/victory/bus/paddles/saturday-paddles.pdf#page=158,https://www4.septa.org/picking/pdf/summer-a-2026/victory/bus/paddles/saturday-paddles#page=158.pdf,https://www4.septa.org/picking/pdf/summer-a-2026/victory/bus/trip-sheets/saturday-trip-sheets.pdf
Victory busSaturday326,326,Victory bus,1 of 2,160,Saturday,https://www4.septa.org/picking/pdf/summer-a-2026/victory/bus/paddles/saturday-paddles.pdf#page=160,https://www4.septa.org/picking/pdf/summer-a-2026/victory/bus/paddles/saturday-paddles#page=160.pdf,https://www4.septa.org/picking/pdf/summer-a-2026/victory/bus/trip-sheets/saturday-trip-sheets.pdf
Victory busSaturday327,327,Victory bus,1 of 2,162,Saturday,https://www4.septa.org/picking/pdf/summer-a-2026/victory/bus/paddles/saturday-paddles.pdf#page=162,https://www4.septa.org/picking/pdf/summer-a-2026/victory/bus/paddles/saturday-paddles#page=162.pdf,https://www4.septa.org/picking/pdf/summer-a-2026/victory/bus/trip-sheets/saturday-trip-sheets.pdf
Victory busSaturday328,328,Victory bus,1 of 2,164,Saturday,https://www4.septa.org/picking/pdf/summer-a-2026/victory/bus/paddles/saturday-paddles.pdf#page=164,https://www4.septa.org/picking/pdf/summer-a-2026/victory/bus/paddles/saturday-paddles#page=164.pdf,https://www4.septa.org/picking/pdf/summer-a-2026/victory/bus/trip-sheets/saturday-trip-sheets.pdf
Victory busSaturday329,329,Victory bus,1 of 2,166,Saturday,https://www4.septa.org/picking/pdf/summer-a-2026/victory/bus/paddles/saturday-paddles.pdf#page=166,https://www4.septa.org/picking/pdf/summer-a-2026/victory/bus/paddles/saturday-paddles#page=166.pdf,https://www4.septa.org/picking/pdf/summer-a-2026/victory/bus/trip-sheets/saturday-trip-sheets.pdf
Victory busSaturday376,376,Victory bus,1 of 2,168,Saturday,https://www4.septa.org/picking/pdf/summer-a-2026/victory/bus/paddles/saturday-paddles.pdf#page=168,https://www4.septa.org/picking/pdf/summer-a-2026/victory/bus/paddles/saturday-paddles#page=168.pdf,https://www4.septa.org/picking/pdf/summer-a-2026/victory/bus/trip-sheets/saturday-trip-sheets.pdf
Victory busSaturday377,377,Victory bus,1 of 2,170,Saturday,https://www4.septa.org/picking/pdf/summer-a-2026/victory/bus/paddles/saturday-paddles.pdf#page=170,https://www4.septa.org/picking/pdf/summer-a-2026/victory/bus/paddles/saturday-paddles#page=170.pdf,https://www4.septa.org/picking/pdf/summer-a-2026/victory/bus/trip-sheets/saturday-trip-sheets.pdf
Victory busSaturday378,378,Victory bus,1 of 2,172,Saturday,https://www4.septa.org/picking/pdf/summer-a-2026/victory/bus/paddles/saturday-paddles.pdf#page=172,https://www4.septa.org/picking/pdf/summer-a-2026/victory/bus/paddles/saturday-paddles#page=172.pdf,https://www4.septa.org/picking/pdf/summer-a-2026/victory/bus/trip-sheets/saturday-trip-sheets.pdf
Victory busSaturday379,379,Victory bus,1 of 2,174,Saturday,https://www4.septa.org/picking/pdf/summer-a-2026/victory/bus/paddles/saturday-paddles.pdf#page=174,https://www4.septa.org/picking/pdf/summer-a-2026/victory/bus/paddles/saturday-paddles#page=174.pdf,https://www4.septa.org/picking/pdf/summer-a-2026/victory/bus/trip-sheets/saturday-trip-sheets.pdf
Victory busSaturday380,380,Victory bus,1 of 2,176,Saturday,https://www4.septa.org/picking/pdf/summer-a-2026/victory/bus/paddles/saturday-paddles.pdf#page=176,https://www4.septa.org/picking/pdf/summer-a-2026/victory/bus/paddles/saturday-paddles#page=176.pdf,https://www4.septa.org/picking/pdf/summer-a-2026/victory/bus/trip-sheets/saturday-trip-sheets.pdf
Victory busSaturday381,381,Victory bus,1 of 2,178,Saturday,https://www4.septa.org/picking/pdf/summer-a-2026/victory/bus/paddles/saturday-paddles.pdf#page=178,https://www4.septa.org/picking/pdf/summer-a-2026/victory/bus/paddles/saturday-paddles#page=178.pdf,https://www4.septa.org/picking/pdf/summer-a-2026/victory/bus/trip-sheets/saturday-trip-sheets.pdf
Victory busSaturday382,382,Victory bus,1 of 2,180,Saturday,https://www4.septa.org/picking/pdf/summer-a-2026/victory/bus/paddles/saturday-paddles.pdf#page=180,https://www4.septa.org/picking/pdf/summer-a-2026/victory/bus/paddles/saturday-paddles#page=180.pdf,https://www4.septa.org/picking/pdf/summer-a-2026/victory/bus/trip-sheets/saturday-trip-sheets.pdf
Victory busSaturday383,383,Victory bus,1 of 3,182,Saturday,https://www4.septa.org/picking/pdf/summer-a-2026/victory/bus/paddles/saturday-paddles.pdf#page=182,https://www4.septa.org/picking/pdf/summer-a-2026/victory/bus/paddles/saturday-paddles#page=182.pdf,https://www4.septa.org/picking/pdf/summer-a-2026/victory/bus/trip-sheets/saturday-trip-sheets.pdf
Victory busSaturday384,384,Victory bus,1 of 2,185,Saturday,https://www4.septa.org/picking/pdf/summer-a-2026/victory/bus/paddles/saturday-paddles.pdf#page=185,https://www4.septa.org/picking/pdf/summer-a-2026/victory/bus/paddles/saturday-paddles#page=185.pdf,https://www4.septa.org/picking/pdf/summer-a-2026/victory/bus/trip-sheets/saturday-trip-sheets.pdf
Victory busSaturday385,385,Victory bus,1 of 2,187,Saturday,https://www4.septa.org/picking/pdf/summer-a-2026/victory/bus/paddles/saturday-paddles.pdf#page=187,https://www4.septa.org/picking/pdf/summer-a-2026/victory/bus/paddles/saturday-paddles#page=187.pdf,https://www4.septa.org/picking/pdf/summer-a-2026/victory/bus/trip-sheets/saturday-trip-sheets.pdf
Victory busSaturday386,386,Victory bus,1 of 2,189,Saturday,https://www4.septa.org/picking/pdf/summer-a-2026/victory/bus/paddles/saturday-paddles.pdf#page=189,https://www4.septa.org/picking/pdf/summer-a-2026/victory/bus/paddles/saturday-paddles#page=189.pdf,https://www4.septa.org/picking/pdf/summer-a-2026/victory/bus/trip-sheets/saturday-trip-sheets.pdf
Victory busSaturday401,401,Victory bus,1 of 2,191,Saturday,https://www4.septa.org/picking/pdf/summer-a-2026/victory/bus/paddles/saturday-paddles.pdf#page=191,https://www4.septa.org/picking/pdf/summer-a-2026/victory/bus/paddles/saturday-paddles#page=191.pdf,https://www4.septa.org/picking/pdf/summer-a-2026/victory/bus/trip-sheets/saturday-trip-sheets.pdf
Victory busSaturday402,402,Victory bus,1 of 2,193,Saturday,https://www4.septa.org/picking/pdf/summer-a-2026/victory/bus/paddles/saturday-paddles.pdf#page=193,https://www4.septa.org/picking/pdf/summer-a-2026/victory/bus/paddles/saturday-paddles#page=193.pdf,https://www4.septa.org/picking/pdf/summer-a-2026/victory/bus/trip-sheets/saturday-trip-sheets.pdf
Victory busSaturday403,403,Victory bus,1 of 2,195,Saturday,https://www4.septa.org/picking/pdf/summer-a-2026/victory/bus/paddles/saturday-paddles.pdf#page=195,https://www4.septa.org/picking/pdf/summer-a-2026/victory/bus/paddles/saturday-paddles#page=195.pdf,https://www4.septa.org/picking/pdf/summer-a-2026/victory/bus/trip-sheets/saturday-trip-sheets.pdf
Victory busSaturday426,426,Victory bus,1 of 2,197,Saturday,https://www4.septa.org/picking/pdf/summer-a-2026/victory/bus/paddles/saturday-paddles.pdf#page=197,https://www4.septa.org/picking/pdf/summer-a-2026/victory/bus/paddles/saturday-paddles#page=197.pdf,https://www4.septa.org/picking/pdf/summer-a-2026/victory/bus/trip-sheets/saturday-trip-sheets.pdf
Victory busSaturday427,427,Victory bus,1 of 2,199,Saturday,https://www4.septa.org/picking/pdf/summer-a-2026/victory/bus/paddles/saturday-paddles.pdf#page=199,https://www4.septa.org/picking/pdf/summer-a-2026/victory/bus/paddles/saturday-paddles#page=199.pdf,https://www4.septa.org/picking/pdf/summer-a-2026/victory/bus/trip-sheets/saturday-trip-sheets.pdf
Victory busSaturday428,428,Victory bus,1 of 2,201,Saturday,https://www4.septa.org/picking/pdf/summer-a-2026/victory/bus/paddles/saturday-paddles.pdf#page=201,https://www4.septa.org/picking/pdf/summer-a-2026/victory/bus/paddles/saturday-paddles#page=201.pdf,https://www4.septa.org/picking/pdf/summer-a-2026/victory/bus/trip-sheets/saturday-trip-sheets.pdf
Victory busSaturday429,429,Victory bus,1 of 2,203,Saturday,https://www4.septa.org/picking/pdf/summer-a-2026/victory/bus/paddles/saturday-paddles.pdf#page=203,https://www4.septa.org/picking/pdf/summer-a-2026/victory/bus/paddles/saturday-paddles#page=203.pdf,https://www4.septa.org/picking/pdf/summer-a-2026/victory/bus/trip-sheets/saturday-trip-sheets.pdf
Victory busSaturday501,501,Victory bus,1 of 2,205,Saturday,https://www4.septa.org/picking/pdf/summer-a-2026/victory/bus/paddles/saturday-paddles.pdf#page=205,https://www4.septa.org/picking/pdf/summer-a-2026/victory/bus/paddles/saturday-paddles#page=205.pdf,https://www4.septa.org/picking/pdf/summer-a-2026/victory/bus/trip-sheets/saturday-trip-sheets.pdf
Victory busSaturday502,502,Victory bus,1 of 2,207,Saturday,https://www4.septa.org/picking/pdf/summer-a-2026/victory/bus/paddles/saturday-paddles.pdf#page=207,https://www4.septa.org/picking/pdf/summer-a-2026/victory/bus/paddles/saturday-paddles#page=207.pdf,https://www4.septa.org/picking/pdf/summer-a-2026/victory/bus/trip-sheets/saturday-trip-sheets.pdf
Victory busSaturday503,503,Victory bus,1 of 2,209,Saturday,https://www4.septa.org/picking/pdf/summer-a-2026/victory/bus/paddles/saturday-paddles.pdf#page=209,https://www4.septa.org/picking/pdf/summer-a-2026/victory/bus/paddles/saturday-paddles#page=209.pdf,https://www4.septa.org/picking/pdf/summer-a-2026/victory/bus/trip-sheets/saturday-trip-sheets.pdf
Victory busSaturday504,504,Victory bus,1 of 3,211,Saturday,https://www4.septa.org/picking/pdf/summer-a-2026/victory/bus/paddles/saturday-paddles.pdf#page=211,https://www4.septa.org/picking/pdf/summer-a-2026/victory/bus/paddles/saturday-paddles#page=211.pdf,https://www4.septa.org/picking/pdf/summer-a-2026/victory/bus/trip-sheets/saturday-trip-sheets.pdf
Victory busSaturday505,505,Victory bus,1 of 2,214,Saturday,https://www4.septa.org/picking/pdf/summer-a-2026/victory/bus/paddles/saturday-paddles.pdf#page=214,https://www4.septa.org/picking/pdf/summer-a-2026/victory/bus/paddles/saturday-paddles#page=214.pdf,https://www4.septa.org/picking/pdf/summer-a-2026/victory/bus/trip-sheets/saturday-trip-sheets.pdf
Victory busSaturday526,526,Victory bus,1 of 3,216,Saturday,https://www4.septa.org/picking/pdf/summer-a-2026/victory/bus/paddles/saturday-paddles.pdf#page=216,https://www4.septa.org/picking/pdf/summer-a-2026/victory/bus/paddles/saturday-paddles#page=216.pdf,https://www4.septa.org/picking/pdf/summer-a-2026/victory/bus/trip-sheets/saturday-trip-sheets.pdf
Victory busSaturday527,527,Victory bus,1 of 3,219,Saturday,https://www4.septa.org/picking/pdf/summer-a-2026/victory/bus/paddles/saturday-paddles.pdf#page=219,https://www4.septa.org/picking/pdf/summer-a-2026/victory/bus/paddles/saturday-paddles#page=219.pdf,https://www4.septa.org/picking/pdf/summer-a-2026/victory/bus/trip-sheets/saturday-trip-sheets.pdf
Victory busSaturday528,528,Victory bus,1 of 3,222,Saturday,https://www4.septa.org/picking/pdf/summer-a-2026/victory/bus/paddles/saturday-paddles.pdf#page=222,https://www4.septa.org/picking/pdf/summer-a-2026/victory/bus/paddles/saturday-paddles#page=222.pdf,https://www4.septa.org/picking/pdf/summer-a-2026/victory/bus/trip-sheets/saturday-trip-sheets.pdf
Victory busSaturday529,529,Victory bus,1 of 3,225,Saturday,https://www4.septa.org/picking/pdf/summer-a-2026/victory/bus/paddles/saturday-paddles.pdf#page=225,https://www4.septa.org/picking/pdf/summer-a-2026/victory/bus/paddles/saturday-paddles#page=225.pdf,https://www4.septa.org/picking/pdf/summer-a-2026/victory/bus/trip-sheets/saturday-trip-sheets.pdf
Victory busSaturday530,530,Victory bus,1 of 2,228,Saturday,https://www4.septa.org/picking/pdf/summer-a-2026/victory/bus/paddles/saturday-paddles.pdf#page=228,https://www4.septa.org/picking/pdf/summer-a-2026/victory/bus/paddles/saturday-paddles#page=228.pdf,https://www4.septa.org/picking/pdf/summer-a-2026/victory/bus/trip-sheets/saturday-trip-sheets.pdf
Victory busSaturday531,531,Victory bus,1 of 3,230,Saturday,https://www4.septa.org/picking/pdf/summer-a-2026/victory/bus/paddles/saturday-paddles.pdf#page=230,https://www4.septa.org/picking/pdf/summer-a-2026/victory/bus/paddles/saturday-paddles#page=230.pdf,https://www4.septa.org/picking/pdf/summer-a-2026/victory/bus/trip-sheets/saturday-trip-sheets.pdf
Victory busSaturday532,532,Victory bus,1 of 3,233,Saturday,https://www4.septa.org/picking/pdf/summer-a-2026/victory/bus/paddles/saturday-paddles.pdf#page=233,https://www4.septa.org/picking/pdf/summer-a-2026/victory/bus/paddles/saturday-paddles#page=233.pdf,https://www4.septa.org/picking/pdf/summer-a-2026/victory/bus/trip-sheets/saturday-trip-sheets.pdf
Victory busSaturday533,533,Victory bus,1 of 2,236,Saturday,https://www4.septa.org/picking/pdf/summer-a-2026/victory/bus/paddles/saturday-paddles.pdf#page=236,https://www4.septa.org/picking/pdf/summer-a-2026/victory/bus/paddles/saturday-paddles#page=236.pdf,https://www4.septa.org/picking/pdf/summer-a-2026/victory/bus/trip-sheets/saturday-trip-sheets.pdf
Victory busSaturday534,534,Victory bus,1 of 3,238,Saturday,https://www4.septa.org/picking/pdf/summer-a-2026/victory/bus/paddles/saturday-paddles.pdf#page=238,https://www4.septa.org/picking/pdf/summer-a-2026/victory/bus/paddles/saturday-paddles#page=238.pdf,https://www4.septa.org/picking/pdf/summer-a-2026/victory/bus/trip-sheets/saturday-trip-sheets.pdf
Victory busSaturday535,535,Victory bus,1 of 3,241,Saturday,https://www4.septa.org/picking/pdf/summer-a-2026/victory/bus/paddles/saturday-paddles.pdf#page=241,https://www4.septa.org/picking/pdf/summer-a-2026/victory/bus/paddles/saturday-paddles#page=241.pdf,https://www4.septa.org/picking/pdf/summer-a-2026/victory/bus/trip-sheets/saturday-trip-sheets.pdf
Victory busSaturday536,536,Victory bus,1 of 4,244,Saturday,https://www4.septa.org/picking/pdf/summer-a-2026/victory/bus/paddles/saturday-paddles.pdf#page=244,https://www4.septa.org/picking/pdf/summer-a-2026/victory/bus/paddles/saturday-paddles#page=244.pdf,https://www4.septa.org/picking/pdf/summer-a-2026/victory/bus/trip-sheets/saturday-trip-sheets.pdf
Victory busSaturday537,537,Victory bus,1 of 2,248,Saturday,https://www4.septa.org/picking/pdf/summer-a-2026/victory/bus/paddles/saturday-paddles.pdf#page=248,https://www4.septa.org/picking/pdf/summer-a-2026/victory/bus/paddles/saturday-paddles#page=248.pdf,https://www4.septa.org/picking/pdf/summer-a-2026/victory/bus/trip-sheets/saturday-trip-sheets.pdf
Victory busSaturday556,556,Victory bus,1 of 3,250,Saturday,https://www4.septa.org/picking/pdf/summer-a-2026/victory/bus/paddles/saturday-paddles.pdf#page=250,https://www4.septa.org/picking/pdf/summer-a-2026/victory/bus/paddles/saturday-paddles#page=250.pdf,https://www4.septa.org/picking/pdf/summer-a-2026/victory/bus/trip-sheets/saturday-trip-sheets.pdf
Victory busSunday1,1,Victory bus,1 of 2,1,Sunday,https://www4.septa.org/picking/pdf/summer-a-2026/victory/bus/paddles/sunday-paddles.pdf#page=1,https://www4.septa.org/picking/pdf/summer-a-2026/victory/bus/paddles/sunday-paddles#page=1.pdf,https://www4.septa.org/picking/pdf/summer-a-2026/victory/bus/trip-sheets/sunday-trip-sheets.pdf
Victory busSunday26,26,Victory bus,1 of 2,3,Sunday,https://www4.septa.org/picking/pdf/summer-a-2026/victory/bus/paddles/sunday-paddles.pdf#page=3,https://www4.septa.org/picking/pdf/summer-a-2026/victory/bus/paddles/sunday-paddles#page=3.pdf,https://www4.septa.org/picking/pdf/summer-a-2026/victory/bus/trip-sheets/sunday-trip-sheets.pdf
Victory busSunday27,27,Victory bus,1 of 2,5,Sunday,https://www4.septa.org/picking/pdf/summer-a-2026/victory/bus/paddles/sunday-paddles.pdf#page=5,https://www4.septa.org/picking/pdf/summer-a-2026/victory/bus/paddles/sunday-paddles#page=5.pdf,https://www4.septa.org/picking/pdf/summer-a-2026/victory/bus/trip-sheets/sunday-trip-sheets.pdf
Victory busSunday28,28,Victory bus,1 of 2,7,Sunday,https://www4.septa.org/picking/pdf/summer-a-2026/victory/bus/paddles/sunday-paddles.pdf#page=7,https://www4.septa.org/picking/pdf/summer-a-2026/victory/bus/paddles/sunday-paddles#page=7.pdf,https://www4.septa.org/picking/pdf/summer-a-2026/victory/bus/trip-sheets/sunday-trip-sheets.pdf
Victory busSunday29,29,Victory bus,1 of 2,9,Sunday,https://www4.septa.org/picking/pdf/summer-a-2026/victory/bus/paddles/sunday-paddles.pdf#page=9,https://www4.septa.org/picking/pdf/summer-a-2026/victory/bus/paddles/sunday-paddles#page=9.pdf,https://www4.septa.org/picking/pdf/summer-a-2026/victory/bus/trip-sheets/sunday-trip-sheets.pdf
Victory busSunday29,29,Victory bus,1 of 2,9,Sunday,https://www4.septa.org/picking/pdf/summer-a-2026/victory/bus/paddles/sunday-paddles.pdf#page=9,https://www4.septa.org/picking/pdf/summer-a-2026/victory/bus/paddles/sunday-paddles#page=9.pdf,https://www4.septa.org/picking/pdf/summer-a-2026/victory/bus/trip-sheets/sunday-trip-sheets.pdf
Victory busSunday30,30,Victory bus,1 of 2,11,Sunday,https://www4.septa.org/picking/pdf/summer-a-2026/victory/bus/paddles/sunday-paddles.pdf#page=11,https://www4.septa.org/picking/pdf/summer-a-2026/victory/bus/paddles/sunday-paddles#page=11.pdf,https://www4.septa.org/picking/pdf/summer-a-2026/victory/bus/trip-sheets/sunday-trip-sheets.pdf
Victory busSunday31,31,Victory bus,1 of 2,13,Sunday,https://www4.septa.org/picking/pdf/summer-a-2026/victory/bus/paddles/sunday-paddles.pdf#page=13,https://www4.septa.org/picking/pdf/summer-a-2026/victory/bus/paddles/sunday-paddles#page=13.pdf,https://www4.septa.org/picking/pdf/summer-a-2026/victory/bus/trip-sheets/sunday-trip-sheets.pdf
Victory busSunday32,32,Victory bus,1 of 2,15,Sunday,https://www4.septa.org/picking/pdf/summer-a-2026/victory/bus/paddles/sunday-paddles.pdf#page=15,https://www4.septa.org/picking/pdf/summer-a-2026/victory/bus/paddles/sunday-paddles#page=15.pdf,https://www4.septa.org/picking/pdf/summer-a-2026/victory/bus/trip-sheets/sunday-trip-sheets.pdf
Victory busSunday33,33,Victory bus,1 of 2,17,Sunday,https://www4.septa.org/picking/pdf/summer-a-2026/victory/bus/paddles/sunday-paddles.pdf#page=17,https://www4.septa.org/picking/pdf/summer-a-2026/victory/bus/paddles/sunday-paddles#page=17.pdf,https://www4.septa.org/picking/pdf/summer-a-2026/victory/bus/trip-sheets/sunday-trip-sheets.pdf
Victory busSunday76,76,Victory bus,1 of 3,19,Sunday,https://www4.septa.org/picking/pdf/summer-a-2026/victory/bus/paddles/sunday-paddles.pdf#page=19,https://www4.septa.org/picking/pdf/summer-a-2026/victory/bus/paddles/sunday-paddles#page=19.pdf,https://www4.septa.org/picking/pdf/summer-a-2026/victory/bus/trip-sheets/sunday-trip-sheets.pdf
Victory busSunday77,77,Victory bus,1 of 3,22,Sunday,https://www4.septa.org/picking/pdf/summer-a-2026/victory/bus/paddles/sunday-paddles.pdf#page=22,https://www4.septa.org/picking/pdf/summer-a-2026/victory/bus/paddles/sunday-paddles#page=22.pdf,https://www4.septa.org/picking/pdf/summer-a-2026/victory/bus/trip-sheets/sunday-trip-sheets.pdf
Victory busSunday151,151,Victory bus,1 of 2,25,Sunday,https://www4.septa.org/picking/pdf/summer-a-2026/victory/bus/paddles/sunday-paddles.pdf#page=25,https://www4.septa.org/picking/pdf/summer-a-2026/victory/bus/paddles/sunday-paddles#page=25.pdf,https://www4.septa.org/picking/pdf/summer-a-2026/victory/bus/trip-sheets/sunday-trip-sheets.pdf
Victory busSunday152,152,Victory bus,1 of 2,27,Sunday,https://www4.septa.org/picking/pdf/summer-a-2026/victory/bus/paddles/sunday-paddles.pdf#page=27,https://www4.septa.org/picking/pdf/summer-a-2026/victory/bus/paddles/sunday-paddles#page=27.pdf,https://www4.septa.org/picking/pdf/summer-a-2026/victory/bus/trip-sheets/sunday-trip-sheets.pdf
Victory busSunday153,153,Victory bus,1 of 2,29,Sunday,https://www4.septa.org/picking/pdf/summer-a-2026/victory/bus/paddles/sunday-paddles.pdf#page=29,https://www4.septa.org/picking/pdf/summer-a-2026/victory/bus/paddles/sunday-paddles#page=29.pdf,https://www4.septa.org/picking/pdf/summer-a-2026/victory/bus/trip-sheets/sunday-trip-sheets.pdf
Victory busSunday154,154,Victory bus,1 of 3,31,Sunday,https://www4.septa.org/picking/pdf/summer-a-2026/victory/bus/paddles/sunday-paddles.pdf#page=31,https://www4.septa.org/picking/pdf/summer-a-2026/victory/bus/paddles/sunday-paddles#page=31.pdf,https://www4.septa.org/picking/pdf/summer-a-2026/victory/bus/trip-sheets/sunday-trip-sheets.pdf
Victory busSunday155,155,Victory bus,1 of 2,34,Sunday,https://www4.septa.org/picking/pdf/summer-a-2026/victory/bus/paddles/sunday-paddles.pdf#page=34,https://www4.septa.org/picking/pdf/summer-a-2026/victory/bus/paddles/sunday-paddles#page=34.pdf,https://www4.septa.org/picking/pdf/summer-a-2026/victory/bus/trip-sheets/sunday-trip-sheets.pdf
Victory busSunday156,156,Victory bus,1 of 2,36,Sunday,https://www4.septa.org/picking/pdf/summer-a-2026/victory/bus/paddles/sunday-paddles.pdf#page=36,https://www4.septa.org/picking/pdf/summer-a-2026/victory/bus/paddles/sunday-paddles#page=36.pdf,https://www4.septa.org/picking/pdf/summer-a-2026/victory/bus/trip-sheets/sunday-trip-sheets.pdf
Victory busSunday157,157,Victory bus,1 of 2,38,Sunday,https://www4.septa.org/picking/pdf/summer-a-2026/victory/bus/paddles/sunday-paddles.pdf#page=38,https://www4.septa.org/picking/pdf/summer-a-2026/victory/bus/paddles/sunday-paddles#page=38.pdf,https://www4.septa.org/picking/pdf/summer-a-2026/victory/bus/trip-sheets/sunday-trip-sheets.pdf
Victory busSunday158,158,Victory bus,1 of 2,40,Sunday,https://www4.septa.org/picking/pdf/summer-a-2026/victory/bus/paddles/sunday-paddles.pdf#page=40,https://www4.septa.org/picking/pdf/summer-a-2026/victory/bus/paddles/sunday-paddles#page=40.pdf,https://www4.septa.org/picking/pdf/summer-a-2026/victory/bus/trip-sheets/sunday-trip-sheets.pdf
Victory busSunday159,159,Victory bus,1 of 2,42,Sunday,https://www4.septa.org/picking/pdf/summer-a-2026/victory/bus/paddles/sunday-paddles.pdf#page=42,https://www4.septa.org/picking/pdf/summer-a-2026/victory/bus/paddles/sunday-paddles#page=42.pdf,https://www4.septa.org/picking/pdf/summer-a-2026/victory/bus/trip-sheets/sunday-trip-sheets.pdf
Victory busSunday176,176,Victory bus,1 of 3,44,Sunday,https://www4.septa.org/picking/pdf/summer-a-2026/victory/bus/paddles/sunday-paddles.pdf#page=44,https://www4.septa.org/picking/pdf/summer-a-2026/victory/bus/paddles/sunday-paddles#page=44.pdf,https://www4.septa.org/picking/pdf/summer-a-2026/victory/bus/trip-sheets/sunday-trip-sheets.pdf
Victory busSunday177,177,Victory bus,1 of 2,47,Sunday,https://www4.septa.org/picking/pdf/summer-a-2026/victory/bus/paddles/sunday-paddles.pdf#page=47,https://www4.septa.org/picking/pdf/summer-a-2026/victory/bus/paddles/sunday-paddles#page=47.pdf,https://www4.septa.org/picking/pdf/summer-a-2026/victory/bus/trip-sheets/sunday-trip-sheets.pdf
Victory busSunday178,178,Victory bus,1 of 2,49,Sunday,https://www4.septa.org/picking/pdf/summer-a-2026/victory/bus/paddles/sunday-paddles.pdf#page=49,https://www4.septa.org/picking/pdf/summer-a-2026/victory/bus/paddles/sunday-paddles#page=49.pdf,https://www4.septa.org/picking/pdf/summer-a-2026/victory/bus/trip-sheets/sunday-trip-sheets.pdf
Victory busSunday179,179,Victory bus,1 of 3,51,Sunday,https://www4.septa.org/picking/pdf/summer-a-2026/victory/bus/paddles/sunday-paddles.pdf#page=51,https://www4.septa.org/picking/pdf/summer-a-2026/victory/bus/paddles/sunday-paddles#page=51.pdf,https://www4.septa.org/picking/pdf/summer-a-2026/victory/bus/trip-sheets/sunday-trip-sheets.pdf
Victory busSunday180,180,Victory bus,1 of 2,54,Sunday,https://www4.septa.org/picking/pdf/summer-a-2026/victory/bus/paddles/sunday-paddles.pdf#page=54,https://www4.septa.org/picking/pdf/summer-a-2026/victory/bus/paddles/sunday-paddles#page=54.pdf,https://www4.septa.org/picking/pdf/summer-a-2026/victory/bus/trip-sheets/sunday-trip-sheets.pdf
Victory busSunday181,181,Victory bus,1 of 2,56,Sunday,https://www4.septa.org/picking/pdf/summer-a-2026/victory/bus/paddles/sunday-paddles.pdf#page=56,https://www4.septa.org/picking/pdf/summer-a-2026/victory/bus/paddles/sunday-paddles#page=56.pdf,https://www4.septa.org/picking/pdf/summer-a-2026/victory/bus/trip-sheets/sunday-trip-sheets.pdf
Victory busSunday182,182,Victory bus,1 of 3,58,Sunday,https://www4.septa.org/picking/pdf/summer-a-2026/victory/bus/paddles/sunday-paddles.pdf#page=58,https://www4.septa.org/picking/pdf/summer-a-2026/victory/bus/paddles/sunday-paddles#page=58.pdf,https://www4.septa.org/picking/pdf/summer-a-2026/victory/bus/trip-sheets/sunday-trip-sheets.pdf
Victory busSunday201,201,Victory bus,1 of 3,61,Sunday,https://www4.septa.org/picking/pdf/summer-a-2026/victory/bus/paddles/sunday-paddles.pdf#page=61,https://www4.septa.org/picking/pdf/summer-a-2026/victory/bus/paddles/sunday-paddles#page=61.pdf,https://www4.septa.org/picking/pdf/summer-a-2026/victory/bus/trip-sheets/sunday-trip-sheets.pdf
Victory busSunday202,202,Victory bus,1 of 2,64,Sunday,https://www4.septa.org/picking/pdf/summer-a-2026/victory/bus/paddles/sunday-paddles.pdf#page=64,https://www4.septa.org/picking/pdf/summer-a-2026/victory/bus/paddles/sunday-paddles#page=64.pdf,https://www4.septa.org/picking/pdf/summer-a-2026/victory/bus/trip-sheets/sunday-trip-sheets.pdf
Victory busSunday203,203,Victory bus,1 of 2,66,Sunday,https://www4.septa.org/picking/pdf/summer-a-2026/victory/bus/paddles/sunday-paddles.pdf#page=66,https://www4.septa.org/picking/pdf/summer-a-2026/victory/bus/paddles/sunday-paddles#page=66.pdf,https://www4.septa.org/picking/pdf/summer-a-2026/victory/bus/trip-sheets/sunday-trip-sheets.pdf
Victory busSunday204,204,Victory bus,1 of 3,68,Sunday,https://www4.septa.org/picking/pdf/summer-a-2026/victory/bus/paddles/sunday-paddles.pdf#page=68,https://www4.septa.org/picking/pdf/summer-a-2026/victory/bus/paddles/sunday-paddles#page=68.pdf,https://www4.septa.org/picking/pdf/summer-a-2026/victory/bus/trip-sheets/sunday-trip-sheets.pdf
Victory busSunday205,205,Victory bus,1 of 3,71,Sunday,https://www4.septa.org/picking/pdf/summer-a-2026/victory/bus/paddles/sunday-paddles.pdf#page=71,https://www4.septa.org/picking/pdf/summer-a-2026/victory/bus/paddles/sunday-paddles#page=71.pdf,https://www4.septa.org/picking/pdf/summer-a-2026/victory/bus/trip-sheets/sunday-trip-sheets.pdf
Victory busSunday226,226,Victory bus,1 of 2,74,Sunday,https://www4.septa.org/picking/pdf/summer-a-2026/victory/bus/paddles/sunday-paddles.pdf#page=74,https://www4.septa.org/picking/pdf/summer-a-2026/victory/bus/paddles/sunday-paddles#page=74.pdf,https://www4.septa.org/picking/pdf/summer-a-2026/victory/bus/trip-sheets/sunday-trip-sheets.pdf
Victory busSunday227,227,Victory bus,1 of 2,76,Sunday,https://www4.septa.org/picking/pdf/summer-a-2026/victory/bus/paddles/sunday-paddles.pdf#page=76,https://www4.septa.org/picking/pdf/summer-a-2026/victory/bus/paddles/sunday-paddles#page=76.pdf,https://www4.septa.org/picking/pdf/summer-a-2026/victory/bus/trip-sheets/sunday-trip-sheets.pdf
Victory busSunday228,228,Victory bus,1 of 2,78,Sunday,https://www4.septa.org/picking/pdf/summer-a-2026/victory/bus/paddles/sunday-paddles.pdf#page=78,https://www4.septa.org/picking/pdf/summer-a-2026/victory/bus/paddles/sunday-paddles#page=78.pdf,https://www4.septa.org/picking/pdf/summer-a-2026/victory/bus/trip-sheets/sunday-trip-sheets.pdf
Victory busSunday276,276,Victory bus,1 of 2,80,Sunday,https://www4.septa.org/picking/pdf/summer-a-2026/victory/bus/paddles/sunday-paddles.pdf#page=80,https://www4.septa.org/picking/pdf/summer-a-2026/victory/bus/paddles/sunday-paddles#page=80.pdf,https://www4.septa.org/picking/pdf/summer-a-2026/victory/bus/trip-sheets/sunday-trip-sheets.pdf
Victory busSunday277,277,Victory bus,1 of 2,82,Sunday,https://www4.septa.org/picking/pdf/summer-a-2026/victory/bus/paddles/sunday-paddles.pdf#page=82,https://www4.septa.org/picking/pdf/summer-a-2026/victory/bus/paddles/sunday-paddles#page=82.pdf,https://www4.septa.org/picking/pdf/summer-a-2026/victory/bus/trip-sheets/sunday-trip-sheets.pdf
Victory busSunday278,278,Victory bus,1 of 2,84,Sunday,https://www4.septa.org/picking/pdf/summer-a-2026/victory/bus/paddles/sunday-paddles.pdf#page=84,https://www4.septa.org/picking/pdf/summer-a-2026/victory/bus/paddles/sunday-paddles#page=84.pdf,https://www4.septa.org/picking/pdf/summer-a-2026/victory/bus/trip-sheets/sunday-trip-sheets.pdf
Victory busSunday279,279,Victory bus,1 of 2,86,Sunday,https://www4.septa.org/picking/pdf/summer-a-2026/victory/bus/paddles/sunday-paddles.pdf#page=86,https://www4.septa.org/picking/pdf/summer-a-2026/victory/bus/paddles/sunday-paddles#page=86.pdf,https://www4.septa.org/picking/pdf/summer-a-2026/victory/bus/trip-sheets/sunday-trip-sheets.pdf
Victory busSunday280,280,Victory bus,1 of 2,88,Sunday,https://www4.septa.org/picking/pdf/summer-a-2026/victory/bus/paddles/sunday-paddles.pdf#page=88,https://www4.septa.org/picking/pdf/summer-a-2026/victory/bus/paddles/sunday-paddles#page=88.pdf,https://www4.septa.org/picking/pdf/summer-a-2026/victory/bus/trip-sheets/sunday-trip-sheets.pdf
Victory busSunday281,281,Victory bus,1 of 2,90,Sunday,https://www4.septa.org/picking/pdf/summer-a-2026/victory/bus/paddles/sunday-paddles.pdf#page=90,https://www4.septa.org/picking/pdf/summer-a-2026/victory/bus/paddles/sunday-paddles#page=90.pdf,https://www4.septa.org/picking/pdf/summer-a-2026/victory/bus/trip-sheets/sunday-trip-sheets.pdf
Victory busSunday282,282,Victory bus,1 of 2,92,Sunday,https://www4.septa.org/picking/pdf/summer-a-2026/victory/bus/paddles/sunday-paddles.pdf#page=92,https://www4.septa.org/picking/pdf/summer-a-2026/victory/bus/paddles/sunday-paddles#page=92.pdf,https://www4.septa.org/picking/pdf/summer-a-2026/victory/bus/trip-sheets/sunday-trip-sheets.pdf
Victory busSunday283,283,Victory bus,1 of 3,94,Sunday,https://www4.septa.org/picking/pdf/summer-a-2026/victory/bus/paddles/sunday-paddles.pdf#page=94,https://www4.septa.org/picking/pdf/summer-a-2026/victory/bus/paddles/sunday-paddles#page=94.pdf,https://www4.septa.org/picking/pdf/summer-a-2026/victory/bus/trip-sheets/sunday-trip-sheets.pdf
Victory busSunday284,284,Victory bus,1 of 4,97,Sunday,https://www4.septa.org/picking/pdf/summer-a-2026/victory/bus/paddles/sunday-paddles.pdf#page=97,https://www4.septa.org/picking/pdf/summer-a-2026/victory/bus/paddles/sunday-paddles#page=97.pdf,https://www4.septa.org/picking/pdf/summer-a-2026/victory/bus/trip-sheets/sunday-trip-sheets.pdf
Victory busSunday285,285,Victory bus,1 of 2,101,Sunday,https://www4.septa.org/picking/pdf/summer-a-2026/victory/bus/paddles/sunday-paddles.pdf#page=101,https://www4.septa.org/picking/pdf/summer-a-2026/victory/bus/paddles/sunday-paddles#page=101.pdf,https://www4.septa.org/picking/pdf/summer-a-2026/victory/bus/trip-sheets/sunday-trip-sheets.pdf
Victory busSunday286,286,Victory bus,1 of 2,103,Sunday,https://www4.septa.org/picking/pdf/summer-a-2026/victory/bus/paddles/sunday-paddles.pdf#page=103,https://www4.septa.org/picking/pdf/summer-a-2026/victory/bus/paddles/sunday-paddles#page=103.pdf,https://www4.septa.org/picking/pdf/summer-a-2026/victory/bus/trip-sheets/sunday-trip-sheets.pdf
Victory busSunday287,287,Victory bus,1 of 2,105,Sunday,https://www4.septa.org/picking/pdf/summer-a-2026/victory/bus/paddles/sunday-paddles.pdf#page=105,https://www4.septa.org/picking/pdf/summer-a-2026/victory/bus/paddles/sunday-paddles#page=105.pdf,https://www4.septa.org/picking/pdf/summer-a-2026/victory/bus/trip-sheets/sunday-trip-sheets.pdf
Victory busSunday288,288,Victory bus,1 of 2,107,Sunday,https://www4.septa.org/picking/pdf/summer-a-2026/victory/bus/paddles/sunday-paddles.pdf#page=107,https://www4.septa.org/picking/pdf/summer-a-2026/victory/bus/paddles/sunday-paddles#page=107.pdf,https://www4.septa.org/picking/pdf/summer-a-2026/victory/bus/trip-sheets/sunday-trip-sheets.pdf
Victory busSunday289,289,Victory bus,1 of 2,109,Sunday,https://www4.septa.org/picking/pdf/summer-a-2026/victory/bus/paddles/sunday-paddles.pdf#page=109,https://www4.septa.org/picking/pdf/summer-a-2026/victory/bus/paddles/sunday-paddles#page=109.pdf,https://www4.septa.org/picking/pdf/summer-a-2026/victory/bus/trip-sheets/sunday-trip-sheets.pdf
Victory busSunday290,290,Victory bus,1 of 2,111,Sunday,https://www4.septa.org/picking/pdf/summer-a-2026/victory/bus/paddles/sunday-paddles.pdf#page=111,https://www4.septa.org/picking/pdf/summer-a-2026/victory/bus/paddles/sunday-paddles#page=111.pdf,https://www4.septa.org/picking/pdf/summer-a-2026/victory/bus/trip-sheets/sunday-trip-sheets.pdf
Victory busSunday306,306,Victory bus,1 of 2,113,Sunday,https://www4.septa.org/picking/pdf/summer-a-2026/victory/bus/paddles/sunday-paddles.pdf#page=113,https://www4.septa.org/picking/pdf/summer-a-2026/victory/bus/paddles/sunday-paddles#page=113.pdf,https://www4.septa.org/picking/pdf/summer-a-2026/victory/bus/trip-sheets/sunday-trip-sheets.pdf
Victory busSunday307,307,Victory bus,1 of 2,115,Sunday,https://www4.septa.org/picking/pdf/summer-a-2026/victory/bus/paddles/sunday-paddles.pdf#page=115,https://www4.septa.org/picking/pdf/summer-a-2026/victory/bus/paddles/sunday-paddles#page=115.pdf,https://www4.septa.org/picking/pdf/summer-a-2026/victory/bus/trip-sheets/sunday-trip-sheets.pdf
Victory busSunday308,308,Victory bus,1 of 4,117,Sunday,https://www4.septa.org/picking/pdf/summer-a-2026/victory/bus/paddles/sunday-paddles.pdf#page=117,https://www4.septa.org/picking/pdf/summer-a-2026/victory/bus/paddles/sunday-paddles#page=117.pdf,https://www4.septa.org/picking/pdf/summer-a-2026/victory/bus/trip-sheets/sunday-trip-sheets.pdf
Victory busSunday309,309,Victory bus,1 of 2,121,Sunday,https://www4.septa.org/picking/pdf/summer-a-2026/victory/bus/paddles/sunday-paddles.pdf#page=121,https://www4.septa.org/picking/pdf/summer-a-2026/victory/bus/paddles/sunday-paddles#page=121.pdf,https://www4.septa.org/picking/pdf/summer-a-2026/victory/bus/trip-sheets/sunday-trip-sheets.pdf
Victory busSunday310,310,Victory bus,1 of 2,123,Sunday,https://www4.septa.org/picking/pdf/summer-a-2026/victory/bus/paddles/sunday-paddles.pdf#page=123,https://www4.septa.org/picking/pdf/summer-a-2026/victory/bus/paddles/sunday-paddles#page=123.pdf,https://www4.septa.org/picking/pdf/summer-a-2026/victory/bus/trip-sheets/sunday-trip-sheets.pdf
Victory busSunday326,326,Victory bus,1 of 2,125,Sunday,https://www4.septa.org/picking/pdf/summer-a-2026/victory/bus/paddles/sunday-paddles.pdf#page=125,https://www4.septa.org/picking/pdf/summer-a-2026/victory/bus/paddles/sunday-paddles#page=125.pdf,https://www4.septa.org/picking/pdf/summer-a-2026/victory/bus/trip-sheets/sunday-trip-sheets.pdf
Victory busSunday327,327,Victory bus,1 of 2,127,Sunday,https://www4.septa.org/picking/pdf/summer-a-2026/victory/bus/paddles/sunday-paddles.pdf#page=127,https://www4.septa.org/picking/pdf/summer-a-2026/victory/bus/paddles/sunday-paddles#page=127.pdf,https://www4.septa.org/picking/pdf/summer-a-2026/victory/bus/trip-sheets/sunday-trip-sheets.pdf
Victory busSunday328,328,Victory bus,1 of 2,129,Sunday,https://www4.septa.org/picking/pdf/summer-a-2026/victory/bus/paddles/sunday-paddles.pdf#page=129,https://www4.septa.org/picking/pdf/summer-a-2026/victory/bus/paddles/sunday-paddles#page=129.pdf,https://www4.septa.org/picking/pdf/summer-a-2026/victory/bus/trip-sheets/sunday-trip-sheets.pdf
Victory busSunday329,329,Victory bus,1 of 2,131,Sunday,https://www4.septa.org/picking/pdf/summer-a-2026/victory/bus/paddles/sunday-paddles.pdf#page=131,https://www4.septa.org/picking/pdf/summer-a-2026/victory/bus/paddles/sunday-paddles#page=131.pdf,https://www4.septa.org/picking/pdf/summer-a-2026/victory/bus/trip-sheets/sunday-trip-sheets.pdf
Victory busSunday376,376,Victory bus,1 of 2,133,Sunday,https://www4.septa.org/picking/pdf/summer-a-2026/victory/bus/paddles/sunday-paddles.pdf#page=133,https://www4.septa.org/picking/pdf/summer-a-2026/victory/bus/paddles/sunday-paddles#page=133.pdf,https://www4.septa.org/picking/pdf/summer-a-2026/victory/bus/trip-sheets/sunday-trip-sheets.pdf
Victory busSunday377,377,Victory bus,1 of 3,135,Sunday,https://www4.septa.org/picking/pdf/summer-a-2026/victory/bus/paddles/sunday-paddles.pdf#page=135,https://www4.septa.org/picking/pdf/summer-a-2026/victory/bus/paddles/sunday-paddles#page=135.pdf,https://www4.septa.org/picking/pdf/summer-a-2026/victory/bus/trip-sheets/sunday-trip-sheets.pdf
Victory busSunday378,378,Victory bus,1 of 2,138,Sunday,https://www4.septa.org/picking/pdf/summer-a-2026/victory/bus/paddles/sunday-paddles.pdf#page=138,https://www4.septa.org/picking/pdf/summer-a-2026/victory/bus/paddles/sunday-paddles#page=138.pdf,https://www4.septa.org/picking/pdf/summer-a-2026/victory/bus/trip-sheets/sunday-trip-sheets.pdf
Victory busSunday379,379,Victory bus,1 of 2,140,Sunday,https://www4.septa.org/picking/pdf/summer-a-2026/victory/bus/paddles/sunday-paddles.pdf#page=140,https://www4.septa.org/picking/pdf/summer-a-2026/victory/bus/paddles/sunday-paddles#page=140.pdf,https://www4.septa.org/picking/pdf/summer-a-2026/victory/bus/trip-sheets/sunday-trip-sheets.pdf
Victory busSunday380,380,Victory bus,1 of 2,142,Sunday,https://www4.septa.org/picking/pdf/summer-a-2026/victory/bus/paddles/sunday-paddles.pdf#page=142,https://www4.septa.org/picking/pdf/summer-a-2026/victory/bus/paddles/sunday-paddles#page=142.pdf,https://www4.septa.org/picking/pdf/summer-a-2026/victory/bus/trip-sheets/sunday-trip-sheets.pdf
Victory busSunday426,426,Victory bus,1 of 2,144,Sunday,https://www4.septa.org/picking/pdf/summer-a-2026/victory/bus/paddles/sunday-paddles.pdf#page=144,https://www4.septa.org/picking/pdf/summer-a-2026/victory/bus/paddles/sunday-paddles#page=144.pdf,https://www4.septa.org/picking/pdf/summer-a-2026/victory/bus/trip-sheets/sunday-trip-sheets.pdf
Victory busSunday427,427,Victory bus,1 of 2,146,Sunday,https://www4.septa.org/picking/pdf/summer-a-2026/victory/bus/paddles/sunday-paddles.pdf#page=146,https://www4.septa.org/picking/pdf/summer-a-2026/victory/bus/paddles/sunday-paddles#page=146.pdf,https://www4.septa.org/picking/pdf/summer-a-2026/victory/bus/trip-sheets/sunday-trip-sheets.pdf
Victory busSunday428,428,Victory bus,1 of 2,148,Sunday,https://www4.septa.org/picking/pdf/summer-a-2026/victory/bus/paddles/sunday-paddles.pdf#page=148,https://www4.septa.org/picking/pdf/summer-a-2026/victory/bus/paddles/sunday-paddles#page=148.pdf,https://www4.septa.org/picking/pdf/summer-a-2026/victory/bus/trip-sheets/sunday-trip-sheets.pdf
Victory busSunday429,429,Victory bus,1 of 2,150,Sunday,https://www4.septa.org/picking/pdf/summer-a-2026/victory/bus/paddles/sunday-paddles.pdf#page=150,https://www4.septa.org/picking/pdf/summer-a-2026/victory/bus/paddles/sunday-paddles#page=150.pdf,https://www4.septa.org/picking/pdf/summer-a-2026/victory/bus/trip-sheets/sunday-trip-sheets.pdf
Victory busSunday501,501,Victory bus,1 of 2,152,Sunday,https://www4.septa.org/picking/pdf/summer-a-2026/victory/bus/paddles/sunday-paddles.pdf#page=152,https://www4.septa.org/picking/pdf/summer-a-2026/victory/bus/paddles/sunday-paddles#page=152.pdf,https://www4.septa.org/picking/pdf/summer-a-2026/victory/bus/trip-sheets/sunday-trip-sheets.pdf
Victory busSunday502,502,Victory bus,1 of 3,154,Sunday,https://www4.septa.org/picking/pdf/summer-a-2026/victory/bus/paddles/sunday-paddles.pdf#page=154,https://www4.septa.org/picking/pdf/summer-a-2026/victory/bus/paddles/sunday-paddles#page=154.pdf,https://www4.septa.org/picking/pdf/summer-a-2026/victory/bus/trip-sheets/sunday-trip-sheets.pdf
Victory busSunday503,503,Victory bus,1 of 2,157,Sunday,https://www4.septa.org/picking/pdf/summer-a-2026/victory/bus/paddles/sunday-paddles.pdf#page=157,https://www4.septa.org/picking/pdf/summer-a-2026/victory/bus/paddles/sunday-paddles#page=157.pdf,https://www4.septa.org/picking/pdf/summer-a-2026/victory/bus/trip-sheets/sunday-trip-sheets.pdf
Victory busSunday526,526,Victory bus,1 of 3,159,Sunday,https://www4.septa.org/picking/pdf/summer-a-2026/victory/bus/paddles/sunday-paddles.pdf#page=159,https://www4.septa.org/picking/pdf/summer-a-2026/victory/bus/paddles/sunday-paddles#page=159.pdf,https://www4.septa.org/picking/pdf/summer-a-2026/victory/bus/trip-sheets/sunday-trip-sheets.pdf
Victory busSunday527,527,Victory bus,1 of 3,162,Sunday,https://www4.septa.org/picking/pdf/summer-a-2026/victory/bus/paddles/sunday-paddles.pdf#page=162,https://www4.septa.org/picking/pdf/summer-a-2026/victory/bus/paddles/sunday-paddles#page=162.pdf,https://www4.septa.org/picking/pdf/summer-a-2026/victory/bus/trip-sheets/sunday-trip-sheets.pdf
Victory busSunday528,528,Victory bus,1 of 3,165,Sunday,https://www4.septa.org/picking/pdf/summer-a-2026/victory/bus/paddles/sunday-paddles.pdf#page=165,https://www4.septa.org/picking/pdf/summer-a-2026/victory/bus/paddles/sunday-paddles#page=165.pdf,https://www4.septa.org/picking/pdf/summer-a-2026/victory/bus/trip-sheets/sunday-trip-sheets.pdf
Victory busSunday529,529,Victory bus,1 of 3,168,Sunday,https://www4.septa.org/picking/pdf/summer-a-2026/victory/bus/paddles/sunday-paddles.pdf#page=168,https://www4.septa.org/picking/pdf/summer-a-2026/victory/bus/paddles/sunday-paddles#page=168.pdf,https://www4.septa.org/picking/pdf/summer-a-2026/victory/bus/trip-sheets/sunday-trip-sheets.pdf
Victory busSunday530,530,Victory bus,1 of 3,171,Sunday,https://www4.septa.org/picking/pdf/summer-a-2026/victory/bus/paddles/sunday-paddles.pdf#page=171,https://www4.septa.org/picking/pdf/summer-a-2026/victory/bus/paddles/sunday-paddles#page=171.pdf,https://www4.septa.org/picking/pdf/summer-a-2026/victory/bus/trip-sheets/sunday-trip-sheets.pdf
Victory busSunday531,531,Victory bus,1 of 3,174,Sunday,https://www4.septa.org/picking/pdf/summer-a-2026/victory/bus/paddles/sunday-paddles.pdf#page=174,https://www4.septa.org/picking/pdf/summer-a-2026/victory/bus/paddles/sunday-paddles#page=174.pdf,https://www4.septa.org/picking/pdf/summer-a-2026/victory/bus/trip-sheets/sunday-trip-sheets.pdf
Victory busSunday532,532,Victory bus,1 of 3,177,Sunday,https://www4.septa.org/picking/pdf/summer-a-2026/victory/bus/paddles/sunday-paddles.pdf#page=177,https://www4.septa.org/picking/pdf/summer-a-2026/victory/bus/paddles/sunday-paddles#page=177.pdf,https://www4.septa.org/picking/pdf/summer-a-2026/victory/bus/trip-sheets/sunday-trip-sheets.pdf
Victory busSunday533,533,Victory bus,1 of 3,180,Sunday,https://www4.septa.org/picking/pdf/summer-a-2026/victory/bus/paddles/sunday-paddles.pdf#page=180,https://www4.septa.org/picking/pdf/summer-a-2026/victory/bus/paddles/sunday-paddles#page=180.pdf,https://www4.septa.org/picking/pdf/summer-a-2026/victory/bus/trip-sheets/sunday-trip-sheets.pdf
Victory busSunday534,534,Victory bus,1 of 2,183,Sunday,https://www4.septa.org/picking/pdf/summer-a-2026/victory/bus/paddles/sunday-paddles.pdf#page=183,https://www4.septa.org/picking/pdf/summer-a-2026/victory/bus/paddles/sunday-paddles#page=183.pdf,https://www4.septa.org/picking/pdf/summer-a-2026/victory/bus/trip-sheets/sunday-trip-sheets.pdf
Victory busSunday556,556,Victory bus,1 of 2,185,Sunday,https://www4.septa.org/picking/pdf/summer-a-2026/victory/bus/paddles/sunday-paddles.pdf#page=185,https://www4.septa.org/picking/pdf/summer-a-2026/victory/bus/paddles/sunday-paddles#page=185.pdf,https://www4.septa.org/picking/pdf/summer-a-2026/victory/bus/trip-sheets/sunday-trip-sheets.pdf
Victory busSunday557,557,Victory bus,1 of 4,187,Sunday,https://www4.septa.org/picking/pdf/summer-a-2026/victory/bus/paddles/sunday-paddles.pdf#page=187,https://www4.septa.org/picking/pdf/summer-a-2026/victory/bus/paddles/sunday-paddles#page=187.pdf,https://www4.septa.org/picking/pdf/summer-a-2026/victory/bus/trip-sheets/sunday-trip-sheets.pdf
Victory busSunday558,558,Victory bus,1 of 3,191,Sunday,https://www4.septa.org/picking/pdf/summer-a-2026/victory/bus/paddles/sunday-paddles.pdf#page=191,https://www4.septa.org/picking/pdf/summer-a-2026/victory/bus/paddles/sunday-paddles#page=191.pdf,https://www4.septa.org/picking/pdf/summer-a-2026/victory/bus/trip-sheets/sunday-trip-sheets.pdf
