myid,runno,depot,page_1,page,day,Paddle,Paddle PC,Trip Sheet
SouthernWeekday1,1,Southern,1 of 2,1,Weekday,https://www4.septa.org/picking/pdf/spring-a-2026/southern/paddles/weekday-paddles#page1.pdf,https://www4.septa.org/picking/pdf/spring-a-2026/southern/paddles/weekday-paddles#page=1.pdf,https://www4.septa.org/picking/pdf/spring-a-2026/southern/trip-sheets/weekday-trip-sheets.pdf
SouthernWeekday2,2,Southern,1 of 2,3,Weekday,https://www4.septa.org/picking/pdf/spring-a-2026/southern/paddles/weekday-paddles#page3.pdf,https://www4.septa.org/picking/pdf/spring-a-2026/southern/paddles/weekday-paddles#page=3.pdf,https://www4.septa.org/picking/pdf/spring-a-2026/southern/trip-sheets/weekday-trip-sheets.pdf
SouthernWeekday3,3,Southern,1 of 1,5,Weekday,https://www4.septa.org/picking/pdf/spring-a-2026/southern/paddles/weekday-paddles#page5.pdf,https://www4.septa.org/picking/pdf/spring-a-2026/southern/paddles/weekday-paddles#page=5.pdf,https://www4.septa.org/picking/pdf/spring-a-2026/southern/trip-sheets/weekday-trip-sheets.pdf
SouthernWeekday4,4,Southern,1 of 2,6,Weekday,https://www4.septa.org/picking/pdf/spring-a-2026/southern/paddles/weekday-paddles#page6.pdf,https://www4.septa.org/picking/pdf/spring-a-2026/southern/paddles/weekday-paddles#page=6.pdf,https://www4.septa.org/picking/pdf/spring-a-2026/southern/trip-sheets/weekday-trip-sheets.pdf
SouthernWeekday5,5,Southern,1 of 2,8,Weekday,https://www4.septa.org/picking/pdf/spring-a-2026/southern/paddles/weekday-paddles#page8.pdf,https://www4.septa.org/picking/pdf/spring-a-2026/southern/paddles/weekday-paddles#page=8.pdf,https://www4.septa.org/picking/pdf/spring-a-2026/southern/trip-sheets/weekday-trip-sheets.pdf
SouthernWeekday6,6,Southern,1 of 2,10,Weekday,https://www4.septa.org/picking/pdf/spring-a-2026/southern/paddles/weekday-paddles#page10.pdf,https://www4.septa.org/picking/pdf/spring-a-2026/southern/paddles/weekday-paddles#page=10.pdf,https://www4.septa.org/picking/pdf/spring-a-2026/southern/trip-sheets/weekday-trip-sheets.pdf
SouthernWeekday7,7,Southern,1 of 2,12,Weekday,https://www4.septa.org/picking/pdf/spring-a-2026/southern/paddles/weekday-paddles#page12.pdf,https://www4.septa.org/picking/pdf/spring-a-2026/southern/paddles/weekday-paddles#page=12.pdf,https://www4.septa.org/picking/pdf/spring-a-2026/southern/trip-sheets/weekday-trip-sheets.pdf
SouthernWeekday8,8,Southern,1 of 2,14,Weekday,https://www4.septa.org/picking/pdf/spring-a-2026/southern/paddles/weekday-paddles#page14.pdf,https://www4.septa.org/picking/pdf/spring-a-2026/southern/paddles/weekday-paddles#page=14.pdf,https://www4.septa.org/picking/pdf/spring-a-2026/southern/trip-sheets/weekday-trip-sheets.pdf
SouthernWeekday9,9,Southern,1 of 3,16,Weekday,https://www4.septa.org/picking/pdf/spring-a-2026/southern/paddles/weekday-paddles#page16.pdf,https://www4.septa.org/picking/pdf/spring-a-2026/southern/paddles/weekday-paddles#page=16.pdf,https://www4.septa.org/picking/pdf/spring-a-2026/southern/trip-sheets/weekday-trip-sheets.pdf
SouthernWeekday10,10,Southern,1 of 2,19,Weekday,https://www4.septa.org/picking/pdf/spring-a-2026/southern/paddles/weekday-paddles#page19.pdf,https://www4.septa.org/picking/pdf/spring-a-2026/southern/paddles/weekday-paddles#page=19.pdf,https://www4.septa.org/picking/pdf/spring-a-2026/southern/trip-sheets/weekday-trip-sheets.pdf
SouthernWeekday11,11,Southern,1 of 2,21,Weekday,https://www4.septa.org/picking/pdf/spring-a-2026/southern/paddles/weekday-paddles#page21.pdf,https://www4.septa.org/picking/pdf/spring-a-2026/southern/paddles/weekday-paddles#page=21.pdf,https://www4.septa.org/picking/pdf/spring-a-2026/southern/trip-sheets/weekday-trip-sheets.pdf
SouthernWeekday12,12,Southern,1 of 3,23,Weekday,https://www4.septa.org/picking/pdf/spring-a-2026/southern/paddles/weekday-paddles#page23.pdf,https://www4.septa.org/picking/pdf/spring-a-2026/southern/paddles/weekday-paddles#page=23.pdf,https://www4.septa.org/picking/pdf/spring-a-2026/southern/trip-sheets/weekday-trip-sheets.pdf
SouthernWeekday13,13,Southern,1 of 2,26,Weekday,https://www4.septa.org/picking/pdf/spring-a-2026/southern/paddles/weekday-paddles#page26.pdf,https://www4.septa.org/picking/pdf/spring-a-2026/southern/paddles/weekday-paddles#page=26.pdf,https://www4.septa.org/picking/pdf/spring-a-2026/southern/trip-sheets/weekday-trip-sheets.pdf
SouthernWeekday14,14,Southern,1 of 2,28,Weekday,https://www4.septa.org/picking/pdf/spring-a-2026/southern/paddles/weekday-paddles#page28.pdf,https://www4.septa.org/picking/pdf/spring-a-2026/southern/paddles/weekday-paddles#page=28.pdf,https://www4.septa.org/picking/pdf/spring-a-2026/southern/trip-sheets/weekday-trip-sheets.pdf
SouthernWeekday51,51,Southern,1 of 3,30,Weekday,https://www4.septa.org/picking/pdf/spring-a-2026/southern/paddles/weekday-paddles#page30.pdf,https://www4.septa.org/picking/pdf/spring-a-2026/southern/paddles/weekday-paddles#page=30.pdf,https://www4.septa.org/picking/pdf/spring-a-2026/southern/trip-sheets/weekday-trip-sheets.pdf
SouthernWeekday101,101,Southern,1 of 2,33,Weekday,https://www4.septa.org/picking/pdf/spring-a-2026/southern/paddles/weekday-paddles#page33.pdf,https://www4.septa.org/picking/pdf/spring-a-2026/southern/paddles/weekday-paddles#page=33.pdf,https://www4.septa.org/picking/pdf/spring-a-2026/southern/trip-sheets/weekday-trip-sheets.pdf
SouthernWeekday102,102,Southern,1 of 1,35,Weekday,https://www4.septa.org/picking/pdf/spring-a-2026/southern/paddles/weekday-paddles#page35.pdf,https://www4.septa.org/picking/pdf/spring-a-2026/southern/paddles/weekday-paddles#page=35.pdf,https://www4.septa.org/picking/pdf/spring-a-2026/southern/trip-sheets/weekday-trip-sheets.pdf
SouthernWeekday103,103,Southern,1 of 2,36,Weekday,https://www4.septa.org/picking/pdf/spring-a-2026/southern/paddles/weekday-paddles#page36.pdf,https://www4.septa.org/picking/pdf/spring-a-2026/southern/paddles/weekday-paddles#page=36.pdf,https://www4.septa.org/picking/pdf/spring-a-2026/southern/trip-sheets/weekday-trip-sheets.pdf
SouthernWeekday104,104,Southern,1 of 2,38,Weekday,https://www4.septa.org/picking/pdf/spring-a-2026/southern/paddles/weekday-paddles#page38.pdf,https://www4.septa.org/picking/pdf/spring-a-2026/southern/paddles/weekday-paddles#page=38.pdf,https://www4.septa.org/picking/pdf/spring-a-2026/southern/trip-sheets/weekday-trip-sheets.pdf
SouthernWeekday105,105,Southern,1 of 2,40,Weekday,https://www4.septa.org/picking/pdf/spring-a-2026/southern/paddles/weekday-paddles#page40.pdf,https://www4.septa.org/picking/pdf/spring-a-2026/southern/paddles/weekday-paddles#page=40.pdf,https://www4.septa.org/picking/pdf/spring-a-2026/southern/trip-sheets/weekday-trip-sheets.pdf
SouthernWeekday106,106,Southern,1 of 2,42,Weekday,https://www4.septa.org/picking/pdf/spring-a-2026/southern/paddles/weekday-paddles#page42.pdf,https://www4.septa.org/picking/pdf/spring-a-2026/southern/paddles/weekday-paddles#page=42.pdf,https://www4.septa.org/picking/pdf/spring-a-2026/southern/trip-sheets/weekday-trip-sheets.pdf
SouthernWeekday107,107,Southern,1 of 2,44,Weekday,https://www4.septa.org/picking/pdf/spring-a-2026/southern/paddles/weekday-paddles#page44.pdf,https://www4.septa.org/picking/pdf/spring-a-2026/southern/paddles/weekday-paddles#page=44.pdf,https://www4.septa.org/picking/pdf/spring-a-2026/southern/trip-sheets/weekday-trip-sheets.pdf
SouthernWeekday108,108,Southern,1 of 1,46,Weekday,https://www4.septa.org/picking/pdf/spring-a-2026/southern/paddles/weekday-paddles#page46.pdf,https://www4.septa.org/picking/pdf/spring-a-2026/southern/paddles/weekday-paddles#page=46.pdf,https://www4.septa.org/picking/pdf/spring-a-2026/southern/trip-sheets/weekday-trip-sheets.pdf
SouthernWeekday109,109,Southern,1 of 2,47,Weekday,https://www4.septa.org/picking/pdf/spring-a-2026/southern/paddles/weekday-paddles#page47.pdf,https://www4.septa.org/picking/pdf/spring-a-2026/southern/paddles/weekday-paddles#page=47.pdf,https://www4.septa.org/picking/pdf/spring-a-2026/southern/trip-sheets/weekday-trip-sheets.pdf
SouthernWeekday201,201,Southern,1 of 2,49,Weekday,https://www4.septa.org/picking/pdf/spring-a-2026/southern/paddles/weekday-paddles#page49.pdf,https://www4.septa.org/picking/pdf/spring-a-2026/southern/paddles/weekday-paddles#page=49.pdf,https://www4.septa.org/picking/pdf/spring-a-2026/southern/trip-sheets/weekday-trip-sheets.pdf
SouthernWeekday202,202,Southern,1 of 2,51,Weekday,https://www4.septa.org/picking/pdf/spring-a-2026/southern/paddles/weekday-paddles#page51.pdf,https://www4.septa.org/picking/pdf/spring-a-2026/southern/paddles/weekday-paddles#page=51.pdf,https://www4.septa.org/picking/pdf/spring-a-2026/southern/trip-sheets/weekday-trip-sheets.pdf
SouthernWeekday203,203,Southern,1 of 2,53,Weekday,https://www4.septa.org/picking/pdf/spring-a-2026/southern/paddles/weekday-paddles#page53.pdf,https://www4.septa.org/picking/pdf/spring-a-2026/southern/paddles/weekday-paddles#page=53.pdf,https://www4.septa.org/picking/pdf/spring-a-2026/southern/trip-sheets/weekday-trip-sheets.pdf
SouthernWeekday204,204,Southern,1 of 3,55,Weekday,https://www4.septa.org/picking/pdf/spring-a-2026/southern/paddles/weekday-paddles#page55.pdf,https://www4.septa.org/picking/pdf/spring-a-2026/southern/paddles/weekday-paddles#page=55.pdf,https://www4.septa.org/picking/pdf/spring-a-2026/southern/trip-sheets/weekday-trip-sheets.pdf
SouthernWeekday205,205,Southern,1 of 2,58,Weekday,https://www4.septa.org/picking/pdf/spring-a-2026/southern/paddles/weekday-paddles#page58.pdf,https://www4.septa.org/picking/pdf/spring-a-2026/southern/paddles/weekday-paddles#page=58.pdf,https://www4.septa.org/picking/pdf/spring-a-2026/southern/trip-sheets/weekday-trip-sheets.pdf
SouthernWeekday206,206,Southern,1 of 2,60,Weekday,https://www4.septa.org/picking/pdf/spring-a-2026/southern/paddles/weekday-paddles#page60.pdf,https://www4.septa.org/picking/pdf/spring-a-2026/southern/paddles/weekday-paddles#page=60.pdf,https://www4.septa.org/picking/pdf/spring-a-2026/southern/trip-sheets/weekday-trip-sheets.pdf
SouthernWeekday207,207,Southern,1 of 2,62,Weekday,https://www4.septa.org/picking/pdf/spring-a-2026/southern/paddles/weekday-paddles#page62.pdf,https://www4.septa.org/picking/pdf/spring-a-2026/southern/paddles/weekday-paddles#page=62.pdf,https://www4.septa.org/picking/pdf/spring-a-2026/southern/trip-sheets/weekday-trip-sheets.pdf
SouthernWeekday208,208,Southern,1 of 2,64,Weekday,https://www4.septa.org/picking/pdf/spring-a-2026/southern/paddles/weekday-paddles#page64.pdf,https://www4.septa.org/picking/pdf/spring-a-2026/southern/paddles/weekday-paddles#page=64.pdf,https://www4.septa.org/picking/pdf/spring-a-2026/southern/trip-sheets/weekday-trip-sheets.pdf
SouthernWeekday209,209,Southern,1 of 2,66,Weekday,https://www4.septa.org/picking/pdf/spring-a-2026/southern/paddles/weekday-paddles#page66.pdf,https://www4.septa.org/picking/pdf/spring-a-2026/southern/paddles/weekday-paddles#page=66.pdf,https://www4.septa.org/picking/pdf/spring-a-2026/southern/trip-sheets/weekday-trip-sheets.pdf
SouthernWeekday210,210,Southern,1 of 2,68,Weekday,https://www4.septa.org/picking/pdf/spring-a-2026/southern/paddles/weekday-paddles#page68.pdf,https://www4.septa.org/picking/pdf/spring-a-2026/southern/paddles/weekday-paddles#page=68.pdf,https://www4.septa.org/picking/pdf/spring-a-2026/southern/trip-sheets/weekday-trip-sheets.pdf
SouthernWeekday211,211,Southern,1 of 3,70,Weekday,https://www4.septa.org/picking/pdf/spring-a-2026/southern/paddles/weekday-paddles#page70.pdf,https://www4.septa.org/picking/pdf/spring-a-2026/southern/paddles/weekday-paddles#page=70.pdf,https://www4.septa.org/picking/pdf/spring-a-2026/southern/trip-sheets/weekday-trip-sheets.pdf
SouthernWeekday212,212,Southern,1 of 2,73,Weekday,https://www4.septa.org/picking/pdf/spring-a-2026/southern/paddles/weekday-paddles#page73.pdf,https://www4.septa.org/picking/pdf/spring-a-2026/southern/paddles/weekday-paddles#page=73.pdf,https://www4.septa.org/picking/pdf/spring-a-2026/southern/trip-sheets/weekday-trip-sheets.pdf
SouthernWeekday213,213,Southern,1 of 2,75,Weekday,https://www4.septa.org/picking/pdf/spring-a-2026/southern/paddles/weekday-paddles#page75.pdf,https://www4.septa.org/picking/pdf/spring-a-2026/southern/paddles/weekday-paddles#page=75.pdf,https://www4.septa.org/picking/pdf/spring-a-2026/southern/trip-sheets/weekday-trip-sheets.pdf
SouthernWeekday214,214,Southern,1 of 1,77,Weekday,https://www4.septa.org/picking/pdf/spring-a-2026/southern/paddles/weekday-paddles#page77.pdf,https://www4.septa.org/picking/pdf/spring-a-2026/southern/paddles/weekday-paddles#page=77.pdf,https://www4.septa.org/picking/pdf/spring-a-2026/southern/trip-sheets/weekday-trip-sheets.pdf
SouthernWeekday215,215,Southern,1 of 2,78,Weekday,https://www4.septa.org/picking/pdf/spring-a-2026/southern/paddles/weekday-paddles#page78.pdf,https://www4.septa.org/picking/pdf/spring-a-2026/southern/paddles/weekday-paddles#page=78.pdf,https://www4.septa.org/picking/pdf/spring-a-2026/southern/trip-sheets/weekday-trip-sheets.pdf
SouthernWeekday216,216,Southern,1 of 2,80,Weekday,https://www4.septa.org/picking/pdf/spring-a-2026/southern/paddles/weekday-paddles#page80.pdf,https://www4.septa.org/picking/pdf/spring-a-2026/southern/paddles/weekday-paddles#page=80.pdf,https://www4.septa.org/picking/pdf/spring-a-2026/southern/trip-sheets/weekday-trip-sheets.pdf
SouthernWeekday217,217,Southern,1 of 2,82,Weekday,https://www4.septa.org/picking/pdf/spring-a-2026/southern/paddles/weekday-paddles#page82.pdf,https://www4.septa.org/picking/pdf/spring-a-2026/southern/paddles/weekday-paddles#page=82.pdf,https://www4.septa.org/picking/pdf/spring-a-2026/southern/trip-sheets/weekday-trip-sheets.pdf
SouthernWeekday218,218,Southern,1 of 2,84,Weekday,https://www4.septa.org/picking/pdf/spring-a-2026/southern/paddles/weekday-paddles#page84.pdf,https://www4.septa.org/picking/pdf/spring-a-2026/southern/paddles/weekday-paddles#page=84.pdf,https://www4.septa.org/picking/pdf/spring-a-2026/southern/trip-sheets/weekday-trip-sheets.pdf
SouthernWeekday219,219,Southern,1 of 2,86,Weekday,https://www4.septa.org/picking/pdf/spring-a-2026/southern/paddles/weekday-paddles#page86.pdf,https://www4.septa.org/picking/pdf/spring-a-2026/southern/paddles/weekday-paddles#page=86.pdf,https://www4.septa.org/picking/pdf/spring-a-2026/southern/trip-sheets/weekday-trip-sheets.pdf
SouthernWeekday275,275,Southern,1 of 3,88,Weekday,https://www4.septa.org/picking/pdf/spring-a-2026/southern/paddles/weekday-paddles#page88.pdf,https://www4.septa.org/picking/pdf/spring-a-2026/southern/paddles/weekday-paddles#page=88.pdf,https://www4.septa.org/picking/pdf/spring-a-2026/southern/trip-sheets/weekday-trip-sheets.pdf
SouthernWeekday276,276,Southern,1 of 3,91,Weekday,https://www4.septa.org/picking/pdf/spring-a-2026/southern/paddles/weekday-paddles#page91.pdf,https://www4.septa.org/picking/pdf/spring-a-2026/southern/paddles/weekday-paddles#page=91.pdf,https://www4.septa.org/picking/pdf/spring-a-2026/southern/trip-sheets/weekday-trip-sheets.pdf
SouthernWeekday277,277,Southern,1 of 3,94,Weekday,https://www4.septa.org/picking/pdf/spring-a-2026/southern/paddles/weekday-paddles#page94.pdf,https://www4.septa.org/picking/pdf/spring-a-2026/southern/paddles/weekday-paddles#page=94.pdf,https://www4.septa.org/picking/pdf/spring-a-2026/southern/trip-sheets/weekday-trip-sheets.pdf
SouthernWeekday278,278,Southern,1 of 2,97,Weekday,https://www4.septa.org/picking/pdf/spring-a-2026/southern/paddles/weekday-paddles#page97.pdf,https://www4.septa.org/picking/pdf/spring-a-2026/southern/paddles/weekday-paddles#page=97.pdf,https://www4.septa.org/picking/pdf/spring-a-2026/southern/trip-sheets/weekday-trip-sheets.pdf
SouthernWeekday279,279,Southern,1 of 3,99,Weekday,https://www4.septa.org/picking/pdf/spring-a-2026/southern/paddles/weekday-paddles#page99.pdf,https://www4.septa.org/picking/pdf/spring-a-2026/southern/paddles/weekday-paddles#page=99.pdf,https://www4.septa.org/picking/pdf/spring-a-2026/southern/trip-sheets/weekday-trip-sheets.pdf
SouthernWeekday280,280,Southern,1 of 3,102,Weekday,https://www4.septa.org/picking/pdf/spring-a-2026/southern/paddles/weekday-paddles#page102.pdf,https://www4.septa.org/picking/pdf/spring-a-2026/southern/paddles/weekday-paddles#page=102.pdf,https://www4.septa.org/picking/pdf/spring-a-2026/southern/trip-sheets/weekday-trip-sheets.pdf
SouthernWeekday281,281,Southern,1 of 3,105,Weekday,https://www4.septa.org/picking/pdf/spring-a-2026/southern/paddles/weekday-paddles#page105.pdf,https://www4.septa.org/picking/pdf/spring-a-2026/southern/paddles/weekday-paddles#page=105.pdf,https://www4.septa.org/picking/pdf/spring-a-2026/southern/trip-sheets/weekday-trip-sheets.pdf
SouthernWeekday282,282,Southern,1 of 3,108,Weekday,https://www4.septa.org/picking/pdf/spring-a-2026/southern/paddles/weekday-paddles#page108.pdf,https://www4.septa.org/picking/pdf/spring-a-2026/southern/paddles/weekday-paddles#page=108.pdf,https://www4.septa.org/picking/pdf/spring-a-2026/southern/trip-sheets/weekday-trip-sheets.pdf
SouthernWeekday283,283,Southern,1 of 3,111,Weekday,https://www4.septa.org/picking/pdf/spring-a-2026/southern/paddles/weekday-paddles#page111.pdf,https://www4.septa.org/picking/pdf/spring-a-2026/southern/paddles/weekday-paddles#page=111.pdf,https://www4.septa.org/picking/pdf/spring-a-2026/southern/trip-sheets/weekday-trip-sheets.pdf
SouthernWeekday284,284,Southern,1 of 3,114,Weekday,https://www4.septa.org/picking/pdf/spring-a-2026/southern/paddles/weekday-paddles#page114.pdf,https://www4.septa.org/picking/pdf/spring-a-2026/southern/paddles/weekday-paddles#page=114.pdf,https://www4.septa.org/picking/pdf/spring-a-2026/southern/trip-sheets/weekday-trip-sheets.pdf
SouthernWeekday285,285,Southern,1 of 3,117,Weekday,https://www4.septa.org/picking/pdf/spring-a-2026/southern/paddles/weekday-paddles#page117.pdf,https://www4.septa.org/picking/pdf/spring-a-2026/southern/paddles/weekday-paddles#page=117.pdf,https://www4.septa.org/picking/pdf/spring-a-2026/southern/trip-sheets/weekday-trip-sheets.pdf
SouthernWeekday286,286,Southern,1 of 3,120,Weekday,https://www4.septa.org/picking/pdf/spring-a-2026/southern/paddles/weekday-paddles#page120.pdf,https://www4.septa.org/picking/pdf/spring-a-2026/southern/paddles/weekday-paddles#page=120.pdf,https://www4.septa.org/picking/pdf/spring-a-2026/southern/trip-sheets/weekday-trip-sheets.pdf
SouthernWeekday287,287,Southern,1 of 3,123,Weekday,https://www4.septa.org/picking/pdf/spring-a-2026/southern/paddles/weekday-paddles#page123.pdf,https://www4.septa.org/picking/pdf/spring-a-2026/southern/paddles/weekday-paddles#page=123.pdf,https://www4.septa.org/picking/pdf/spring-a-2026/southern/trip-sheets/weekday-trip-sheets.pdf
SouthernWeekday288,288,Southern,1 of 3,126,Weekday,https://www4.septa.org/picking/pdf/spring-a-2026/southern/paddles/weekday-paddles#page126.pdf,https://www4.septa.org/picking/pdf/spring-a-2026/southern/paddles/weekday-paddles#page=126.pdf,https://www4.septa.org/picking/pdf/spring-a-2026/southern/trip-sheets/weekday-trip-sheets.pdf
SouthernWeekday289,289,Southern,1 of 3,129,Weekday,https://www4.septa.org/picking/pdf/spring-a-2026/southern/paddles/weekday-paddles#page129.pdf,https://www4.septa.org/picking/pdf/spring-a-2026/southern/paddles/weekday-paddles#page=129.pdf,https://www4.septa.org/picking/pdf/spring-a-2026/southern/trip-sheets/weekday-trip-sheets.pdf
SouthernWeekday290,290,Southern,1 of 3,132,Weekday,https://www4.septa.org/picking/pdf/spring-a-2026/southern/paddles/weekday-paddles#page132.pdf,https://www4.septa.org/picking/pdf/spring-a-2026/southern/paddles/weekday-paddles#page=132.pdf,https://www4.septa.org/picking/pdf/spring-a-2026/southern/trip-sheets/weekday-trip-sheets.pdf
SouthernWeekday291,291,Southern,1 of 2,135,Weekday,https://www4.septa.org/picking/pdf/spring-a-2026/southern/paddles/weekday-paddles#page135.pdf,https://www4.septa.org/picking/pdf/spring-a-2026/southern/paddles/weekday-paddles#page=135.pdf,https://www4.septa.org/picking/pdf/spring-a-2026/southern/trip-sheets/weekday-trip-sheets.pdf
SouthernWeekday292,292,Southern,1 of 2,137,Weekday,https://www4.septa.org/picking/pdf/spring-a-2026/southern/paddles/weekday-paddles#page137.pdf,https://www4.septa.org/picking/pdf/spring-a-2026/southern/paddles/weekday-paddles#page=137.pdf,https://www4.septa.org/picking/pdf/spring-a-2026/southern/trip-sheets/weekday-trip-sheets.pdf
SouthernWeekday293,293,Southern,1 of 3,139,Weekday,https://www4.septa.org/picking/pdf/spring-a-2026/southern/paddles/weekday-paddles#page139.pdf,https://www4.septa.org/picking/pdf/spring-a-2026/southern/paddles/weekday-paddles#page=139.pdf,https://www4.septa.org/picking/pdf/spring-a-2026/southern/trip-sheets/weekday-trip-sheets.pdf
SouthernWeekday301,301,Southern,1 of 2,142,Weekday,https://www4.septa.org/picking/pdf/spring-a-2026/southern/paddles/weekday-paddles#page142.pdf,https://www4.septa.org/picking/pdf/spring-a-2026/southern/paddles/weekday-paddles#page=142.pdf,https://www4.septa.org/picking/pdf/spring-a-2026/southern/trip-sheets/weekday-trip-sheets.pdf
SouthernWeekday302,302,Southern,1 of 2,144,Weekday,https://www4.septa.org/picking/pdf/spring-a-2026/southern/paddles/weekday-paddles#page144.pdf,https://www4.septa.org/picking/pdf/spring-a-2026/southern/paddles/weekday-paddles#page=144.pdf,https://www4.septa.org/picking/pdf/spring-a-2026/southern/trip-sheets/weekday-trip-sheets.pdf
SouthernWeekday303,303,Southern,1 of 2,146,Weekday,https://www4.septa.org/picking/pdf/spring-a-2026/southern/paddles/weekday-paddles#page146.pdf,https://www4.septa.org/picking/pdf/spring-a-2026/southern/paddles/weekday-paddles#page=146.pdf,https://www4.septa.org/picking/pdf/spring-a-2026/southern/trip-sheets/weekday-trip-sheets.pdf
SouthernWeekday304,304,Southern,1 of 3,148,Weekday,https://www4.septa.org/picking/pdf/spring-a-2026/southern/paddles/weekday-paddles#page148.pdf,https://www4.septa.org/picking/pdf/spring-a-2026/southern/paddles/weekday-paddles#page=148.pdf,https://www4.septa.org/picking/pdf/spring-a-2026/southern/trip-sheets/weekday-trip-sheets.pdf
SouthernWeekday305,305,Southern,1 of 2,151,Weekday,https://www4.septa.org/picking/pdf/spring-a-2026/southern/paddles/weekday-paddles#page151.pdf,https://www4.septa.org/picking/pdf/spring-a-2026/southern/paddles/weekday-paddles#page=151.pdf,https://www4.septa.org/picking/pdf/spring-a-2026/southern/trip-sheets/weekday-trip-sheets.pdf
SouthernWeekday306,306,Southern,1 of 2,153,Weekday,https://www4.septa.org/picking/pdf/spring-a-2026/southern/paddles/weekday-paddles#page153.pdf,https://www4.septa.org/picking/pdf/spring-a-2026/southern/paddles/weekday-paddles#page=153.pdf,https://www4.septa.org/picking/pdf/spring-a-2026/southern/trip-sheets/weekday-trip-sheets.pdf
SouthernWeekday307,307,Southern,1 of 2,155,Weekday,https://www4.septa.org/picking/pdf/spring-a-2026/southern/paddles/weekday-paddles#page155.pdf,https://www4.septa.org/picking/pdf/spring-a-2026/southern/paddles/weekday-paddles#page=155.pdf,https://www4.septa.org/picking/pdf/spring-a-2026/southern/trip-sheets/weekday-trip-sheets.pdf
SouthernWeekday308,308,Southern,1 of 2,157,Weekday,https://www4.septa.org/picking/pdf/spring-a-2026/southern/paddles/weekday-paddles#page157.pdf,https://www4.septa.org/picking/pdf/spring-a-2026/southern/paddles/weekday-paddles#page=157.pdf,https://www4.septa.org/picking/pdf/spring-a-2026/southern/trip-sheets/weekday-trip-sheets.pdf
SouthernWeekday351,351,Southern,1 of 2,159,Weekday,https://www4.septa.org/picking/pdf/spring-a-2026/southern/paddles/weekday-paddles#page159.pdf,https://www4.septa.org/picking/pdf/spring-a-2026/southern/paddles/weekday-paddles#page=159.pdf,https://www4.septa.org/picking/pdf/spring-a-2026/southern/trip-sheets/weekday-trip-sheets.pdf
SouthernWeekday352,352,Southern,1 of 2,161,Weekday,https://www4.septa.org/picking/pdf/spring-a-2026/southern/paddles/weekday-paddles#page161.pdf,https://www4.septa.org/picking/pdf/spring-a-2026/southern/paddles/weekday-paddles#page=161.pdf,https://www4.septa.org/picking/pdf/spring-a-2026/southern/trip-sheets/weekday-trip-sheets.pdf
SouthernWeekday353,353,Southern,1 of 2,163,Weekday,https://www4.septa.org/picking/pdf/spring-a-2026/southern/paddles/weekday-paddles#page163.pdf,https://www4.septa.org/picking/pdf/spring-a-2026/southern/paddles/weekday-paddles#page=163.pdf,https://www4.septa.org/picking/pdf/spring-a-2026/southern/trip-sheets/weekday-trip-sheets.pdf
SouthernWeekday354,354,Southern,1 of 2,165,Weekday,https://www4.septa.org/picking/pdf/spring-a-2026/southern/paddles/weekday-paddles#page165.pdf,https://www4.septa.org/picking/pdf/spring-a-2026/southern/paddles/weekday-paddles#page=165.pdf,https://www4.septa.org/picking/pdf/spring-a-2026/southern/trip-sheets/weekday-trip-sheets.pdf
SouthernWeekday355,355,Southern,1 of 3,167,Weekday,https://www4.septa.org/picking/pdf/spring-a-2026/southern/paddles/weekday-paddles#page167.pdf,https://www4.septa.org/picking/pdf/spring-a-2026/southern/paddles/weekday-paddles#page=167.pdf,https://www4.septa.org/picking/pdf/spring-a-2026/southern/trip-sheets/weekday-trip-sheets.pdf
SouthernWeekday356,356,Southern,1 of 2,170,Weekday,https://www4.septa.org/picking/pdf/spring-a-2026/southern/paddles/weekday-paddles#page170.pdf,https://www4.septa.org/picking/pdf/spring-a-2026/southern/paddles/weekday-paddles#page=170.pdf,https://www4.septa.org/picking/pdf/spring-a-2026/southern/trip-sheets/weekday-trip-sheets.pdf
SouthernWeekday357,357,Southern,1 of 2,172,Weekday,https://www4.septa.org/picking/pdf/spring-a-2026/southern/paddles/weekday-paddles#page172.pdf,https://www4.septa.org/picking/pdf/spring-a-2026/southern/paddles/weekday-paddles#page=172.pdf,https://www4.septa.org/picking/pdf/spring-a-2026/southern/trip-sheets/weekday-trip-sheets.pdf
SouthernWeekday451,451,Southern,1 of 2,174,Weekday,https://www4.septa.org/picking/pdf/spring-a-2026/southern/paddles/weekday-paddles#page174.pdf,https://www4.septa.org/picking/pdf/spring-a-2026/southern/paddles/weekday-paddles#page=174.pdf,https://www4.septa.org/picking/pdf/spring-a-2026/southern/trip-sheets/weekday-trip-sheets.pdf
SouthernWeekday452,452,Southern,1 of 2,176,Weekday,https://www4.septa.org/picking/pdf/spring-a-2026/southern/paddles/weekday-paddles#page176.pdf,https://www4.septa.org/picking/pdf/spring-a-2026/southern/paddles/weekday-paddles#page=176.pdf,https://www4.septa.org/picking/pdf/spring-a-2026/southern/trip-sheets/weekday-trip-sheets.pdf
SouthernWeekday453,453,Southern,1 of 3,178,Weekday,https://www4.septa.org/picking/pdf/spring-a-2026/southern/paddles/weekday-paddles#page178.pdf,https://www4.septa.org/picking/pdf/spring-a-2026/southern/paddles/weekday-paddles#page=178.pdf,https://www4.septa.org/picking/pdf/spring-a-2026/southern/trip-sheets/weekday-trip-sheets.pdf
SouthernWeekday454,454,Southern,1 of 2,181,Weekday,https://www4.septa.org/picking/pdf/spring-a-2026/southern/paddles/weekday-paddles#page181.pdf,https://www4.septa.org/picking/pdf/spring-a-2026/southern/paddles/weekday-paddles#page=181.pdf,https://www4.septa.org/picking/pdf/spring-a-2026/southern/trip-sheets/weekday-trip-sheets.pdf
SouthernWeekday455,455,Southern,1 of 2,183,Weekday,https://www4.septa.org/picking/pdf/spring-a-2026/southern/paddles/weekday-paddles#page183.pdf,https://www4.septa.org/picking/pdf/spring-a-2026/southern/paddles/weekday-paddles#page=183.pdf,https://www4.septa.org/picking/pdf/spring-a-2026/southern/trip-sheets/weekday-trip-sheets.pdf
SouthernWeekday456,456,Southern,1 of 3,185,Weekday,https://www4.septa.org/picking/pdf/spring-a-2026/southern/paddles/weekday-paddles#page185.pdf,https://www4.septa.org/picking/pdf/spring-a-2026/southern/paddles/weekday-paddles#page=185.pdf,https://www4.septa.org/picking/pdf/spring-a-2026/southern/trip-sheets/weekday-trip-sheets.pdf
SouthernWeekday457,457,Southern,1 of 2,188,Weekday,https://www4.septa.org/picking/pdf/spring-a-2026/southern/paddles/weekday-paddles#page188.pdf,https://www4.septa.org/picking/pdf/spring-a-2026/southern/paddles/weekday-paddles#page=188.pdf,https://www4.septa.org/picking/pdf/spring-a-2026/southern/trip-sheets/weekday-trip-sheets.pdf
SouthernWeekday458,458,Southern,1 of 2,190,Weekday,https://www4.septa.org/picking/pdf/spring-a-2026/southern/paddles/weekday-paddles#page190.pdf,https://www4.septa.org/picking/pdf/spring-a-2026/southern/paddles/weekday-paddles#page=190.pdf,https://www4.septa.org/picking/pdf/spring-a-2026/southern/trip-sheets/weekday-trip-sheets.pdf
SouthernWeekday501,501,Southern,1 of 5,192,Weekday,https://www4.septa.org/picking/pdf/spring-a-2026/southern/paddles/weekday-paddles#page192.pdf,https://www4.septa.org/picking/pdf/spring-a-2026/southern/paddles/weekday-paddles#page=192.pdf,https://www4.septa.org/picking/pdf/spring-a-2026/southern/trip-sheets/weekday-trip-sheets.pdf
SouthernWeekday502,502,Southern,1 of 4,197,Weekday,https://www4.septa.org/picking/pdf/spring-a-2026/southern/paddles/weekday-paddles#page197.pdf,https://www4.septa.org/picking/pdf/spring-a-2026/southern/paddles/weekday-paddles#page=197.pdf,https://www4.septa.org/picking/pdf/spring-a-2026/southern/trip-sheets/weekday-trip-sheets.pdf
SouthernWeekday503,503,Southern,1 of 2,201,Weekday,https://www4.septa.org/picking/pdf/spring-a-2026/southern/paddles/weekday-paddles#page201.pdf,https://www4.septa.org/picking/pdf/spring-a-2026/southern/paddles/weekday-paddles#page=201.pdf,https://www4.septa.org/picking/pdf/spring-a-2026/southern/trip-sheets/weekday-trip-sheets.pdf
SouthernWeekday504,504,Southern,1 of 2,203,Weekday,https://www4.septa.org/picking/pdf/spring-a-2026/southern/paddles/weekday-paddles#page203.pdf,https://www4.septa.org/picking/pdf/spring-a-2026/southern/paddles/weekday-paddles#page=203.pdf,https://www4.septa.org/picking/pdf/spring-a-2026/southern/trip-sheets/weekday-trip-sheets.pdf
SouthernWeekday505,505,Southern,1 of 3,205,Weekday,https://www4.septa.org/picking/pdf/spring-a-2026/southern/paddles/weekday-paddles#page205.pdf,https://www4.septa.org/picking/pdf/spring-a-2026/southern/paddles/weekday-paddles#page=205.pdf,https://www4.septa.org/picking/pdf/spring-a-2026/southern/trip-sheets/weekday-trip-sheets.pdf
SouthernWeekday506,506,Southern,1 of 3,208,Weekday,https://www4.septa.org/picking/pdf/spring-a-2026/southern/paddles/weekday-paddles#page208.pdf,https://www4.septa.org/picking/pdf/spring-a-2026/southern/paddles/weekday-paddles#page=208.pdf,https://www4.septa.org/picking/pdf/spring-a-2026/southern/trip-sheets/weekday-trip-sheets.pdf
SouthernWeekday507,507,Southern,1 of 2,211,Weekday,https://www4.septa.org/picking/pdf/spring-a-2026/southern/paddles/weekday-paddles#page211.pdf,https://www4.septa.org/picking/pdf/spring-a-2026/southern/paddles/weekday-paddles#page=211.pdf,https://www4.septa.org/picking/pdf/spring-a-2026/southern/trip-sheets/weekday-trip-sheets.pdf
SouthernWeekday508,508,Southern,1 of 3,213,Weekday,https://www4.septa.org/picking/pdf/spring-a-2026/southern/paddles/weekday-paddles#page213.pdf,https://www4.septa.org/picking/pdf/spring-a-2026/southern/paddles/weekday-paddles#page=213.pdf,https://www4.septa.org/picking/pdf/spring-a-2026/southern/trip-sheets/weekday-trip-sheets.pdf
SouthernWeekday509,509,Southern,1 of 2,216,Weekday,https://www4.septa.org/picking/pdf/spring-a-2026/southern/paddles/weekday-paddles#page216.pdf,https://www4.septa.org/picking/pdf/spring-a-2026/southern/paddles/weekday-paddles#page=216.pdf,https://www4.septa.org/picking/pdf/spring-a-2026/southern/trip-sheets/weekday-trip-sheets.pdf
SouthernWeekday510,510,Southern,1 of 2,218,Weekday,https://www4.septa.org/picking/pdf/spring-a-2026/southern/paddles/weekday-paddles#page218.pdf,https://www4.septa.org/picking/pdf/spring-a-2026/southern/paddles/weekday-paddles#page=218.pdf,https://www4.septa.org/picking/pdf/spring-a-2026/southern/trip-sheets/weekday-trip-sheets.pdf
SouthernWeekday511,511,Southern,1 of 2,220,Weekday,https://www4.septa.org/picking/pdf/spring-a-2026/southern/paddles/weekday-paddles#page220.pdf,https://www4.septa.org/picking/pdf/spring-a-2026/southern/paddles/weekday-paddles#page=220.pdf,https://www4.septa.org/picking/pdf/spring-a-2026/southern/trip-sheets/weekday-trip-sheets.pdf
SouthernWeekday601,601,Southern,1 of 3,222,Weekday,https://www4.septa.org/picking/pdf/spring-a-2026/southern/paddles/weekday-paddles#page222.pdf,https://www4.septa.org/picking/pdf/spring-a-2026/southern/paddles/weekday-paddles#page=222.pdf,https://www4.septa.org/picking/pdf/spring-a-2026/southern/trip-sheets/weekday-trip-sheets.pdf
SouthernWeekday602,602,Southern,1 of 3,225,Weekday,https://www4.septa.org/picking/pdf/spring-a-2026/southern/paddles/weekday-paddles#page225.pdf,https://www4.septa.org/picking/pdf/spring-a-2026/southern/paddles/weekday-paddles#page=225.pdf,https://www4.septa.org/picking/pdf/spring-a-2026/southern/trip-sheets/weekday-trip-sheets.pdf
SouthernWeekday603,603,Southern,1 of 3,228,Weekday,https://www4.septa.org/picking/pdf/spring-a-2026/southern/paddles/weekday-paddles#page228.pdf,https://www4.septa.org/picking/pdf/spring-a-2026/southern/paddles/weekday-paddles#page=228.pdf,https://www4.septa.org/picking/pdf/spring-a-2026/southern/trip-sheets/weekday-trip-sheets.pdf
SouthernWeekday604,604,Southern,1 of 3,231,Weekday,https://www4.septa.org/picking/pdf/spring-a-2026/southern/paddles/weekday-paddles#page231.pdf,https://www4.septa.org/picking/pdf/spring-a-2026/southern/paddles/weekday-paddles#page=231.pdf,https://www4.septa.org/picking/pdf/spring-a-2026/southern/trip-sheets/weekday-trip-sheets.pdf
SouthernWeekday605,605,Southern,1 of 3,234,Weekday,https://www4.septa.org/picking/pdf/spring-a-2026/southern/paddles/weekday-paddles#page234.pdf,https://www4.septa.org/picking/pdf/spring-a-2026/southern/paddles/weekday-paddles#page=234.pdf,https://www4.septa.org/picking/pdf/spring-a-2026/southern/trip-sheets/weekday-trip-sheets.pdf
SouthernWeekday606,606,Southern,1 of 2,237,Weekday,https://www4.septa.org/picking/pdf/spring-a-2026/southern/paddles/weekday-paddles#page237.pdf,https://www4.septa.org/picking/pdf/spring-a-2026/southern/paddles/weekday-paddles#page=237.pdf,https://www4.septa.org/picking/pdf/spring-a-2026/southern/trip-sheets/weekday-trip-sheets.pdf
SouthernWeekday607,607,Southern,1 of 2,239,Weekday,https://www4.septa.org/picking/pdf/spring-a-2026/southern/paddles/weekday-paddles#page239.pdf,https://www4.septa.org/picking/pdf/spring-a-2026/southern/paddles/weekday-paddles#page=239.pdf,https://www4.septa.org/picking/pdf/spring-a-2026/southern/trip-sheets/weekday-trip-sheets.pdf
SouthernWeekday608,608,Southern,1 of 3,241,Weekday,https://www4.septa.org/picking/pdf/spring-a-2026/southern/paddles/weekday-paddles#page241.pdf,https://www4.septa.org/picking/pdf/spring-a-2026/southern/paddles/weekday-paddles#page=241.pdf,https://www4.septa.org/picking/pdf/spring-a-2026/southern/trip-sheets/weekday-trip-sheets.pdf
SouthernWeekday609,609,Southern,1 of 6,244,Weekday,https://www4.septa.org/picking/pdf/spring-a-2026/southern/paddles/weekday-paddles#page244.pdf,https://www4.septa.org/picking/pdf/spring-a-2026/southern/paddles/weekday-paddles#page=244.pdf,https://www4.septa.org/picking/pdf/spring-a-2026/southern/trip-sheets/weekday-trip-sheets.pdf
SouthernWeekday610,610,Southern,1 of 4,250,Weekday,https://www4.septa.org/picking/pdf/spring-a-2026/southern/paddles/weekday-paddles#page250.pdf,https://www4.septa.org/picking/pdf/spring-a-2026/southern/paddles/weekday-paddles#page=250.pdf,https://www4.septa.org/picking/pdf/spring-a-2026/southern/trip-sheets/weekday-trip-sheets.pdf
SouthernWeekday611,611,Southern,1 of 3,254,Weekday,https://www4.septa.org/picking/pdf/spring-a-2026/southern/paddles/weekday-paddles#page254.pdf,https://www4.septa.org/picking/pdf/spring-a-2026/southern/paddles/weekday-paddles#page=254.pdf,https://www4.septa.org/picking/pdf/spring-a-2026/southern/trip-sheets/weekday-trip-sheets.pdf
SouthernWeekday612,612,Southern,1 of 3,257,Weekday,https://www4.septa.org/picking/pdf/spring-a-2026/southern/paddles/weekday-paddles#page257.pdf,https://www4.septa.org/picking/pdf/spring-a-2026/southern/paddles/weekday-paddles#page=257.pdf,https://www4.septa.org/picking/pdf/spring-a-2026/southern/trip-sheets/weekday-trip-sheets.pdf
SouthernWeekday613,613,Southern,1 of 3,260,Weekday,https://www4.septa.org/picking/pdf/spring-a-2026/southern/paddles/weekday-paddles#page260.pdf,https://www4.septa.org/picking/pdf/spring-a-2026/southern/paddles/weekday-paddles#page=260.pdf,https://www4.septa.org/picking/pdf/spring-a-2026/southern/trip-sheets/weekday-trip-sheets.pdf
SouthernWeekday614,614,Southern,1 of 3,263,Weekday,https://www4.septa.org/picking/pdf/spring-a-2026/southern/paddles/weekday-paddles#page263.pdf,https://www4.septa.org/picking/pdf/spring-a-2026/southern/paddles/weekday-paddles#page=263.pdf,https://www4.septa.org/picking/pdf/spring-a-2026/southern/trip-sheets/weekday-trip-sheets.pdf
SouthernWeekday615,615,Southern,1 of 3,266,Weekday,https://www4.septa.org/picking/pdf/spring-a-2026/southern/paddles/weekday-paddles#page266.pdf,https://www4.septa.org/picking/pdf/spring-a-2026/southern/paddles/weekday-paddles#page=266.pdf,https://www4.septa.org/picking/pdf/spring-a-2026/southern/trip-sheets/weekday-trip-sheets.pdf
SouthernWeekday616,616,Southern,1 of 3,269,Weekday,https://www4.septa.org/picking/pdf/spring-a-2026/southern/paddles/weekday-paddles#page269.pdf,https://www4.septa.org/picking/pdf/spring-a-2026/southern/paddles/weekday-paddles#page=269.pdf,https://www4.septa.org/picking/pdf/spring-a-2026/southern/trip-sheets/weekday-trip-sheets.pdf
SouthernWeekday617,617,Southern,1 of 2,272,Weekday,https://www4.septa.org/picking/pdf/spring-a-2026/southern/paddles/weekday-paddles#page272.pdf,https://www4.septa.org/picking/pdf/spring-a-2026/southern/paddles/weekday-paddles#page=272.pdf,https://www4.septa.org/picking/pdf/spring-a-2026/southern/trip-sheets/weekday-trip-sheets.pdf
SouthernWeekday618,618,Southern,1 of 3,274,Weekday,https://www4.septa.org/picking/pdf/spring-a-2026/southern/paddles/weekday-paddles#page274.pdf,https://www4.septa.org/picking/pdf/spring-a-2026/southern/paddles/weekday-paddles#page=274.pdf,https://www4.septa.org/picking/pdf/spring-a-2026/southern/trip-sheets/weekday-trip-sheets.pdf
SouthernWeekday619,619,Southern,1 of 3,277,Weekday,https://www4.septa.org/picking/pdf/spring-a-2026/southern/paddles/weekday-paddles#page277.pdf,https://www4.septa.org/picking/pdf/spring-a-2026/southern/paddles/weekday-paddles#page=277.pdf,https://www4.septa.org/picking/pdf/spring-a-2026/southern/trip-sheets/weekday-trip-sheets.pdf
SouthernWeekday620,620,Southern,1 of 2,280,Weekday,https://www4.septa.org/picking/pdf/spring-a-2026/southern/paddles/weekday-paddles#page280.pdf,https://www4.septa.org/picking/pdf/spring-a-2026/southern/paddles/weekday-paddles#page=280.pdf,https://www4.septa.org/picking/pdf/spring-a-2026/southern/trip-sheets/weekday-trip-sheets.pdf
SouthernWeekday621,621,Southern,1 of 2,282,Weekday,https://www4.septa.org/picking/pdf/spring-a-2026/southern/paddles/weekday-paddles#page282.pdf,https://www4.septa.org/picking/pdf/spring-a-2026/southern/paddles/weekday-paddles#page=282.pdf,https://www4.septa.org/picking/pdf/spring-a-2026/southern/trip-sheets/weekday-trip-sheets.pdf
SouthernWeekday622,622,Southern,1 of 3,284,Weekday,https://www4.septa.org/picking/pdf/spring-a-2026/southern/paddles/weekday-paddles#page284.pdf,https://www4.septa.org/picking/pdf/spring-a-2026/southern/paddles/weekday-paddles#page=284.pdf,https://www4.septa.org/picking/pdf/spring-a-2026/southern/trip-sheets/weekday-trip-sheets.pdf
SouthernWeekday623,623,Southern,1 of 3,287,Weekday,https://www4.septa.org/picking/pdf/spring-a-2026/southern/paddles/weekday-paddles#page287.pdf,https://www4.septa.org/picking/pdf/spring-a-2026/southern/paddles/weekday-paddles#page=287.pdf,https://www4.septa.org/picking/pdf/spring-a-2026/southern/trip-sheets/weekday-trip-sheets.pdf
SouthernWeekday624,624,Southern,1 of 3,290,Weekday,https://www4.septa.org/picking/pdf/spring-a-2026/southern/paddles/weekday-paddles#page290.pdf,https://www4.septa.org/picking/pdf/spring-a-2026/southern/paddles/weekday-paddles#page=290.pdf,https://www4.septa.org/picking/pdf/spring-a-2026/southern/trip-sheets/weekday-trip-sheets.pdf
SouthernWeekday625,625,Southern,1 of 3,293,Weekday,https://www4.septa.org/picking/pdf/spring-a-2026/southern/paddles/weekday-paddles#page293.pdf,https://www4.septa.org/picking/pdf/spring-a-2026/southern/paddles/weekday-paddles#page=293.pdf,https://www4.septa.org/picking/pdf/spring-a-2026/southern/trip-sheets/weekday-trip-sheets.pdf
SouthernWeekday701,701,Southern,1 of 2,296,Weekday,https://www4.septa.org/picking/pdf/spring-a-2026/southern/paddles/weekday-paddles#page296.pdf,https://www4.septa.org/picking/pdf/spring-a-2026/southern/paddles/weekday-paddles#page=296.pdf,https://www4.septa.org/picking/pdf/spring-a-2026/southern/trip-sheets/weekday-trip-sheets.pdf
SouthernWeekday702,702,Southern,1 of 2,298,Weekday,https://www4.septa.org/picking/pdf/spring-a-2026/southern/paddles/weekday-paddles#page298.pdf,https://www4.septa.org/picking/pdf/spring-a-2026/southern/paddles/weekday-paddles#page=298.pdf,https://www4.septa.org/picking/pdf/spring-a-2026/southern/trip-sheets/weekday-trip-sheets.pdf
SouthernWeekday703,703,Southern,1 of 3,300,Weekday,https://www4.septa.org/picking/pdf/spring-a-2026/southern/paddles/weekday-paddles#page300.pdf,https://www4.septa.org/picking/pdf/spring-a-2026/southern/paddles/weekday-paddles#page=300.pdf,https://www4.septa.org/picking/pdf/spring-a-2026/southern/trip-sheets/weekday-trip-sheets.pdf
SouthernWeekday704,704,Southern,1 of 2,303,Weekday,https://www4.septa.org/picking/pdf/spring-a-2026/southern/paddles/weekday-paddles#page303.pdf,https://www4.septa.org/picking/pdf/spring-a-2026/southern/paddles/weekday-paddles#page=303.pdf,https://www4.septa.org/picking/pdf/spring-a-2026/southern/trip-sheets/weekday-trip-sheets.pdf
SouthernWeekday705,705,Southern,1 of 3,305,Weekday,https://www4.septa.org/picking/pdf/spring-a-2026/southern/paddles/weekday-paddles#page305.pdf,https://www4.septa.org/picking/pdf/spring-a-2026/southern/paddles/weekday-paddles#page=305.pdf,https://www4.septa.org/picking/pdf/spring-a-2026/southern/trip-sheets/weekday-trip-sheets.pdf
SouthernWeekday706,706,Southern,1 of 2,308,Weekday,https://www4.septa.org/picking/pdf/spring-a-2026/southern/paddles/weekday-paddles#page308.pdf,https://www4.septa.org/picking/pdf/spring-a-2026/southern/paddles/weekday-paddles#page=308.pdf,https://www4.septa.org/picking/pdf/spring-a-2026/southern/trip-sheets/weekday-trip-sheets.pdf
SouthernWeekday707,707,Southern,1 of 2,310,Weekday,https://www4.septa.org/picking/pdf/spring-a-2026/southern/paddles/weekday-paddles#page310.pdf,https://www4.septa.org/picking/pdf/spring-a-2026/southern/paddles/weekday-paddles#page=310.pdf,https://www4.septa.org/picking/pdf/spring-a-2026/southern/trip-sheets/weekday-trip-sheets.pdf
SouthernWeekday708,708,Southern,1 of 2,312,Weekday,https://www4.septa.org/picking/pdf/spring-a-2026/southern/paddles/weekday-paddles#page312.pdf,https://www4.septa.org/picking/pdf/spring-a-2026/southern/paddles/weekday-paddles#page=312.pdf,https://www4.septa.org/picking/pdf/spring-a-2026/southern/trip-sheets/weekday-trip-sheets.pdf
SouthernWeekday709,709,Southern,1 of 2,314,Weekday,https://www4.septa.org/picking/pdf/spring-a-2026/southern/paddles/weekday-paddles#page314.pdf,https://www4.septa.org/picking/pdf/spring-a-2026/southern/paddles/weekday-paddles#page=314.pdf,https://www4.septa.org/picking/pdf/spring-a-2026/southern/trip-sheets/weekday-trip-sheets.pdf
SouthernWeekday710,710,Southern,1 of 4,316,Weekday,https://www4.septa.org/picking/pdf/spring-a-2026/southern/paddles/weekday-paddles#page316.pdf,https://www4.septa.org/picking/pdf/spring-a-2026/southern/paddles/weekday-paddles#page=316.pdf,https://www4.septa.org/picking/pdf/spring-a-2026/southern/trip-sheets/weekday-trip-sheets.pdf
SouthernWeekday711,711,Southern,1 of 4,320,Weekday,https://www4.septa.org/picking/pdf/spring-a-2026/southern/paddles/weekday-paddles#page320.pdf,https://www4.septa.org/picking/pdf/spring-a-2026/southern/paddles/weekday-paddles#page=320.pdf,https://www4.septa.org/picking/pdf/spring-a-2026/southern/trip-sheets/weekday-trip-sheets.pdf
SouthernWeekday712,712,Southern,1 of 3,324,Weekday,https://www4.septa.org/picking/pdf/spring-a-2026/southern/paddles/weekday-paddles#page324.pdf,https://www4.septa.org/picking/pdf/spring-a-2026/southern/paddles/weekday-paddles#page=324.pdf,https://www4.septa.org/picking/pdf/spring-a-2026/southern/trip-sheets/weekday-trip-sheets.pdf
SouthernWeekday713,713,Southern,1 of 3,327,Weekday,https://www4.septa.org/picking/pdf/spring-a-2026/southern/paddles/weekday-paddles#page327.pdf,https://www4.septa.org/picking/pdf/spring-a-2026/southern/paddles/weekday-paddles#page=327.pdf,https://www4.septa.org/picking/pdf/spring-a-2026/southern/trip-sheets/weekday-trip-sheets.pdf
SouthernWeekday714,714,Southern,1 of 3,330,Weekday,https://www4.septa.org/picking/pdf/spring-a-2026/southern/paddles/weekday-paddles#page330.pdf,https://www4.septa.org/picking/pdf/spring-a-2026/southern/paddles/weekday-paddles#page=330.pdf,https://www4.septa.org/picking/pdf/spring-a-2026/southern/trip-sheets/weekday-trip-sheets.pdf
SouthernWeekday715,715,Southern,1 of 6,333,Weekday,https://www4.septa.org/picking/pdf/spring-a-2026/southern/paddles/weekday-paddles#page333.pdf,https://www4.septa.org/picking/pdf/spring-a-2026/southern/paddles/weekday-paddles#page=333.pdf,https://www4.septa.org/picking/pdf/spring-a-2026/southern/trip-sheets/weekday-trip-sheets.pdf
SouthernWeekday716,716,Southern,1 of 2,339,Weekday,https://www4.septa.org/picking/pdf/spring-a-2026/southern/paddles/weekday-paddles#page339.pdf,https://www4.septa.org/picking/pdf/spring-a-2026/southern/paddles/weekday-paddles#page=339.pdf,https://www4.septa.org/picking/pdf/spring-a-2026/southern/trip-sheets/weekday-trip-sheets.pdf
SouthernWeekday717,717,Southern,1 of 2,341,Weekday,https://www4.septa.org/picking/pdf/spring-a-2026/southern/paddles/weekday-paddles#page341.pdf,https://www4.septa.org/picking/pdf/spring-a-2026/southern/paddles/weekday-paddles#page=341.pdf,https://www4.septa.org/picking/pdf/spring-a-2026/southern/trip-sheets/weekday-trip-sheets.pdf
SouthernWeekday718,718,Southern,1 of 2,343,Weekday,https://www4.septa.org/picking/pdf/spring-a-2026/southern/paddles/weekday-paddles#page343.pdf,https://www4.septa.org/picking/pdf/spring-a-2026/southern/paddles/weekday-paddles#page=343.pdf,https://www4.septa.org/picking/pdf/spring-a-2026/southern/trip-sheets/weekday-trip-sheets.pdf
SouthernWeekday719,719,Southern,1 of 2,345,Weekday,https://www4.septa.org/picking/pdf/spring-a-2026/southern/paddles/weekday-paddles#page345.pdf,https://www4.septa.org/picking/pdf/spring-a-2026/southern/paddles/weekday-paddles#page=345.pdf,https://www4.septa.org/picking/pdf/spring-a-2026/southern/trip-sheets/weekday-trip-sheets.pdf
SouthernWeekday720,720,Southern,1 of 3,347,Weekday,https://www4.septa.org/picking/pdf/spring-a-2026/southern/paddles/weekday-paddles#page347.pdf,https://www4.septa.org/picking/pdf/spring-a-2026/southern/paddles/weekday-paddles#page=347.pdf,https://www4.septa.org/picking/pdf/spring-a-2026/southern/trip-sheets/weekday-trip-sheets.pdf
SouthernWeekday721,721,Southern,1 of 2,350,Weekday,https://www4.septa.org/picking/pdf/spring-a-2026/southern/paddles/weekday-paddles#page350.pdf,https://www4.septa.org/picking/pdf/spring-a-2026/southern/paddles/weekday-paddles#page=350.pdf,https://www4.septa.org/picking/pdf/spring-a-2026/southern/trip-sheets/weekday-trip-sheets.pdf
SouthernWeekday751,751,Southern,1 of 2,352,Weekday,https://www4.septa.org/picking/pdf/spring-a-2026/southern/paddles/weekday-paddles#page352.pdf,https://www4.septa.org/picking/pdf/spring-a-2026/southern/paddles/weekday-paddles#page=352.pdf,https://www4.septa.org/picking/pdf/spring-a-2026/southern/trip-sheets/weekday-trip-sheets.pdf
SouthernWeekday752,752,Southern,1 of 2,354,Weekday,https://www4.septa.org/picking/pdf/spring-a-2026/southern/paddles/weekday-paddles#page354.pdf,https://www4.septa.org/picking/pdf/spring-a-2026/southern/paddles/weekday-paddles#page=354.pdf,https://www4.septa.org/picking/pdf/spring-a-2026/southern/trip-sheets/weekday-trip-sheets.pdf
SouthernWeekday753,753,Southern,1 of 2,356,Weekday,https://www4.septa.org/picking/pdf/spring-a-2026/southern/paddles/weekday-paddles#page356.pdf,https://www4.septa.org/picking/pdf/spring-a-2026/southern/paddles/weekday-paddles#page=356.pdf,https://www4.septa.org/picking/pdf/spring-a-2026/southern/trip-sheets/weekday-trip-sheets.pdf
SouthernWeekday754,754,Southern,1 of 2,358,Weekday,https://www4.septa.org/picking/pdf/spring-a-2026/southern/paddles/weekday-paddles#page358.pdf,https://www4.septa.org/picking/pdf/spring-a-2026/southern/paddles/weekday-paddles#page=358.pdf,https://www4.septa.org/picking/pdf/spring-a-2026/southern/trip-sheets/weekday-trip-sheets.pdf
SouthernWeekday755,755,Southern,1 of 2,360,Weekday,https://www4.septa.org/picking/pdf/spring-a-2026/southern/paddles/weekday-paddles#page360.pdf,https://www4.septa.org/picking/pdf/spring-a-2026/southern/paddles/weekday-paddles#page=360.pdf,https://www4.septa.org/picking/pdf/spring-a-2026/southern/trip-sheets/weekday-trip-sheets.pdf
SouthernWeekday756,756,Southern,1 of 2,362,Weekday,https://www4.septa.org/picking/pdf/spring-a-2026/southern/paddles/weekday-paddles#page362.pdf,https://www4.septa.org/picking/pdf/spring-a-2026/southern/paddles/weekday-paddles#page=362.pdf,https://www4.septa.org/picking/pdf/spring-a-2026/southern/trip-sheets/weekday-trip-sheets.pdf
SouthernWeekday757,757,Southern,1 of 2,364,Weekday,https://www4.septa.org/picking/pdf/spring-a-2026/southern/paddles/weekday-paddles#page364.pdf,https://www4.septa.org/picking/pdf/spring-a-2026/southern/paddles/weekday-paddles#page=364.pdf,https://www4.septa.org/picking/pdf/spring-a-2026/southern/trip-sheets/weekday-trip-sheets.pdf
SouthernWeekday758,758,Southern,1 of 2,366,Weekday,https://www4.septa.org/picking/pdf/spring-a-2026/southern/paddles/weekday-paddles#page366.pdf,https://www4.septa.org/picking/pdf/spring-a-2026/southern/paddles/weekday-paddles#page=366.pdf,https://www4.septa.org/picking/pdf/spring-a-2026/southern/trip-sheets/weekday-trip-sheets.pdf
SouthernWeekday759,759,Southern,1 of 2,368,Weekday,https://www4.septa.org/picking/pdf/spring-a-2026/southern/paddles/weekday-paddles#page368.pdf,https://www4.septa.org/picking/pdf/spring-a-2026/southern/paddles/weekday-paddles#page=368.pdf,https://www4.septa.org/picking/pdf/spring-a-2026/southern/trip-sheets/weekday-trip-sheets.pdf
SouthernWeekday760,760,Southern,1 of 2,370,Weekday,https://www4.septa.org/picking/pdf/spring-a-2026/southern/paddles/weekday-paddles#page370.pdf,https://www4.septa.org/picking/pdf/spring-a-2026/southern/paddles/weekday-paddles#page=370.pdf,https://www4.septa.org/picking/pdf/spring-a-2026/southern/trip-sheets/weekday-trip-sheets.pdf
SouthernWeekday761,761,Southern,1 of 2,372,Weekday,https://www4.septa.org/picking/pdf/spring-a-2026/southern/paddles/weekday-paddles#page372.pdf,https://www4.septa.org/picking/pdf/spring-a-2026/southern/paddles/weekday-paddles#page=372.pdf,https://www4.septa.org/picking/pdf/spring-a-2026/southern/trip-sheets/weekday-trip-sheets.pdf
SouthernWeekday762,762,Southern,1 of 2,374,Weekday,https://www4.septa.org/picking/pdf/spring-a-2026/southern/paddles/weekday-paddles#page374.pdf,https://www4.septa.org/picking/pdf/spring-a-2026/southern/paddles/weekday-paddles#page=374.pdf,https://www4.septa.org/picking/pdf/spring-a-2026/southern/trip-sheets/weekday-trip-sheets.pdf
SouthernWeekday763,763,Southern,1 of 2,376,Weekday,https://www4.septa.org/picking/pdf/spring-a-2026/southern/paddles/weekday-paddles#page376.pdf,https://www4.septa.org/picking/pdf/spring-a-2026/southern/paddles/weekday-paddles#page=376.pdf,https://www4.septa.org/picking/pdf/spring-a-2026/southern/trip-sheets/weekday-trip-sheets.pdf
SouthernWeekday764,764,Southern,1 of 2,378,Weekday,https://www4.septa.org/picking/pdf/spring-a-2026/southern/paddles/weekday-paddles#page378.pdf,https://www4.septa.org/picking/pdf/spring-a-2026/southern/paddles/weekday-paddles#page=378.pdf,https://www4.septa.org/picking/pdf/spring-a-2026/southern/trip-sheets/weekday-trip-sheets.pdf
SouthernWeekday765,765,Southern,1 of 2,380,Weekday,https://www4.septa.org/picking/pdf/spring-a-2026/southern/paddles/weekday-paddles#page380.pdf,https://www4.septa.org/picking/pdf/spring-a-2026/southern/paddles/weekday-paddles#page=380.pdf,https://www4.septa.org/picking/pdf/spring-a-2026/southern/trip-sheets/weekday-trip-sheets.pdf
SouthernWeekday801,801,Southern,1 of 3,382,Weekday,https://www4.septa.org/picking/pdf/spring-a-2026/southern/paddles/weekday-paddles#page382.pdf,https://www4.septa.org/picking/pdf/spring-a-2026/southern/paddles/weekday-paddles#page=382.pdf,https://www4.septa.org/picking/pdf/spring-a-2026/southern/trip-sheets/weekday-trip-sheets.pdf
SouthernWeekday802,802,Southern,1 of 3,385,Weekday,https://www4.septa.org/picking/pdf/spring-a-2026/southern/paddles/weekday-paddles#page385.pdf,https://www4.septa.org/picking/pdf/spring-a-2026/southern/paddles/weekday-paddles#page=385.pdf,https://www4.septa.org/picking/pdf/spring-a-2026/southern/trip-sheets/weekday-trip-sheets.pdf
SouthernWeekday803,803,Southern,1 of 3,388,Weekday,https://www4.septa.org/picking/pdf/spring-a-2026/southern/paddles/weekday-paddles#page388.pdf,https://www4.septa.org/picking/pdf/spring-a-2026/southern/paddles/weekday-paddles#page=388.pdf,https://www4.septa.org/picking/pdf/spring-a-2026/southern/trip-sheets/weekday-trip-sheets.pdf
SouthernWeekday804,804,Southern,1 of 3,391,Weekday,https://www4.septa.org/picking/pdf/spring-a-2026/southern/paddles/weekday-paddles#page391.pdf,https://www4.septa.org/picking/pdf/spring-a-2026/southern/paddles/weekday-paddles#page=391.pdf,https://www4.septa.org/picking/pdf/spring-a-2026/southern/trip-sheets/weekday-trip-sheets.pdf
SouthernWeekday805,805,Southern,1 of 9,394,Weekday,https://www4.septa.org/picking/pdf/spring-a-2026/southern/paddles/weekday-paddles#page394.pdf,https://www4.septa.org/picking/pdf/spring-a-2026/southern/paddles/weekday-paddles#page=394.pdf,https://www4.septa.org/picking/pdf/spring-a-2026/southern/trip-sheets/weekday-trip-sheets.pdf
SouthernWeekday806,806,Southern,1 of 3,403,Weekday,https://www4.septa.org/picking/pdf/spring-a-2026/southern/paddles/weekday-paddles#page403.pdf,https://www4.septa.org/picking/pdf/spring-a-2026/southern/paddles/weekday-paddles#page=403.pdf,https://www4.septa.org/picking/pdf/spring-a-2026/southern/trip-sheets/weekday-trip-sheets.pdf
SouthernWeekday807,807,Southern,1 of 3,406,Weekday,https://www4.septa.org/picking/pdf/spring-a-2026/southern/paddles/weekday-paddles#page406.pdf,https://www4.septa.org/picking/pdf/spring-a-2026/southern/paddles/weekday-paddles#page=406.pdf,https://www4.septa.org/picking/pdf/spring-a-2026/southern/trip-sheets/weekday-trip-sheets.pdf
SouthernWeekday808,808,Southern,1 of 3,409,Weekday,https://www4.septa.org/picking/pdf/spring-a-2026/southern/paddles/weekday-paddles#page409.pdf,https://www4.septa.org/picking/pdf/spring-a-2026/southern/paddles/weekday-paddles#page=409.pdf,https://www4.septa.org/picking/pdf/spring-a-2026/southern/trip-sheets/weekday-trip-sheets.pdf
SouthernWeekday809,809,Southern,1 of 3,412,Weekday,https://www4.septa.org/picking/pdf/spring-a-2026/southern/paddles/weekday-paddles#page412.pdf,https://www4.septa.org/picking/pdf/spring-a-2026/southern/paddles/weekday-paddles#page=412.pdf,https://www4.septa.org/picking/pdf/spring-a-2026/southern/trip-sheets/weekday-trip-sheets.pdf
SouthernWeekday810,810,Southern,1 of 3,415,Weekday,https://www4.septa.org/picking/pdf/spring-a-2026/southern/paddles/weekday-paddles#page415.pdf,https://www4.septa.org/picking/pdf/spring-a-2026/southern/paddles/weekday-paddles#page=415.pdf,https://www4.septa.org/picking/pdf/spring-a-2026/southern/trip-sheets/weekday-trip-sheets.pdf
SouthernWeekday811,811,Southern,1 of 3,418,Weekday,https://www4.septa.org/picking/pdf/spring-a-2026/southern/paddles/weekday-paddles#page418.pdf,https://www4.septa.org/picking/pdf/spring-a-2026/southern/paddles/weekday-paddles#page=418.pdf,https://www4.septa.org/picking/pdf/spring-a-2026/southern/trip-sheets/weekday-trip-sheets.pdf
SouthernWeekday812,812,Southern,1 of 4,421,Weekday,https://www4.septa.org/picking/pdf/spring-a-2026/southern/paddles/weekday-paddles#page421.pdf,https://www4.septa.org/picking/pdf/spring-a-2026/southern/paddles/weekday-paddles#page=421.pdf,https://www4.septa.org/picking/pdf/spring-a-2026/southern/trip-sheets/weekday-trip-sheets.pdf
SouthernWeekday813,813,Southern,1 of 2,425,Weekday,https://www4.septa.org/picking/pdf/spring-a-2026/southern/paddles/weekday-paddles#page425.pdf,https://www4.septa.org/picking/pdf/spring-a-2026/southern/paddles/weekday-paddles#page=425.pdf,https://www4.septa.org/picking/pdf/spring-a-2026/southern/trip-sheets/weekday-trip-sheets.pdf
SouthernWeekday814,814,Southern,1 of 3,427,Weekday,https://www4.septa.org/picking/pdf/spring-a-2026/southern/paddles/weekday-paddles#page427.pdf,https://www4.septa.org/picking/pdf/spring-a-2026/southern/paddles/weekday-paddles#page=427.pdf,https://www4.septa.org/picking/pdf/spring-a-2026/southern/trip-sheets/weekday-trip-sheets.pdf
SouthernWeekday815,815,Southern,1 of 2,430,Weekday,https://www4.septa.org/picking/pdf/spring-a-2026/southern/paddles/weekday-paddles#page430.pdf,https://www4.septa.org/picking/pdf/spring-a-2026/southern/paddles/weekday-paddles#page=430.pdf,https://www4.septa.org/picking/pdf/spring-a-2026/southern/trip-sheets/weekday-trip-sheets.pdf
SouthernWeekday851,851,Southern,1 of 2,432,Weekday,https://www4.septa.org/picking/pdf/spring-a-2026/southern/paddles/weekday-paddles#page432.pdf,https://www4.septa.org/picking/pdf/spring-a-2026/southern/paddles/weekday-paddles#page=432.pdf,https://www4.septa.org/picking/pdf/spring-a-2026/southern/trip-sheets/weekday-trip-sheets.pdf
SouthernWeekday852,852,Southern,1 of 3,434,Weekday,https://www4.septa.org/picking/pdf/spring-a-2026/southern/paddles/weekday-paddles#page434.pdf,https://www4.septa.org/picking/pdf/spring-a-2026/southern/paddles/weekday-paddles#page=434.pdf,https://www4.septa.org/picking/pdf/spring-a-2026/southern/trip-sheets/weekday-trip-sheets.pdf
SouthernWeekday853,853,Southern,1 of 2,437,Weekday,https://www4.septa.org/picking/pdf/spring-a-2026/southern/paddles/weekday-paddles#page437.pdf,https://www4.septa.org/picking/pdf/spring-a-2026/southern/paddles/weekday-paddles#page=437.pdf,https://www4.septa.org/picking/pdf/spring-a-2026/southern/trip-sheets/weekday-trip-sheets.pdf
SouthernWeekday854,854,Southern,1 of 2,439,Weekday,https://www4.septa.org/picking/pdf/spring-a-2026/southern/paddles/weekday-paddles#page439.pdf,https://www4.septa.org/picking/pdf/spring-a-2026/southern/paddles/weekday-paddles#page=439.pdf,https://www4.septa.org/picking/pdf/spring-a-2026/southern/trip-sheets/weekday-trip-sheets.pdf
SouthernWeekday855,855,Southern,1 of 2,441,Weekday,https://www4.septa.org/picking/pdf/spring-a-2026/southern/paddles/weekday-paddles#page441.pdf,https://www4.septa.org/picking/pdf/spring-a-2026/southern/paddles/weekday-paddles#page=441.pdf,https://www4.septa.org/picking/pdf/spring-a-2026/southern/trip-sheets/weekday-trip-sheets.pdf
SouthernWeekday856,856,Southern,1 of 3,443,Weekday,https://www4.septa.org/picking/pdf/spring-a-2026/southern/paddles/weekday-paddles#page443.pdf,https://www4.septa.org/picking/pdf/spring-a-2026/southern/paddles/weekday-paddles#page=443.pdf,https://www4.septa.org/picking/pdf/spring-a-2026/southern/trip-sheets/weekday-trip-sheets.pdf
SouthernWeekday857,857,Southern,1 of 3,446,Weekday,https://www4.septa.org/picking/pdf/spring-a-2026/southern/paddles/weekday-paddles#page446.pdf,https://www4.septa.org/picking/pdf/spring-a-2026/southern/paddles/weekday-paddles#page=446.pdf,https://www4.septa.org/picking/pdf/spring-a-2026/southern/trip-sheets/weekday-trip-sheets.pdf
SouthernWeekday858,858,Southern,1 of 2,449,Weekday,https://www4.septa.org/picking/pdf/spring-a-2026/southern/paddles/weekday-paddles#page449.pdf,https://www4.septa.org/picking/pdf/spring-a-2026/southern/paddles/weekday-paddles#page=449.pdf,https://www4.septa.org/picking/pdf/spring-a-2026/southern/trip-sheets/weekday-trip-sheets.pdf
SouthernWeekday859,859,Southern,1 of 4,451,Weekday,https://www4.septa.org/picking/pdf/spring-a-2026/southern/paddles/weekday-paddles#page451.pdf,https://www4.septa.org/picking/pdf/spring-a-2026/southern/paddles/weekday-paddles#page=451.pdf,https://www4.septa.org/picking/pdf/spring-a-2026/southern/trip-sheets/weekday-trip-sheets.pdf
SouthernWeekday860,860,Southern,1 of 2,455,Weekday,https://www4.septa.org/picking/pdf/spring-a-2026/southern/paddles/weekday-paddles#page455.pdf,https://www4.septa.org/picking/pdf/spring-a-2026/southern/paddles/weekday-paddles#page=455.pdf,https://www4.septa.org/picking/pdf/spring-a-2026/southern/trip-sheets/weekday-trip-sheets.pdf
SouthernWeekday861,861,Southern,1 of 2,457,Weekday,https://www4.septa.org/picking/pdf/spring-a-2026/southern/paddles/weekday-paddles#page457.pdf,https://www4.septa.org/picking/pdf/spring-a-2026/southern/paddles/weekday-paddles#page=457.pdf,https://www4.septa.org/picking/pdf/spring-a-2026/southern/trip-sheets/weekday-trip-sheets.pdf
SouthernWeekday862,862,Southern,1 of 3,459,Weekday,https://www4.septa.org/picking/pdf/spring-a-2026/southern/paddles/weekday-paddles#page459.pdf,https://www4.septa.org/picking/pdf/spring-a-2026/southern/paddles/weekday-paddles#page=459.pdf,https://www4.septa.org/picking/pdf/spring-a-2026/southern/trip-sheets/weekday-trip-sheets.pdf
SouthernWeekday863,863,Southern,1 of 2,462,Weekday,https://www4.septa.org/picking/pdf/spring-a-2026/southern/paddles/weekday-paddles#page462.pdf,https://www4.septa.org/picking/pdf/spring-a-2026/southern/paddles/weekday-paddles#page=462.pdf,https://www4.septa.org/picking/pdf/spring-a-2026/southern/trip-sheets/weekday-trip-sheets.pdf
SouthernWeekday864,864,Southern,1 of 2,464,Weekday,https://www4.septa.org/picking/pdf/spring-a-2026/southern/paddles/weekday-paddles#page464.pdf,https://www4.septa.org/picking/pdf/spring-a-2026/southern/paddles/weekday-paddles#page=464.pdf,https://www4.septa.org/picking/pdf/spring-a-2026/southern/trip-sheets/weekday-trip-sheets.pdf
SouthernWeekday865,865,Southern,1 of 2,466,Weekday,https://www4.septa.org/picking/pdf/spring-a-2026/southern/paddles/weekday-paddles#page466.pdf,https://www4.septa.org/picking/pdf/spring-a-2026/southern/paddles/weekday-paddles#page=466.pdf,https://www4.septa.org/picking/pdf/spring-a-2026/southern/trip-sheets/weekday-trip-sheets.pdf
SouthernWeekday866,866,Southern,1 of 2,468,Weekday,https://www4.septa.org/picking/pdf/spring-a-2026/southern/paddles/weekday-paddles#page468.pdf,https://www4.septa.org/picking/pdf/spring-a-2026/southern/paddles/weekday-paddles#page=468.pdf,https://www4.septa.org/picking/pdf/spring-a-2026/southern/trip-sheets/weekday-trip-sheets.pdf
SouthernWeekday867,867,Southern,1 of 2,470,Weekday,https://www4.septa.org/picking/pdf/spring-a-2026/southern/paddles/weekday-paddles#page470.pdf,https://www4.septa.org/picking/pdf/spring-a-2026/southern/paddles/weekday-paddles#page=470.pdf,https://www4.septa.org/picking/pdf/spring-a-2026/southern/trip-sheets/weekday-trip-sheets.pdf
SouthernWeekday868,868,Southern,1 of 2,472,Weekday,https://www4.septa.org/picking/pdf/spring-a-2026/southern/paddles/weekday-paddles#page472.pdf,https://www4.septa.org/picking/pdf/spring-a-2026/southern/paddles/weekday-paddles#page=472.pdf,https://www4.septa.org/picking/pdf/spring-a-2026/southern/trip-sheets/weekday-trip-sheets.pdf
SouthernWeekday869,869,Southern,1 of 2,474,Weekday,https://www4.septa.org/picking/pdf/spring-a-2026/southern/paddles/weekday-paddles#page474.pdf,https://www4.septa.org/picking/pdf/spring-a-2026/southern/paddles/weekday-paddles#page=474.pdf,https://www4.septa.org/picking/pdf/spring-a-2026/southern/trip-sheets/weekday-trip-sheets.pdf
SouthernWeekday901,901,Southern,1 of 2,476,Weekday,https://www4.septa.org/picking/pdf/spring-a-2026/southern/paddles/weekday-paddles#page476.pdf,https://www4.septa.org/picking/pdf/spring-a-2026/southern/paddles/weekday-paddles#page=476.pdf,https://www4.septa.org/picking/pdf/spring-a-2026/southern/trip-sheets/weekday-trip-sheets.pdf
SouthernWeekday902,902,Southern,1 of 2,478,Weekday,https://www4.septa.org/picking/pdf/spring-a-2026/southern/paddles/weekday-paddles#page478.pdf,https://www4.septa.org/picking/pdf/spring-a-2026/southern/paddles/weekday-paddles#page=478.pdf,https://www4.septa.org/picking/pdf/spring-a-2026/southern/trip-sheets/weekday-trip-sheets.pdf
SouthernWeekday903,903,Southern,1 of 2,480,Weekday,https://www4.septa.org/picking/pdf/spring-a-2026/southern/paddles/weekday-paddles#page480.pdf,https://www4.septa.org/picking/pdf/spring-a-2026/southern/paddles/weekday-paddles#page=480.pdf,https://www4.septa.org/picking/pdf/spring-a-2026/southern/trip-sheets/weekday-trip-sheets.pdf
SouthernWeekday904,904,Southern,1 of 2,482,Weekday,https://www4.septa.org/picking/pdf/spring-a-2026/southern/paddles/weekday-paddles#page482.pdf,https://www4.septa.org/picking/pdf/spring-a-2026/southern/paddles/weekday-paddles#page=482.pdf,https://www4.septa.org/picking/pdf/spring-a-2026/southern/trip-sheets/weekday-trip-sheets.pdf
SouthernWeekday905,905,Southern,1 of 2,484,Weekday,https://www4.septa.org/picking/pdf/spring-a-2026/southern/paddles/weekday-paddles#page484.pdf,https://www4.septa.org/picking/pdf/spring-a-2026/southern/paddles/weekday-paddles#page=484.pdf,https://www4.septa.org/picking/pdf/spring-a-2026/southern/trip-sheets/weekday-trip-sheets.pdf
SouthernWeekday906,906,Southern,1 of 2,486,Weekday,https://www4.septa.org/picking/pdf/spring-a-2026/southern/paddles/weekday-paddles#page486.pdf,https://www4.septa.org/picking/pdf/spring-a-2026/southern/paddles/weekday-paddles#page=486.pdf,https://www4.septa.org/picking/pdf/spring-a-2026/southern/trip-sheets/weekday-trip-sheets.pdf
SouthernWeekday907,907,Southern,1 of 2,488,Weekday,https://www4.septa.org/picking/pdf/spring-a-2026/southern/paddles/weekday-paddles#page488.pdf,https://www4.septa.org/picking/pdf/spring-a-2026/southern/paddles/weekday-paddles#page=488.pdf,https://www4.septa.org/picking/pdf/spring-a-2026/southern/trip-sheets/weekday-trip-sheets.pdf
SouthernWeekday951,951,Southern,1 of 2,490,Weekday,https://www4.septa.org/picking/pdf/spring-a-2026/southern/paddles/weekday-paddles#page490.pdf,https://www4.septa.org/picking/pdf/spring-a-2026/southern/paddles/weekday-paddles#page=490.pdf,https://www4.septa.org/picking/pdf/spring-a-2026/southern/trip-sheets/weekday-trip-sheets.pdf
SouthernWeekday952,952,Southern,1 of 2,492,Weekday,https://www4.septa.org/picking/pdf/spring-a-2026/southern/paddles/weekday-paddles#page492.pdf,https://www4.septa.org/picking/pdf/spring-a-2026/southern/paddles/weekday-paddles#page=492.pdf,https://www4.septa.org/picking/pdf/spring-a-2026/southern/trip-sheets/weekday-trip-sheets.pdf
SouthernWeekday953,953,Southern,1 of 2,494,Weekday,https://www4.septa.org/picking/pdf/spring-a-2026/southern/paddles/weekday-paddles#page494.pdf,https://www4.septa.org/picking/pdf/spring-a-2026/southern/paddles/weekday-paddles#page=494.pdf,https://www4.septa.org/picking/pdf/spring-a-2026/southern/trip-sheets/weekday-trip-sheets.pdf
SouthernWeekday954,954,Southern,1 of 5,496,Weekday,https://www4.septa.org/picking/pdf/spring-a-2026/southern/paddles/weekday-paddles#page496.pdf,https://www4.septa.org/picking/pdf/spring-a-2026/southern/paddles/weekday-paddles#page=496.pdf,https://www4.septa.org/picking/pdf/spring-a-2026/southern/trip-sheets/weekday-trip-sheets.pdf
SouthernWeekday955,955,Southern,1 of 2,501,Weekday,https://www4.septa.org/picking/pdf/spring-a-2026/southern/paddles/weekday-paddles#page501.pdf,https://www4.septa.org/picking/pdf/spring-a-2026/southern/paddles/weekday-paddles#page=501.pdf,https://www4.septa.org/picking/pdf/spring-a-2026/southern/trip-sheets/weekday-trip-sheets.pdf
SouthernWeekday956,956,Southern,1 of 2,503,Weekday,https://www4.septa.org/picking/pdf/spring-a-2026/southern/paddles/weekday-paddles#page503.pdf,https://www4.septa.org/picking/pdf/spring-a-2026/southern/paddles/weekday-paddles#page=503.pdf,https://www4.septa.org/picking/pdf/spring-a-2026/southern/trip-sheets/weekday-trip-sheets.pdf
SouthernWeekday957,957,Southern,1 of 2,505,Weekday,https://www4.septa.org/picking/pdf/spring-a-2026/southern/paddles/weekday-paddles#page505.pdf,https://www4.septa.org/picking/pdf/spring-a-2026/southern/paddles/weekday-paddles#page=505.pdf,https://www4.septa.org/picking/pdf/spring-a-2026/southern/trip-sheets/weekday-trip-sheets.pdf
SouthernWeekday958,958,Southern,1 of 4,507,Weekday,https://www4.septa.org/picking/pdf/spring-a-2026/southern/paddles/weekday-paddles#page507.pdf,https://www4.septa.org/picking/pdf/spring-a-2026/southern/paddles/weekday-paddles#page=507.pdf,https://www4.septa.org/picking/pdf/spring-a-2026/southern/trip-sheets/weekday-trip-sheets.pdf
SouthernWeekday959,959,Southern,1 of 2,511,Weekday,https://www4.septa.org/picking/pdf/spring-a-2026/southern/paddles/weekday-paddles#page511.pdf,https://www4.septa.org/picking/pdf/spring-a-2026/southern/paddles/weekday-paddles#page=511.pdf,https://www4.septa.org/picking/pdf/spring-a-2026/southern/trip-sheets/weekday-trip-sheets.pdf
SouthernWeekday960,960,Southern,1 of 2,513,Weekday,https://www4.septa.org/picking/pdf/spring-a-2026/southern/paddles/weekday-paddles#page513.pdf,https://www4.septa.org/picking/pdf/spring-a-2026/southern/paddles/weekday-paddles#page=513.pdf,https://www4.septa.org/picking/pdf/spring-a-2026/southern/trip-sheets/weekday-trip-sheets.pdf
SouthernSaturday1,1,Southern,1 of 2,1,Saturday,https://www4.septa.org/picking/pdf/spring-a-2026/southern/paddles/saturday-paddles#page1.pdf,https://www4.septa.org/picking/pdf/spring-a-2026/southern/paddles/saturday-paddles#page=1.pdf,https://www4.septa.org/picking/pdf/spring-a-2026/southern/trip-sheets/saturday-trip-sheets.pdf
SouthernSaturday2,2,Southern,1 of 2,3,Saturday,https://www4.septa.org/picking/pdf/spring-a-2026/southern/paddles/saturday-paddles#page3.pdf,https://www4.septa.org/picking/pdf/spring-a-2026/southern/paddles/saturday-paddles#page=3.pdf,https://www4.septa.org/picking/pdf/spring-a-2026/southern/trip-sheets/saturday-trip-sheets.pdf
SouthernSaturday3,3,Southern,1 of 2,5,Saturday,https://www4.septa.org/picking/pdf/spring-a-2026/southern/paddles/saturday-paddles#page5.pdf,https://www4.septa.org/picking/pdf/spring-a-2026/southern/paddles/saturday-paddles#page=5.pdf,https://www4.septa.org/picking/pdf/spring-a-2026/southern/trip-sheets/saturday-trip-sheets.pdf
SouthernSaturday4,4,Southern,1 of 2,7,Saturday,https://www4.septa.org/picking/pdf/spring-a-2026/southern/paddles/saturday-paddles#page7.pdf,https://www4.septa.org/picking/pdf/spring-a-2026/southern/paddles/saturday-paddles#page=7.pdf,https://www4.septa.org/picking/pdf/spring-a-2026/southern/trip-sheets/saturday-trip-sheets.pdf
SouthernSaturday5,5,Southern,1 of 2,9,Saturday,https://www4.septa.org/picking/pdf/spring-a-2026/southern/paddles/saturday-paddles#page9.pdf,https://www4.septa.org/picking/pdf/spring-a-2026/southern/paddles/saturday-paddles#page=9.pdf,https://www4.septa.org/picking/pdf/spring-a-2026/southern/trip-sheets/saturday-trip-sheets.pdf
SouthernSaturday6,6,Southern,1 of 2,11,Saturday,https://www4.septa.org/picking/pdf/spring-a-2026/southern/paddles/saturday-paddles#page11.pdf,https://www4.septa.org/picking/pdf/spring-a-2026/southern/paddles/saturday-paddles#page=11.pdf,https://www4.septa.org/picking/pdf/spring-a-2026/southern/trip-sheets/saturday-trip-sheets.pdf
SouthernSaturday7,7,Southern,1 of 2,13,Saturday,https://www4.septa.org/picking/pdf/spring-a-2026/southern/paddles/saturday-paddles#page13.pdf,https://www4.septa.org/picking/pdf/spring-a-2026/southern/paddles/saturday-paddles#page=13.pdf,https://www4.septa.org/picking/pdf/spring-a-2026/southern/trip-sheets/saturday-trip-sheets.pdf
SouthernSaturday8,8,Southern,1 of 2,15,Saturday,https://www4.septa.org/picking/pdf/spring-a-2026/southern/paddles/saturday-paddles#page15.pdf,https://www4.septa.org/picking/pdf/spring-a-2026/southern/paddles/saturday-paddles#page=15.pdf,https://www4.septa.org/picking/pdf/spring-a-2026/southern/trip-sheets/saturday-trip-sheets.pdf
SouthernSaturday9,9,Southern,1 of 2,17,Saturday,https://www4.septa.org/picking/pdf/spring-a-2026/southern/paddles/saturday-paddles#page17.pdf,https://www4.septa.org/picking/pdf/spring-a-2026/southern/paddles/saturday-paddles#page=17.pdf,https://www4.septa.org/picking/pdf/spring-a-2026/southern/trip-sheets/saturday-trip-sheets.pdf
SouthernSaturday10,10,Southern,1 of 2,19,Saturday,https://www4.septa.org/picking/pdf/spring-a-2026/southern/paddles/saturday-paddles#page19.pdf,https://www4.septa.org/picking/pdf/spring-a-2026/southern/paddles/saturday-paddles#page=19.pdf,https://www4.septa.org/picking/pdf/spring-a-2026/southern/trip-sheets/saturday-trip-sheets.pdf
SouthernSaturday11,11,Southern,1 of 2,21,Saturday,https://www4.septa.org/picking/pdf/spring-a-2026/southern/paddles/saturday-paddles#page21.pdf,https://www4.septa.org/picking/pdf/spring-a-2026/southern/paddles/saturday-paddles#page=21.pdf,https://www4.septa.org/picking/pdf/spring-a-2026/southern/trip-sheets/saturday-trip-sheets.pdf
SouthernSaturday12,12,Southern,1 of 3,23,Saturday,https://www4.septa.org/picking/pdf/spring-a-2026/southern/paddles/saturday-paddles#page23.pdf,https://www4.septa.org/picking/pdf/spring-a-2026/southern/paddles/saturday-paddles#page=23.pdf,https://www4.septa.org/picking/pdf/spring-a-2026/southern/trip-sheets/saturday-trip-sheets.pdf
SouthernSaturday13,13,Southern,1 of 2,26,Saturday,https://www4.septa.org/picking/pdf/spring-a-2026/southern/paddles/saturday-paddles#page26.pdf,https://www4.septa.org/picking/pdf/spring-a-2026/southern/paddles/saturday-paddles#page=26.pdf,https://www4.septa.org/picking/pdf/spring-a-2026/southern/trip-sheets/saturday-trip-sheets.pdf
SouthernSaturday14,14,Southern,1 of 2,28,Saturday,https://www4.septa.org/picking/pdf/spring-a-2026/southern/paddles/saturday-paddles#page28.pdf,https://www4.septa.org/picking/pdf/spring-a-2026/southern/paddles/saturday-paddles#page=28.pdf,https://www4.septa.org/picking/pdf/spring-a-2026/southern/trip-sheets/saturday-trip-sheets.pdf
SouthernSaturday15,15,Southern,1 of 2,30,Saturday,https://www4.septa.org/picking/pdf/spring-a-2026/southern/paddles/saturday-paddles#page30.pdf,https://www4.septa.org/picking/pdf/spring-a-2026/southern/paddles/saturday-paddles#page=30.pdf,https://www4.septa.org/picking/pdf/spring-a-2026/southern/trip-sheets/saturday-trip-sheets.pdf
SouthernSaturday51,51,Southern,1 of 2,32,Saturday,https://www4.septa.org/picking/pdf/spring-a-2026/southern/paddles/saturday-paddles#page32.pdf,https://www4.septa.org/picking/pdf/spring-a-2026/southern/paddles/saturday-paddles#page=32.pdf,https://www4.septa.org/picking/pdf/spring-a-2026/southern/trip-sheets/saturday-trip-sheets.pdf
SouthernSaturday52,52,Southern,1 of 2,34,Saturday,https://www4.septa.org/picking/pdf/spring-a-2026/southern/paddles/saturday-paddles#page34.pdf,https://www4.septa.org/picking/pdf/spring-a-2026/southern/paddles/saturday-paddles#page=34.pdf,https://www4.septa.org/picking/pdf/spring-a-2026/southern/trip-sheets/saturday-trip-sheets.pdf
SouthernSaturday101,101,Southern,1 of 2,36,Saturday,https://www4.septa.org/picking/pdf/spring-a-2026/southern/paddles/saturday-paddles#page36.pdf,https://www4.septa.org/picking/pdf/spring-a-2026/southern/paddles/saturday-paddles#page=36.pdf,https://www4.septa.org/picking/pdf/spring-a-2026/southern/trip-sheets/saturday-trip-sheets.pdf
SouthernSaturday102,102,Southern,1 of 2,38,Saturday,https://www4.septa.org/picking/pdf/spring-a-2026/southern/paddles/saturday-paddles#page38.pdf,https://www4.septa.org/picking/pdf/spring-a-2026/southern/paddles/saturday-paddles#page=38.pdf,https://www4.septa.org/picking/pdf/spring-a-2026/southern/trip-sheets/saturday-trip-sheets.pdf
SouthernSaturday103,103,Southern,1 of 2,40,Saturday,https://www4.septa.org/picking/pdf/spring-a-2026/southern/paddles/saturday-paddles#page40.pdf,https://www4.septa.org/picking/pdf/spring-a-2026/southern/paddles/saturday-paddles#page=40.pdf,https://www4.septa.org/picking/pdf/spring-a-2026/southern/trip-sheets/saturday-trip-sheets.pdf
SouthernSaturday104,104,Southern,1 of 1,42,Saturday,https://www4.septa.org/picking/pdf/spring-a-2026/southern/paddles/saturday-paddles#page42.pdf,https://www4.septa.org/picking/pdf/spring-a-2026/southern/paddles/saturday-paddles#page=42.pdf,https://www4.septa.org/picking/pdf/spring-a-2026/southern/trip-sheets/saturday-trip-sheets.pdf
SouthernSaturday105,105,Southern,1 of 2,43,Saturday,https://www4.septa.org/picking/pdf/spring-a-2026/southern/paddles/saturday-paddles#page43.pdf,https://www4.septa.org/picking/pdf/spring-a-2026/southern/paddles/saturday-paddles#page=43.pdf,https://www4.septa.org/picking/pdf/spring-a-2026/southern/trip-sheets/saturday-trip-sheets.pdf
SouthernSaturday201,201,Southern,1 of 2,45,Saturday,https://www4.septa.org/picking/pdf/spring-a-2026/southern/paddles/saturday-paddles#page45.pdf,https://www4.septa.org/picking/pdf/spring-a-2026/southern/paddles/saturday-paddles#page=45.pdf,https://www4.septa.org/picking/pdf/spring-a-2026/southern/trip-sheets/saturday-trip-sheets.pdf
SouthernSaturday202,202,Southern,1 of 2,47,Saturday,https://www4.septa.org/picking/pdf/spring-a-2026/southern/paddles/saturday-paddles#page47.pdf,https://www4.septa.org/picking/pdf/spring-a-2026/southern/paddles/saturday-paddles#page=47.pdf,https://www4.septa.org/picking/pdf/spring-a-2026/southern/trip-sheets/saturday-trip-sheets.pdf
SouthernSaturday203,203,Southern,1 of 2,49,Saturday,https://www4.septa.org/picking/pdf/spring-a-2026/southern/paddles/saturday-paddles#page49.pdf,https://www4.septa.org/picking/pdf/spring-a-2026/southern/paddles/saturday-paddles#page=49.pdf,https://www4.septa.org/picking/pdf/spring-a-2026/southern/trip-sheets/saturday-trip-sheets.pdf
SouthernSaturday204,204,Southern,1 of 2,51,Saturday,https://www4.septa.org/picking/pdf/spring-a-2026/southern/paddles/saturday-paddles#page51.pdf,https://www4.septa.org/picking/pdf/spring-a-2026/southern/paddles/saturday-paddles#page=51.pdf,https://www4.septa.org/picking/pdf/spring-a-2026/southern/trip-sheets/saturday-trip-sheets.pdf
SouthernSaturday205,205,Southern,1 of 2,53,Saturday,https://www4.septa.org/picking/pdf/spring-a-2026/southern/paddles/saturday-paddles#page53.pdf,https://www4.septa.org/picking/pdf/spring-a-2026/southern/paddles/saturday-paddles#page=53.pdf,https://www4.septa.org/picking/pdf/spring-a-2026/southern/trip-sheets/saturday-trip-sheets.pdf
SouthernSaturday206,206,Southern,1 of 2,55,Saturday,https://www4.septa.org/picking/pdf/spring-a-2026/southern/paddles/saturday-paddles#page55.pdf,https://www4.septa.org/picking/pdf/spring-a-2026/southern/paddles/saturday-paddles#page=55.pdf,https://www4.septa.org/picking/pdf/spring-a-2026/southern/trip-sheets/saturday-trip-sheets.pdf
SouthernSaturday207,207,Southern,1 of 2,57,Saturday,https://www4.septa.org/picking/pdf/spring-a-2026/southern/paddles/saturday-paddles#page57.pdf,https://www4.septa.org/picking/pdf/spring-a-2026/southern/paddles/saturday-paddles#page=57.pdf,https://www4.septa.org/picking/pdf/spring-a-2026/southern/trip-sheets/saturday-trip-sheets.pdf
SouthernSaturday208,208,Southern,1 of 2,59,Saturday,https://www4.septa.org/picking/pdf/spring-a-2026/southern/paddles/saturday-paddles#page59.pdf,https://www4.septa.org/picking/pdf/spring-a-2026/southern/paddles/saturday-paddles#page=59.pdf,https://www4.septa.org/picking/pdf/spring-a-2026/southern/trip-sheets/saturday-trip-sheets.pdf
SouthernSaturday209,209,Southern,1 of 2,61,Saturday,https://www4.septa.org/picking/pdf/spring-a-2026/southern/paddles/saturday-paddles#page61.pdf,https://www4.septa.org/picking/pdf/spring-a-2026/southern/paddles/saturday-paddles#page=61.pdf,https://www4.septa.org/picking/pdf/spring-a-2026/southern/trip-sheets/saturday-trip-sheets.pdf
SouthernSaturday210,210,Southern,1 of 2,63,Saturday,https://www4.septa.org/picking/pdf/spring-a-2026/southern/paddles/saturday-paddles#page63.pdf,https://www4.septa.org/picking/pdf/spring-a-2026/southern/paddles/saturday-paddles#page=63.pdf,https://www4.septa.org/picking/pdf/spring-a-2026/southern/trip-sheets/saturday-trip-sheets.pdf
SouthernSaturday211,211,Southern,1 of 2,65,Saturday,https://www4.septa.org/picking/pdf/spring-a-2026/southern/paddles/saturday-paddles#page65.pdf,https://www4.septa.org/picking/pdf/spring-a-2026/southern/paddles/saturday-paddles#page=65.pdf,https://www4.septa.org/picking/pdf/spring-a-2026/southern/trip-sheets/saturday-trip-sheets.pdf
SouthernSaturday212,212,Southern,1 of 1,67,Saturday,https://www4.septa.org/picking/pdf/spring-a-2026/southern/paddles/saturday-paddles#page67.pdf,https://www4.septa.org/picking/pdf/spring-a-2026/southern/paddles/saturday-paddles#page=67.pdf,https://www4.septa.org/picking/pdf/spring-a-2026/southern/trip-sheets/saturday-trip-sheets.pdf
SouthernSaturday213,213,Southern,1 of 2,68,Saturday,https://www4.septa.org/picking/pdf/spring-a-2026/southern/paddles/saturday-paddles#page68.pdf,https://www4.septa.org/picking/pdf/spring-a-2026/southern/paddles/saturday-paddles#page=68.pdf,https://www4.septa.org/picking/pdf/spring-a-2026/southern/trip-sheets/saturday-trip-sheets.pdf
SouthernSaturday275,275,Southern,1 of 3,70,Saturday,https://www4.septa.org/picking/pdf/spring-a-2026/southern/paddles/saturday-paddles#page70.pdf,https://www4.septa.org/picking/pdf/spring-a-2026/southern/paddles/saturday-paddles#page=70.pdf,https://www4.septa.org/picking/pdf/spring-a-2026/southern/trip-sheets/saturday-trip-sheets.pdf
SouthernSaturday276,276,Southern,1 of 3,73,Saturday,https://www4.septa.org/picking/pdf/spring-a-2026/southern/paddles/saturday-paddles#page73.pdf,https://www4.septa.org/picking/pdf/spring-a-2026/southern/paddles/saturday-paddles#page=73.pdf,https://www4.septa.org/picking/pdf/spring-a-2026/southern/trip-sheets/saturday-trip-sheets.pdf
SouthernSaturday277,277,Southern,1 of 3,76,Saturday,https://www4.septa.org/picking/pdf/spring-a-2026/southern/paddles/saturday-paddles#page76.pdf,https://www4.septa.org/picking/pdf/spring-a-2026/southern/paddles/saturday-paddles#page=76.pdf,https://www4.septa.org/picking/pdf/spring-a-2026/southern/trip-sheets/saturday-trip-sheets.pdf
SouthernSaturday278,278,Southern,1 of 3,79,Saturday,https://www4.septa.org/picking/pdf/spring-a-2026/southern/paddles/saturday-paddles#page79.pdf,https://www4.septa.org/picking/pdf/spring-a-2026/southern/paddles/saturday-paddles#page=79.pdf,https://www4.septa.org/picking/pdf/spring-a-2026/southern/trip-sheets/saturday-trip-sheets.pdf
SouthernSaturday279,279,Southern,1 of 3,82,Saturday,https://www4.septa.org/picking/pdf/spring-a-2026/southern/paddles/saturday-paddles#page82.pdf,https://www4.septa.org/picking/pdf/spring-a-2026/southern/paddles/saturday-paddles#page=82.pdf,https://www4.septa.org/picking/pdf/spring-a-2026/southern/trip-sheets/saturday-trip-sheets.pdf
SouthernSaturday280,280,Southern,1 of 3,85,Saturday,https://www4.septa.org/picking/pdf/spring-a-2026/southern/paddles/saturday-paddles#page85.pdf,https://www4.septa.org/picking/pdf/spring-a-2026/southern/paddles/saturday-paddles#page=85.pdf,https://www4.septa.org/picking/pdf/spring-a-2026/southern/trip-sheets/saturday-trip-sheets.pdf
SouthernSaturday301,301,Southern,1 of 2,88,Saturday,https://www4.septa.org/picking/pdf/spring-a-2026/southern/paddles/saturday-paddles#page88.pdf,https://www4.septa.org/picking/pdf/spring-a-2026/southern/paddles/saturday-paddles#page=88.pdf,https://www4.septa.org/picking/pdf/spring-a-2026/southern/trip-sheets/saturday-trip-sheets.pdf
SouthernSaturday302,302,Southern,1 of 2,90,Saturday,https://www4.septa.org/picking/pdf/spring-a-2026/southern/paddles/saturday-paddles#page90.pdf,https://www4.septa.org/picking/pdf/spring-a-2026/southern/paddles/saturday-paddles#page=90.pdf,https://www4.septa.org/picking/pdf/spring-a-2026/southern/trip-sheets/saturday-trip-sheets.pdf
SouthernSaturday303,303,Southern,1 of 2,92,Saturday,https://www4.septa.org/picking/pdf/spring-a-2026/southern/paddles/saturday-paddles#page92.pdf,https://www4.septa.org/picking/pdf/spring-a-2026/southern/paddles/saturday-paddles#page=92.pdf,https://www4.septa.org/picking/pdf/spring-a-2026/southern/trip-sheets/saturday-trip-sheets.pdf
SouthernSaturday304,304,Southern,1 of 2,94,Saturday,https://www4.septa.org/picking/pdf/spring-a-2026/southern/paddles/saturday-paddles#page94.pdf,https://www4.septa.org/picking/pdf/spring-a-2026/southern/paddles/saturday-paddles#page=94.pdf,https://www4.septa.org/picking/pdf/spring-a-2026/southern/trip-sheets/saturday-trip-sheets.pdf
SouthernSaturday351,351,Southern,1 of 1,96,Saturday,https://www4.septa.org/picking/pdf/spring-a-2026/southern/paddles/saturday-paddles#page96.pdf,https://www4.septa.org/picking/pdf/spring-a-2026/southern/paddles/saturday-paddles#page=96.pdf,https://www4.septa.org/picking/pdf/spring-a-2026/southern/trip-sheets/saturday-trip-sheets.pdf
SouthernSaturday352,352,Southern,1 of 2,97,Saturday,https://www4.septa.org/picking/pdf/spring-a-2026/southern/paddles/saturday-paddles#page97.pdf,https://www4.septa.org/picking/pdf/spring-a-2026/southern/paddles/saturday-paddles#page=97.pdf,https://www4.septa.org/picking/pdf/spring-a-2026/southern/trip-sheets/saturday-trip-sheets.pdf
SouthernSaturday353,353,Southern,1 of 2,99,Saturday,https://www4.septa.org/picking/pdf/spring-a-2026/southern/paddles/saturday-paddles#page99.pdf,https://www4.septa.org/picking/pdf/spring-a-2026/southern/paddles/saturday-paddles#page=99.pdf,https://www4.septa.org/picking/pdf/spring-a-2026/southern/trip-sheets/saturday-trip-sheets.pdf
SouthernSaturday451,451,Southern,1 of 2,101,Saturday,https://www4.septa.org/picking/pdf/spring-a-2026/southern/paddles/saturday-paddles#page101.pdf,https://www4.septa.org/picking/pdf/spring-a-2026/southern/paddles/saturday-paddles#page=101.pdf,https://www4.septa.org/picking/pdf/spring-a-2026/southern/trip-sheets/saturday-trip-sheets.pdf
SouthernSaturday452,452,Southern,1 of 2,103,Saturday,https://www4.septa.org/picking/pdf/spring-a-2026/southern/paddles/saturday-paddles#page103.pdf,https://www4.septa.org/picking/pdf/spring-a-2026/southern/paddles/saturday-paddles#page=103.pdf,https://www4.septa.org/picking/pdf/spring-a-2026/southern/trip-sheets/saturday-trip-sheets.pdf
SouthernSaturday453,453,Southern,1 of 2,105,Saturday,https://www4.septa.org/picking/pdf/spring-a-2026/southern/paddles/saturday-paddles#page105.pdf,https://www4.septa.org/picking/pdf/spring-a-2026/southern/paddles/saturday-paddles#page=105.pdf,https://www4.septa.org/picking/pdf/spring-a-2026/southern/trip-sheets/saturday-trip-sheets.pdf
SouthernSaturday454,454,Southern,1 of 2,107,Saturday,https://www4.septa.org/picking/pdf/spring-a-2026/southern/paddles/saturday-paddles#page107.pdf,https://www4.septa.org/picking/pdf/spring-a-2026/southern/paddles/saturday-paddles#page=107.pdf,https://www4.septa.org/picking/pdf/spring-a-2026/southern/trip-sheets/saturday-trip-sheets.pdf
SouthernSaturday501,501,Southern,1 of 2,109,Saturday,https://www4.septa.org/picking/pdf/spring-a-2026/southern/paddles/saturday-paddles#page109.pdf,https://www4.septa.org/picking/pdf/spring-a-2026/southern/paddles/saturday-paddles#page=109.pdf,https://www4.septa.org/picking/pdf/spring-a-2026/southern/trip-sheets/saturday-trip-sheets.pdf
SouthernSaturday502,502,Southern,1 of 3,111,Saturday,https://www4.septa.org/picking/pdf/spring-a-2026/southern/paddles/saturday-paddles#page111.pdf,https://www4.septa.org/picking/pdf/spring-a-2026/southern/paddles/saturday-paddles#page=111.pdf,https://www4.septa.org/picking/pdf/spring-a-2026/southern/trip-sheets/saturday-trip-sheets.pdf
SouthernSaturday503,503,Southern,1 of 2,114,Saturday,https://www4.septa.org/picking/pdf/spring-a-2026/southern/paddles/saturday-paddles#page114.pdf,https://www4.septa.org/picking/pdf/spring-a-2026/southern/paddles/saturday-paddles#page=114.pdf,https://www4.septa.org/picking/pdf/spring-a-2026/southern/trip-sheets/saturday-trip-sheets.pdf
SouthernSaturday504,504,Southern,1 of 2,116,Saturday,https://www4.septa.org/picking/pdf/spring-a-2026/southern/paddles/saturday-paddles#page116.pdf,https://www4.septa.org/picking/pdf/spring-a-2026/southern/paddles/saturday-paddles#page=116.pdf,https://www4.septa.org/picking/pdf/spring-a-2026/southern/trip-sheets/saturday-trip-sheets.pdf
SouthernSaturday601,601,Southern,1 of 2,118,Saturday,https://www4.septa.org/picking/pdf/spring-a-2026/southern/paddles/saturday-paddles#page118.pdf,https://www4.septa.org/picking/pdf/spring-a-2026/southern/paddles/saturday-paddles#page=118.pdf,https://www4.septa.org/picking/pdf/spring-a-2026/southern/trip-sheets/saturday-trip-sheets.pdf
SouthernSaturday602,602,Southern,1 of 3,120,Saturday,https://www4.septa.org/picking/pdf/spring-a-2026/southern/paddles/saturday-paddles#page120.pdf,https://www4.septa.org/picking/pdf/spring-a-2026/southern/paddles/saturday-paddles#page=120.pdf,https://www4.septa.org/picking/pdf/spring-a-2026/southern/trip-sheets/saturday-trip-sheets.pdf
SouthernSaturday603,603,Southern,1 of 3,123,Saturday,https://www4.septa.org/picking/pdf/spring-a-2026/southern/paddles/saturday-paddles#page123.pdf,https://www4.septa.org/picking/pdf/spring-a-2026/southern/paddles/saturday-paddles#page=123.pdf,https://www4.septa.org/picking/pdf/spring-a-2026/southern/trip-sheets/saturday-trip-sheets.pdf
SouthernSaturday604,604,Southern,1 of 3,126,Saturday,https://www4.septa.org/picking/pdf/spring-a-2026/southern/paddles/saturday-paddles#page126.pdf,https://www4.septa.org/picking/pdf/spring-a-2026/southern/paddles/saturday-paddles#page=126.pdf,https://www4.septa.org/picking/pdf/spring-a-2026/southern/trip-sheets/saturday-trip-sheets.pdf
SouthernSaturday605,605,Southern,1 of 3,129,Saturday,https://www4.septa.org/picking/pdf/spring-a-2026/southern/paddles/saturday-paddles#page129.pdf,https://www4.septa.org/picking/pdf/spring-a-2026/southern/paddles/saturday-paddles#page=129.pdf,https://www4.septa.org/picking/pdf/spring-a-2026/southern/trip-sheets/saturday-trip-sheets.pdf
SouthernSaturday606,606,Southern,1 of 2,132,Saturday,https://www4.septa.org/picking/pdf/spring-a-2026/southern/paddles/saturday-paddles#page132.pdf,https://www4.septa.org/picking/pdf/spring-a-2026/southern/paddles/saturday-paddles#page=132.pdf,https://www4.septa.org/picking/pdf/spring-a-2026/southern/trip-sheets/saturday-trip-sheets.pdf
SouthernSaturday607,607,Southern,1 of 3,134,Saturday,https://www4.septa.org/picking/pdf/spring-a-2026/southern/paddles/saturday-paddles#page134.pdf,https://www4.septa.org/picking/pdf/spring-a-2026/southern/paddles/saturday-paddles#page=134.pdf,https://www4.septa.org/picking/pdf/spring-a-2026/southern/trip-sheets/saturday-trip-sheets.pdf
SouthernSaturday608,608,Southern,1 of 3,137,Saturday,https://www4.septa.org/picking/pdf/spring-a-2026/southern/paddles/saturday-paddles#page137.pdf,https://www4.septa.org/picking/pdf/spring-a-2026/southern/paddles/saturday-paddles#page=137.pdf,https://www4.septa.org/picking/pdf/spring-a-2026/southern/trip-sheets/saturday-trip-sheets.pdf
SouthernSaturday609,609,Southern,1 of 2,140,Saturday,https://www4.septa.org/picking/pdf/spring-a-2026/southern/paddles/saturday-paddles#page140.pdf,https://www4.septa.org/picking/pdf/spring-a-2026/southern/paddles/saturday-paddles#page=140.pdf,https://www4.septa.org/picking/pdf/spring-a-2026/southern/trip-sheets/saturday-trip-sheets.pdf
SouthernSaturday610,610,Southern,1 of 3,142,Saturday,https://www4.septa.org/picking/pdf/spring-a-2026/southern/paddles/saturday-paddles#page142.pdf,https://www4.septa.org/picking/pdf/spring-a-2026/southern/paddles/saturday-paddles#page=142.pdf,https://www4.septa.org/picking/pdf/spring-a-2026/southern/trip-sheets/saturday-trip-sheets.pdf
SouthernSaturday611,611,Southern,1 of 3,145,Saturday,https://www4.septa.org/picking/pdf/spring-a-2026/southern/paddles/saturday-paddles#page145.pdf,https://www4.septa.org/picking/pdf/spring-a-2026/southern/paddles/saturday-paddles#page=145.pdf,https://www4.septa.org/picking/pdf/spring-a-2026/southern/trip-sheets/saturday-trip-sheets.pdf
SouthernSaturday612,612,Southern,1 of 3,148,Saturday,https://www4.septa.org/picking/pdf/spring-a-2026/southern/paddles/saturday-paddles#page148.pdf,https://www4.septa.org/picking/pdf/spring-a-2026/southern/paddles/saturday-paddles#page=148.pdf,https://www4.septa.org/picking/pdf/spring-a-2026/southern/trip-sheets/saturday-trip-sheets.pdf
SouthernSaturday613,613,Southern,1 of 2,151,Saturday,https://www4.septa.org/picking/pdf/spring-a-2026/southern/paddles/saturday-paddles#page151.pdf,https://www4.septa.org/picking/pdf/spring-a-2026/southern/paddles/saturday-paddles#page=151.pdf,https://www4.septa.org/picking/pdf/spring-a-2026/southern/trip-sheets/saturday-trip-sheets.pdf
SouthernSaturday614,614,Southern,1 of 2,153,Saturday,https://www4.septa.org/picking/pdf/spring-a-2026/southern/paddles/saturday-paddles#page153.pdf,https://www4.septa.org/picking/pdf/spring-a-2026/southern/paddles/saturday-paddles#page=153.pdf,https://www4.septa.org/picking/pdf/spring-a-2026/southern/trip-sheets/saturday-trip-sheets.pdf
SouthernSaturday615,615,Southern,1 of 3,155,Saturday,https://www4.septa.org/picking/pdf/spring-a-2026/southern/paddles/saturday-paddles#page155.pdf,https://www4.septa.org/picking/pdf/spring-a-2026/southern/paddles/saturday-paddles#page=155.pdf,https://www4.septa.org/picking/pdf/spring-a-2026/southern/trip-sheets/saturday-trip-sheets.pdf
SouthernSaturday616,616,Southern,1 of 3,158,Saturday,https://www4.septa.org/picking/pdf/spring-a-2026/southern/paddles/saturday-paddles#page158.pdf,https://www4.septa.org/picking/pdf/spring-a-2026/southern/paddles/saturday-paddles#page=158.pdf,https://www4.septa.org/picking/pdf/spring-a-2026/southern/trip-sheets/saturday-trip-sheets.pdf
SouthernSaturday617,617,Southern,1 of 3,161,Saturday,https://www4.septa.org/picking/pdf/spring-a-2026/southern/paddles/saturday-paddles#page161.pdf,https://www4.septa.org/picking/pdf/spring-a-2026/southern/paddles/saturday-paddles#page=161.pdf,https://www4.septa.org/picking/pdf/spring-a-2026/southern/trip-sheets/saturday-trip-sheets.pdf
SouthernSaturday618,618,Southern,1 of 3,164,Saturday,https://www4.septa.org/picking/pdf/spring-a-2026/southern/paddles/saturday-paddles#page164.pdf,https://www4.septa.org/picking/pdf/spring-a-2026/southern/paddles/saturday-paddles#page=164.pdf,https://www4.septa.org/picking/pdf/spring-a-2026/southern/trip-sheets/saturday-trip-sheets.pdf
SouthernSaturday619,619,Southern,1 of 3,167,Saturday,https://www4.septa.org/picking/pdf/spring-a-2026/southern/paddles/saturday-paddles#page167.pdf,https://www4.septa.org/picking/pdf/spring-a-2026/southern/paddles/saturday-paddles#page=167.pdf,https://www4.septa.org/picking/pdf/spring-a-2026/southern/trip-sheets/saturday-trip-sheets.pdf
SouthernSaturday620,620,Southern,1 of 3,170,Saturday,https://www4.septa.org/picking/pdf/spring-a-2026/southern/paddles/saturday-paddles#page170.pdf,https://www4.septa.org/picking/pdf/spring-a-2026/southern/paddles/saturday-paddles#page=170.pdf,https://www4.septa.org/picking/pdf/spring-a-2026/southern/trip-sheets/saturday-trip-sheets.pdf
SouthernSaturday701,701,Southern,1 of 2,173,Saturday,https://www4.septa.org/picking/pdf/spring-a-2026/southern/paddles/saturday-paddles#page173.pdf,https://www4.septa.org/picking/pdf/spring-a-2026/southern/paddles/saturday-paddles#page=173.pdf,https://www4.septa.org/picking/pdf/spring-a-2026/southern/trip-sheets/saturday-trip-sheets.pdf
SouthernSaturday702,702,Southern,1 of 2,175,Saturday,https://www4.septa.org/picking/pdf/spring-a-2026/southern/paddles/saturday-paddles#page175.pdf,https://www4.septa.org/picking/pdf/spring-a-2026/southern/paddles/saturday-paddles#page=175.pdf,https://www4.septa.org/picking/pdf/spring-a-2026/southern/trip-sheets/saturday-trip-sheets.pdf
SouthernSaturday703,703,Southern,1 of 2,177,Saturday,https://www4.septa.org/picking/pdf/spring-a-2026/southern/paddles/saturday-paddles#page177.pdf,https://www4.septa.org/picking/pdf/spring-a-2026/southern/paddles/saturday-paddles#page=177.pdf,https://www4.septa.org/picking/pdf/spring-a-2026/southern/trip-sheets/saturday-trip-sheets.pdf
SouthernSaturday704,704,Southern,1 of 2,179,Saturday,https://www4.septa.org/picking/pdf/spring-a-2026/southern/paddles/saturday-paddles#page179.pdf,https://www4.septa.org/picking/pdf/spring-a-2026/southern/paddles/saturday-paddles#page=179.pdf,https://www4.septa.org/picking/pdf/spring-a-2026/southern/trip-sheets/saturday-trip-sheets.pdf
SouthernSaturday705,705,Southern,1 of 2,181,Saturday,https://www4.septa.org/picking/pdf/spring-a-2026/southern/paddles/saturday-paddles#page181.pdf,https://www4.septa.org/picking/pdf/spring-a-2026/southern/paddles/saturday-paddles#page=181.pdf,https://www4.septa.org/picking/pdf/spring-a-2026/southern/trip-sheets/saturday-trip-sheets.pdf
SouthernSaturday706,706,Southern,1 of 2,183,Saturday,https://www4.septa.org/picking/pdf/spring-a-2026/southern/paddles/saturday-paddles#page183.pdf,https://www4.septa.org/picking/pdf/spring-a-2026/southern/paddles/saturday-paddles#page=183.pdf,https://www4.septa.org/picking/pdf/spring-a-2026/southern/trip-sheets/saturday-trip-sheets.pdf
SouthernSaturday751,751,Southern,1 of 2,185,Saturday,https://www4.septa.org/picking/pdf/spring-a-2026/southern/paddles/saturday-paddles#page185.pdf,https://www4.septa.org/picking/pdf/spring-a-2026/southern/paddles/saturday-paddles#page=185.pdf,https://www4.septa.org/picking/pdf/spring-a-2026/southern/trip-sheets/saturday-trip-sheets.pdf
SouthernSaturday752,752,Southern,1 of 2,187,Saturday,https://www4.septa.org/picking/pdf/spring-a-2026/southern/paddles/saturday-paddles#page187.pdf,https://www4.septa.org/picking/pdf/spring-a-2026/southern/paddles/saturday-paddles#page=187.pdf,https://www4.septa.org/picking/pdf/spring-a-2026/southern/trip-sheets/saturday-trip-sheets.pdf
SouthernSaturday753,753,Southern,1 of 2,189,Saturday,https://www4.septa.org/picking/pdf/spring-a-2026/southern/paddles/saturday-paddles#page189.pdf,https://www4.septa.org/picking/pdf/spring-a-2026/southern/paddles/saturday-paddles#page=189.pdf,https://www4.septa.org/picking/pdf/spring-a-2026/southern/trip-sheets/saturday-trip-sheets.pdf
SouthernSaturday754,754,Southern,1 of 2,191,Saturday,https://www4.septa.org/picking/pdf/spring-a-2026/southern/paddles/saturday-paddles#page191.pdf,https://www4.septa.org/picking/pdf/spring-a-2026/southern/paddles/saturday-paddles#page=191.pdf,https://www4.septa.org/picking/pdf/spring-a-2026/southern/trip-sheets/saturday-trip-sheets.pdf
SouthernSaturday755,755,Southern,1 of 2,193,Saturday,https://www4.septa.org/picking/pdf/spring-a-2026/southern/paddles/saturday-paddles#page193.pdf,https://www4.septa.org/picking/pdf/spring-a-2026/southern/paddles/saturday-paddles#page=193.pdf,https://www4.septa.org/picking/pdf/spring-a-2026/southern/trip-sheets/saturday-trip-sheets.pdf
SouthernSaturday756,756,Southern,1 of 1,195,Saturday,https://www4.septa.org/picking/pdf/spring-a-2026/southern/paddles/saturday-paddles#page195.pdf,https://www4.septa.org/picking/pdf/spring-a-2026/southern/paddles/saturday-paddles#page=195.pdf,https://www4.septa.org/picking/pdf/spring-a-2026/southern/trip-sheets/saturday-trip-sheets.pdf
SouthernSaturday757,757,Southern,1 of 2,196,Saturday,https://www4.septa.org/picking/pdf/spring-a-2026/southern/paddles/saturday-paddles#page196.pdf,https://www4.septa.org/picking/pdf/spring-a-2026/southern/paddles/saturday-paddles#page=196.pdf,https://www4.septa.org/picking/pdf/spring-a-2026/southern/trip-sheets/saturday-trip-sheets.pdf
SouthernSaturday758,758,Southern,1 of 2,198,Saturday,https://www4.septa.org/picking/pdf/spring-a-2026/southern/paddles/saturday-paddles#page198.pdf,https://www4.septa.org/picking/pdf/spring-a-2026/southern/paddles/saturday-paddles#page=198.pdf,https://www4.septa.org/picking/pdf/spring-a-2026/southern/trip-sheets/saturday-trip-sheets.pdf
SouthernSaturday759,759,Southern,1 of 2,200,Saturday,https://www4.septa.org/picking/pdf/spring-a-2026/southern/paddles/saturday-paddles#page200.pdf,https://www4.septa.org/picking/pdf/spring-a-2026/southern/paddles/saturday-paddles#page=200.pdf,https://www4.septa.org/picking/pdf/spring-a-2026/southern/trip-sheets/saturday-trip-sheets.pdf
SouthernSaturday760,760,Southern,1 of 2,202,Saturday,https://www4.septa.org/picking/pdf/spring-a-2026/southern/paddles/saturday-paddles#page202.pdf,https://www4.septa.org/picking/pdf/spring-a-2026/southern/paddles/saturday-paddles#page=202.pdf,https://www4.septa.org/picking/pdf/spring-a-2026/southern/trip-sheets/saturday-trip-sheets.pdf
SouthernSaturday761,761,Southern,1 of 1,204,Saturday,https://www4.septa.org/picking/pdf/spring-a-2026/southern/paddles/saturday-paddles#page204.pdf,https://www4.septa.org/picking/pdf/spring-a-2026/southern/paddles/saturday-paddles#page=204.pdf,https://www4.septa.org/picking/pdf/spring-a-2026/southern/trip-sheets/saturday-trip-sheets.pdf
SouthernSaturday762,762,Southern,1 of 1,205,Saturday,https://www4.septa.org/picking/pdf/spring-a-2026/southern/paddles/saturday-paddles#page205.pdf,https://www4.septa.org/picking/pdf/spring-a-2026/southern/paddles/saturday-paddles#page=205.pdf,https://www4.septa.org/picking/pdf/spring-a-2026/southern/trip-sheets/saturday-trip-sheets.pdf
SouthernSaturday763,763,Southern,1 of 2,206,Saturday,https://www4.septa.org/picking/pdf/spring-a-2026/southern/paddles/saturday-paddles#page206.pdf,https://www4.septa.org/picking/pdf/spring-a-2026/southern/paddles/saturday-paddles#page=206.pdf,https://www4.septa.org/picking/pdf/spring-a-2026/southern/trip-sheets/saturday-trip-sheets.pdf
SouthernSaturday801,801,Southern,1 of 2,208,Saturday,https://www4.septa.org/picking/pdf/spring-a-2026/southern/paddles/saturday-paddles#page208.pdf,https://www4.septa.org/picking/pdf/spring-a-2026/southern/paddles/saturday-paddles#page=208.pdf,https://www4.septa.org/picking/pdf/spring-a-2026/southern/trip-sheets/saturday-trip-sheets.pdf
SouthernSaturday802,802,Southern,1 of 2,210,Saturday,https://www4.septa.org/picking/pdf/spring-a-2026/southern/paddles/saturday-paddles#page210.pdf,https://www4.septa.org/picking/pdf/spring-a-2026/southern/paddles/saturday-paddles#page=210.pdf,https://www4.septa.org/picking/pdf/spring-a-2026/southern/trip-sheets/saturday-trip-sheets.pdf
SouthernSaturday803,803,Southern,1 of 2,212,Saturday,https://www4.septa.org/picking/pdf/spring-a-2026/southern/paddles/saturday-paddles#page212.pdf,https://www4.septa.org/picking/pdf/spring-a-2026/southern/paddles/saturday-paddles#page=212.pdf,https://www4.septa.org/picking/pdf/spring-a-2026/southern/trip-sheets/saturday-trip-sheets.pdf
SouthernSaturday804,804,Southern,1 of 3,214,Saturday,https://www4.septa.org/picking/pdf/spring-a-2026/southern/paddles/saturday-paddles#page214.pdf,https://www4.septa.org/picking/pdf/spring-a-2026/southern/paddles/saturday-paddles#page=214.pdf,https://www4.septa.org/picking/pdf/spring-a-2026/southern/trip-sheets/saturday-trip-sheets.pdf
SouthernSaturday805,805,Southern,1 of 2,217,Saturday,https://www4.septa.org/picking/pdf/spring-a-2026/southern/paddles/saturday-paddles#page217.pdf,https://www4.septa.org/picking/pdf/spring-a-2026/southern/paddles/saturday-paddles#page=217.pdf,https://www4.septa.org/picking/pdf/spring-a-2026/southern/trip-sheets/saturday-trip-sheets.pdf
SouthernSaturday806,806,Southern,1 of 3,219,Saturday,https://www4.septa.org/picking/pdf/spring-a-2026/southern/paddles/saturday-paddles#page219.pdf,https://www4.septa.org/picking/pdf/spring-a-2026/southern/paddles/saturday-paddles#page=219.pdf,https://www4.septa.org/picking/pdf/spring-a-2026/southern/trip-sheets/saturday-trip-sheets.pdf
SouthernSaturday807,807,Southern,1 of 2,222,Saturday,https://www4.septa.org/picking/pdf/spring-a-2026/southern/paddles/saturday-paddles#page222.pdf,https://www4.septa.org/picking/pdf/spring-a-2026/southern/paddles/saturday-paddles#page=222.pdf,https://www4.septa.org/picking/pdf/spring-a-2026/southern/trip-sheets/saturday-trip-sheets.pdf
SouthernSaturday808,808,Southern,1 of 2,224,Saturday,https://www4.septa.org/picking/pdf/spring-a-2026/southern/paddles/saturday-paddles#page224.pdf,https://www4.septa.org/picking/pdf/spring-a-2026/southern/paddles/saturday-paddles#page=224.pdf,https://www4.septa.org/picking/pdf/spring-a-2026/southern/trip-sheets/saturday-trip-sheets.pdf
SouthernSaturday809,809,Southern,1 of 2,226,Saturday,https://www4.septa.org/picking/pdf/spring-a-2026/southern/paddles/saturday-paddles#page226.pdf,https://www4.septa.org/picking/pdf/spring-a-2026/southern/paddles/saturday-paddles#page=226.pdf,https://www4.septa.org/picking/pdf/spring-a-2026/southern/trip-sheets/saturday-trip-sheets.pdf
SouthernSaturday810,810,Southern,1 of 2,228,Saturday,https://www4.septa.org/picking/pdf/spring-a-2026/southern/paddles/saturday-paddles#page228.pdf,https://www4.septa.org/picking/pdf/spring-a-2026/southern/paddles/saturday-paddles#page=228.pdf,https://www4.septa.org/picking/pdf/spring-a-2026/southern/trip-sheets/saturday-trip-sheets.pdf
SouthernSaturday851,851,Southern,1 of 2,230,Saturday,https://www4.septa.org/picking/pdf/spring-a-2026/southern/paddles/saturday-paddles#page230.pdf,https://www4.septa.org/picking/pdf/spring-a-2026/southern/paddles/saturday-paddles#page=230.pdf,https://www4.septa.org/picking/pdf/spring-a-2026/southern/trip-sheets/saturday-trip-sheets.pdf
SouthernSaturday852,852,Southern,1 of 2,232,Saturday,https://www4.septa.org/picking/pdf/spring-a-2026/southern/paddles/saturday-paddles#page232.pdf,https://www4.septa.org/picking/pdf/spring-a-2026/southern/paddles/saturday-paddles#page=232.pdf,https://www4.septa.org/picking/pdf/spring-a-2026/southern/trip-sheets/saturday-trip-sheets.pdf
SouthernSaturday853,853,Southern,1 of 2,234,Saturday,https://www4.septa.org/picking/pdf/spring-a-2026/southern/paddles/saturday-paddles#page234.pdf,https://www4.septa.org/picking/pdf/spring-a-2026/southern/paddles/saturday-paddles#page=234.pdf,https://www4.septa.org/picking/pdf/spring-a-2026/southern/trip-sheets/saturday-trip-sheets.pdf
SouthernSaturday854,854,Southern,1 of 2,236,Saturday,https://www4.septa.org/picking/pdf/spring-a-2026/southern/paddles/saturday-paddles#page236.pdf,https://www4.septa.org/picking/pdf/spring-a-2026/southern/paddles/saturday-paddles#page=236.pdf,https://www4.septa.org/picking/pdf/spring-a-2026/southern/trip-sheets/saturday-trip-sheets.pdf
SouthernSaturday855,855,Southern,1 of 2,238,Saturday,https://www4.septa.org/picking/pdf/spring-a-2026/southern/paddles/saturday-paddles#page238.pdf,https://www4.septa.org/picking/pdf/spring-a-2026/southern/paddles/saturday-paddles#page=238.pdf,https://www4.septa.org/picking/pdf/spring-a-2026/southern/trip-sheets/saturday-trip-sheets.pdf
SouthernSaturday856,856,Southern,1 of 2,240,Saturday,https://www4.septa.org/picking/pdf/spring-a-2026/southern/paddles/saturday-paddles#page240.pdf,https://www4.septa.org/picking/pdf/spring-a-2026/southern/paddles/saturday-paddles#page=240.pdf,https://www4.septa.org/picking/pdf/spring-a-2026/southern/trip-sheets/saturday-trip-sheets.pdf
SouthernSaturday857,857,Southern,1 of 2,242,Saturday,https://www4.septa.org/picking/pdf/spring-a-2026/southern/paddles/saturday-paddles#page242.pdf,https://www4.septa.org/picking/pdf/spring-a-2026/southern/paddles/saturday-paddles#page=242.pdf,https://www4.septa.org/picking/pdf/spring-a-2026/southern/trip-sheets/saturday-trip-sheets.pdf
SouthernSaturday858,858,Southern,1 of 2,244,Saturday,https://www4.septa.org/picking/pdf/spring-a-2026/southern/paddles/saturday-paddles#page244.pdf,https://www4.septa.org/picking/pdf/spring-a-2026/southern/paddles/saturday-paddles#page=244.pdf,https://www4.septa.org/picking/pdf/spring-a-2026/southern/trip-sheets/saturday-trip-sheets.pdf
SouthernSaturday859,859,Southern,1 of 2,246,Saturday,https://www4.septa.org/picking/pdf/spring-a-2026/southern/paddles/saturday-paddles#page246.pdf,https://www4.septa.org/picking/pdf/spring-a-2026/southern/paddles/saturday-paddles#page=246.pdf,https://www4.septa.org/picking/pdf/spring-a-2026/southern/trip-sheets/saturday-trip-sheets.pdf
SouthernSaturday901,901,Southern,1 of 2,248,Saturday,https://www4.septa.org/picking/pdf/spring-a-2026/southern/paddles/saturday-paddles#page248.pdf,https://www4.septa.org/picking/pdf/spring-a-2026/southern/paddles/saturday-paddles#page=248.pdf,https://www4.septa.org/picking/pdf/spring-a-2026/southern/trip-sheets/saturday-trip-sheets.pdf
SouthernSaturday902,902,Southern,1 of 2,250,Saturday,https://www4.septa.org/picking/pdf/spring-a-2026/southern/paddles/saturday-paddles#page250.pdf,https://www4.septa.org/picking/pdf/spring-a-2026/southern/paddles/saturday-paddles#page=250.pdf,https://www4.septa.org/picking/pdf/spring-a-2026/southern/trip-sheets/saturday-trip-sheets.pdf
SouthernSaturday903,903,Southern,1 of 2,252,Saturday,https://www4.septa.org/picking/pdf/spring-a-2026/southern/paddles/saturday-paddles#page252.pdf,https://www4.septa.org/picking/pdf/spring-a-2026/southern/paddles/saturday-paddles#page=252.pdf,https://www4.septa.org/picking/pdf/spring-a-2026/southern/trip-sheets/saturday-trip-sheets.pdf
SouthernSaturday904,904,Southern,1 of 2,254,Saturday,https://www4.septa.org/picking/pdf/spring-a-2026/southern/paddles/saturday-paddles#page254.pdf,https://www4.septa.org/picking/pdf/spring-a-2026/southern/paddles/saturday-paddles#page=254.pdf,https://www4.septa.org/picking/pdf/spring-a-2026/southern/trip-sheets/saturday-trip-sheets.pdf
SouthernSaturday905,905,Southern,1 of 2,256,Saturday,https://www4.septa.org/picking/pdf/spring-a-2026/southern/paddles/saturday-paddles#page256.pdf,https://www4.septa.org/picking/pdf/spring-a-2026/southern/paddles/saturday-paddles#page=256.pdf,https://www4.septa.org/picking/pdf/spring-a-2026/southern/trip-sheets/saturday-trip-sheets.pdf
SouthernSaturday951,951,Southern,1 of 2,258,Saturday,https://www4.septa.org/picking/pdf/spring-a-2026/southern/paddles/saturday-paddles#page258.pdf,https://www4.septa.org/picking/pdf/spring-a-2026/southern/paddles/saturday-paddles#page=258.pdf,https://www4.septa.org/picking/pdf/spring-a-2026/southern/trip-sheets/saturday-trip-sheets.pdf
SouthernSaturday952,952,Southern,1 of 2,260,Saturday,https://www4.septa.org/picking/pdf/spring-a-2026/southern/paddles/saturday-paddles#page260.pdf,https://www4.septa.org/picking/pdf/spring-a-2026/southern/paddles/saturday-paddles#page=260.pdf,https://www4.septa.org/picking/pdf/spring-a-2026/southern/trip-sheets/saturday-trip-sheets.pdf
SouthernSaturday953,953,Southern,1 of 2,262,Saturday,https://www4.septa.org/picking/pdf/spring-a-2026/southern/paddles/saturday-paddles#page262.pdf,https://www4.septa.org/picking/pdf/spring-a-2026/southern/paddles/saturday-paddles#page=262.pdf,https://www4.septa.org/picking/pdf/spring-a-2026/southern/trip-sheets/saturday-trip-sheets.pdf
SouthernSaturday954,954,Southern,1 of 2,264,Saturday,https://www4.septa.org/picking/pdf/spring-a-2026/southern/paddles/saturday-paddles#page264.pdf,https://www4.septa.org/picking/pdf/spring-a-2026/southern/paddles/saturday-paddles#page=264.pdf,https://www4.septa.org/picking/pdf/spring-a-2026/southern/trip-sheets/saturday-trip-sheets.pdf
SouthernSaturday955,955,Southern,1 of 2,266,Saturday,https://www4.septa.org/picking/pdf/spring-a-2026/southern/paddles/saturday-paddles#page266.pdf,https://www4.septa.org/picking/pdf/spring-a-2026/southern/paddles/saturday-paddles#page=266.pdf,https://www4.septa.org/picking/pdf/spring-a-2026/southern/trip-sheets/saturday-trip-sheets.pdf
SouthernSaturday956,956,Southern,1 of 2,268,Saturday,https://www4.septa.org/picking/pdf/spring-a-2026/southern/paddles/saturday-paddles#page268.pdf,https://www4.septa.org/picking/pdf/spring-a-2026/southern/paddles/saturday-paddles#page=268.pdf,https://www4.septa.org/picking/pdf/spring-a-2026/southern/trip-sheets/saturday-trip-sheets.pdf
SouthernSunday1,1,Southern,1 of 2,1,Sunday,https://www4.septa.org/picking/pdf/spring-a-2026/southern/paddles/sunday-paddles#page1.pdf,https://www4.septa.org/picking/pdf/spring-a-2026/southern/paddles/sunday-paddles#page=1.pdf,https://www4.septa.org/picking/pdf/spring-a-2026/southern/trip-sheets/sunday-trip-sheets.pdf
SouthernSunday2,2,Southern,1 of 2,3,Sunday,https://www4.septa.org/picking/pdf/spring-a-2026/southern/paddles/sunday-paddles#page3.pdf,https://www4.septa.org/picking/pdf/spring-a-2026/southern/paddles/sunday-paddles#page=3.pdf,https://www4.septa.org/picking/pdf/spring-a-2026/southern/trip-sheets/sunday-trip-sheets.pdf
SouthernSunday3,3,Southern,1 of 2,5,Sunday,https://www4.septa.org/picking/pdf/spring-a-2026/southern/paddles/sunday-paddles#page5.pdf,https://www4.septa.org/picking/pdf/spring-a-2026/southern/paddles/sunday-paddles#page=5.pdf,https://www4.septa.org/picking/pdf/spring-a-2026/southern/trip-sheets/sunday-trip-sheets.pdf
SouthernSunday4,4,Southern,1 of 2,7,Sunday,https://www4.septa.org/picking/pdf/spring-a-2026/southern/paddles/sunday-paddles#page7.pdf,https://www4.septa.org/picking/pdf/spring-a-2026/southern/paddles/sunday-paddles#page=7.pdf,https://www4.septa.org/picking/pdf/spring-a-2026/southern/trip-sheets/sunday-trip-sheets.pdf
SouthernSunday5,5,Southern,1 of 2,9,Sunday,https://www4.septa.org/picking/pdf/spring-a-2026/southern/paddles/sunday-paddles#page9.pdf,https://www4.septa.org/picking/pdf/spring-a-2026/southern/paddles/sunday-paddles#page=9.pdf,https://www4.septa.org/picking/pdf/spring-a-2026/southern/trip-sheets/sunday-trip-sheets.pdf
SouthernSunday6,6,Southern,1 of 2,11,Sunday,https://www4.septa.org/picking/pdf/spring-a-2026/southern/paddles/sunday-paddles#page11.pdf,https://www4.septa.org/picking/pdf/spring-a-2026/southern/paddles/sunday-paddles#page=11.pdf,https://www4.septa.org/picking/pdf/spring-a-2026/southern/trip-sheets/sunday-trip-sheets.pdf
SouthernSunday51,51,Southern,1 of 2,13,Sunday,https://www4.septa.org/picking/pdf/spring-a-2026/southern/paddles/sunday-paddles#page13.pdf,https://www4.septa.org/picking/pdf/spring-a-2026/southern/paddles/sunday-paddles#page=13.pdf,https://www4.septa.org/picking/pdf/spring-a-2026/southern/trip-sheets/sunday-trip-sheets.pdf
SouthernSunday52,52,Southern,1 of 3,15,Sunday,https://www4.septa.org/picking/pdf/spring-a-2026/southern/paddles/sunday-paddles#page15.pdf,https://www4.septa.org/picking/pdf/spring-a-2026/southern/paddles/sunday-paddles#page=15.pdf,https://www4.septa.org/picking/pdf/spring-a-2026/southern/trip-sheets/sunday-trip-sheets.pdf
SouthernSunday101,101,Southern,1 of 2,18,Sunday,https://www4.septa.org/picking/pdf/spring-a-2026/southern/paddles/sunday-paddles#page18.pdf,https://www4.septa.org/picking/pdf/spring-a-2026/southern/paddles/sunday-paddles#page=18.pdf,https://www4.septa.org/picking/pdf/spring-a-2026/southern/trip-sheets/sunday-trip-sheets.pdf
SouthernSunday102,102,Southern,1 of 1,20,Sunday,https://www4.septa.org/picking/pdf/spring-a-2026/southern/paddles/sunday-paddles#page20.pdf,https://www4.septa.org/picking/pdf/spring-a-2026/southern/paddles/sunday-paddles#page=20.pdf,https://www4.septa.org/picking/pdf/spring-a-2026/southern/trip-sheets/sunday-trip-sheets.pdf
SouthernSunday103,103,Southern,1 of 1,21,Sunday,https://www4.septa.org/picking/pdf/spring-a-2026/southern/paddles/sunday-paddles#page21.pdf,https://www4.septa.org/picking/pdf/spring-a-2026/southern/paddles/sunday-paddles#page=21.pdf,https://www4.septa.org/picking/pdf/spring-a-2026/southern/trip-sheets/sunday-trip-sheets.pdf
SouthernSunday104,104,Southern,1 of 1,22,Sunday,https://www4.septa.org/picking/pdf/spring-a-2026/southern/paddles/sunday-paddles#page22.pdf,https://www4.septa.org/picking/pdf/spring-a-2026/southern/paddles/sunday-paddles#page=22.pdf,https://www4.septa.org/picking/pdf/spring-a-2026/southern/trip-sheets/sunday-trip-sheets.pdf
SouthernSunday105,105,Southern,1 of 1,23,Sunday,https://www4.septa.org/picking/pdf/spring-a-2026/southern/paddles/sunday-paddles#page23.pdf,https://www4.septa.org/picking/pdf/spring-a-2026/southern/paddles/sunday-paddles#page=23.pdf,https://www4.septa.org/picking/pdf/spring-a-2026/southern/trip-sheets/sunday-trip-sheets.pdf
SouthernSunday201,201,Southern,1 of 2,24,Sunday,https://www4.septa.org/picking/pdf/spring-a-2026/southern/paddles/sunday-paddles#page24.pdf,https://www4.septa.org/picking/pdf/spring-a-2026/southern/paddles/sunday-paddles#page=24.pdf,https://www4.septa.org/picking/pdf/spring-a-2026/southern/trip-sheets/sunday-trip-sheets.pdf
SouthernSunday202,202,Southern,1 of 2,26,Sunday,https://www4.septa.org/picking/pdf/spring-a-2026/southern/paddles/sunday-paddles#page26.pdf,https://www4.septa.org/picking/pdf/spring-a-2026/southern/paddles/sunday-paddles#page=26.pdf,https://www4.septa.org/picking/pdf/spring-a-2026/southern/trip-sheets/sunday-trip-sheets.pdf
SouthernSunday203,203,Southern,1 of 2,28,Sunday,https://www4.septa.org/picking/pdf/spring-a-2026/southern/paddles/sunday-paddles#page28.pdf,https://www4.septa.org/picking/pdf/spring-a-2026/southern/paddles/sunday-paddles#page=28.pdf,https://www4.septa.org/picking/pdf/spring-a-2026/southern/trip-sheets/sunday-trip-sheets.pdf
SouthernSunday204,204,Southern,1 of 1,30,Sunday,https://www4.septa.org/picking/pdf/spring-a-2026/southern/paddles/sunday-paddles#page30.pdf,https://www4.septa.org/picking/pdf/spring-a-2026/southern/paddles/sunday-paddles#page=30.pdf,https://www4.septa.org/picking/pdf/spring-a-2026/southern/trip-sheets/sunday-trip-sheets.pdf
SouthernSunday205,205,Southern,1 of 2,31,Sunday,https://www4.septa.org/picking/pdf/spring-a-2026/southern/paddles/sunday-paddles#page31.pdf,https://www4.septa.org/picking/pdf/spring-a-2026/southern/paddles/sunday-paddles#page=31.pdf,https://www4.septa.org/picking/pdf/spring-a-2026/southern/trip-sheets/sunday-trip-sheets.pdf
SouthernSunday206,206,Southern,1 of 2,33,Sunday,https://www4.septa.org/picking/pdf/spring-a-2026/southern/paddles/sunday-paddles#page33.pdf,https://www4.septa.org/picking/pdf/spring-a-2026/southern/paddles/sunday-paddles#page=33.pdf,https://www4.septa.org/picking/pdf/spring-a-2026/southern/trip-sheets/sunday-trip-sheets.pdf
SouthernSunday207,207,Southern,1 of 1,35,Sunday,https://www4.septa.org/picking/pdf/spring-a-2026/southern/paddles/sunday-paddles#page35.pdf,https://www4.septa.org/picking/pdf/spring-a-2026/southern/paddles/sunday-paddles#page=35.pdf,https://www4.septa.org/picking/pdf/spring-a-2026/southern/trip-sheets/sunday-trip-sheets.pdf
SouthernSunday208,208,Southern,1 of 2,36,Sunday,https://www4.septa.org/picking/pdf/spring-a-2026/southern/paddles/sunday-paddles#page36.pdf,https://www4.septa.org/picking/pdf/spring-a-2026/southern/paddles/sunday-paddles#page=36.pdf,https://www4.septa.org/picking/pdf/spring-a-2026/southern/trip-sheets/sunday-trip-sheets.pdf
SouthernSunday209,209,Southern,1 of 2,38,Sunday,https://www4.septa.org/picking/pdf/spring-a-2026/southern/paddles/sunday-paddles#page38.pdf,https://www4.septa.org/picking/pdf/spring-a-2026/southern/paddles/sunday-paddles#page=38.pdf,https://www4.septa.org/picking/pdf/spring-a-2026/southern/trip-sheets/sunday-trip-sheets.pdf
SouthernSunday210,210,Southern,1 of 1,40,Sunday,https://www4.septa.org/picking/pdf/spring-a-2026/southern/paddles/sunday-paddles#page40.pdf,https://www4.septa.org/picking/pdf/spring-a-2026/southern/paddles/sunday-paddles#page=40.pdf,https://www4.septa.org/picking/pdf/spring-a-2026/southern/trip-sheets/sunday-trip-sheets.pdf
SouthernSunday275,275,Southern,1 of 3,41,Sunday,https://www4.septa.org/picking/pdf/spring-a-2026/southern/paddles/sunday-paddles#page41.pdf,https://www4.septa.org/picking/pdf/spring-a-2026/southern/paddles/sunday-paddles#page=41.pdf,https://www4.septa.org/picking/pdf/spring-a-2026/southern/trip-sheets/sunday-trip-sheets.pdf
SouthernSunday276,276,Southern,1 of 3,44,Sunday,https://www4.septa.org/picking/pdf/spring-a-2026/southern/paddles/sunday-paddles#page44.pdf,https://www4.septa.org/picking/pdf/spring-a-2026/southern/paddles/sunday-paddles#page=44.pdf,https://www4.septa.org/picking/pdf/spring-a-2026/southern/trip-sheets/sunday-trip-sheets.pdf
SouthernSunday277,277,Southern,1 of 2,47,Sunday,https://www4.septa.org/picking/pdf/spring-a-2026/southern/paddles/sunday-paddles#page47.pdf,https://www4.septa.org/picking/pdf/spring-a-2026/southern/paddles/sunday-paddles#page=47.pdf,https://www4.septa.org/picking/pdf/spring-a-2026/southern/trip-sheets/sunday-trip-sheets.pdf
SouthernSunday278,278,Southern,1 of 4,49,Sunday,https://www4.septa.org/picking/pdf/spring-a-2026/southern/paddles/sunday-paddles#page49.pdf,https://www4.septa.org/picking/pdf/spring-a-2026/southern/paddles/sunday-paddles#page=49.pdf,https://www4.septa.org/picking/pdf/spring-a-2026/southern/trip-sheets/sunday-trip-sheets.pdf
SouthernSunday279,279,Southern,1 of 2,53,Sunday,https://www4.septa.org/picking/pdf/spring-a-2026/southern/paddles/sunday-paddles#page53.pdf,https://www4.septa.org/picking/pdf/spring-a-2026/southern/paddles/sunday-paddles#page=53.pdf,https://www4.septa.org/picking/pdf/spring-a-2026/southern/trip-sheets/sunday-trip-sheets.pdf
SouthernSunday280,280,Southern,1 of 2,55,Sunday,https://www4.septa.org/picking/pdf/spring-a-2026/southern/paddles/sunday-paddles#page55.pdf,https://www4.septa.org/picking/pdf/spring-a-2026/southern/paddles/sunday-paddles#page=55.pdf,https://www4.septa.org/picking/pdf/spring-a-2026/southern/trip-sheets/sunday-trip-sheets.pdf
SouthernSunday281,281,Southern,1 of 2,57,Sunday,https://www4.septa.org/picking/pdf/spring-a-2026/southern/paddles/sunday-paddles#page57.pdf,https://www4.septa.org/picking/pdf/spring-a-2026/southern/paddles/sunday-paddles#page=57.pdf,https://www4.septa.org/picking/pdf/spring-a-2026/southern/trip-sheets/sunday-trip-sheets.pdf
SouthernSunday301,301,Southern,1 of 2,59,Sunday,https://www4.septa.org/picking/pdf/spring-a-2026/southern/paddles/sunday-paddles#page59.pdf,https://www4.septa.org/picking/pdf/spring-a-2026/southern/paddles/sunday-paddles#page=59.pdf,https://www4.septa.org/picking/pdf/spring-a-2026/southern/trip-sheets/sunday-trip-sheets.pdf
SouthernSunday302,302,Southern,1 of 2,61,Sunday,https://www4.septa.org/picking/pdf/spring-a-2026/southern/paddles/sunday-paddles#page61.pdf,https://www4.septa.org/picking/pdf/spring-a-2026/southern/paddles/sunday-paddles#page=61.pdf,https://www4.septa.org/picking/pdf/spring-a-2026/southern/trip-sheets/sunday-trip-sheets.pdf
SouthernSunday303,303,Southern,1 of 2,63,Sunday,https://www4.septa.org/picking/pdf/spring-a-2026/southern/paddles/sunday-paddles#page63.pdf,https://www4.septa.org/picking/pdf/spring-a-2026/southern/paddles/sunday-paddles#page=63.pdf,https://www4.septa.org/picking/pdf/spring-a-2026/southern/trip-sheets/sunday-trip-sheets.pdf
SouthernSunday304,304,Southern,1 of 2,65,Sunday,https://www4.septa.org/picking/pdf/spring-a-2026/southern/paddles/sunday-paddles#page65.pdf,https://www4.septa.org/picking/pdf/spring-a-2026/southern/paddles/sunday-paddles#page=65.pdf,https://www4.septa.org/picking/pdf/spring-a-2026/southern/trip-sheets/sunday-trip-sheets.pdf
SouthernSunday305,305,Southern,1 of 2,67,Sunday,https://www4.septa.org/picking/pdf/spring-a-2026/southern/paddles/sunday-paddles#page67.pdf,https://www4.septa.org/picking/pdf/spring-a-2026/southern/paddles/sunday-paddles#page=67.pdf,https://www4.septa.org/picking/pdf/spring-a-2026/southern/trip-sheets/sunday-trip-sheets.pdf
SouthernSunday306,306,Southern,1 of 2,69,Sunday,https://www4.septa.org/picking/pdf/spring-a-2026/southern/paddles/sunday-paddles#page69.pdf,https://www4.septa.org/picking/pdf/spring-a-2026/southern/paddles/sunday-paddles#page=69.pdf,https://www4.septa.org/picking/pdf/spring-a-2026/southern/trip-sheets/sunday-trip-sheets.pdf
SouthernSunday307,307,Southern,1 of 2,71,Sunday,https://www4.septa.org/picking/pdf/spring-a-2026/southern/paddles/sunday-paddles#page71.pdf,https://www4.septa.org/picking/pdf/spring-a-2026/southern/paddles/sunday-paddles#page=71.pdf,https://www4.septa.org/picking/pdf/spring-a-2026/southern/trip-sheets/sunday-trip-sheets.pdf
SouthernSunday351,351,Southern,1 of 2,73,Sunday,https://www4.septa.org/picking/pdf/spring-a-2026/southern/paddles/sunday-paddles#page73.pdf,https://www4.septa.org/picking/pdf/spring-a-2026/southern/paddles/sunday-paddles#page=73.pdf,https://www4.septa.org/picking/pdf/spring-a-2026/southern/trip-sheets/sunday-trip-sheets.pdf
SouthernSunday352,352,Southern,1 of 1,75,Sunday,https://www4.septa.org/picking/pdf/spring-a-2026/southern/paddles/sunday-paddles#page75.pdf,https://www4.septa.org/picking/pdf/spring-a-2026/southern/paddles/sunday-paddles#page=75.pdf,https://www4.septa.org/picking/pdf/spring-a-2026/southern/trip-sheets/sunday-trip-sheets.pdf
SouthernSunday353,353,Southern,1 of 2,76,Sunday,https://www4.septa.org/picking/pdf/spring-a-2026/southern/paddles/sunday-paddles#page76.pdf,https://www4.septa.org/picking/pdf/spring-a-2026/southern/paddles/sunday-paddles#page=76.pdf,https://www4.septa.org/picking/pdf/spring-a-2026/southern/trip-sheets/sunday-trip-sheets.pdf
SouthernSunday354,354,Southern,1 of 2,78,Sunday,https://www4.septa.org/picking/pdf/spring-a-2026/southern/paddles/sunday-paddles#page78.pdf,https://www4.septa.org/picking/pdf/spring-a-2026/southern/paddles/sunday-paddles#page=78.pdf,https://www4.septa.org/picking/pdf/spring-a-2026/southern/trip-sheets/sunday-trip-sheets.pdf
SouthernSunday451,451,Southern,1 of 2,80,Sunday,https://www4.septa.org/picking/pdf/spring-a-2026/southern/paddles/sunday-paddles#page80.pdf,https://www4.septa.org/picking/pdf/spring-a-2026/southern/paddles/sunday-paddles#page=80.pdf,https://www4.septa.org/picking/pdf/spring-a-2026/southern/trip-sheets/sunday-trip-sheets.pdf
SouthernSunday452,452,Southern,1 of 2,82,Sunday,https://www4.septa.org/picking/pdf/spring-a-2026/southern/paddles/sunday-paddles#page82.pdf,https://www4.septa.org/picking/pdf/spring-a-2026/southern/paddles/sunday-paddles#page=82.pdf,https://www4.septa.org/picking/pdf/spring-a-2026/southern/trip-sheets/sunday-trip-sheets.pdf
SouthernSunday453,453,Southern,1 of 2,84,Sunday,https://www4.septa.org/picking/pdf/spring-a-2026/southern/paddles/sunday-paddles#page84.pdf,https://www4.septa.org/picking/pdf/spring-a-2026/southern/paddles/sunday-paddles#page=84.pdf,https://www4.septa.org/picking/pdf/spring-a-2026/southern/trip-sheets/sunday-trip-sheets.pdf
SouthernSunday454,454,Southern,1 of 3,86,Sunday,https://www4.septa.org/picking/pdf/spring-a-2026/southern/paddles/sunday-paddles#page86.pdf,https://www4.septa.org/picking/pdf/spring-a-2026/southern/paddles/sunday-paddles#page=86.pdf,https://www4.septa.org/picking/pdf/spring-a-2026/southern/trip-sheets/sunday-trip-sheets.pdf
SouthernSunday501,501,Southern,1 of 2,89,Sunday,https://www4.septa.org/picking/pdf/spring-a-2026/southern/paddles/sunday-paddles#page89.pdf,https://www4.septa.org/picking/pdf/spring-a-2026/southern/paddles/sunday-paddles#page=89.pdf,https://www4.septa.org/picking/pdf/spring-a-2026/southern/trip-sheets/sunday-trip-sheets.pdf
SouthernSunday502,502,Southern,1 of 2,91,Sunday,https://www4.septa.org/picking/pdf/spring-a-2026/southern/paddles/sunday-paddles#page91.pdf,https://www4.septa.org/picking/pdf/spring-a-2026/southern/paddles/sunday-paddles#page=91.pdf,https://www4.septa.org/picking/pdf/spring-a-2026/southern/trip-sheets/sunday-trip-sheets.pdf
SouthernSunday601,601,Southern,1 of 3,93,Sunday,https://www4.septa.org/picking/pdf/spring-a-2026/southern/paddles/sunday-paddles#page93.pdf,https://www4.septa.org/picking/pdf/spring-a-2026/southern/paddles/sunday-paddles#page=93.pdf,https://www4.septa.org/picking/pdf/spring-a-2026/southern/trip-sheets/sunday-trip-sheets.pdf
SouthernSunday602,602,Southern,1 of 3,96,Sunday,https://www4.septa.org/picking/pdf/spring-a-2026/southern/paddles/sunday-paddles#page96.pdf,https://www4.septa.org/picking/pdf/spring-a-2026/southern/paddles/sunday-paddles#page=96.pdf,https://www4.septa.org/picking/pdf/spring-a-2026/southern/trip-sheets/sunday-trip-sheets.pdf
SouthernSunday603,603,Southern,1 of 2,99,Sunday,https://www4.septa.org/picking/pdf/spring-a-2026/southern/paddles/sunday-paddles#page99.pdf,https://www4.septa.org/picking/pdf/spring-a-2026/southern/paddles/sunday-paddles#page=99.pdf,https://www4.septa.org/picking/pdf/spring-a-2026/southern/trip-sheets/sunday-trip-sheets.pdf
SouthernSunday604,604,Southern,1 of 3,101,Sunday,https://www4.septa.org/picking/pdf/spring-a-2026/southern/paddles/sunday-paddles#page101.pdf,https://www4.septa.org/picking/pdf/spring-a-2026/southern/paddles/sunday-paddles#page=101.pdf,https://www4.septa.org/picking/pdf/spring-a-2026/southern/trip-sheets/sunday-trip-sheets.pdf
SouthernSunday605,605,Southern,1 of 3,104,Sunday,https://www4.septa.org/picking/pdf/spring-a-2026/southern/paddles/sunday-paddles#page104.pdf,https://www4.septa.org/picking/pdf/spring-a-2026/southern/paddles/sunday-paddles#page=104.pdf,https://www4.septa.org/picking/pdf/spring-a-2026/southern/trip-sheets/sunday-trip-sheets.pdf
SouthernSunday606,606,Southern,1 of 3,107,Sunday,https://www4.septa.org/picking/pdf/spring-a-2026/southern/paddles/sunday-paddles#page107.pdf,https://www4.septa.org/picking/pdf/spring-a-2026/southern/paddles/sunday-paddles#page=107.pdf,https://www4.septa.org/picking/pdf/spring-a-2026/southern/trip-sheets/sunday-trip-sheets.pdf
SouthernSunday607,607,Southern,1 of 3,110,Sunday,https://www4.septa.org/picking/pdf/spring-a-2026/southern/paddles/sunday-paddles#page110.pdf,https://www4.septa.org/picking/pdf/spring-a-2026/southern/paddles/sunday-paddles#page=110.pdf,https://www4.septa.org/picking/pdf/spring-a-2026/southern/trip-sheets/sunday-trip-sheets.pdf
SouthernSunday608,608,Southern,1 of 3,113,Sunday,https://www4.septa.org/picking/pdf/spring-a-2026/southern/paddles/sunday-paddles#page113.pdf,https://www4.septa.org/picking/pdf/spring-a-2026/southern/paddles/sunday-paddles#page=113.pdf,https://www4.septa.org/picking/pdf/spring-a-2026/southern/trip-sheets/sunday-trip-sheets.pdf
SouthernSunday609,609,Southern,1 of 3,116,Sunday,https://www4.septa.org/picking/pdf/spring-a-2026/southern/paddles/sunday-paddles#page116.pdf,https://www4.septa.org/picking/pdf/spring-a-2026/southern/paddles/sunday-paddles#page=116.pdf,https://www4.septa.org/picking/pdf/spring-a-2026/southern/trip-sheets/sunday-trip-sheets.pdf
SouthernSunday610,610,Southern,1 of 3,119,Sunday,https://www4.septa.org/picking/pdf/spring-a-2026/southern/paddles/sunday-paddles#page119.pdf,https://www4.septa.org/picking/pdf/spring-a-2026/southern/paddles/sunday-paddles#page=119.pdf,https://www4.septa.org/picking/pdf/spring-a-2026/southern/trip-sheets/sunday-trip-sheets.pdf
SouthernSunday701,701,Southern,1 of 2,122,Sunday,https://www4.septa.org/picking/pdf/spring-a-2026/southern/paddles/sunday-paddles#page122.pdf,https://www4.septa.org/picking/pdf/spring-a-2026/southern/paddles/sunday-paddles#page=122.pdf,https://www4.septa.org/picking/pdf/spring-a-2026/southern/trip-sheets/sunday-trip-sheets.pdf
SouthernSunday702,702,Southern,1 of 2,124,Sunday,https://www4.septa.org/picking/pdf/spring-a-2026/southern/paddles/sunday-paddles#page124.pdf,https://www4.septa.org/picking/pdf/spring-a-2026/southern/paddles/sunday-paddles#page=124.pdf,https://www4.septa.org/picking/pdf/spring-a-2026/southern/trip-sheets/sunday-trip-sheets.pdf
SouthernSunday703,703,Southern,1 of 2,126,Sunday,https://www4.septa.org/picking/pdf/spring-a-2026/southern/paddles/sunday-paddles#page126.pdf,https://www4.septa.org/picking/pdf/spring-a-2026/southern/paddles/sunday-paddles#page=126.pdf,https://www4.septa.org/picking/pdf/spring-a-2026/southern/trip-sheets/sunday-trip-sheets.pdf
SouthernSunday704,704,Southern,1 of 2,128,Sunday,https://www4.septa.org/picking/pdf/spring-a-2026/southern/paddles/sunday-paddles#page128.pdf,https://www4.septa.org/picking/pdf/spring-a-2026/southern/paddles/sunday-paddles#page=128.pdf,https://www4.septa.org/picking/pdf/spring-a-2026/southern/trip-sheets/sunday-trip-sheets.pdf
SouthernSunday705,705,Southern,1 of 2,130,Sunday,https://www4.septa.org/picking/pdf/spring-a-2026/southern/paddles/sunday-paddles#page130.pdf,https://www4.septa.org/picking/pdf/spring-a-2026/southern/paddles/sunday-paddles#page=130.pdf,https://www4.septa.org/picking/pdf/spring-a-2026/southern/trip-sheets/sunday-trip-sheets.pdf
SouthernSunday706,706,Southern,1 of 2,132,Sunday,https://www4.septa.org/picking/pdf/spring-a-2026/southern/paddles/sunday-paddles#page132.pdf,https://www4.septa.org/picking/pdf/spring-a-2026/southern/paddles/sunday-paddles#page=132.pdf,https://www4.septa.org/picking/pdf/spring-a-2026/southern/trip-sheets/sunday-trip-sheets.pdf
SouthernSunday707,707,Southern,1 of 4,134,Sunday,https://www4.septa.org/picking/pdf/spring-a-2026/southern/paddles/sunday-paddles#page134.pdf,https://www4.septa.org/picking/pdf/spring-a-2026/southern/paddles/sunday-paddles#page=134.pdf,https://www4.septa.org/picking/pdf/spring-a-2026/southern/trip-sheets/sunday-trip-sheets.pdf
SouthernSunday708,708,Southern,1 of 2,138,Sunday,https://www4.septa.org/picking/pdf/spring-a-2026/southern/paddles/sunday-paddles#page138.pdf,https://www4.septa.org/picking/pdf/spring-a-2026/southern/paddles/sunday-paddles#page=138.pdf,https://www4.septa.org/picking/pdf/spring-a-2026/southern/trip-sheets/sunday-trip-sheets.pdf
SouthernSunday751,751,Southern,1 of 2,140,Sunday,https://www4.septa.org/picking/pdf/spring-a-2026/southern/paddles/sunday-paddles#page140.pdf,https://www4.septa.org/picking/pdf/spring-a-2026/southern/paddles/sunday-paddles#page=140.pdf,https://www4.septa.org/picking/pdf/spring-a-2026/southern/trip-sheets/sunday-trip-sheets.pdf
SouthernSunday752,752,Southern,1 of 2,142,Sunday,https://www4.septa.org/picking/pdf/spring-a-2026/southern/paddles/sunday-paddles#page142.pdf,https://www4.septa.org/picking/pdf/spring-a-2026/southern/paddles/sunday-paddles#page=142.pdf,https://www4.septa.org/picking/pdf/spring-a-2026/southern/trip-sheets/sunday-trip-sheets.pdf
SouthernSunday753,753,Southern,1 of 2,144,Sunday,https://www4.septa.org/picking/pdf/spring-a-2026/southern/paddles/sunday-paddles#page144.pdf,https://www4.septa.org/picking/pdf/spring-a-2026/southern/paddles/sunday-paddles#page=144.pdf,https://www4.septa.org/picking/pdf/spring-a-2026/southern/trip-sheets/sunday-trip-sheets.pdf
SouthernSunday754,754,Southern,1 of 3,146,Sunday,https://www4.septa.org/picking/pdf/spring-a-2026/southern/paddles/sunday-paddles#page146.pdf,https://www4.septa.org/picking/pdf/spring-a-2026/southern/paddles/sunday-paddles#page=146.pdf,https://www4.septa.org/picking/pdf/spring-a-2026/southern/trip-sheets/sunday-trip-sheets.pdf
SouthernSunday755,755,Southern,1 of 2,149,Sunday,https://www4.septa.org/picking/pdf/spring-a-2026/southern/paddles/sunday-paddles#page149.pdf,https://www4.septa.org/picking/pdf/spring-a-2026/southern/paddles/sunday-paddles#page=149.pdf,https://www4.septa.org/picking/pdf/spring-a-2026/southern/trip-sheets/sunday-trip-sheets.pdf
SouthernSunday756,756,Southern,1 of 2,151,Sunday,https://www4.septa.org/picking/pdf/spring-a-2026/southern/paddles/sunday-paddles#page151.pdf,https://www4.septa.org/picking/pdf/spring-a-2026/southern/paddles/sunday-paddles#page=151.pdf,https://www4.septa.org/picking/pdf/spring-a-2026/southern/trip-sheets/sunday-trip-sheets.pdf
SouthernSunday757,757,Southern,1 of 3,153,Sunday,https://www4.septa.org/picking/pdf/spring-a-2026/southern/paddles/sunday-paddles#page153.pdf,https://www4.septa.org/picking/pdf/spring-a-2026/southern/paddles/sunday-paddles#page=153.pdf,https://www4.septa.org/picking/pdf/spring-a-2026/southern/trip-sheets/sunday-trip-sheets.pdf
SouthernSunday758,758,Southern,1 of 2,156,Sunday,https://www4.septa.org/picking/pdf/spring-a-2026/southern/paddles/sunday-paddles#page156.pdf,https://www4.septa.org/picking/pdf/spring-a-2026/southern/paddles/sunday-paddles#page=156.pdf,https://www4.septa.org/picking/pdf/spring-a-2026/southern/trip-sheets/sunday-trip-sheets.pdf
SouthernSunday759,759,Southern,1 of 3,158,Sunday,https://www4.septa.org/picking/pdf/spring-a-2026/southern/paddles/sunday-paddles#page158.pdf,https://www4.septa.org/picking/pdf/spring-a-2026/southern/paddles/sunday-paddles#page=158.pdf,https://www4.septa.org/picking/pdf/spring-a-2026/southern/trip-sheets/sunday-trip-sheets.pdf
SouthernSunday760,760,Southern,1 of 2,161,Sunday,https://www4.septa.org/picking/pdf/spring-a-2026/southern/paddles/sunday-paddles#page161.pdf,https://www4.septa.org/picking/pdf/spring-a-2026/southern/paddles/sunday-paddles#page=161.pdf,https://www4.septa.org/picking/pdf/spring-a-2026/southern/trip-sheets/sunday-trip-sheets.pdf
SouthernSunday761,761,Southern,1 of 2,163,Sunday,https://www4.septa.org/picking/pdf/spring-a-2026/southern/paddles/sunday-paddles#page163.pdf,https://www4.septa.org/picking/pdf/spring-a-2026/southern/paddles/sunday-paddles#page=163.pdf,https://www4.septa.org/picking/pdf/spring-a-2026/southern/trip-sheets/sunday-trip-sheets.pdf
SouthernSunday762,762,Southern,1 of 2,165,Sunday,https://www4.septa.org/picking/pdf/spring-a-2026/southern/paddles/sunday-paddles#page165.pdf,https://www4.septa.org/picking/pdf/spring-a-2026/southern/paddles/sunday-paddles#page=165.pdf,https://www4.septa.org/picking/pdf/spring-a-2026/southern/trip-sheets/sunday-trip-sheets.pdf
SouthernSunday763,763,Southern,1 of 2,167,Sunday,https://www4.septa.org/picking/pdf/spring-a-2026/southern/paddles/sunday-paddles#page167.pdf,https://www4.septa.org/picking/pdf/spring-a-2026/southern/paddles/sunday-paddles#page=167.pdf,https://www4.septa.org/picking/pdf/spring-a-2026/southern/trip-sheets/sunday-trip-sheets.pdf
SouthernSunday801,801,Southern,1 of 2,169,Sunday,https://www4.septa.org/picking/pdf/spring-a-2026/southern/paddles/sunday-paddles#page169.pdf,https://www4.septa.org/picking/pdf/spring-a-2026/southern/paddles/sunday-paddles#page=169.pdf,https://www4.septa.org/picking/pdf/spring-a-2026/southern/trip-sheets/sunday-trip-sheets.pdf
SouthernSunday802,802,Southern,1 of 4,171,Sunday,https://www4.septa.org/picking/pdf/spring-a-2026/southern/paddles/sunday-paddles#page171.pdf,https://www4.septa.org/picking/pdf/spring-a-2026/southern/paddles/sunday-paddles#page=171.pdf,https://www4.septa.org/picking/pdf/spring-a-2026/southern/trip-sheets/sunday-trip-sheets.pdf
SouthernSunday803,803,Southern,1 of 2,175,Sunday,https://www4.septa.org/picking/pdf/spring-a-2026/southern/paddles/sunday-paddles#page175.pdf,https://www4.septa.org/picking/pdf/spring-a-2026/southern/paddles/sunday-paddles#page=175.pdf,https://www4.septa.org/picking/pdf/spring-a-2026/southern/trip-sheets/sunday-trip-sheets.pdf
SouthernSunday804,804,Southern,1 of 2,177,Sunday,https://www4.septa.org/picking/pdf/spring-a-2026/southern/paddles/sunday-paddles#page177.pdf,https://www4.septa.org/picking/pdf/spring-a-2026/southern/paddles/sunday-paddles#page=177.pdf,https://www4.septa.org/picking/pdf/spring-a-2026/southern/trip-sheets/sunday-trip-sheets.pdf
SouthernSunday805,805,Southern,1 of 2,179,Sunday,https://www4.septa.org/picking/pdf/spring-a-2026/southern/paddles/sunday-paddles#page179.pdf,https://www4.septa.org/picking/pdf/spring-a-2026/southern/paddles/sunday-paddles#page=179.pdf,https://www4.septa.org/picking/pdf/spring-a-2026/southern/trip-sheets/sunday-trip-sheets.pdf
SouthernSunday806,806,Southern,1 of 2,181,Sunday,https://www4.septa.org/picking/pdf/spring-a-2026/southern/paddles/sunday-paddles#page181.pdf,https://www4.septa.org/picking/pdf/spring-a-2026/southern/paddles/sunday-paddles#page=181.pdf,https://www4.septa.org/picking/pdf/spring-a-2026/southern/trip-sheets/sunday-trip-sheets.pdf
SouthernSunday807,807,Southern,1 of 2,183,Sunday,https://www4.septa.org/picking/pdf/spring-a-2026/southern/paddles/sunday-paddles#page183.pdf,https://www4.septa.org/picking/pdf/spring-a-2026/southern/paddles/sunday-paddles#page=183.pdf,https://www4.septa.org/picking/pdf/spring-a-2026/southern/trip-sheets/sunday-trip-sheets.pdf
SouthernSunday808,808,Southern,1 of 2,185,Sunday,https://www4.septa.org/picking/pdf/spring-a-2026/southern/paddles/sunday-paddles#page185.pdf,https://www4.septa.org/picking/pdf/spring-a-2026/southern/paddles/sunday-paddles#page=185.pdf,https://www4.septa.org/picking/pdf/spring-a-2026/southern/trip-sheets/sunday-trip-sheets.pdf
SouthernSunday809,809,Southern,1 of 2,187,Sunday,https://www4.septa.org/picking/pdf/spring-a-2026/southern/paddles/sunday-paddles#page187.pdf,https://www4.septa.org/picking/pdf/spring-a-2026/southern/paddles/sunday-paddles#page=187.pdf,https://www4.septa.org/picking/pdf/spring-a-2026/southern/trip-sheets/sunday-trip-sheets.pdf
SouthernSunday851,851,Southern,1 of 2,189,Sunday,https://www4.septa.org/picking/pdf/spring-a-2026/southern/paddles/sunday-paddles#page189.pdf,https://www4.septa.org/picking/pdf/spring-a-2026/southern/paddles/sunday-paddles#page=189.pdf,https://www4.septa.org/picking/pdf/spring-a-2026/southern/trip-sheets/sunday-trip-sheets.pdf
SouthernSunday852,852,Southern,1 of 2,191,Sunday,https://www4.septa.org/picking/pdf/spring-a-2026/southern/paddles/sunday-paddles#page191.pdf,https://www4.septa.org/picking/pdf/spring-a-2026/southern/paddles/sunday-paddles#page=191.pdf,https://www4.septa.org/picking/pdf/spring-a-2026/southern/trip-sheets/sunday-trip-sheets.pdf
SouthernSunday853,853,Southern,1 of 2,193,Sunday,https://www4.septa.org/picking/pdf/spring-a-2026/southern/paddles/sunday-paddles#page193.pdf,https://www4.septa.org/picking/pdf/spring-a-2026/southern/paddles/sunday-paddles#page=193.pdf,https://www4.septa.org/picking/pdf/spring-a-2026/southern/trip-sheets/sunday-trip-sheets.pdf
SouthernSunday854,854,Southern,1 of 3,195,Sunday,https://www4.septa.org/picking/pdf/spring-a-2026/southern/paddles/sunday-paddles#page195.pdf,https://www4.septa.org/picking/pdf/spring-a-2026/southern/paddles/sunday-paddles#page=195.pdf,https://www4.septa.org/picking/pdf/spring-a-2026/southern/trip-sheets/sunday-trip-sheets.pdf
SouthernSunday855,855,Southern,1 of 2,198,Sunday,https://www4.septa.org/picking/pdf/spring-a-2026/southern/paddles/sunday-paddles#page198.pdf,https://www4.septa.org/picking/pdf/spring-a-2026/southern/paddles/sunday-paddles#page=198.pdf,https://www4.septa.org/picking/pdf/spring-a-2026/southern/trip-sheets/sunday-trip-sheets.pdf
SouthernSunday856,856,Southern,1 of 2,200,Sunday,https://www4.septa.org/picking/pdf/spring-a-2026/southern/paddles/sunday-paddles#page200.pdf,https://www4.septa.org/picking/pdf/spring-a-2026/southern/paddles/sunday-paddles#page=200.pdf,https://www4.septa.org/picking/pdf/spring-a-2026/southern/trip-sheets/sunday-trip-sheets.pdf
SouthernSunday857,857,Southern,1 of 2,202,Sunday,https://www4.septa.org/picking/pdf/spring-a-2026/southern/paddles/sunday-paddles#page202.pdf,https://www4.septa.org/picking/pdf/spring-a-2026/southern/paddles/sunday-paddles#page=202.pdf,https://www4.septa.org/picking/pdf/spring-a-2026/southern/trip-sheets/sunday-trip-sheets.pdf
SouthernSunday858,858,Southern,1 of 2,204,Sunday,https://www4.septa.org/picking/pdf/spring-a-2026/southern/paddles/sunday-paddles#page204.pdf,https://www4.septa.org/picking/pdf/spring-a-2026/southern/paddles/sunday-paddles#page=204.pdf,https://www4.septa.org/picking/pdf/spring-a-2026/southern/trip-sheets/sunday-trip-sheets.pdf
SouthernSunday901,901,Southern,1 of 2,206,Sunday,https://www4.septa.org/picking/pdf/spring-a-2026/southern/paddles/sunday-paddles#page206.pdf,https://www4.septa.org/picking/pdf/spring-a-2026/southern/paddles/sunday-paddles#page=206.pdf,https://www4.septa.org/picking/pdf/spring-a-2026/southern/trip-sheets/sunday-trip-sheets.pdf
SouthernSunday902,902,Southern,1 of 2,208,Sunday,https://www4.septa.org/picking/pdf/spring-a-2026/southern/paddles/sunday-paddles#page208.pdf,https://www4.septa.org/picking/pdf/spring-a-2026/southern/paddles/sunday-paddles#page=208.pdf,https://www4.septa.org/picking/pdf/spring-a-2026/southern/trip-sheets/sunday-trip-sheets.pdf
SouthernSunday903,903,Southern,1 of 2,210,Sunday,https://www4.septa.org/picking/pdf/spring-a-2026/southern/paddles/sunday-paddles#page210.pdf,https://www4.septa.org/picking/pdf/spring-a-2026/southern/paddles/sunday-paddles#page=210.pdf,https://www4.septa.org/picking/pdf/spring-a-2026/southern/trip-sheets/sunday-trip-sheets.pdf
SouthernSunday904,904,Southern,1 of 2,212,Sunday,https://www4.septa.org/picking/pdf/spring-a-2026/southern/paddles/sunday-paddles#page212.pdf,https://www4.septa.org/picking/pdf/spring-a-2026/southern/paddles/sunday-paddles#page=212.pdf,https://www4.septa.org/picking/pdf/spring-a-2026/southern/trip-sheets/sunday-trip-sheets.pdf
SouthernSunday905,905,Southern,1 of 2,214,Sunday,https://www4.septa.org/picking/pdf/spring-a-2026/southern/paddles/sunday-paddles#page214.pdf,https://www4.septa.org/picking/pdf/spring-a-2026/southern/paddles/sunday-paddles#page=214.pdf,https://www4.septa.org/picking/pdf/spring-a-2026/southern/trip-sheets/sunday-trip-sheets.pdf
SouthernSunday906,906,Southern,1 of 2,216,Sunday,https://www4.septa.org/picking/pdf/spring-a-2026/southern/paddles/sunday-paddles#page216.pdf,https://www4.septa.org/picking/pdf/spring-a-2026/southern/paddles/sunday-paddles#page=216.pdf,https://www4.septa.org/picking/pdf/spring-a-2026/southern/trip-sheets/sunday-trip-sheets.pdf
SouthernSunday907,907,Southern,1 of 2,218,Sunday,https://www4.septa.org/picking/pdf/spring-a-2026/southern/paddles/sunday-paddles#page218.pdf,https://www4.septa.org/picking/pdf/spring-a-2026/southern/paddles/sunday-paddles#page=218.pdf,https://www4.septa.org/picking/pdf/spring-a-2026/southern/trip-sheets/sunday-trip-sheets.pdf
SouthernSunday951,951,Southern,1 of 2,220,Sunday,https://www4.septa.org/picking/pdf/spring-a-2026/southern/paddles/sunday-paddles#page220.pdf,https://www4.septa.org/picking/pdf/spring-a-2026/southern/paddles/sunday-paddles#page=220.pdf,https://www4.septa.org/picking/pdf/spring-a-2026/southern/trip-sheets/sunday-trip-sheets.pdf
SouthernSunday952,952,Southern,1 of 2,222,Sunday,https://www4.septa.org/picking/pdf/spring-a-2026/southern/paddles/sunday-paddles#page222.pdf,https://www4.septa.org/picking/pdf/spring-a-2026/southern/paddles/sunday-paddles#page=222.pdf,https://www4.septa.org/picking/pdf/spring-a-2026/southern/trip-sheets/sunday-trip-sheets.pdf
SouthernSunday953,953,Southern,1 of 2,224,Sunday,https://www4.septa.org/picking/pdf/spring-a-2026/southern/paddles/sunday-paddles#page224.pdf,https://www4.septa.org/picking/pdf/spring-a-2026/southern/paddles/sunday-paddles#page=224.pdf,https://www4.septa.org/picking/pdf/spring-a-2026/southern/trip-sheets/sunday-trip-sheets.pdf
SouthernSunday954,954,Southern,1 of 2,226,Sunday,https://www4.septa.org/picking/pdf/spring-a-2026/southern/paddles/sunday-paddles#page226.pdf,https://www4.septa.org/picking/pdf/spring-a-2026/southern/paddles/sunday-paddles#page=226.pdf,https://www4.septa.org/picking/pdf/spring-a-2026/southern/trip-sheets/sunday-trip-sheets.pdf
