myid,depot,eff_date,day,pullout2,swingdur,swingdursec,runno,start,arrive,finish,worktime,pay,leave,r1,b1,potype1,pot1,pitype1,pit1,stime1,stimeint1,start22,r2,b2,potype2,pot2,pitype2,pit2,stime2,stimeint2,start23,r3,b3,potype3,pot3,pitype3,pit3,stime3,stimeint3,start24,r4,b4,potype4,pot4,pitype4,pit4,stime4,stimeint4,start25,r5,b5,potype5,pot5,pitype5,pit5,stime5,stimeint5,start26,r6,b6,potype6,pot6,pitype6,pit6,stime6,stimeint6,start27,r7,b7,potype7,pot7,pitype7,pit7,stime7,stimeint7,start28,r8,b8,potype8,pot8,pitype8,pit8,stime8,stimeint8,start29,r9,b9,potype9,pot9,pitype9,pit9,stime9,stimeint9,start210,r10,b10,potype10,pot10,pitype10,pit10,stime10,stimeint10,sum1, sum12,sum2, sum22,sum3, sum32,sum4, sum42,sum5, sum52,sum6, sum62,sum7, sum72,sum8, sum82,sum9, sum92,sum10, sum102,
Midvaleweekday101,Midvale,8-24-2026,weekday,,,,101,2023-10-11 05:04 AM,,2023-10-11 2:20 PM,9:06,9.7,,2,3476,O,05:19 AM,I,02:16 PM,8:57,537,,,,,,,,,,,,,,,,,,,,,,,,,,,,,,,,,,,,,,,,,,,,,,,,,,,,,,,,,,,,,,,,,,,,,,,,,,,,,,,,,,RTE: 2 SCHD: 8:57,--> O: 05:19 AM > I: 02:16 PM,,,,,,,,,,,,,,,,,,,
Midvaleweekday102,Midvale,8-24-2026,weekday,10:12 AM,1Hrs 6Min,3960,102,2023-10-11 04:30 AM,3:29,2023-10-11 3:29 PM,9:52,11.2,,2,3475,O,04:45 AM,I,09:06 AM,4:21,261,10:03,71-81,3271,RN,10:12 AM,RS,03:20 PM,5:08,308,,,,,,,,,,,,,,,,,,,,,,,,,,,,,,,,,,,,,,,,,,,,,,,,,,,,,,,,,,,,,,,,,,,,,,,,,RTE: 2 SCHD: 4:21,--> O: 04:45 AM > I: 09:06 AM,RTE: 71-81 SCHD: 5:08,--> RN: 10:12 AM > RS: 03:20 PM,,,,,,,,,,,,,,,,,
Midvaleweekday103,Midvale,8-24-2026,weekday,01:23 PM,3Hrs 39Min,13140,103,2023-10-11 05:20 AM,,2023-10-11 5:33 PM,8:24,10.2,,2,3477,O,05:35 AM,I,09:44 AM,4:09,249,1:13,55,3512,O,01:23 PM,I,05:29 PM,4:06,246,,,,,,,,,,,,,,,,,,,,,,,,,,,,,,,,,,,,,,,,,,,,,,,,,,,,,,,,,,,,,,,,,,,,,,,,,RTE: 2 SCHD: 4:09,--> O: 05:35 AM > I: 09:44 AM,RTE: 55 SCHD: 4:06,--> O: 01:23 PM > I: 05:29 PM,,,,,,,,,,,,,,,,,
Midvaleweekday104,Midvale,8-24-2026,weekday,01:41 PM,3Hrs 12Min,11520,104,2023-10-11 05:33 AM,,2023-10-11 6:25 PM,9:30,12.8,,2,3478,O,05:48 AM,I,10:29 AM,4:41,281,1:31,26,3106,O,01:41 PM,I,06:21 PM,4:40,280,,,,,,,,,,,,,,,,,,,,,,,,,,,,,,,,,,,,,,,,,,,,,,,,,,,,,,,,,,,,,,,,,,,,,,,,,RTE: 2 SCHD: 4:41,--> O: 05:48 AM > I: 10:29 AM,RTE: 26 SCHD: 4:40,--> O: 01:41 PM > I: 06:21 PM,,,,,,,,,,,,,,,,,
Midvaleweekday105,Midvale,8-24-2026,weekday,11:33 AM,3Hrs 20Min,12000,105,2023-10-11 05:47 AM,,2023-10-11 6:30 PM,9:33,12.6,,2,3479,O,06:02 AM,I,08:13 AM,2:11,131,11:13,23-45,3166,RN,11:33 AM,I,06:26 PM,6:53,413,,,,,,,,,,,,,,,,,,,,,,,,,,,,,,,,,,,,,,,,,,,,,,,,,,,,,,,,,,,,,,,,,,,,,,,,,RTE: 2 SCHD: 2:11,--> O: 06:02 AM > I: 08:13 AM,RTE: 23-45 SCHD: 6:53,--> RN: 11:33 AM > I: 06:26 PM,,,,,,,,,,,,,,,,,
Midvaleweekday106,Midvale,8-24-2026,weekday,04:14 PM,2Hrs 39Min,9540,106,2023-10-11 06:12 AM,,2023-10-11 6:31 PM,10:05,12.8,,2,3480,O,06:27 AM,I,01:35 PM,7:08,428,3:39,55,3508,RN,04:14 PM,I,06:27 PM,2:13,133,,,,,,,,,,,,,,,,,,,,,,,,,,,,,,,,,,,,,,,,,,,,,,,,,,,,,,,,,,,,,,,,,,,,,,,,,RTE: 2 SCHD: 7:08,--> O: 06:27 AM > I: 01:35 PM,RTE: 55 SCHD: 2:13,--> RN: 04:14 PM > I: 06:27 PM,,,,,,,,,,,,,,,,,
Midvaleweekday107,Midvale,8-24-2026,weekday,02:45 PM,3Hrs 12Min,11520,107,2023-10-11 06:32 AM,,2023-10-11 7:22 PM,9:28,12.7,,2,3481,O,06:47 AM,I,11:33 AM,4:46,286,2:35,18,3032,O,02:45 PM,I,07:18 PM,4:33,273,,,,,,,,,,,,,,,,,,,,,,,,,,,,,,,,,,,,,,,,,,,,,,,,,,,,,,,,,,,,,,,,,,,,,,,,,RTE: 2 SCHD: 4:46,--> O: 06:47 AM > I: 11:33 AM,RTE: 18 SCHD: 4:33,--> O: 02:45 PM > I: 07:18 PM,,,,,,,,,,,,,,,,,
Midvaleweekday108,Midvale,8-24-2026,weekday,,,,108,2023-10-11 11:27 AM,,2023-10-11 9:16 PM,9:39,10.5,,2,3482,O,11:42 AM,I,09:12 PM,9:30,570,,,,,,,,,,,,,,,,,,,,,,,,,,,,,,,,,,,,,,,,,,,,,,,,,,,,,,,,,,,,,,,,,,,,,,,,,,,,,,,,,,RTE: 2 SCHD: 9:30,--> O: 11:42 AM > I: 09:12 PM,,,,,,,,,,,,,,,,,,,
Midvaleweekday109,Midvale,8-24-2026,weekday,,,,109,2023-10-11 03:53 PM,,2023-10-12 12:53 AM,8:50,9.3,,2,3486,O,04:08 PM,I,12:49 AM,8:41,521,,,,,,,,,,,,,,,,,,,,,,,,,,,,,,,,,,,,,,,,,,,,,,,,,,,,,,,,,,,,,,,,,,,,,,,,,,,,,,,,,,RTE: 2 SCHD: 8:41,--> O: 04:08 PM > I: 12:49 AM,,,,,,,,,,,,,,,,,,,
Midvaleweekday110,Midvale,8-24-2026,weekday,,,,110,2023-10-11 05:46 PM,,2023-10-12 2:17 AM,8:21,8.5,,2,3487,O,06:01 PM,I,02:13 AM,8:12,492,,,,,,,,,,,,,,,,,,,,,,,,,,,,,,,,,,,,,,,,,,,,,,,,,,,,,,,,,,,,,,,,,,,,,,,,,,,,,,,,,,RTE: 2 SCHD: 8:12,--> O: 06:01 PM > I: 02:13 AM,,,,,,,,,,,,,,,,,,,
Midvaleweekday501,Midvale,8-24-2026,weekday,,,,501,2023-10-11 04:31 AM,2:35,2023-10-11 2:35 PM,9:54,10.9,,4-16,3802,O,04:46 AM,RN,02:15 PM,9:29,569,,,,,,,,,,,,,,,,,,,,,,,,,,,,,,,,,,,,,,,,,,,,,,,,,,,,,,,,,,,,,,,,,,,,,,,,,,,,,,,,,,RTE: 4-16 SCHD: 9:29,--> O: 04:46 AM > RN: 02:15 PM,,,,,,,,,,,,,,,,,,,
Midvaleweekday502,Midvale,8-24-2026,weekday,,,,502,2023-10-11 05:14 AM,3:33,2023-10-11 3:33 PM,10:09,11.2,,4-16,3803,O,05:29 AM,RN,03:13 PM,9:44,584,,,,,,,,,,,,,,,,,,,,,,,,,,,,,,,,,,,,,,,,,,,,,,,,,,,,,,,,,,,,,,,,,,,,,,,,,,,,,,,,,,RTE: 4-16 SCHD: 9:44,--> O: 05:29 AM > RN: 03:13 PM,,,,,,,,,,,,,,,,,,,
Midvaleweekday503,Midvale,8-24-2026,weekday,,,,503,2023-10-11 05:40 AM,4:32,2023-10-11 4:32 PM,10:42,12.1,,4-16,3805,O,05:55 AM,RN,04:12 PM,10:17,617,,,,,,,,,,,,,,,,,,,,,,,,,,,,,,,,,,,,,,,,,,,,,,,,,,,,,,,,,,,,,,,,,,,,,,,,,,,,,,,,,,RTE: 4-16 SCHD: 10:17,--> O: 05:55 AM > RN: 04:12 PM,,,,,,,,,,,,,,,,,,,
Midvaleweekday504,Midvale,8-24-2026,weekday,,,,504,2023-10-11 05:52 AM,4:46,2023-10-11 4:46 PM,10:44,12.1,,4-16,3806,O,06:07 AM,RN,04:26 PM,10:19,619,,,,,,,,,,,,,,,,,,,,,,,,,,,,,,,,,,,,,,,,,,,,,,,,,,,,,,,,,,,,,,,,,,,,,,,,,,,,,,,,,,RTE: 4-16 SCHD: 10:19,--> O: 06:07 AM > RN: 04:26 PM,,,,,,,,,,,,,,,,,,,
Midvaleweekday505,Midvale,8-24-2026,weekday,12:21 PM,1Hrs 42Min,6120,505,2023-10-11 04:04 AM,2:56,2023-10-11 2:56 PM,9:20,10.4,,4-16,3801,O,04:19 AM,RS,10:39 AM,6:20,380,12:11,4-16,3813,O,12:21 PM,RN,02:36 PM,2:15,135,,,,,,,,,,,,,,,,,,,,,,,,,,,,,,,,,,,,,,,,,,,,,,,,,,,,,,,,,,,,,,,,,,,,,,,,,RTE: 4-16 SCHD: 6:20,--> O: 04:19 AM > RS: 10:39 AM,RTE: 4-16 SCHD: 2:15,--> O: 12:21 PM > RN: 02:36 PM,,,,,,,,,,,,,,,,,
Midvaleweekday506,Midvale,8-24-2026,weekday,04:12 PM,1Hrs 37Min,5820,506,2023-10-11 05:24 AM,,2023-10-11 5:26 PM,10:15,12.7,,4-16,3804,O,05:39 AM,RS,02:35 PM,8:56,536,,4-16,3805,RN,04:12 PM,I,05:22 PM,1:10,70,,,,,,,,,,,,,,,,,,,,,,,,,,,,,,,,,,,,,,,,,,,,,,,,,,,,,,,,,,,,,,,,,,,,,,,,,RTE: 4-16 SCHD: 8:56,--> O: 05:39 AM > RS: 02:35 PM,RTE: 4-16 SCHD: 1:10,--> RN: 04:12 PM > I: 05:22 PM,,,,,,,,,,,,,,,,,
Midvaleweekday507,Midvale,8-24-2026,weekday,01:41 PM,4Hrs 9Min,14940,507,2023-10-11 06:08 AM,,2023-10-11 6:35 PM,8:28,10.6,,4-16,3807,O,06:23 AM,I,09:32 AM,3:09,189,1:21,4-16,3811,RS,01:41 PM,I,06:31 PM,4:50,290,,,,,,,,,,,,,,,,,,,,,,,,,,,,,,,,,,,,,,,,,,,,,,,,,,,,,,,,,,,,,,,,,,,,,,,,,RTE: 4-16 SCHD: 3:09,--> O: 06:23 AM > I: 09:32 AM,RTE: 4-16 SCHD: 4:50,--> RS: 01:41 PM > I: 06:31 PM,,,,,,,,,,,,,,,,,
Midvaleweekday508,Midvale,8-24-2026,weekday,02:30 PM,3Hrs 40Min,13200,508,2023-10-11 06:17 AM,,2023-10-11 7:10 PM,9:03,12.1,,4-16,3808,O,06:32 AM,CG,07:53 AM,1:21,81,,47,3808,CG,07:53 AM,I,10:50 AM,2:57,177,2:20,4-16,3817,O,02:30 PM,I,07:06 PM,4:36,276,,,,,,,,,,,,,,,,,,,,,,,,,,,,,,,,,,,,,,,,,,,,,,,,,,,,,,,,,,,,,,,,RTE: 4-16 SCHD: 1:21,--> O: 06:32 AM > CG: 07:53 AM,RTE: 47 SCHD: 2:57,--> CG: 07:53 AM > I: 10:50 AM,RTE: 4-16 SCHD: 4:36,--> O: 02:30 PM > I: 07:06 PM,,,,,,,,,,,,,,,
Midvaleweekday509,Midvale,8-24-2026,weekday,,,,509,2023-10-11 09:53 AM,,2023-10-11 7:18 PM,9:15,9.9,,4-16,3812,O,10:08 AM,I,07:14 PM,9:06,546,,,,,,,,,,,,,,,,,,,,,,,,,,,,,,,,,,,,,,,,,,,,,,,,,,,,,,,,,,,,,,,,,,,,,,,,,,,,,,,,,,RTE: 4-16 SCHD: 9:06,--> O: 10:08 AM > I: 07:14 PM,,,,,,,,,,,,,,,,,,,
Midvaleweekday510,Midvale,8-24-2026,weekday,02:58 PM,3Hrs 12Min,11520,510,2023-10-11 07:58 AM,,2023-10-11 7:21 PM,8:01,8.7,,4-16,3809,O,08:13 AM,I,11:46 AM,3:33,213,2:48,22,3255,O,02:58 PM,I,07:17 PM,4:19,259,,,,,,,,,,,,,,,,,,,,,,,,,,,,,,,,,,,,,,,,,,,,,,,,,,,,,,,,,,,,,,,,,,,,,,,,,RTE: 4-16 SCHD: 3:33,--> O: 08:13 AM > I: 11:46 AM,RTE: 22 SCHD: 4:19,--> O: 02:58 PM > I: 07:17 PM,,,,,,,,,,,,,,,,,
Midvaleweekday511,Midvale,8-24-2026,weekday,02:33 PM,1Hrs 21Min,4860,511,2023-10-11 09:23 AM,,2023-10-11 7:34 PM,8:40,9.3,,4-16,3810,O,09:38 AM,I,01:12 PM,3:34,214,2:23,77,3677,O,02:33 PM,I,07:30 PM,4:57,297,,,,,,,,,,,,,,,,,,,,,,,,,,,,,,,,,,,,,,,,,,,,,,,,,,,,,,,,,,,,,,,,,,,,,,,,,RTE: 4-16 SCHD: 3:34,--> O: 09:38 AM > I: 01:12 PM,RTE: 77 SCHD: 4:57,--> O: 02:33 PM > I: 07:30 PM,,,,,,,,,,,,,,,,,
Midvaleweekday512,Midvale,8-24-2026,weekday,02:19 PM,1Hrs 28Min,5280,512,2023-10-11 10:14 AM,,2023-10-11 8:53 PM,9:11,10.1,10:19,4-16,3801,RS,10:39 AM,I,12:51 PM,2:12,132,2:09,53,3442,O,02:19 PM,I,08:49 PM,6:30,390,,,,,,,,,,,,,,,,,,,,,,,,,,,,,,,,,,,,,,,,,,,,,,,,,,,,,,,,,,,,,,,,,,,,,,,,,RTE: 4-16 SCHD: 2:12,--> RS: 10:39 AM > I: 12:51 PM,RTE: 53 SCHD: 6:30,--> O: 02:19 PM > I: 08:49 PM,,,,,,,,,,,,,,,,,
Midvaleweekday513,Midvale,8-24-2026,weekday,03:13 PM,1Hrs 32Min,5520,513,2023-10-11 09:48 AM,,2023-10-11 9:12 PM,9:42,11.3,,4-16,3811,O,10:03 AM,RS,01:41 PM,3:38,218,,4-16,3803,RN,03:13 PM,I,09:08 PM,5:55,355,,,,,,,,,,,,,,,,,,,,,,,,,,,,,,,,,,,,,,,,,,,,,,,,,,,,,,,,,,,,,,,,,,,,,,,,,RTE: 4-16 SCHD: 3:38,--> O: 10:03 AM > RS: 01:41 PM,RTE: 4-16 SCHD: 5:55,--> RN: 03:13 PM > I: 09:08 PM,,,,,,,,,,,,,,,,,
Midvaleweekday514,Midvale,8-24-2026,weekday,,,,514,2023-10-11 12:52 PM,,2023-10-11 10:48 PM,9:46,10.7,,4-16,3814,O,01:07 PM,I,10:44 PM,9:37,577,,,,,,,,,,,,,,,,,,,,,,,,,,,,,,,,,,,,,,,,,,,,,,,,,,,,,,,,,,,,,,,,,,,,,,,,,,,,,,,,,,RTE: 4-16 SCHD: 9:37,--> O: 01:07 PM > I: 10:44 PM,,,,,,,,,,,,,,,,,,,
Midvaleweekday515,Midvale,8-24-2026,weekday,,,,515,2023-10-11 04:06 PM,,2023-10-12 1:27 AM,9:11,9.8,,4-16,3818,O,04:21 PM,I,01:23 AM,9:02,542,,,,,,,,,,,,,,,,,,,,,,,,,,,,,,,,,,,,,,,,,,,,,,,,,,,,,,,,,,,,,,,,,,,,,,,,,,,,,,,,,,RTE: 4-16 SCHD: 9:02,--> O: 04:21 PM > I: 01:23 AM,,,,,,,,,,,,,,,,,,,
Midvaleweekday516,Midvale,8-24-2026,weekday,,,,516,2023-10-11 04:35 PM,,2023-10-12 2:05 AM,9:20,10.0,,4-16,3819,O,04:50 PM,I,02:01 AM,9:11,551,,,,,,,,,,,,,,,,,,,,,,,,,,,,,,,,,,,,,,,,,,,,,,,,,,,,,,,,,,,,,,,,,,,,,,,,,,,,,,,,,,RTE: 4-16 SCHD: 9:11,--> O: 04:50 PM > I: 02:01 AM,,,,,,,,,,,,,,,,,,,
Midvaleweekday517,Midvale,8-24-2026,weekday,,,,517,2023-10-11 04:45 PM,,2023-10-12 2:42 AM,9:57,10.9,,4-16,3813,RN,05:10 PM,I,02:38 AM,9:28,568,,,,,,,,,,,,,,,,,,,,,,,,,,,,,,,,,,,,,,,,,,,,,,,,,,,,,,,,,,,,,,,,,,,,,,,,,,,,,,,,,,RTE: 4-16 SCHD: 9:28,--> RN: 05:10 PM > I: 02:38 AM,,,,,,,,,,,,,,,,,,,
Midvaleweekday1,Midvale,8-24-2026,weekday,,,,1,2023-10-11 02:35 AM,,2023-10-11 11:37 AM,8:52,9.3,,18,3001,O,02:50 AM,I,11:33 AM,8:43,523,,,,,,,,,,,,,,,,,,,,,,,,,,,,,,,,,,,,,,,,,,,,,,,,,,,,,,,,,,,,,,,,,,,,,,,,,,,,,,,,,,RTE: 18 SCHD: 8:43,--> O: 02:50 AM > I: 11:33 AM,,,,,,,,,,,,,,,,,,,
Midvaleweekday2,Midvale,8-24-2026,weekday,,,,2,2023-10-11 03:35 AM,,2023-10-11 12:52 PM,9:07,9.7,,18,3002,O,03:50 AM,I,12:48 PM,8:58,538,,,,,,,,,,,,,,,,,,,,,,,,,,,,,,,,,,,,,,,,,,,,,,,,,,,,,,,,,,,,,,,,,,,,,,,,,,,,,,,,,,RTE: 18 SCHD: 8:58,--> O: 03:50 AM > I: 12:48 PM,,,,,,,,,,,,,,,,,,,
Midvaleweekday3,Midvale,8-24-2026,weekday,,,,3,2023-10-11 03:40 AM,,2023-10-11 12:22 PM,8:32,8.8,,18,3003,O,03:55 AM,I,12:18 PM,8:23,503,,,,,,,,,,,,,,,,,,,,,,,,,,,,,,,,,,,,,,,,,,,,,,,,,,,,,,,,,,,,,,,,,,,,,,,,,,,,,,,,,,RTE: 18 SCHD: 8:23,--> O: 03:55 AM > I: 12:18 PM,,,,,,,,,,,,,,,,,,,
Midvaleweekday3,Midvale,8-24-2026,weekday,,,,3,2023-10-11 03:40 AM,,2023-10-11 1:12 PM,9:22,10.1,,18,3003,O,03:55 AM,CG,12:44 PM,8:49,529,,51,3003,CG,12:44 PM,I,01:08 PM,0:24,24,,,,,,,,,,,,,,,,,,,,,,,,,,,,,,,,,,,,,,,,,,,,,,,,,,,,,,,,,,,,,,,,,,,,,,,,,RTE: 18 SCHD: 8:49,--> O: 03:55 AM > CG: 12:44 PM,RTE: 51 SCHD: 0:24,--> CG: 12:44 PM > I: 01:08 PM,,,,,,,,,,,,,,,,,
Midvaleweekday4,Midvale,8-24-2026,weekday,,,,4,2023-10-11 03:57 AM,,2023-10-11 1:54 PM,9:47,10.7,,18,3004,O,04:12 AM,I,01:50 PM,9:38,578,,,,,,,,,,,,,,,,,,,,,,,,,,,,,,,,,,,,,,,,,,,,,,,,,,,,,,,,,,,,,,,,,,,,,,,,,,,,,,,,,,RTE: 18 SCHD: 9:38,--> O: 04:12 AM > I: 01:50 PM,,,,,,,,,,,,,,,,,,,
Midvaleweekday5,Midvale,8-24-2026,weekday,,,,5,2023-10-11 04:37 AM,,2023-10-11 1:24 PM,8:37,8.9,,18,3007,O,04:52 AM,I,01:20 PM,8:28,508,,,,,,,,,,,,,,,,,,,,,,,,,,,,,,,,,,,,,,,,,,,,,,,,,,,,,,,,,,,,,,,,,,,,,,,,,,,,,,,,,,RTE: 18 SCHD: 8:28,--> O: 04:52 AM > I: 01:20 PM,,,,,,,,,,,,,,,,,,,
Midvaleweekday6,Midvale,8-24-2026,weekday,,,,6,2023-10-11 04:47 AM,3:17,2023-10-11 3:17 PM,10:20,11.5,,18,3008,O,05:02 AM,RW,02:42 PM,9:40,580,,,,,,,,,,,,,,,,,,,,,,,,,,,,,,,,,,,,,,,,,,,,,,,,,,,,,,,,,,,,,,,,,,,,,,,,,,,,,,,,,,RTE: 18 SCHD: 9:40,--> O: 05:02 AM > RW: 02:42 PM,,,,,,,,,,,,,,,,,,,
Midvaleweekday7,Midvale,8-24-2026,weekday,,,,7,2023-10-11 05:14 AM,,2023-10-11 2:10 PM,8:46,9.2,,18,3011,O,05:29 AM,I,02:06 PM,8:37,517,,,,,,,,,,,,,,,,,,,,,,,,,,,,,,,,,,,,,,,,,,,,,,,,,,,,,,,,,,,,,,,,,,,,,,,,,,,,,,,,,,RTE: 18 SCHD: 8:37,--> O: 05:29 AM > I: 02:06 PM,,,,,,,,,,,,,,,,,,,
Midvaleweekday8,Midvale,8-24-2026,weekday,,,,8,2023-10-11 05:35 AM,,2023-10-11 3:58 PM,10:13,11.3,,18,3012,O,05:50 AM,I,03:54 PM,10:04,604,,,,,,,,,,,,,,,,,,,,,,,,,,,,,,,,,,,,,,,,,,,,,,,,,,,,,,,,,,,,,,,,,,,,,,,,,,,,,,,,,,RTE: 18 SCHD: 10:04,--> O: 05:50 AM > I: 03:54 PM,,,,,,,,,,,,,,,,,,,
Midvaleweekday9,Midvale,8-24-2026,weekday,12:08 PM,2Hrs 5Min,7500,9,2023-10-11 04:12 AM,2:53,2023-10-11 2:53 PM,8:26,8.9,,18,3005,O,04:27 AM,I,10:03 AM,5:36,336,11:58,23-45,3171,O,12:08 PM,RN,02:33 PM,2:25,145,,,,,,,,,,,,,,,,,,,,,,,,,,,,,,,,,,,,,,,,,,,,,,,,,,,,,,,,,,,,,,,,,,,,,,,,,RTE: 18 SCHD: 5:36,--> O: 04:27 AM > I: 10:03 AM,RTE: 23-45 SCHD: 2:25,--> O: 12:08 PM > RN: 02:33 PM,,,,,,,,,,,,,,,,,
Midvaleweekday10,Midvale,8-24-2026,weekday,02:23 PM,3Hrs 49Min,13740,10,2023-10-11 04:34 AM,,2023-10-11 4:36 PM,8:03,9.4,,18,3006,O,04:49 AM,I,10:34 AM,5:45,345,2:13,23-45,3175,O,02:23 PM,I,04:32 PM,2:09,129,,,,,,,,,,,,,,,,,,,,,,,,,,,,,,,,,,,,,,,,,,,,,,,,,,,,,,,,,,,,,,,,,,,,,,,,,RTE: 18 SCHD: 5:45,--> O: 04:49 AM > I: 10:34 AM,RTE: 23-45 SCHD: 2:09,--> O: 02:23 PM > I: 04:32 PM,,,,,,,,,,,,,,,,,
Midvaleweekday11,Midvale,8-24-2026,weekday,10:30 AM,1Hrs 1Min,3660,11,2023-10-11 04:57 AM,,2023-10-11 4:36 PM,10:28,12.7,,18,3009,O,05:12 AM,I,09:29 AM,4:17,257,10:20,26,3099,O,10:30 AM,I,04:32 PM,6:02,362,,,,,,,,,,,,,,,,,,,,,,,,,,,,,,,,,,,,,,,,,,,,,,,,,,,,,,,,,,,,,,,,,,,,,,,,,RTE: 18 SCHD: 4:17,--> O: 05:12 AM > I: 09:29 AM,RTE: 26 SCHD: 6:02,--> O: 10:30 AM > I: 04:32 PM,,,,,,,,,,,,,,,,,
Midvaleweekday12,Midvale,8-24-2026,weekday,02:00 PM,2Hrs 57Min,10620,12,2023-10-11 05:06 AM,,2023-10-11 5:45 PM,9:32,12.5,,18,3010,O,05:21 AM,I,11:03 AM,5:42,342,1:50,18,3027,O,02:00 PM,I,05:41 PM,3:41,221,,,,,,,,,,,,,,,,,,,,,,,,,,,,,,,,,,,,,,,,,,,,,,,,,,,,,,,,,,,,,,,,,,,,,,,,,RTE: 18 SCHD: 5:42,--> O: 05:21 AM > I: 11:03 AM,RTE: 18 SCHD: 3:41,--> O: 02:00 PM > I: 05:41 PM,,,,,,,,,,,,,,,,,
Midvaleweekday13,Midvale,8-24-2026,weekday,11:59 AM,3Hrs 29Min,12540,13,2023-10-11 06:26 AM,,2023-10-11 6:29 PM,8:24,10.0,,18,3016,O,06:41 AM,I,08:30 AM,1:49,109,11:49,18,3021,O,11:59 AM,I,06:25 PM,6:26,386,,,,,,,,,,,,,,,,,,,,,,,,,,,,,,,,,,,,,,,,,,,,,,,,,,,,,,,,,,,,,,,,,,,,,,,,,RTE: 18 SCHD: 1:49,--> O: 06:41 AM > I: 08:30 AM,RTE: 18 SCHD: 6:26,--> O: 11:59 AM > I: 06:25 PM,,,,,,,,,,,,,,,,,
Midvaleweekday14,Midvale,8-24-2026,weekday,12:14 PM,3Hrs 2Min,10920,14,2023-10-11 05:46 AM,,2023-10-11 6:31 PM,9:33,12.7,,18,3013,O,06:01 AM,I,09:12 AM,3:11,191,12:04,18,3022,O,12:14 PM,I,06:27 PM,6:13,373,,,,,,,,,,,,,,,,,,,,,,,,,,,,,,,,,,,,,,,,,,,,,,,,,,,,,,,,,,,,,,,,,,,,,,,,,RTE: 18 SCHD: 3:11,--> O: 06:01 AM > I: 09:12 AM,RTE: 18 SCHD: 6:13,--> O: 12:14 PM > I: 06:27 PM,,,,,,,,,,,,,,,,,
Midvaleweekday15,Midvale,8-24-2026,weekday,02:10 PM,3Hrs 21Min,12060,15,2023-10-11 06:02 AM,,2023-10-11 6:52 PM,9:19,12.5,,18,3014,O,06:17 AM,I,10:49 AM,4:32,272,2:00,18,3028,O,02:10 PM,I,06:48 PM,4:38,278,,,,,,,,,,,,,,,,,,,,,,,,,,,,,,,,,,,,,,,,,,,,,,,,,,,,,,,,,,,,,,,,,,,,,,,,,RTE: 18 SCHD: 4:32,--> O: 06:17 AM > I: 10:49 AM,RTE: 18 SCHD: 4:38,--> O: 02:10 PM > I: 06:48 PM,,,,,,,,,,,,,,,,,
Midvaleweekday16,Midvale,8-24-2026,weekday,,,,16,2023-10-11 09:37 AM,,2023-10-11 7:04 PM,9:17,9.9,,18,3017,O,09:52 AM,I,07:00 PM,9:08,548,,,,,,,,,,,,,,,,,,,,,,,,,,,,,,,,,,,,,,,,,,,,,,,,,,,,,,,,,,,,,,,,,,,,,,,,,,,,,,,,,,RTE: 18 SCHD: 9:08,--> O: 09:52 AM > I: 07:00 PM,,,,,,,,,,,,,,,,,,,
Midvaleweekday17,Midvale,8-24-2026,weekday,12:44 PM,3Hrs 53Min,13980,17,2023-10-11 06:15 AM,,2023-10-11 7:14 PM,8:56,12.1,,18,3015,O,06:30 AM,I,08:51 AM,2:21,141,12:34,47,3344,O,12:44 PM,I,07:10 PM,6:26,386,,,,,,,,,,,,,,,,,,,,,,,,,,,,,,,,,,,,,,,,,,,,,,,,,,,,,,,,,,,,,,,,,,,,,,,,,RTE: 18 SCHD: 2:21,--> O: 06:30 AM > I: 08:51 AM,RTE: 47 SCHD: 6:26,--> O: 12:44 PM > I: 07:10 PM,,,,,,,,,,,,,,,,,
Midvaleweekday18,Midvale,8-24-2026,weekday,,,,18,2023-10-11 10:00 AM,,2023-10-11 7:14 PM,9:04,9.6,,18,3018,O,10:15 AM,I,07:10 PM,8:55,535,,,,,,,,,,,,,,,,,,,,,,,,,,,,,,,,,,,,,,,,,,,,,,,,,,,,,,,,,,,,,,,,,,,,,,,,,,,,,,,,,,RTE: 18 SCHD: 8:55,--> O: 10:15 AM > I: 07:10 PM,,,,,,,,,,,,,,,,,,,
Midvaleweekday19,Midvale,8-24-2026,weekday,,,,19,2023-10-11 10:14 AM,,2023-10-11 7:33 PM,9:09,9.7,,18,3019,O,10:29 AM,I,07:29 PM,9:00,540,,,,,,,,,,,,,,,,,,,,,,,,,,,,,,,,,,,,,,,,,,,,,,,,,,,,,,,,,,,,,,,,,,,,,,,,,,,,,,,,,,RTE: 18 SCHD: 9:00,--> O: 10:29 AM > I: 07:29 PM,,,,,,,,,,,,,,,,,,,
Midvaleweekday20,Midvale,8-24-2026,weekday,,,,20,2023-10-11 10:59 AM,,2023-10-11 9:32 PM,10:23,11.6,,18,3020,O,11:14 AM,I,09:28 PM,10:14,614,,,,,,,,,,,,,,,,,,,,,,,,,,,,,,,,,,,,,,,,,,,,,,,,,,,,,,,,,,,,,,,,,,,,,,,,,,,,,,,,,,RTE: 18 SCHD: 10:14,--> O: 11:14 AM > I: 09:28 PM,,,,,,,,,,,,,,,,,,,
Midvaleweekday21,Midvale,8-24-2026,weekday,,,,21,2023-10-11 12:36 PM,,2023-10-11 9:59 PM,9:13,9.8,,18,3024,O,12:51 PM,I,09:55 PM,9:04,544,,,,,,,,,,,,,,,,,,,,,,,,,,,,,,,,,,,,,,,,,,,,,,,,,,,,,,,,,,,,,,,,,,,,,,,,,,,,,,,,,,RTE: 18 SCHD: 9:04,--> O: 12:51 PM > I: 09:55 PM,,,,,,,,,,,,,,,,,,,
Midvaleweekday22,Midvale,8-24-2026,weekday,,,,22,2023-10-11 01:14 PM,,2023-10-11 10:26 PM,9:02,9.6,,18,3025,O,01:29 PM,I,10:22 PM,8:53,533,,,,,,,,,,,,,,,,,,,,,,,,,,,,,,,,,,,,,,,,,,,,,,,,,,,,,,,,,,,,,,,,,,,,,,,,,,,,,,,,,,RTE: 18 SCHD: 8:53,--> O: 01:29 PM > I: 10:22 PM,,,,,,,,,,,,,,,,,,,
Midvaleweekday23,Midvale,8-24-2026,weekday,,,,23,2023-10-11 02:00 PM,,2023-10-11 11:15 PM,9:05,9.6,,18,3029,O,02:15 PM,I,11:11 PM,8:56,536,,,,,,,,,,,,,,,,,,,,,,,,,,,,,,,,,,,,,,,,,,,,,,,,,,,,,,,,,,,,,,,,,,,,,,,,,,,,,,,,,,RTE: 18 SCHD: 8:56,--> O: 02:15 PM > I: 11:11 PM,,,,,,,,,,,,,,,,,,,
Midvaleweekday24,Midvale,8-24-2026,weekday,,,,24,2023-10-11 01:33 PM,,2023-10-11 11:47 PM,10:04,11.1,,18,3026,O,01:48 PM,I,11:43 PM,9:55,595,,,,,,,,,,,,,,,,,,,,,,,,,,,,,,,,,,,,,,,,,,,,,,,,,,,,,,,,,,,,,,,,,,,,,,,,,,,,,,,,,,RTE: 18 SCHD: 9:55,--> O: 01:48 PM > I: 11:43 PM,,,,,,,,,,,,,,,,,,,
Midvaleweekday25,Midvale,8-24-2026,weekday,,,,25,2023-10-11 02:20 PM,,2023-10-12 12:40 AM,10:10,11.3,,18,3031,O,02:35 PM,I,12:36 AM,10:01,601,,,,,,,,,,,,,,,,,,,,,,,,,,,,,,,,,,,,,,,,,,,,,,,,,,,,,,,,,,,,,,,,,,,,,,,,,,,,,,,,,,RTE: 18 SCHD: 10:01,--> O: 02:35 PM > I: 12:36 AM,,,,,,,,,,,,,,,,,,,
Midvaleweekday26,Midvale,8-24-2026,weekday,,,,26,2023-10-11 04:23 PM,,2023-10-12 2:06 AM,9:33,10.3,,18,3034,O,04:38 PM,I,02:02 AM,9:24,564,,,,,,,,,,,,,,,,,,,,,,,,,,,,,,,,,,,,,,,,,,,,,,,,,,,,,,,,,,,,,,,,,,,,,,,,,,,,,,,,,,RTE: 18 SCHD: 9:24,--> O: 04:38 PM > I: 02:02 AM,,,,,,,,,,,,,,,,,,,
Midvaleweekday27,Midvale,8-24-2026,weekday,,,,27,2023-10-11 03:45 PM,,2023-10-12 2:07 AM,10:22,11.6,,18,3023,RE,04:25 PM,I,02:03 AM,9:38,578,,,,,,,,,,,,,,,,,,,,,,,,,,,,,,,,,,,,,,,,,,,,,,,,,,,,,,,,,,,,,,,,,,,,,,,,,,,,,,,,,,RTE: 18 SCHD: 9:38,--> RE: 04:25 PM > I: 02:03 AM,,,,,,,,,,,,,,,,,,,
Midvaleweekday28,Midvale,8-24-2026,weekday,,,,28,2023-10-11 05:27 PM,,2023-10-12 2:24 AM,8:47,9.2,,18,3036,O,05:42 PM,I,02:20 AM,8:38,518,,,,,,,,,,,,,,,,,,,,,,,,,,,,,,,,,,,,,,,,,,,,,,,,,,,,,,,,,,,,,,,,,,,,,,,,,,,,,,,,,,RTE: 18 SCHD: 8:38,--> O: 05:42 PM > I: 02:20 AM,,,,,,,,,,,,,,,,,,,
Midvaleweekday29,Midvale,8-24-2026,weekday,,,,29,2023-10-11 04:53 PM,,2023-10-12 2:31 AM,9:28,10.2,,18,3035,O,05:08 PM,I,02:27 AM,9:19,559,,,,,,,,,,,,,,,,,,,,,,,,,,,,,,,,,,,,,,,,,,,,,,,,,,,,,,,,,,,,,,,,,,,,,,,,,,,,,,,,,,RTE: 18 SCHD: 9:19,--> O: 05:08 PM > I: 02:27 AM,,,,,,,,,,,,,,,,,,,
Midvaleweekday30,Midvale,8-24-2026,weekday,,,,30,2023-10-11 04:08 PM,,2023-10-12 2:49 AM,10:31,11.8,,18,3033,O,04:23 PM,I,02:45 AM,10:22,622,,,,,,,,,,,,,,,,,,,,,,,,,,,,,,,,,,,,,,,,,,,,,,,,,,,,,,,,,,,,,,,,,,,,,,,,,,,,,,,,,,RTE: 18 SCHD: 10:22,--> O: 04:23 PM > I: 02:45 AM,,,,,,,,,,,,,,,,,,,
Midvaleweekday251,Midvale,8-24-2026,weekday,,,,251,2023-10-11 03:45 AM,,2023-10-11 12:51 PM,8:56,9.4,,22,3241,O,04:00 AM,I,12:47 PM,8:47,527,,,,,,,,,,,,,,,,,,,,,,,,,,,,,,,,,,,,,,,,,,,,,,,,,,,,,,,,,,,,,,,,,,,,,,,,,,,,,,,,,,RTE: 22 SCHD: 8:47,--> O: 04:00 AM > I: 12:47 PM,,,,,,,,,,,,,,,,,,,
Midvaleweekday252,Midvale,8-24-2026,weekday,,,,252,2023-10-11 04:35 AM,,2023-10-11 1:50 PM,9:05,9.6,,22,3243,O,04:50 AM,I,01:46 PM,8:56,536,,,,,,,,,,,,,,,,,,,,,,,,,,,,,,,,,,,,,,,,,,,,,,,,,,,,,,,,,,,,,,,,,,,,,,,,,,,,,,,,,,RTE: 22 SCHD: 8:56,--> O: 04:50 AM > I: 01:46 PM,,,,,,,,,,,,,,,,,,,
Midvaleweekday253,Midvale,8-24-2026,weekday,12:55 PM,1Hrs 8Min,4080,253,2023-10-11 04:16 AM,3:31,2023-10-11 3:31 PM,9:57,11.5,,22,3242,O,04:31 AM,I,11:47 AM,7:16,436,12:45,77,3675,O,12:55 PM,CG,02:33 PM,1:38,98,,23-45,3675,CG,02:33 PM,RS,03:11 PM,0:38,38,,,,,,,,,,,,,,,,,,,,,,,,,,,,,,,,,,,,,,,,,,,,,,,,,,,,,,,,,,,,,,,,RTE: 22 SCHD: 7:16,--> O: 04:31 AM > I: 11:47 AM,RTE: 77 SCHD: 1:38,--> O: 12:55 PM > CG: 02:33 PM,RTE: 23-45 SCHD: 0:38,--> CG: 02:33 PM > RS: 03:11 PM,,,,,,,,,,,,,,,
Midvaleweekday254,Midvale,8-24-2026,weekday,02:28 PM,1Hrs 15Min,4500,254,2023-10-11 05:11 AM,,2023-10-11 4:17 PM,9:41,11.0,,22,3245,O,05:26 AM,I,01:13 PM,7:47,467,2:18,AFL,3591,O,02:28 PM,I,04:13 PM,1:45,105,,,,,,,,,,,,,,,,,,,,,,,,,,,,,,,,,,,,,,,,,,,,,,,,,,,,,,,,,,,,,,,,,,,,,,,,,RTE: 22 SCHD: 7:47,--> O: 05:26 AM > I: 01:13 PM,RTE: AFL SCHD: 1:45,--> O: 02:28 PM > I: 04:13 PM,,,,,,,,,,,,,,,,,
Midvaleweekday255,Midvale,8-24-2026,weekday,12:44 PM,2Hrs 57Min,10620,255,2023-10-11 04:38 AM,5:00,2023-10-11 5:00 PM,9:15,11.7,,22,3244,O,04:53 AM,I,09:47 AM,4:54,294,12:34,18,3023,O,12:44 PM,RE,04:25 PM,3:41,221,,,,,,,,,,,,,,,,,,,,,,,,,,,,,,,,,,,,,,,,,,,,,,,,,,,,,,,,,,,,,,,,,,,,,,,,,RTE: 22 SCHD: 4:54,--> O: 04:53 AM > I: 09:47 AM,RTE: 18 SCHD: 3:41,--> O: 12:44 PM > RE: 04:25 PM,,,,,,,,,,,,,,,,,
Midvaleweekday256,Midvale,8-24-2026,weekday,11:37 AM,2Hrs 54Min,10440,256,2023-10-11 05:23 AM,,2023-10-11 6:03 PM,9:36,12.7,,22,3246,O,05:38 AM,I,08:43 AM,3:05,185,11:27,22,3249,O,11:37 AM,I,05:59 PM,6:22,382,,,,,,,,,,,,,,,,,,,,,,,,,,,,,,,,,,,,,,,,,,,,,,,,,,,,,,,,,,,,,,,,,,,,,,,,,RTE: 22 SCHD: 3:05,--> O: 05:38 AM > I: 08:43 AM,RTE: 22 SCHD: 6:22,--> O: 11:37 AM > I: 05:59 PM,,,,,,,,,,,,,,,,,
Midvaleweekday257,Midvale,8-24-2026,weekday,11:45 AM,2Hrs 32Min,9120,257,2023-10-11 05:40 AM,,2023-10-11 6:11 PM,9:49,12.7,,22,3247,O,05:55 AM,I,09:13 AM,3:18,198,11:35,47,3341,O,11:45 AM,I,06:07 PM,6:22,382,,,,,,,,,,,,,,,,,,,,,,,,,,,,,,,,,,,,,,,,,,,,,,,,,,,,,,,,,,,,,,,,,,,,,,,,,RTE: 22 SCHD: 3:18,--> O: 05:55 AM > I: 09:13 AM,RTE: 47 SCHD: 6:22,--> O: 11:45 AM > I: 06:07 PM,,,,,,,,,,,,,,,,,
Midvaleweekday258,Midvale,8-24-2026,weekday,02:48 PM,2Hrs 29Min,8940,258,2023-10-11 05:59 AM,,2023-10-11 6:12 PM,9:43,12.1,,22,3248,O,06:14 AM,I,12:19 PM,6:05,365,2:39,71-81,3273,RN,02:48 PM,I,06:08 PM,3:20,200,,,,,,,,,,,,,,,,,,,,,,,,,,,,,,,,,,,,,,,,,,,,,,,,,,,,,,,,,,,,,,,,,,,,,,,,,RTE: 22 SCHD: 6:05,--> O: 06:14 AM > I: 12:19 PM,RTE: 71-81 SCHD: 3:20,--> RN: 02:48 PM > I: 06:08 PM,,,,,,,,,,,,,,,,,
Midvaleweekday259,Midvale,8-24-2026,weekday,,,,259,2023-10-11 11:50 AM,,2023-10-11 8:33 PM,8:33,8.8,,22,3250,O,12:05 PM,I,08:29 PM,8:24,504,,,,,,,,,,,,,,,,,,,,,,,,,,,,,,,,,,,,,,,,,,,,,,,,,,,,,,,,,,,,,,,,,,,,,,,,,,,,,,,,,,RTE: 22 SCHD: 8:24,--> O: 12:05 PM > I: 08:29 PM,,,,,,,,,,,,,,,,,,,
Midvaleweekday260,Midvale,8-24-2026,weekday,,,,260,2023-10-11 01:58 PM,,2023-10-11 10:05 PM,7:57,8.0,,22,3254,O,02:13 PM,I,10:01 PM,7:48,468,,,,,,,,,,,,,,,,,,,,,,,,,,,,,,,,,,,,,,,,,,,,,,,,,,,,,,,,,,,,,,,,,,,,,,,,,,,,,,,,,,RTE: 22 SCHD: 7:48,--> O: 02:13 PM > I: 10:01 PM,,,,,,,,,,,,,,,,,,,
Midvaleweekday261,Midvale,8-24-2026,weekday,,,,261,2023-10-11 01:12 PM,,2023-10-11 11:13 PM,9:51,10.8,,22,3253,O,01:27 PM,I,11:09 PM,9:42,582,,,,,,,,,,,,,,,,,,,,,,,,,,,,,,,,,,,,,,,,,,,,,,,,,,,,,,,,,,,,,,,,,,,,,,,,,,,,,,,,,,RTE: 22 SCHD: 9:42,--> O: 01:27 PM > I: 11:09 PM,,,,,,,,,,,,,,,,,,,
Midvaleweekday262,Midvale,8-24-2026,weekday,,,,262,2023-10-11 05:00 PM,,2023-10-12 1:43 AM,8:33,8.8,,22,3256,O,05:15 PM,I,01:39 AM,8:24,504,,,,,,,,,,,,,,,,,,,,,,,,,,,,,,,,,,,,,,,,,,,,,,,,,,,,,,,,,,,,,,,,,,,,,,,,,,,,,,,,,,RTE: 22 SCHD: 8:24,--> O: 05:15 PM > I: 01:39 AM,,,,,,,,,,,,,,,,,,,
Midvaleweekday951,Midvale,8-24-2026,weekday,,,,951,2023-10-11 02:55 AM,,2023-10-11 1:42 PM,10:37,11.9,,23-45,3151,O,03:10 AM,I,01:38 PM,10:28,628,,,,,,,,,,,,,,,,,,,,,,,,,,,,,,,,,,,,,,,,,,,,,,,,,,,,,,,,,,,,,,,,,,,,,,,,,,,,,,,,,,RTE: 23-45 SCHD: 10:28,--> O: 03:10 AM > I: 01:38 PM,,,,,,,,,,,,,,,,,,,
Midvaleweekday952,Midvale,8-24-2026,weekday,,,,952,2023-10-11 03:35 AM,,2023-10-11 12:29 PM,8:44,9.1,,23-45,3152,O,03:50 AM,I,12:25 PM,8:35,515,,,,,,,,,,,,,,,,,,,,,,,,,,,,,,,,,,,,,,,,,,,,,,,,,,,,,,,,,,,,,,,,,,,,,,,,,,,,,,,,,,RTE: 23-45 SCHD: 8:35,--> O: 03:50 AM > I: 12:25 PM,,,,,,,,,,,,,,,,,,,
Midvaleweekday953,Midvale,8-24-2026,weekday,,,,953,2023-10-11 03:45 AM,,2023-10-11 12:09 PM,8:14,8.4,,23-45,3153,O,04:00 AM,I,12:05 PM,8:05,485,,,,,,,,,,,,,,,,,,,,,,,,,,,,,,,,,,,,,,,,,,,,,,,,,,,,,,,,,,,,,,,,,,,,,,,,,,,,,,,,,,RTE: 23-45 SCHD: 8:05,--> O: 04:00 AM > I: 12:05 PM,,,,,,,,,,,,,,,,,,,
Midvaleweekday954,Midvale,8-24-2026,weekday,,,,954,2023-10-11 04:28 AM,1:51,2023-10-11 1:51 PM,9:13,9.8,,23-45,3155,O,04:43 AM,RS,01:31 PM,8:48,528,,,,,,,,,,,,,,,,,,,,,,,,,,,,,,,,,,,,,,,,,,,,,,,,,,,,,,,,,,,,,,,,,,,,,,,,,,,,,,,,,,RTE: 23-45 SCHD: 8:48,--> O: 04:43 AM > RS: 01:31 PM,,,,,,,,,,,,,,,,,,,
Midvaleweekday955,Midvale,8-24-2026,weekday,,,,955,2023-10-11 04:40 AM,2:01,2023-10-11 2:01 PM,9:11,9.8,,23-45,3156,O,04:55 AM,RS,01:41 PM,8:46,526,,,,,,,,,,,,,,,,,,,,,,,,,,,,,,,,,,,,,,,,,,,,,,,,,,,,,,,,,,,,,,,,,,,,,,,,,,,,,,,,,,RTE: 23-45 SCHD: 8:46,--> O: 04:55 AM > RS: 01:41 PM,,,,,,,,,,,,,,,,,,,
Midvaleweekday956,Midvale,8-24-2026,weekday,,,,956,2023-10-11 05:02 AM,2:31,2023-10-11 2:31 PM,9:19,10.0,,23-45,3159,O,05:17 AM,RS,02:11 PM,8:54,534,,,,,,,,,,,,,,,,,,,,,,,,,,,,,,,,,,,,,,,,,,,,,,,,,,,,,,,,,,,,,,,,,,,,,,,,,,,,,,,,,,RTE: 23-45 SCHD: 8:54,--> O: 05:17 AM > RS: 02:11 PM,,,,,,,,,,,,,,,,,,,
Midvaleweekday957,Midvale,8-24-2026,weekday,,,,957,2023-10-11 05:53 AM,3:41,2023-10-11 3:41 PM,9:38,10.5,,23-45,3164,O,06:08 AM,RS,03:21 PM,9:13,553,,,,,,,,,,,,,,,,,,,,,,,,,,,,,,,,,,,,,,,,,,,,,,,,,,,,,,,,,,,,,,,,,,,,,,,,,,,,,,,,,,RTE: 23-45 SCHD: 9:13,--> O: 06:08 AM > RS: 03:21 PM,,,,,,,,,,,,,,,,,,,
Midvaleweekday958,Midvale,8-24-2026,weekday,01:31 PM,3Hrs 10Min,11400,958,2023-10-11 04:16 AM,,2023-10-11 4:03 PM,8:27,9.8,,23-45,3154,O,04:31 AM,RS,10:21 AM,5:50,350,,23-45,3155,RS,01:31 PM,I,03:59 PM,2:28,148,,,,,,,,,,,,,,,,,,,,,,,,,,,,,,,,,,,,,,,,,,,,,,,,,,,,,,,,,,,,,,,,,,,,,,,,,RTE: 23-45 SCHD: 5:50,--> O: 04:31 AM > RS: 10:21 AM,RTE: 23-45 SCHD: 2:28,--> RS: 01:31 PM > I: 03:59 PM,,,,,,,,,,,,,,,,,
Midvaleweekday959,Midvale,8-24-2026,weekday,02:11 PM,3Hrs 58Min,14280,959,2023-10-11 04:45 AM,,2023-10-11 4:50 PM,7:57,9.4,,23-45,3157,O,05:00 AM,RN,10:13 AM,5:13,313,,23-45,3159,RS,02:11 PM,I,04:46 PM,2:35,155,,,,,,,,,,,,,,,,,,,,,,,,,,,,,,,,,,,,,,,,,,,,,,,,,,,,,,,,,,,,,,,,,,,,,,,,,RTE: 23-45 SCHD: 5:13,--> O: 05:00 AM > RN: 10:13 AM,RTE: 23-45 SCHD: 2:35,--> RS: 02:11 PM > I: 04:46 PM,,,,,,,,,,,,,,,,,
Midvaleweekday960,Midvale,8-24-2026,weekday,02:26 PM,2Hrs 55Min,10500,960,2023-10-11 05:11 AM,,2023-10-11 5:42 PM,9:46,12.7,,23-45,3161,O,05:26 AM,RS,11:31 AM,6:05,365,2:16,76,3762,O,02:26 PM,I,05:38 PM,3:12,192,,,,,,,,,,,,,,,,,,,,,,,,,,,,,,,,,,,,,,,,,,,,,,,,,,,,,,,,,,,,,,,,,,,,,,,,,RTE: 23-45 SCHD: 6:05,--> O: 05:26 AM > RS: 11:31 AM,RTE: 76 SCHD: 3:12,--> O: 02:26 PM > I: 05:38 PM,,,,,,,,,,,,,,,,,
Midvaleweekday961,Midvale,8-24-2026,weekday,02:17 PM,3Hrs 34Min,12840,961,2023-10-11 05:11 AM,,2023-10-11 5:48 PM,9:13,12.0,,23-45,3160,O,05:26 AM,RN,10:43 AM,5:17,317,2:07,71-81,3287,O,02:17 PM,I,05:44 PM,3:27,207,,,,,,,,,,,,,,,,,,,,,,,,,,,,,,,,,,,,,,,,,,,,,,,,,,,,,,,,,,,,,,,,,,,,,,,,,RTE: 23-45 SCHD: 5:17,--> O: 05:26 AM > RN: 10:43 AM,RTE: 71-81 SCHD: 3:27,--> O: 02:17 PM > I: 05:44 PM,,,,,,,,,,,,,,,,,
Midvaleweekday962,Midvale,8-24-2026,weekday,03:21 PM,4Hrs 58Min,17880,962,2023-10-11 04:58 AM,,2023-10-11 5:54 PM,7:48,10.5,,23-45,3158,O,05:13 AM,RN,10:23 AM,5:10,310,,23-45,3164,RS,03:21 PM,I,05:50 PM,2:29,149,,,,,,,,,,,,,,,,,,,,,,,,,,,,,,,,,,,,,,,,,,,,,,,,,,,,,,,,,,,,,,,,,,,,,,,,,RTE: 23-45 SCHD: 5:10,--> O: 05:13 AM > RN: 10:23 AM,RTE: 23-45 SCHD: 2:29,--> RS: 03:21 PM > I: 05:50 PM,,,,,,,,,,,,,,,,,
Midvaleweekday963,Midvale,8-24-2026,weekday,01:17 PM,2Hrs 44Min,9840,963,2023-10-11 05:36 AM,,2023-10-11 6:02 PM,9:52,12.7,,23-45,3162,O,05:51 AM,RN,10:33 AM,4:42,282,1:07,4-16,3815,O,01:17 PM,I,05:58 PM,4:41,281,,,,,,,,,,,,,,,,,,,,,,,,,,,,,,,,,,,,,,,,,,,,,,,,,,,,,,,,,,,,,,,,,,,,,,,,,RTE: 23-45 SCHD: 4:42,--> O: 05:51 AM > RN: 10:33 AM,RTE: 4-16 SCHD: 4:41,--> O: 01:17 PM > I: 05:58 PM,,,,,,,,,,,,,,,,,
Midvaleweekday964,Midvale,8-24-2026,weekday,02:51 PM,2Hrs 10Min,7800,964,2023-10-11 06:08 AM,,2023-10-11 6:07 PM,9:59,12.3,,23-45,3165,O,06:23 AM,RS,12:41 PM,6:18,378,2:41,71-81,3290,O,02:51 PM,I,06:03 PM,3:12,192,,,,,,,,,,,,,,,,,,,,,,,,,,,,,,,,,,,,,,,,,,,,,,,,,,,,,,,,,,,,,,,,,,,,,,,,,RTE: 23-45 SCHD: 6:18,--> O: 06:23 AM > RS: 12:41 PM,RTE: 71-81 SCHD: 3:12,--> O: 02:51 PM > I: 06:03 PM,,,,,,,,,,,,,,,,,
Midvaleweekday965,Midvale,8-24-2026,weekday,01:10 PM,3Hrs 37Min,13020,965,2023-10-11 05:45 AM,,2023-10-11 6:24 PM,9:12,12.0,,23-45,3163,O,06:00 AM,RN,09:33 AM,3:33,213,1:00,51,3397,O,01:10 PM,I,06:20 PM,5:10,310,,,,,,,,,,,,,,,,,,,,,,,,,,,,,,,,,,,,,,,,,,,,,,,,,,,,,,,,,,,,,,,,,,,,,,,,,RTE: 23-45 SCHD: 3:33,--> O: 06:00 AM > RN: 09:33 AM,RTE: 51 SCHD: 5:10,--> O: 01:10 PM > I: 06:20 PM,,,,,,,,,,,,,,,,,
Midvaleweekday966,Midvale,8-24-2026,weekday,,,,966,2023-10-11 09:48 AM,,2023-10-11 6:41 PM,8:53,9.3,,23-45,3157,RN,10:13 AM,I,06:37 PM,8:24,504,,,,,,,,,,,,,,,,,,,,,,,,,,,,,,,,,,,,,,,,,,,,,,,,,,,,,,,,,,,,,,,,,,,,,,,,,,,,,,,,,,RTE: 23-45 SCHD: 8:24,--> RN: 10:13 AM > I: 06:37 PM,,,,,,,,,,,,,,,,,,,
Midvaleweekday967,Midvale,8-24-2026,weekday,02:49 PM,3Hrs 16Min,11760,967,2023-10-11 06:22 AM,,2023-10-11 6:58 PM,9:30,12.4,,23-45,3166,O,06:37 AM,RN,11:33 AM,4:56,296,2:39,53,3443,O,02:49 PM,I,06:54 PM,4:05,245,,,,,,,,,,,,,,,,,,,,,,,,,,,,,,,,,,,,,,,,,,,,,,,,,,,,,,,,,,,,,,,,,,,,,,,,,RTE: 23-45 SCHD: 4:56,--> O: 06:37 AM > RN: 11:33 AM,RTE: 53 SCHD: 4:05,--> O: 02:49 PM > I: 06:54 PM,,,,,,,,,,,,,,,,,
Midvaleweekday968,Midvale,8-24-2026,weekday,01:41 PM,3Hrs 15Min,11700,968,2023-10-11 06:48 AM,,2023-10-11 7:08 PM,9:15,11.6,,23-45,3167,O,07:03 AM,I,10:26 AM,3:23,203,1:21,23-45,3156,RS,01:41 PM,I,07:04 PM,5:23,323,,,,,,,,,,,,,,,,,,,,,,,,,,,,,,,,,,,,,,,,,,,,,,,,,,,,,,,,,,,,,,,,,,,,,,,,,RTE: 23-45 SCHD: 3:23,--> O: 07:03 AM > I: 10:26 AM,RTE: 23-45 SCHD: 5:23,--> RS: 01:41 PM > I: 07:04 PM,,,,,,,,,,,,,,,,,
Midvaleweekday969,Midvale,8-24-2026,weekday,,,,969,2023-10-11 09:08 AM,,2023-10-11 7:17 PM,10:09,11.2,,23-45,3163,RN,09:33 AM,I,07:13 PM,9:40,580,,,,,,,,,,,,,,,,,,,,,,,,,,,,,,,,,,,,,,,,,,,,,,,,,,,,,,,,,,,,,,,,,,,,,,,,,,,,,,,,,,RTE: 23-45 SCHD: 9:40,--> RN: 09:33 AM > I: 07:13 PM,,,,,,,,,,,,,,,,,,,
Midvaleweekday970,Midvale,8-24-2026,weekday,,,,970,2023-10-11 11:06 AM,,2023-10-11 7:36 PM,8:30,8.8,,23-45,3161,RS,11:31 AM,I,07:32 PM,8:01,481,,,,,,,,,,,,,,,,,,,,,,,,,,,,,,,,,,,,,,,,,,,,,,,,,,,,,,,,,,,,,,,,,,,,,,,,,,,,,,,,,,RTE: 23-45 SCHD: 8:01,--> RS: 11:31 AM > I: 07:32 PM,,,,,,,,,,,,,,,,,,,
Midvaleweekday971,Midvale,8-24-2026,weekday,,,,971,2023-10-11 11:34 AM,,2023-10-11 7:48 PM,8:04,8.1,,23-45,3170,O,11:49 AM,I,07:44 PM,7:55,475,,,,,,,,,,,,,,,,,,,,,,,,,,,,,,,,,,,,,,,,,,,,,,,,,,,,,,,,,,,,,,,,,,,,,,,,,,,,,,,,,,RTE: 23-45 SCHD: 7:55,--> O: 11:49 AM > I: 07:44 PM,,,,,,,,,,,,,,,,,,,
Midvaleweekday972,Midvale,8-24-2026,weekday,02:51 PM,1Hrs 33Min,5580,972,2023-10-11 09:35 AM,,2023-10-11 7:55 PM,8:37,9.2,,23-45,3168,O,09:50 AM,I,01:18 PM,3:28,208,2:41,23-45,3176,O,02:51 PM,I,07:51 PM,5:00,300,,,,,,,,,,,,,,,,,,,,,,,,,,,,,,,,,,,,,,,,,,,,,,,,,,,,,,,,,,,,,,,,,,,,,,,,,RTE: 23-45 SCHD: 3:28,--> O: 09:50 AM > I: 01:18 PM,RTE: 23-45 SCHD: 5:00,--> O: 02:51 PM > I: 07:51 PM,,,,,,,,,,,,,,,,,
Midvaleweekday973,Midvale,8-24-2026,weekday,,,,973,2023-10-11 09:58 AM,,2023-10-11 7:55 PM,9:57,10.9,,23-45,3158,RN,10:23 AM,CG,05:04 PM,6:41,401,,77,3158,CG,05:04 PM,I,07:51 PM,2:47,167,,,,,,,,,,,,,,,,,,,,,,,,,,,,,,,,,,,,,,,,,,,,,,,,,,,,,,,,,,,,,,,,,,,,,,,,,RTE: 23-45 SCHD: 6:41,--> RN: 10:23 AM > CG: 05:04 PM,RTE: 77 SCHD: 2:47,--> CG: 05:04 PM > I: 07:51 PM,,,,,,,,,,,,,,,,,
Midvaleweekday974,Midvale,8-24-2026,weekday,,,,974,2023-10-11 10:08 AM,,2023-10-11 8:04 PM,9:56,10.9,,23-45,3162,RN,10:33 AM,I,08:00 PM,9:27,567,,,,,,,,,,,,,,,,,,,,,,,,,,,,,,,,,,,,,,,,,,,,,,,,,,,,,,,,,,,,,,,,,,,,,,,,,,,,,,,,,,RTE: 23-45 SCHD: 9:27,--> RN: 10:33 AM > I: 08:00 PM,,,,,,,,,,,,,,,,,,,
Midvaleweekday975,Midvale,8-24-2026,weekday,,,,975,2023-10-11 10:18 AM,,2023-10-11 8:14 PM,9:56,10.9,,23-45,3160,RN,10:43 AM,I,08:10 PM,9:27,567,,,,,,,,,,,,,,,,,,,,,,,,,,,,,,,,,,,,,,,,,,,,,,,,,,,,,,,,,,,,,,,,,,,,,,,,,,,,,,,,,,RTE: 23-45 SCHD: 9:27,--> RN: 10:43 AM > I: 08:10 PM,,,,,,,,,,,,,,,,,,,
Midvaleweekday976,Midvale,8-24-2026,weekday,01:48 PM,1Hrs 3Min,3780,976,2023-10-11 09:56 AM,,2023-10-11 8:29 PM,9:30,10.5,10:01,23-45,3154,RS,10:21 AM,I,12:45 PM,2:24,144,1:38,71-81,3285,O,01:48 PM,I,08:25 PM,6:37,397,,,,,,,,,,,,,,,,,,,,,,,,,,,,,,,,,,,,,,,,,,,,,,,,,,,,,,,,,,,,,,,,,,,,,,,,,RTE: 23-45 SCHD: 2:24,--> RS: 10:21 AM > I: 12:45 PM,RTE: 71-81 SCHD: 6:37,--> O: 01:48 PM > I: 08:25 PM,,,,,,,,,,,,,,,,,
Midvaleweekday977,Midvale,8-24-2026,weekday,,,,977,2023-10-11 11:14 AM,,2023-10-11 8:38 PM,9:14,9.9,,23-45,3169,O,11:29 AM,I,08:34 PM,9:05,545,,,,,,,,,,,,,,,,,,,,,,,,,,,,,,,,,,,,,,,,,,,,,,,,,,,,,,,,,,,,,,,,,,,,,,,,,,,,,,,,,,RTE: 23-45 SCHD: 9:05,--> O: 11:29 AM > I: 08:34 PM,,,,,,,,,,,,,,,,,,,
Midvaleweekday978,Midvale,8-24-2026,weekday,,,,978,2023-10-11 12:03 PM,,2023-10-11 9:25 PM,9:12,9.8,,23-45,3172,O,12:18 PM,I,09:21 PM,9:03,543,,,,,,,,,,,,,,,,,,,,,,,,,,,,,,,,,,,,,,,,,,,,,,,,,,,,,,,,,,,,,,,,,,,,,,,,,,,,,,,,,,RTE: 23-45 SCHD: 9:03,--> O: 12:18 PM > I: 09:21 PM,,,,,,,,,,,,,,,,,,,
Midvaleweekday979,Midvale,8-24-2026,weekday,,,,979,2023-10-11 12:42 PM,,2023-10-11 9:48 PM,8:56,9.4,,23-45,3173,O,12:57 PM,I,09:44 PM,8:47,527,,,,,,,,,,,,,,,,,,,,,,,,,,,,,,,,,,,,,,,,,,,,,,,,,,,,,,,,,,,,,,,,,,,,,,,,,,,,,,,,,,RTE: 23-45 SCHD: 8:47,--> O: 12:57 PM > I: 09:44 PM,,,,,,,,,,,,,,,,,,,
Midvaleweekday980,Midvale,8-24-2026,weekday,,,,980,2023-10-11 12:16 PM,,2023-10-11 10:10 PM,9:54,10.9,,23-45,3165,RS,12:41 PM,I,10:06 PM,9:25,565,,,,,,,,,,,,,,,,,,,,,,,,,,,,,,,,,,,,,,,,,,,,,,,,,,,,,,,,,,,,,,,,,,,,,,,,,,,,,,,,,,RTE: 23-45 SCHD: 9:25,--> RS: 12:41 PM > I: 10:06 PM,,,,,,,,,,,,,,,,,,,
Midvaleweekday981,Midvale,8-24-2026,weekday,,,,981,2023-10-11 02:08 PM,,2023-10-11 11:32 PM,9:24,10.1,,23-45,3171,RN,02:33 PM,I,11:28 PM,8:55,535,,,,,,,,,,,,,,,,,,,,,,,,,,,,,,,,,,,,,,,,,,,,,,,,,,,,,,,,,,,,,,,,,,,,,,,,,,,,,,,,,,RTE: 23-45 SCHD: 8:55,--> RN: 02:33 PM > I: 11:28 PM,,,,,,,,,,,,,,,,,,,
Midvaleweekday982,Midvale,8-24-2026,weekday,,,,982,2023-10-11 02:46 PM,,2023-10-12 1:05 AM,10:19,11.5,,23-45,3675,RS,03:11 PM,I,01:01 AM,9:50,590,,,,,,,,,,,,,,,,,,,,,,,,,,,,,,,,,,,,,,,,,,,,,,,,,,,,,,,,,,,,,,,,,,,,,,,,,,,,,,,,,,RTE: 23-45 SCHD: 9:50,--> RS: 03:11 PM > I: 01:01 AM,,,,,,,,,,,,,,,,,,,
Midvaleweekday983,Midvale,8-24-2026,weekday,,,,983,2023-10-11 06:46 PM,,2023-10-12 2:53 AM,7:57,8.0,,23-45,3179,O,07:01 PM,I,02:49 AM,7:48,468,,,,,,,,,,,,,,,,,,,,,,,,,,,,,,,,,,,,,,,,,,,,,,,,,,,,,,,,,,,,,,,,,,,,,,,,,,,,,,,,,,RTE: 23-45 SCHD: 7:48,--> O: 07:01 PM > I: 02:49 AM,,,,,,,,,,,,,,,,,,,
Midvaleweekday984,Midvale,8-24-2026,weekday,,,,984,2023-10-11 05:07 PM,,2023-10-12 3:22 AM,10:05,11.1,,23-45,3177,O,05:22 PM,I,03:18 AM,9:56,596,,,,,,,,,,,,,,,,,,,,,,,,,,,,,,,,,,,,,,,,,,,,,,,,,,,,,,,,,,,,,,,,,,,,,,,,,,,,,,,,,,RTE: 23-45 SCHD: 9:56,--> O: 05:22 PM > I: 03:18 AM,,,,,,,,,,,,,,,,,,,
Midvaleweekday985,Midvale,8-24-2026,weekday,,,,985,2023-10-11 07:18 PM,,2023-10-12 3:28 AM,8:00,8.0,,23-45,3180,O,07:33 PM,I,03:24 AM,7:51,471,,,,,,,,,,,,,,,,,,,,,,,,,,,,,,,,,,,,,,,,,,,,,,,,,,,,,,,,,,,,,,,,,,,,,,,,,,,,,,,,,,RTE: 23-45 SCHD: 7:51,--> O: 07:33 PM > I: 03:24 AM,,,,,,,,,,,,,,,,,,,
Midvaleweekday986,Midvale,8-24-2026,weekday,,,,986,2023-10-11 06:15 PM,,2023-10-12 4:08 AM,9:43,10.6,,23-45,3178,O,06:30 PM,I,04:04 AM,9:34,574,,,,,,,,,,,,,,,,,,,,,,,,,,,,,,,,,,,,,,,,,,,,,,,,,,,,,,,,,,,,,,,,,,,,,,,,,,,,,,,,,,RTE: 23-45 SCHD: 9:34,--> O: 06:30 PM > I: 04:04 AM,,,,,,,,,,,,,,,,,,,
Midvaleweekday901,Midvale,8-24-2026,weekday,,,,901,2023-10-11 04:56 AM,,2023-10-11 2:38 PM,9:32,10.3,,26,3082,O,05:11 AM,I,02:34 PM,9:23,563,,,,,,,,,,,,,,,,,,,,,,,,,,,,,,,,,,,,,,,,,,,,,,,,,,,,,,,,,,,,,,,,,,,,,,,,,,,,,,,,,,RTE: 26 SCHD: 9:23,--> O: 05:11 AM > I: 02:34 PM,,,,,,,,,,,,,,,,,,,
Midvaleweekday902,Midvale,8-24-2026,weekday,,,,902,2023-10-11 05:09 AM,,2023-10-11 1:37 PM,8:18,8.5,,26,3083,O,05:24 AM,I,01:33 PM,8:09,489,,,,,,,,,,,,,,,,,,,,,,,,,,,,,,,,,,,,,,,,,,,,,,,,,,,,,,,,,,,,,,,,,,,,,,,,,,,,,,,,,,RTE: 26 SCHD: 8:09,--> O: 05:24 AM > I: 01:33 PM,,,,,,,,,,,,,,,,,,,
Midvaleweekday903,Midvale,8-24-2026,weekday,02:36 PM,0Hrs 48Min,2880,903,2023-10-11 05:15 AM,,2023-10-11 4:33 PM,10:20,12.1,,26,3084,O,05:30 AM,I,01:48 PM,8:18,498,2:26,26,3113,O,02:36 PM,I,04:29 PM,1:53,113,,,,,,,,,,,,,,,,,,,,,,,,,,,,,,,,,,,,,,,,,,,,,,,,,,,,,,,,,,,,,,,,,,,,,,,,,RTE: 26 SCHD: 8:18,--> O: 05:30 AM > I: 01:48 PM,RTE: 26 SCHD: 1:53,--> O: 02:36 PM > I: 04:29 PM,,,,,,,,,,,,,,,,,
Midvaleweekday904,Midvale,8-24-2026,weekday,02:17 PM,2Hrs 57Min,10620,904,2023-10-11 04:56 AM,,2023-10-11 5:16 PM,9:13,11.6,,26,3081,O,05:11 AM,I,11:20 AM,6:09,369,2:07,26,3110,O,02:17 PM,I,05:12 PM,2:55,175,,,,,,,,,,,,,,,,,,,,,,,,,,,,,,,,,,,,,,,,,,,,,,,,,,,,,,,,,,,,,,,,,,,,,,,,,RTE: 26 SCHD: 6:09,--> O: 05:11 AM > I: 11:20 AM,RTE: 26 SCHD: 2:55,--> O: 02:17 PM > I: 05:12 PM,,,,,,,,,,,,,,,,,
Midvaleweekday905,Midvale,8-24-2026,weekday,01:29 PM,1Hrs 41Min,6060,905,2023-10-11 05:44 AM,,2023-10-11 5:52 PM,10:17,12.9,,26,3086,O,05:59 AM,I,11:48 AM,5:49,349,1:19,26,3104,O,01:29 PM,I,05:48 PM,4:19,259,,,,,,,,,,,,,,,,,,,,,,,,,,,,,,,,,,,,,,,,,,,,,,,,,,,,,,,,,,,,,,,,,,,,,,,,,RTE: 26 SCHD: 5:49,--> O: 05:59 AM > I: 11:48 AM,RTE: 26 SCHD: 4:19,--> O: 01:29 PM > I: 05:48 PM,,,,,,,,,,,,,,,,,
Midvaleweekday906,Midvale,8-24-2026,weekday,02:01 PM,3Hrs 17Min,11820,906,2023-10-11 05:34 AM,,2023-10-11 6:07 PM,9:06,11.7,,26,3085,O,05:49 AM,I,10:44 AM,4:55,295,1:51,26,3108,O,02:01 PM,I,06:03 PM,4:02,242,,,,,,,,,,,,,,,,,,,,,,,,,,,,,,,,,,,,,,,,,,,,,,,,,,,,,,,,,,,,,,,,,,,,,,,,,RTE: 26 SCHD: 4:55,--> O: 05:49 AM > I: 10:44 AM,RTE: 26 SCHD: 4:02,--> O: 02:01 PM > I: 06:03 PM,,,,,,,,,,,,,,,,,
Midvaleweekday907,Midvale,8-24-2026,weekday,,,,907,2023-10-11 09:45 AM,,2023-10-11 6:12 PM,8:17,8.4,,26,3098,O,10:00 AM,I,06:08 PM,8:08,488,,,,,,,,,,,,,,,,,,,,,,,,,,,,,,,,,,,,,,,,,,,,,,,,,,,,,,,,,,,,,,,,,,,,,,,,,,,,,,,,,,RTE: 26 SCHD: 8:08,--> O: 10:00 AM > I: 06:08 PM,,,,,,,,,,,,,,,,,,,
Midvaleweekday908,Midvale,8-24-2026,weekday,02:05 PM,3Hrs 33Min,12780,908,2023-10-11 05:56 AM,,2023-10-11 6:36 PM,8:57,11.7,,26,3087,O,06:11 AM,I,10:32 AM,4:21,261,1:55,61,3718,O,02:05 PM,I,06:32 PM,4:27,267,,,,,,,,,,,,,,,,,,,,,,,,,,,,,,,,,,,,,,,,,,,,,,,,,,,,,,,,,,,,,,,,,,,,,,,,,RTE: 26 SCHD: 4:21,--> O: 06:11 AM > I: 10:32 AM,RTE: 61 SCHD: 4:27,--> O: 02:05 PM > I: 06:32 PM,,,,,,,,,,,,,,,,,
Midvaleweekday909,Midvale,8-24-2026,weekday,,,,909,2023-10-11 11:00 AM,,2023-10-11 6:45 PM,7:35,8.0,,26,3100,O,11:15 AM,I,06:41 PM,7:26,446,,,,,,,,,,,,,,,,,,,,,,,,,,,,,,,,,,,,,,,,,,,,,,,,,,,,,,,,,,,,,,,,,,,,,,,,,,,,,,,,,,RTE: 26 SCHD: 7:26,--> O: 11:15 AM > I: 06:41 PM,,,,,,,,,,,,,,,,,,,
Midvaleweekday910,Midvale,8-24-2026,weekday,02:42 PM,4Hrs 34Min,16440,910,2023-10-11 06:09 AM,,2023-10-11 6:49 PM,8:31,11.0,,26,3092,O,06:24 AM,I,10:08 AM,3:44,224,2:07,18,3008,RW,02:42 PM,I,06:45 PM,4:03,243,,,,,,,,,,,,,,,,,,,,,,,,,,,,,,,,,,,,,,,,,,,,,,,,,,,,,,,,,,,,,,,,,,,,,,,,,RTE: 26 SCHD: 3:44,--> O: 06:24 AM > I: 10:08 AM,RTE: 18 SCHD: 4:03,--> RW: 02:42 PM > I: 06:45 PM,,,,,,,,,,,,,,,,,
Midvaleweekday911,Midvale,8-24-2026,weekday,12:24 PM,3Hrs 49Min,13740,911,2023-10-11 05:56 AM,,2023-10-11 6:55 PM,9:00,12.2,,26,3088,O,06:11 AM,I,08:35 AM,2:24,144,12:14,47,3342,O,12:24 PM,I,06:51 PM,6:27,387,,,,,,,,,,,,,,,,,,,,,,,,,,,,,,,,,,,,,,,,,,,,,,,,,,,,,,,,,,,,,,,,,,,,,,,,,RTE: 26 SCHD: 2:24,--> O: 06:11 AM > I: 08:35 AM,RTE: 47 SCHD: 6:27,--> O: 12:24 PM > I: 06:51 PM,,,,,,,,,,,,,,,,,
Midvaleweekday912,Midvale,8-24-2026,weekday,,,,912,2023-10-11 08:31 AM,,2023-10-11 6:55 PM,10:14,11.4,,26,3097,O,08:46 AM,I,06:51 PM,10:05,605,,,,,,,,,,,,,,,,,,,,,,,,,,,,,,,,,,,,,,,,,,,,,,,,,,,,,,,,,,,,,,,,,,,,,,,,,,,,,,,,,,RTE: 26 SCHD: 10:05,--> O: 08:46 AM > I: 06:51 PM,,,,,,,,,,,,,,,,,,,
Midvaleweekday913,Midvale,8-24-2026,weekday,12:34 PM,2Hrs 46Min,9960,913,2023-10-11 06:22 AM,,2023-10-11 6:57 PM,9:39,12.6,,26,3094,O,06:37 AM,I,09:48 AM,3:11,191,12:24,26,3102,O,12:34 PM,I,06:53 PM,6:19,379,,,,,,,,,,,,,,,,,,,,,,,,,,,,,,,,,,,,,,,,,,,,,,,,,,,,,,,,,,,,,,,,,,,,,,,,,RTE: 26 SCHD: 3:11,--> O: 06:37 AM > I: 09:48 AM,RTE: 26 SCHD: 6:19,--> O: 12:34 PM > I: 06:53 PM,,,,,,,,,,,,,,,,,
Midvaleweekday914,Midvale,8-24-2026,weekday,12:37 PM,3Hrs 48Min,13680,914,2023-10-11 06:00 AM,,2023-10-11 6:59 PM,9:01,12.2,,26,3089,O,06:15 AM,I,08:49 AM,2:34,154,12:27,77,3674,O,12:37 PM,CG,03:51 PM,3:14,194,,23-45,3674,CG,03:51 PM,I,06:55 PM,3:04,184,,,,,,,,,,,,,,,,,,,,,,,,,,,,,,,,,,,,,,,,,,,,,,,,,,,,,,,,,,,,,,,,RTE: 26 SCHD: 2:34,--> O: 06:15 AM > I: 08:49 AM,RTE: 77 SCHD: 3:14,--> O: 12:37 PM > CG: 03:51 PM,RTE: 23-45 SCHD: 3:04,--> CG: 03:51 PM > I: 06:55 PM,,,,,,,,,,,,,,,
Midvaleweekday915,Midvale,8-24-2026,weekday,12:33 PM,4Hrs 15Min,15300,915,2023-10-11 06:05 AM,,2023-10-11 7:01 PM,8:31,11.4,,26,3090,O,06:20 AM,I,08:18 AM,1:58,118,12:23,22,3251,O,12:33 PM,I,06:57 PM,6:24,384,,,,,,,,,,,,,,,,,,,,,,,,,,,,,,,,,,,,,,,,,,,,,,,,,,,,,,,,,,,,,,,,,,,,,,,,,RTE: 26 SCHD: 1:58,--> O: 06:20 AM > I: 08:18 AM,RTE: 22 SCHD: 6:24,--> O: 12:33 PM > I: 06:57 PM,,,,,,,,,,,,,,,,,
Midvaleweekday916,Midvale,8-24-2026,weekday,02:13 PM,4Hrs 54Min,17640,916,2023-10-11 06:11 AM,,2023-10-11 7:04 PM,7:49,10.4,,26,3093,O,06:26 AM,I,09:19 AM,2:53,173,2:03,32,3211,O,02:13 PM,I,07:00 PM,4:47,287,,,,,,,,,,,,,,,,,,,,,,,,,,,,,,,,,,,,,,,,,,,,,,,,,,,,,,,,,,,,,,,,,,,,,,,,,RTE: 26 SCHD: 2:53,--> O: 06:26 AM > I: 09:19 AM,RTE: 32 SCHD: 4:47,--> O: 02:13 PM > I: 07:00 PM,,,,,,,,,,,,,,,,,
Midvaleweekday916,Midvale,8-24-2026,weekday,01:17 PM,3Hrs 58Min,14280,916,2023-10-11 06:11 AM,,2023-10-11 7:04 PM,8:45,11.7,,26,3093,O,06:26 AM,I,09:19 AM,2:53,173,1:07,HRS,3211,O,01:17 PM,CG,02:29 PM,1:12,72,,32,3211,CG,02:29 PM,I,07:00 PM,4:31,271,,,,,,,,,,,,,,,,,,,,,,,,,,,,,,,,,,,,,,,,,,,,,,,,,,,,,,,,,,,,,,,,RTE: 26 SCHD: 2:53,--> O: 06:26 AM > I: 09:19 AM,RTE: HRS SCHD: 1:12,--> O: 01:17 PM > CG: 02:29 PM,RTE: 32 SCHD: 4:31,--> CG: 02:29 PM > I: 07:00 PM,,,,,,,,,,,,,,,
Midvaleweekday917,Midvale,8-24-2026,weekday,12:34 PM,3Hrs 50Min,13800,917,2023-10-11 06:08 AM,,2023-10-11 7:07 PM,8:59,12.2,,26,3091,O,06:23 AM,I,08:44 AM,2:21,141,12:24,47,3343,O,12:34 PM,I,07:03 PM,6:29,389,,,,,,,,,,,,,,,,,,,,,,,,,,,,,,,,,,,,,,,,,,,,,,,,,,,,,,,,,,,,,,,,,,,,,,,,,RTE: 26 SCHD: 2:21,--> O: 06:23 AM > I: 08:44 AM,RTE: 47 SCHD: 6:29,--> O: 12:34 PM > I: 07:03 PM,,,,,,,,,,,,,,,,,
Midvaleweekday918,Midvale,8-24-2026,weekday,01:59 PM,4Hrs 31Min,16260,918,2023-10-11 06:32 AM,,2023-10-11 7:18 PM,8:05,10.5,,26,3095,O,06:47 AM,I,09:28 AM,2:41,161,1:49,53,3441,O,01:59 PM,I,07:14 PM,5:15,315,,,,,,,,,,,,,,,,,,,,,,,,,,,,,,,,,,,,,,,,,,,,,,,,,,,,,,,,,,,,,,,,,,,,,,,,,RTE: 26 SCHD: 2:41,--> O: 06:47 AM > I: 09:28 AM,RTE: 53 SCHD: 5:15,--> O: 01:59 PM > I: 07:14 PM,,,,,,,,,,,,,,,,,
Midvaleweekday919,Midvale,8-24-2026,weekday,01:53 PM,4Hrs 20Min,15600,919,2023-10-11 06:56 AM,,2023-10-11 7:28 PM,8:02,10.1,,26,3096,O,07:11 AM,I,09:33 AM,2:22,142,1:43,26,3107,O,01:53 PM,CG,04:24 PM,2:31,151,,47,3107,CG,04:24 PM,I,07:24 PM,3:00,180,,,,,,,,,,,,,,,,,,,,,,,,,,,,,,,,,,,,,,,,,,,,,,,,,,,,,,,,,,,,,,,,RTE: 26 SCHD: 2:22,--> O: 07:11 AM > I: 09:33 AM,RTE: 26 SCHD: 2:31,--> O: 01:53 PM > CG: 04:24 PM,RTE: 47 SCHD: 3:00,--> CG: 04:24 PM > I: 07:24 PM,,,,,,,,,,,,,,,
Midvaleweekday920,Midvale,8-24-2026,weekday,02:59 PM,1Hrs 41Min,6060,920,2023-10-11 11:29 AM,,2023-10-11 9:23 PM,8:03,8.3,,26,3101,O,11:44 AM,I,01:18 PM,1:34,94,2:49,53,3444,O,02:59 PM,I,09:19 PM,6:20,380,,,,,,,,,,,,,,,,,,,,,,,,,,,,,,,,,,,,,,,,,,,,,,,,,,,,,,,,,,,,,,,,,,,,,,,,,RTE: 26 SCHD: 1:34,--> O: 11:44 AM > I: 01:18 PM,RTE: 53 SCHD: 6:20,--> O: 02:59 PM > I: 09:19 PM,,,,,,,,,,,,,,,,,
Midvaleweekday921,Midvale,8-24-2026,weekday,,,,921,2023-10-11 12:46 PM,,2023-10-11 9:32 PM,8:36,8.9,,26,3103,O,01:01 PM,I,09:28 PM,8:27,507,,,,,,,,,,,,,,,,,,,,,,,,,,,,,,,,,,,,,,,,,,,,,,,,,,,,,,,,,,,,,,,,,,,,,,,,,,,,,,,,,,RTE: 26 SCHD: 8:27,--> O: 01:01 PM > I: 09:28 PM,,,,,,,,,,,,,,,,,,,
Midvaleweekday922,Midvale,8-24-2026,weekday,,,,922,2023-10-11 01:47 PM,,2023-10-11 11:08 PM,9:11,9.8,,26,3109,O,02:02 PM,I,11:04 PM,9:02,542,,,,,,,,,,,,,,,,,,,,,,,,,,,,,,,,,,,,,,,,,,,,,,,,,,,,,,,,,,,,,,,,,,,,,,,,,,,,,,,,,,RTE: 26 SCHD: 9:02,--> O: 02:02 PM > I: 11:04 PM,,,,,,,,,,,,,,,,,,,
Midvaleweekday923,Midvale,8-24-2026,weekday,,,,923,2023-10-11 02:32 PM,,2023-10-12 12:09 AM,9:27,10.2,,26,3115,O,02:47 PM,I,12:05 AM,9:18,558,,,,,,,,,,,,,,,,,,,,,,,,,,,,,,,,,,,,,,,,,,,,,,,,,,,,,,,,,,,,,,,,,,,,,,,,,,,,,,,,,,RTE: 26 SCHD: 9:18,--> O: 02:47 PM > I: 12:05 AM,,,,,,,,,,,,,,,,,,,
Midvaleweekday924,Midvale,8-24-2026,weekday,,,,924,2023-10-11 02:32 PM,,2023-10-12 12:39 AM,9:57,10.9,,26,3114,O,02:47 PM,I,12:35 AM,9:48,588,,,,,,,,,,,,,,,,,,,,,,,,,,,,,,,,,,,,,,,,,,,,,,,,,,,,,,,,,,,,,,,,,,,,,,,,,,,,,,,,,,RTE: 26 SCHD: 9:48,--> O: 02:47 PM > I: 12:35 AM,,,,,,,,,,,,,,,,,,,
Midvaleweekday925,Midvale,8-24-2026,weekday,,,,925,2023-10-11 03:50 PM,,2023-10-12 2:09 AM,10:19,11.5,,26,3111,RW,04:30 PM,I,02:05 AM,9:35,575,,,,,,,,,,,,,,,,,,,,,,,,,,,,,,,,,,,,,,,,,,,,,,,,,,,,,,,,,,,,,,,,,,,,,,,,,,,,,,,,,,RTE: 26 SCHD: 9:35,--> RW: 04:30 PM > I: 02:05 AM,,,,,,,,,,,,,,,,,,,
Midvaleweekday926,Midvale,8-24-2026,weekday,,,,926,2023-10-11 05:22 PM,,2023-10-12 2:41 AM,9:09,9.7,,26,3116,O,05:37 PM,I,02:37 AM,9:00,540,,,,,,,,,,,,,,,,,,,,,,,,,,,,,,,,,,,,,,,,,,,,,,,,,,,,,,,,,,,,,,,,,,,,,,,,,,,,,,,,,,RTE: 26 SCHD: 9:00,--> O: 05:37 PM > I: 02:37 AM,,,,,,,,,,,,,,,,,,,
Midvaleweekday751,Midvale,8-24-2026,weekday,,,,751,2023-10-11 04:59 AM,,2023-10-11 1:47 PM,8:38,9.0,,32,3201,O,05:14 AM,I,01:43 PM,8:29,509,,,,,,,,,,,,,,,,,,,,,,,,,,,,,,,,,,,,,,,,,,,,,,,,,,,,,,,,,,,,,,,,,,,,,,,,,,,,,,,,,,RTE: 32 SCHD: 8:29,--> O: 05:14 AM > I: 01:43 PM,,,,,,,,,,,,,,,,,,,
Midvaleweekday752,Midvale,8-24-2026,weekday,,,,752,2023-10-11 05:13 AM,,2023-10-11 2:17 PM,8:54,9.4,,32,3204,O,05:28 AM,I,02:13 PM,8:45,525,,,,,,,,,,,,,,,,,,,,,,,,,,,,,,,,,,,,,,,,,,,,,,,,,,,,,,,,,,,,,,,,,,,,,,,,,,,,,,,,,,RTE: 32 SCHD: 8:45,--> O: 05:28 AM > I: 02:13 PM,,,,,,,,,,,,,,,,,,,
Midvaleweekday753,Midvale,8-24-2026,weekday,,,,753,2023-10-11 05:32 AM,,2023-10-11 3:56 PM,10:14,11.4,,32,3207,O,05:47 AM,I,03:52 PM,10:05,605,,,,,,,,,,,,,,,,,,,,,,,,,,,,,,,,,,,,,,,,,,,,,,,,,,,,,,,,,,,,,,,,,,,,,,,,,,,,,,,,,,RTE: 32 SCHD: 10:05,--> O: 05:47 AM > I: 03:52 PM,,,,,,,,,,,,,,,,,,,
Midvaleweekday754,Midvale,8-24-2026,weekday,02:18 PM,1Hrs 35Min,5700,754,2023-10-11 05:18 AM,,2023-10-11 5:19 PM,10:16,12.8,,32,3205,O,05:33 AM,I,12:43 PM,7:10,430,2:08,32,3218,O,02:18 PM,I,05:15 PM,2:57,177,,,,,,,,,,,,,,,,,,,,,,,,,,,,,,,,,,,,,,,,,,,,,,,,,,,,,,,,,,,,,,,,,,,,,,,,,RTE: 32 SCHD: 7:10,--> O: 05:33 AM > I: 12:43 PM,RTE: 32 SCHD: 2:57,--> O: 02:18 PM > I: 05:15 PM,,,,,,,,,,,,,,,,,
Midvaleweekday755,Midvale,8-24-2026,weekday,12:11 PM,2Hrs 53Min,10380,755,2023-10-11 05:05 AM,,2023-10-11 5:41 PM,9:33,12.5,,32,3202,O,05:20 AM,I,09:18 AM,3:58,238,12:01,61,3713,O,12:11 PM,I,05:37 PM,5:26,326,,,,,,,,,,,,,,,,,,,,,,,,,,,,,,,,,,,,,,,,,,,,,,,,,,,,,,,,,,,,,,,,,,,,,,,,,RTE: 32 SCHD: 3:58,--> O: 05:20 AM > I: 09:18 AM,RTE: 61 SCHD: 5:26,--> O: 12:11 PM > I: 05:37 PM,,,,,,,,,,,,,,,,,
Midvaleweekday756,Midvale,8-24-2026,weekday,03:29 PM,0Hrs 43Min,2580,756,2023-10-11 06:39 AM,,2023-10-11 6:09 PM,10:37,12.8,,32,3209,O,06:54 AM,I,02:46 PM,7:52,472,3:19,32,3221,O,03:29 PM,I,06:05 PM,2:36,156,,,,,,,,,,,,,,,,,,,,,,,,,,,,,,,,,,,,,,,,,,,,,,,,,,,,,,,,,,,,,,,,,,,,,,,,,RTE: 32 SCHD: 7:52,--> O: 06:54 AM > I: 02:46 PM,RTE: 32 SCHD: 2:36,--> O: 03:29 PM > I: 06:05 PM,,,,,,,,,,,,,,,,,
Midvaleweekday757,Midvale,8-24-2026,weekday,12:01 PM,3Hrs 44Min,13440,757,2023-10-11 05:12 AM,,2023-10-11 6:11 PM,9:05,12.3,,32,3203,O,05:27 AM,I,08:17 AM,2:50,170,11:51,76,3758,O,12:01 PM,I,06:07 PM,6:06,366,,,,,,,,,,,,,,,,,,,,,,,,,,,,,,,,,,,,,,,,,,,,,,,,,,,,,,,,,,,,,,,,,,,,,,,,,RTE: 32 SCHD: 2:50,--> O: 05:27 AM > I: 08:17 AM,RTE: 76 SCHD: 6:06,--> O: 12:01 PM > I: 06:07 PM,,,,,,,,,,,,,,,,,
Midvaleweekday758,Midvale,8-24-2026,weekday,01:03 PM,4Hrs 0Min,14400,758,2023-10-11 05:28 AM,,2023-10-11 6:23 PM,8:45,11.7,,32,3206,O,05:43 AM,I,09:03 AM,3:20,200,12:53,53,3439,O,01:03 PM,I,06:19 PM,5:16,316,,,,,,,,,,,,,,,,,,,,,,,,,,,,,,,,,,,,,,,,,,,,,,,,,,,,,,,,,,,,,,,,,,,,,,,,,RTE: 32 SCHD: 3:20,--> O: 05:43 AM > I: 09:03 AM,RTE: 53 SCHD: 5:16,--> O: 01:03 PM > I: 06:19 PM,,,,,,,,,,,,,,,,,
Midvaleweekday759,Midvale,8-24-2026,weekday,01:44 PM,5Hrs 22Min,19320,759,2023-10-11 05:43 AM,,2023-10-11 6:36 PM,7:21,9.9,,32,3208,O,05:58 AM,I,08:22 AM,2:24,144,1:34,32,3214,O,01:44 PM,I,06:32 PM,4:48,288,,,,,,,,,,,,,,,,,,,,,,,,,,,,,,,,,,,,,,,,,,,,,,,,,,,,,,,,,,,,,,,,,,,,,,,,,RTE: 32 SCHD: 2:24,--> O: 05:58 AM > I: 08:22 AM,RTE: 32 SCHD: 4:48,--> O: 01:44 PM > I: 06:32 PM,,,,,,,,,,,,,,,,,
Midvaleweekday760,Midvale,8-24-2026,weekday,,,,760,2023-10-11 12:24 PM,,2023-10-11 9:22 PM,8:48,9.2,,32,3210,O,12:39 PM,I,09:18 PM,8:39,519,,,,,,,,,,,,,,,,,,,,,,,,,,,,,,,,,,,,,,,,,,,,,,,,,,,,,,,,,,,,,,,,,,,,,,,,,,,,,,,,,,RTE: 32 SCHD: 8:39,--> O: 12:39 PM > I: 09:18 PM,,,,,,,,,,,,,,,,,,,
Midvaleweekday761,Midvale,8-24-2026,weekday,,,,761,2023-10-11 02:40 PM,,2023-10-12 12:18 AM,9:28,10.2,,HRS,3220,O,02:55 PM,CG,04:00 PM,1:05,65,,32,3220,CG,04:00 PM,I,12:14 AM,8:14,494,,,,,,,,,,,,,,,,,,,,,,,,,,,,,,,,,,,,,,,,,,,,,,,,,,,,,,,,,,,,,,,,,,,,,,,,,RTE: HRS SCHD: 1:05,--> O: 02:55 PM > CG: 04:00 PM,RTE: 32 SCHD: 8:14,--> CG: 04:00 PM > I: 12:14 AM,,,,,,,,,,,,,,,,,
Midvaleweekday761,Midvale,8-24-2026,weekday,,,,761,2023-10-11 03:29 PM,,2023-10-12 12:18 AM,8:39,9.0,,32,3220,O,03:44 PM,I,12:14 AM,8:30,510,,,,,,,,,,,,,,,,,,,,,,,,,,,,,,,,,,,,,,,,,,,,,,,,,,,,,,,,,,,,,,,,,,,,,,,,,,,,,,,,,,RTE: 32 SCHD: 8:30,--> O: 03:44 PM > I: 12:14 AM,,,,,,,,,,,,,,,,,,,
Midvaleweekday762,Midvale,8-24-2026,weekday,,,,762,2023-10-11 01:58 PM,,2023-10-12 12:50 AM,10:42,12.1,,32,3217,O,02:13 PM,I,12:46 AM,10:33,633,,,,,,,,,,,,,,,,,,,,,,,,,,,,,,,,,,,,,,,,,,,,,,,,,,,,,,,,,,,,,,,,,,,,,,,,,,,,,,,,,,RTE: 32 SCHD: 10:33,--> O: 02:13 PM > I: 12:46 AM,,,,,,,,,,,,,,,,,,,
Midvaleweekday763,Midvale,8-24-2026,weekday,05:51 PM,0Hrs 51Min,3060,763,2023-10-11 02:11 PM,,2023-10-12 1:41 AM,10:29,12.6,,32,3219,O,02:26 PM,I,05:00 PM,2:34,154,5:41,61,3724,O,05:51 PM,I,01:37 AM,7:46,466,,,,,,,,,,,,,,,,,,,,,,,,,,,,,,,,,,,,,,,,,,,,,,,,,,,,,,,,,,,,,,,,,,,,,,,,,RTE: 32 SCHD: 2:34,--> O: 02:26 PM > I: 05:00 PM,RTE: 61 SCHD: 7:46,--> O: 05:51 PM > I: 01:37 AM,,,,,,,,,,,,,,,,,
Midvaleweekday671,Midvale,8-24-2026,weekday,,,,671,2023-10-11 04:20 AM,,2023-10-11 2:50 PM,10:20,11.5,,39,3951,O,04:35 AM,I,02:46 PM,10:11,611,,,,,,,,,,,,,,,,,,,,,,,,,,,,,,,,,,,,,,,,,,,,,,,,,,,,,,,,,,,,,,,,,,,,,,,,,,,,,,,,,,RTE: 39 SCHD: 10:11,--> O: 04:35 AM > I: 02:46 PM,,,,,,,,,,,,,,,,,,,
Midvaleweekday672,Midvale,8-24-2026,weekday,,,,672,2023-10-11 04:30 AM,,2023-10-11 1:46 PM,9:06,9.7,,39,3952,O,04:45 AM,I,01:42 PM,8:57,537,,,,,,,,,,,,,,,,,,,,,,,,,,,,,,,,,,,,,,,,,,,,,,,,,,,,,,,,,,,,,,,,,,,,,,,,,,,,,,,,,,RTE: 39 SCHD: 8:57,--> O: 04:45 AM > I: 01:42 PM,,,,,,,,,,,,,,,,,,,
Midvaleweekday673,Midvale,8-24-2026,weekday,01:29 PM,0Hrs 48Min,2880,673,2023-10-11 05:00 AM,,2023-10-11 4:11 PM,10:13,11.8,,39,3953,O,05:15 AM,I,12:41 PM,7:26,446,1:19,32,3213,O,01:29 PM,I,04:07 PM,2:38,158,,,,,,,,,,,,,,,,,,,,,,,,,,,,,,,,,,,,,,,,,,,,,,,,,,,,,,,,,,,,,,,,,,,,,,,,,RTE: 39 SCHD: 7:26,--> O: 05:15 AM > I: 12:41 PM,RTE: 32 SCHD: 2:38,--> O: 01:29 PM > I: 04:07 PM,,,,,,,,,,,,,,,,,
Midvaleweekday674,Midvale,8-24-2026,weekday,,,,674,2023-10-11 01:26 PM,,2023-10-11 9:14 PM,7:38,8.0,,39,3955,O,01:41 PM,I,09:10 PM,7:29,449,,,,,,,,,,,,,,,,,,,,,,,,,,,,,,,,,,,,,,,,,,,,,,,,,,,,,,,,,,,,,,,,,,,,,,,,,,,,,,,,,,RTE: 39 SCHD: 7:29,--> O: 01:41 PM > I: 09:10 PM,,,,,,,,,,,,,,,,,,,
Midvaleweekday675,Midvale,8-24-2026,weekday,,,,675,2023-10-11 12:26 PM,,2023-10-11 9:27 PM,8:51,9.3,,39,3954,O,12:41 PM,I,09:23 PM,8:42,522,,,,,,,,,,,,,,,,,,,,,,,,,,,,,,,,,,,,,,,,,,,,,,,,,,,,,,,,,,,,,,,,,,,,,,,,,,,,,,,,,,RTE: 39 SCHD: 8:42,--> O: 12:41 PM > I: 09:23 PM,,,,,,,,,,,,,,,,,,,
Midvaleweekday676,Midvale,8-24-2026,weekday,,,,676,2023-10-11 02:26 PM,,2023-10-12 12:09 AM,9:33,10.3,,39,3956,O,02:41 PM,I,12:05 AM,9:24,564,,,,,,,,,,,,,,,,,,,,,,,,,,,,,,,,,,,,,,,,,,,,,,,,,,,,,,,,,,,,,,,,,,,,,,,,,,,,,,,,,,RTE: 39 SCHD: 9:24,--> O: 02:41 PM > I: 12:05 AM,,,,,,,,,,,,,,,,,,,
Midvaleweekday301,Midvale,8-24-2026,weekday,,,,301,2023-10-10 11:53 PM,,2023-10-11 9:28 AM,9:25,10.1,,47,3331,O,12:08 AM,I,09:24 AM,9:16,556,,,,,,,,,,,,,,,,,,,,,,,,,,,,,,,,,,,,,,,,,,,,,,,,,,,,,,,,,,,,,,,,,,,,,,,,,,,,,,,,,,RTE: 47 SCHD: 9:16,--> O: 12:08 AM > I: 09:24 AM,,,,,,,,,,,,,,,,,,,
Midvaleweekday302,Midvale,8-24-2026,weekday,,,,302,2023-10-11 12:23 AM,,2023-10-11 10:08 AM,9:35,10.4,,47,3332,O,12:38 AM,I,10:04 AM,9:26,566,,,,,,,,,,,,,,,,,,,,,,,,,,,,,,,,,,,,,,,,,,,,,,,,,,,,,,,,,,,,,,,,,,,,,,,,,,,,,,,,,,RTE: 47 SCHD: 9:26,--> O: 12:38 AM > I: 10:04 AM,,,,,,,,,,,,,,,,,,,
Midvaleweekday303,Midvale,8-24-2026,weekday,,,,303,2023-10-11 12:53 AM,,2023-10-11 11:04 AM,10:01,11.0,,47,3333,O,01:08 AM,I,11:00 AM,9:52,592,,,,,,,,,,,,,,,,,,,,,,,,,,,,,,,,,,,,,,,,,,,,,,,,,,,,,,,,,,,,,,,,,,,,,,,,,,,,,,,,,,RTE: 47 SCHD: 9:52,--> O: 01:08 AM > I: 11:00 AM,,,,,,,,,,,,,,,,,,,
Midvaleweekday304,Midvale,8-24-2026,weekday,,,,304,2023-10-11 06:05 AM,,2023-10-11 3:30 PM,9:15,9.9,,47,3335,O,06:20 AM,I,03:26 PM,9:06,546,,,,,,,,,,,,,,,,,,,,,,,,,,,,,,,,,,,,,,,,,,,,,,,,,,,,,,,,,,,,,,,,,,,,,,,,,,,,,,,,,,RTE: 47 SCHD: 9:06,--> O: 06:20 AM > I: 03:26 PM,,,,,,,,,,,,,,,,,,,
Midvaleweekday305,Midvale,8-24-2026,weekday,02:37 PM,2Hrs 27Min,8820,305,2023-10-11 05:51 AM,,2023-10-11 6:01 PM,9:33,11.8,,47,3334,O,06:06 AM,I,12:10 PM,6:04,364,2:27,71-81,3289,O,02:37 PM,I,05:57 PM,3:20,200,,,,,,,,,,,,,,,,,,,,,,,,,,,,,,,,,,,,,,,,,,,,,,,,,,,,,,,,,,,,,,,,,,,,,,,,,RTE: 47 SCHD: 6:04,--> O: 06:06 AM > I: 12:10 PM,RTE: 71-81 SCHD: 3:20,--> O: 02:37 PM > I: 05:57 PM,,,,,,,,,,,,,,,,,
Midvaleweekday306,Midvale,8-24-2026,weekday,03:04 PM,2Hrs 13Min,7980,306,2023-10-11 06:25 AM,,2023-10-11 6:18 PM,10:05,12.3,,47,3336,O,06:40 AM,I,12:51 PM,6:11,371,2:29,55,3507,RN,03:04 PM,I,06:14 PM,3:10,190,,,,,,,,,,,,,,,,,,,,,,,,,,,,,,,,,,,,,,,,,,,,,,,,,,,,,,,,,,,,,,,,,,,,,,,,,RTE: 47 SCHD: 6:11,--> O: 06:40 AM > I: 12:51 PM,RTE: 55 SCHD: 3:10,--> RN: 03:04 PM > I: 06:14 PM,,,,,,,,,,,,,,,,,
Midvaleweekday307,Midvale,8-24-2026,weekday,03:20 PM,2Hrs 17Min,8220,307,2023-10-11 06:40 AM,,2023-10-11 6:50 PM,9:52,12.3,,47,3337,O,06:55 AM,I,01:03 PM,6:08,368,3:11,71-81,3271,RS,03:20 PM,I,06:46 PM,3:26,206,,,,,,,,,,,,,,,,,,,,,,,,,,,,,,,,,,,,,,,,,,,,,,,,,,,,,,,,,,,,,,,,,,,,,,,,,RTE: 47 SCHD: 6:08,--> O: 06:55 AM > I: 01:03 PM,RTE: 71-81 SCHD: 3:26,--> RS: 03:20 PM > I: 06:46 PM,,,,,,,,,,,,,,,,,
Midvaleweekday308,Midvale,8-24-2026,weekday,01:04 PM,4Hrs 49Min,17340,308,2023-10-11 06:23 AM,,2023-10-11 7:22 PM,8:00,10.7,,HRS,3545,O,06:38 AM,I,08:15 AM,1:37,97,12:54,47,3345,O,01:04 PM,I,07:18 PM,6:14,374,,,,,,,,,,,,,,,,,,,,,,,,,,,,,,,,,,,,,,,,,,,,,,,,,,,,,,,,,,,,,,,,,,,,,,,,,RTE: HRS SCHD: 1:37,--> O: 06:38 AM > I: 08:15 AM,RTE: 47 SCHD: 6:14,--> O: 01:04 PM > I: 07:18 PM,,,,,,,,,,,,,,,,,
Midvaleweekday309,Midvale,8-24-2026,weekday,04:05 PM,2Hrs 43Min,9780,309,2023-10-11 06:56 AM,,2023-10-11 7:31 PM,9:51,12.9,,47,3338,O,07:11 AM,I,01:22 PM,6:11,371,3:56,71-81,3274,RS,04:05 PM,I,07:27 PM,3:22,202,,,,,,,,,,,,,,,,,,,,,,,,,,,,,,,,,,,,,,,,,,,,,,,,,,,,,,,,,,,,,,,,,,,,,,,,,RTE: 47 SCHD: 6:11,--> O: 07:11 AM > I: 01:22 PM,RTE: 71-81 SCHD: 3:22,--> RS: 04:05 PM > I: 07:27 PM,,,,,,,,,,,,,,,,,
Midvaleweekday310,Midvale,8-24-2026,weekday,02:18 PM,0Hrs 44Min,2640,310,2023-10-11 10:02 AM,,2023-10-11 8:39 PM,9:43,10.8,,47,3340,O,10:17 AM,I,01:34 PM,3:17,197,2:08,57,3912,O,02:18 PM,I,08:35 PM,6:17,377,,,,,,,,,,,,,,,,,,,,,,,,,,,,,,,,,,,,,,,,,,,,,,,,,,,,,,,,,,,,,,,,,,,,,,,,,RTE: 47 SCHD: 3:17,--> O: 10:17 AM > I: 01:34 PM,RTE: 57 SCHD: 6:17,--> O: 02:18 PM > I: 08:35 PM,,,,,,,,,,,,,,,,,
Midvaleweekday311,Midvale,8-24-2026,weekday,,,,311,2023-10-11 12:59 PM,,2023-10-11 9:47 PM,8:38,9.0,,47,3346,O,01:14 PM,I,09:43 PM,8:29,509,,,,,,,,,,,,,,,,,,,,,,,,,,,,,,,,,,,,,,,,,,,,,,,,,,,,,,,,,,,,,,,,,,,,,,,,,,,,,,,,,,RTE: 47 SCHD: 8:29,--> O: 01:14 PM > I: 09:43 PM,,,,,,,,,,,,,,,,,,,
Midvaleweekday312,Midvale,8-24-2026,weekday,,,,312,2023-10-11 02:08 PM,,2023-10-11 10:42 PM,8:24,8.6,,47,3347,O,02:23 PM,I,10:38 PM,8:15,495,,,,,,,,,,,,,,,,,,,,,,,,,,,,,,,,,,,,,,,,,,,,,,,,,,,,,,,,,,,,,,,,,,,,,,,,,,,,,,,,,,RTE: 47 SCHD: 8:15,--> O: 02:23 PM > I: 10:38 PM,,,,,,,,,,,,,,,,,,,
Midvaleweekday313,Midvale,8-24-2026,weekday,,,,313,2023-10-11 02:37 PM,,2023-10-12 1:32 AM,10:45,12.1,,47,3348,O,02:52 PM,I,01:28 AM,10:36,636,,,,,,,,,,,,,,,,,,,,,,,,,,,,,,,,,,,,,,,,,,,,,,,,,,,,,,,,,,,,,,,,,,,,,,,,,,,,,,,,,,RTE: 47 SCHD: 10:36,--> O: 02:52 PM > I: 01:28 AM,,,,,,,,,,,,,,,,,,,
Midvaleweekday314,Midvale,8-24-2026,weekday,,,,314,2023-10-11 02:54 PM,,2023-10-12 2:02 AM,10:58,12.5,,47,3349,O,03:09 PM,I,01:58 AM,10:49,649,,,,,,,,,,,,,,,,,,,,,,,,,,,,,,,,,,,,,,,,,,,,,,,,,,,,,,,,,,,,,,,,,,,,,,,,,,,,,,,,,,RTE: 47 SCHD: 10:49,--> O: 03:09 PM > I: 01:58 AM,,,,,,,,,,,,,,,,,,,
Midvaleweekday601,Midvale,8-24-2026,weekday,,,,601,2023-10-11 03:20 AM,,2023-10-11 1:14 PM,9:44,10.6,,51,3381,O,03:35 AM,I,01:10 PM,9:35,575,,,,,,,,,,,,,,,,,,,,,,,,,,,,,,,,,,,,,,,,,,,,,,,,,,,,,,,,,,,,,,,,,,,,,,,,,,,,,,,,,,RTE: 51 SCHD: 9:35,--> O: 03:35 AM > I: 01:10 PM,,,,,,,,,,,,,,,,,,,
Midvaleweekday602,Midvale,8-24-2026,weekday,,,,602,2023-10-11 04:06 AM,,2023-10-11 1:29 PM,9:13,9.8,,51,3382,O,04:21 AM,I,01:25 PM,9:04,544,,,,,,,,,,,,,,,,,,,,,,,,,,,,,,,,,,,,,,,,,,,,,,,,,,,,,,,,,,,,,,,,,,,,,,,,,,,,,,,,,,RTE: 51 SCHD: 9:04,--> O: 04:21 AM > I: 01:25 PM,,,,,,,,,,,,,,,,,,,
Midvaleweekday603,Midvale,8-24-2026,weekday,,,,603,2023-10-11 04:46 AM,,2023-10-11 12:59 PM,8:03,8.1,,51,3384,O,05:01 AM,I,12:55 PM,7:54,474,,,,,,,,,,,,,,,,,,,,,,,,,,,,,,,,,,,,,,,,,,,,,,,,,,,,,,,,,,,,,,,,,,,,,,,,,,,,,,,,,,RTE: 51 SCHD: 7:54,--> O: 05:01 AM > I: 12:55 PM,,,,,,,,,,,,,,,,,,,
Midvaleweekday604,Midvale,8-24-2026,weekday,,,,604,2023-10-11 05:01 AM,,2023-10-11 3:09 PM,9:58,11.0,,51,3385,O,05:16 AM,I,03:05 PM,9:49,589,,,,,,,,,,,,,,,,,,,,,,,,,,,,,,,,,,,,,,,,,,,,,,,,,,,,,,,,,,,,,,,,,,,,,,,,,,,,,,,,,,RTE: 51 SCHD: 9:49,--> O: 05:16 AM > I: 03:05 PM,,,,,,,,,,,,,,,,,,,
Midvaleweekday605,Midvale,8-24-2026,weekday,01:30 PM,2Hrs 20Min,8400,605,2023-10-11 04:35 AM,,2023-10-11 4:49 PM,9:44,12.2,,51,3383,O,04:50 AM,I,11:10 AM,6:20,380,1:20,51,3398,O,01:30 PM,I,04:45 PM,3:15,195,,,,,,,,,,,,,,,,,,,,,,,,,,,,,,,,,,,,,,,,,,,,,,,,,,,,,,,,,,,,,,,,,,,,,,,,,RTE: 51 SCHD: 6:20,--> O: 04:50 AM > I: 11:10 AM,RTE: 51 SCHD: 3:15,--> O: 01:30 PM > I: 04:45 PM,,,,,,,,,,,,,,,,,
Midvaleweekday606,Midvale,8-24-2026,weekday,01:29 PM,3Hrs 55Min,14100,606,2023-10-11 05:09 AM,,2023-10-11 5:42 PM,8:28,10.8,,51,3386,O,05:24 AM,I,09:34 AM,4:10,250,1:19,26,3105,O,01:29 PM,I,05:38 PM,4:09,249,,,,,,,,,,,,,,,,,,,,,,,,,,,,,,,,,,,,,,,,,,,,,,,,,,,,,,,,,,,,,,,,,,,,,,,,,RTE: 51 SCHD: 4:10,--> O: 05:24 AM > I: 09:34 AM,RTE: 26 SCHD: 4:09,--> O: 01:29 PM > I: 05:38 PM,,,,,,,,,,,,,,,,,
Midvaleweekday607,Midvale,8-24-2026,weekday,01:50 PM,3Hrs 36Min,12960,607,2023-10-11 05:21 AM,,2023-10-11 5:54 PM,8:47,11.2,,51,3387,O,05:36 AM,I,10:14 AM,4:38,278,1:40,32,3215,O,01:50 PM,I,05:50 PM,4:00,240,,,,,,,,,,,,,,,,,,,,,,,,,,,,,,,,,,,,,,,,,,,,,,,,,,,,,,,,,,,,,,,,,,,,,,,,,RTE: 51 SCHD: 4:38,--> O: 05:36 AM > I: 10:14 AM,RTE: 32 SCHD: 4:00,--> O: 01:50 PM > I: 05:50 PM,,,,,,,,,,,,,,,,,
Midvaleweekday608,Midvale,8-24-2026,weekday,02:24 PM,2Hrs 44Min,9840,608,2023-10-11 05:42 AM,,2023-10-11 5:57 PM,9:21,11.6,,51,3389,O,05:57 AM,I,11:40 AM,5:43,343,2:14,4-16,3816,O,02:24 PM,I,05:53 PM,3:29,209,,,,,,,,,,,,,,,,,,,,,,,,,,,,,,,,,,,,,,,,,,,,,,,,,,,,,,,,,,,,,,,,,,,,,,,,,RTE: 51 SCHD: 5:43,--> O: 05:57 AM > I: 11:40 AM,RTE: 4-16 SCHD: 3:29,--> O: 02:24 PM > I: 05:53 PM,,,,,,,,,,,,,,,,,
Midvaleweekday609,Midvale,8-24-2026,weekday,02:25 PM,3Hrs 30Min,12600,609,2023-10-11 05:40 AM,,2023-10-11 6:09 PM,8:49,11.2,,51,3388,O,05:55 AM,I,10:55 AM,5:00,300,2:15,57,3914,O,02:25 PM,I,06:05 PM,3:40,220,,,,,,,,,,,,,,,,,,,,,,,,,,,,,,,,,,,,,,,,,,,,,,,,,,,,,,,,,,,,,,,,,,,,,,,,,RTE: 51 SCHD: 5:00,--> O: 05:55 AM > I: 10:55 AM,RTE: 57 SCHD: 3:40,--> O: 02:25 PM > I: 06:05 PM,,,,,,,,,,,,,,,,,
Midvaleweekday610,Midvale,8-24-2026,weekday,02:26 PM,2Hrs 16Min,8160,610,2023-10-11 06:00 AM,,2023-10-11 6:11 PM,9:45,12.1,,51,3390,O,06:15 AM,I,12:10 PM,5:55,355,2:16,18,3030,O,02:26 PM,I,06:07 PM,3:41,221,,,,,,,,,,,,,,,,,,,,,,,,,,,,,,,,,,,,,,,,,,,,,,,,,,,,,,,,,,,,,,,,,,,,,,,,,RTE: 51 SCHD: 5:55,--> O: 06:15 AM > I: 12:10 PM,RTE: 18 SCHD: 3:41,--> O: 02:26 PM > I: 06:07 PM,,,,,,,,,,,,,,,,,
Midvaleweekday611,Midvale,8-24-2026,weekday,,,,611,2023-10-11 10:43 AM,,2023-10-11 7:02 PM,8:09,8.2,,51,3392,O,10:58 AM,I,06:58 PM,8:00,480,,,,,,,,,,,,,,,,,,,,,,,,,,,,,,,,,,,,,,,,,,,,,,,,,,,,,,,,,,,,,,,,,,,,,,,,,,,,,,,,,,RTE: 51 SCHD: 8:00,--> O: 10:58 AM > I: 06:58 PM,,,,,,,,,,,,,,,,,,,
Midvaleweekday612,Midvale,8-24-2026,weekday,,,,612,2023-10-11 11:13 AM,,2023-10-11 8:46 PM,9:23,10.1,,51,3393,O,11:28 AM,I,08:42 PM,9:14,554,,,,,,,,,,,,,,,,,,,,,,,,,,,,,,,,,,,,,,,,,,,,,,,,,,,,,,,,,,,,,,,,,,,,,,,,,,,,,,,,,,RTE: 51 SCHD: 9:14,--> O: 11:28 AM > I: 08:42 PM,,,,,,,,,,,,,,,,,,,
Midvaleweekday613,Midvale,8-24-2026,weekday,,,,613,2023-10-11 12:43 PM,,2023-10-11 9:17 PM,8:24,8.6,,51,3396,O,12:58 PM,I,09:13 PM,8:15,495,,,,,,,,,,,,,,,,,,,,,,,,,,,,,,,,,,,,,,,,,,,,,,,,,,,,,,,,,,,,,,,,,,,,,,,,,,,,,,,,,,RTE: 51 SCHD: 8:15,--> O: 12:58 PM > I: 09:13 PM,,,,,,,,,,,,,,,,,,,
Midvaleweekday614,Midvale,8-24-2026,weekday,,,,614,2023-10-11 11:43 AM,,2023-10-11 10:06 PM,10:13,11.3,,51,3394,O,11:58 AM,I,10:02 PM,10:04,604,,,,,,,,,,,,,,,,,,,,,,,,,,,,,,,,,,,,,,,,,,,,,,,,,,,,,,,,,,,,,,,,,,,,,,,,,,,,,,,,,,RTE: 51 SCHD: 10:04,--> O: 11:58 AM > I: 10:02 PM,,,,,,,,,,,,,,,,,,,
Midvaleweekday615,Midvale,8-24-2026,weekday,,,,615,2023-10-11 01:43 PM,,2023-10-11 11:02 PM,9:09,9.7,,51,3399,O,01:58 PM,I,10:58 PM,9:00,540,,,,,,,,,,,,,,,,,,,,,,,,,,,,,,,,,,,,,,,,,,,,,,,,,,,,,,,,,,,,,,,,,,,,,,,,,,,,,,,,,,RTE: 51 SCHD: 9:00,--> O: 01:58 PM > I: 10:58 PM,,,,,,,,,,,,,,,,,,,
Midvaleweekday616,Midvale,8-24-2026,weekday,,,,616,2023-10-11 04:07 PM,,2023-10-12 2:15 AM,9:58,11.0,,51,3403,O,04:22 PM,I,02:11 AM,9:49,589,,,,,,,,,,,,,,,,,,,,,,,,,,,,,,,,,,,,,,,,,,,,,,,,,,,,,,,,,,,,,,,,,,,,,,,,,,,,,,,,,,RTE: 51 SCHD: 9:49,--> O: 04:22 PM > I: 02:11 AM,,,,,,,,,,,,,,,,,,,
Midvaleweekday617,Midvale,8-24-2026,weekday,,,,617,2023-10-11 04:37 PM,,2023-10-12 2:47 AM,10:00,11.0,,51,3404,O,04:52 PM,I,02:43 AM,9:51,591,,,,,,,,,,,,,,,,,,,,,,,,,,,,,,,,,,,,,,,,,,,,,,,,,,,,,,,,,,,,,,,,,,,,,,,,,,,,,,,,,,RTE: 51 SCHD: 9:51,--> O: 04:52 PM > I: 02:43 AM,,,,,,,,,,,,,,,,,,,
Midvaleweekday618,Midvale,8-24-2026,weekday,,,,618,2023-10-11 05:31 PM,,2023-10-12 3:20 AM,9:39,10.5,,51,3405,O,05:46 PM,I,03:16 AM,9:30,570,,,,,,,,,,,,,,,,,,,,,,,,,,,,,,,,,,,,,,,,,,,,,,,,,,,,,,,,,,,,,,,,,,,,,,,,,,,,,,,,,,RTE: 51 SCHD: 9:30,--> O: 05:46 PM > I: 03:16 AM,,,,,,,,,,,,,,,,,,,
Midvaleweekday351,Midvale,8-24-2026,weekday,,,,351,2023-10-11 04:14 AM,,2023-10-11 1:37 PM,9:13,9.8,,53,3432,O,04:29 AM,I,01:33 PM,9:04,544,,,,,,,,,,,,,,,,,,,,,,,,,,,,,,,,,,,,,,,,,,,,,,,,,,,,,,,,,,,,,,,,,,,,,,,,,,,,,,,,,,RTE: 53 SCHD: 9:04,--> O: 04:29 AM > I: 01:33 PM,,,,,,,,,,,,,,,,,,,
Midvaleweekday352,Midvale,8-24-2026,weekday,,,,352,2023-10-11 04:14 AM,,2023-10-11 2:41 PM,10:17,11.4,,53,3431,O,04:29 AM,I,02:37 PM,10:08,608,,,,,,,,,,,,,,,,,,,,,,,,,,,,,,,,,,,,,,,,,,,,,,,,,,,,,,,,,,,,,,,,,,,,,,,,,,,,,,,,,,RTE: 53 SCHD: 10:08,--> O: 04:29 AM > I: 02:37 PM,,,,,,,,,,,,,,,,,,,
Midvaleweekday353,Midvale,8-24-2026,weekday,,,,353,2023-10-11 04:59 AM,,2023-10-11 2:07 PM,8:58,9.5,,53,3435,O,05:14 AM,I,02:03 PM,8:49,529,,,,,,,,,,,,,,,,,,,,,,,,,,,,,,,,,,,,,,,,,,,,,,,,,,,,,,,,,,,,,,,,,,,,,,,,,,,,,,,,,,RTE: 53 SCHD: 8:49,--> O: 05:14 AM > I: 02:03 PM,,,,,,,,,,,,,,,,,,,
Midvaleweekday354,Midvale,8-24-2026,weekday,,,,354,2023-10-11 05:11 AM,,2023-10-11 3:43 PM,10:22,11.6,,53,3436,O,05:26 AM,I,03:39 PM,10:13,613,,,,,,,,,,,,,,,,,,,,,,,,,,,,,,,,,,,,,,,,,,,,,,,,,,,,,,,,,,,,,,,,,,,,,,,,,,,,,,,,,,RTE: 53 SCHD: 10:13,--> O: 05:26 AM > I: 03:39 PM,,,,,,,,,,,,,,,,,,,
Midvaleweekday355,Midvale,8-24-2026,weekday,01:00 PM,2Hrs 47Min,10020,355,2023-10-11 04:29 AM,,2023-10-11 4:14 PM,8:48,10.3,,53,3433,O,04:44 AM,I,10:13 AM,5:29,329,12:50,76,3760,O,01:00 PM,I,04:10 PM,3:10,190,,,,,,,,,,,,,,,,,,,,,,,,,,,,,,,,,,,,,,,,,,,,,,,,,,,,,,,,,,,,,,,,,,,,,,,,,RTE: 53 SCHD: 5:29,--> O: 04:44 AM > I: 10:13 AM,RTE: 76 SCHD: 3:10,--> O: 01:00 PM > I: 04:10 PM,,,,,,,,,,,,,,,,,
Midvaleweekday356,Midvale,8-24-2026,weekday,02:35 PM,4Hrs 26Min,15960,356,2023-10-11 04:39 AM,,2023-10-11 5:11 PM,8:16,10.5,,53,3434,O,04:54 AM,I,10:09 AM,5:15,315,2:15,4-16,3804,RS,02:35 PM,I,05:07 PM,2:32,152,,,,,,,,,,,,,,,,,,,,,,,,,,,,,,,,,,,,,,,,,,,,,,,,,,,,,,,,,,,,,,,,,,,,,,,,,RTE: 53 SCHD: 5:15,--> O: 04:54 AM > I: 10:09 AM,RTE: 4-16 SCHD: 2:32,--> RS: 02:35 PM > I: 05:07 PM,,,,,,,,,,,,,,,,,
Midvaleweekday357,Midvale,8-24-2026,weekday,03:07 PM,2Hrs 34Min,9240,357,2023-10-11 05:36 AM,,2023-10-11 5:45 PM,9:25,11.6,,53,3437,O,05:51 AM,I,12:33 PM,6:42,402,2:57,2,3485,O,03:07 PM,I,05:41 PM,2:34,154,,,,,,,,,,,,,,,,,,,,,,,,,,,,,,,,,,,,,,,,,,,,,,,,,,,,,,,,,,,,,,,,,,,,,,,,,RTE: 53 SCHD: 6:42,--> O: 05:51 AM > I: 12:33 PM,RTE: 2 SCHD: 2:34,--> O: 03:07 PM > I: 05:41 PM,,,,,,,,,,,,,,,,,
Midvaleweekday358,Midvale,8-24-2026,weekday,12:03 PM,4Hrs 9Min,14940,358,2023-10-11 06:31 AM,,2023-10-11 6:53 PM,8:03,9.9,,AFG,3981,O,06:46 AM,I,07:54 AM,1:08,68,11:53,53,3438,O,12:03 PM,I,06:49 PM,6:46,406,,,,,,,,,,,,,,,,,,,,,,,,,,,,,,,,,,,,,,,,,,,,,,,,,,,,,,,,,,,,,,,,,,,,,,,,,RTE: AFG SCHD: 1:08,--> O: 06:46 AM > I: 07:54 AM,RTE: 53 SCHD: 6:46,--> O: 12:03 PM > I: 06:49 PM,,,,,,,,,,,,,,,,,
Midvaleweekday359,Midvale,8-24-2026,weekday,,,,359,2023-10-11 01:18 PM,,2023-10-11 9:02 PM,7:34,8.0,,53,3440,O,01:33 PM,I,08:58 PM,7:25,445,,,,,,,,,,,,,,,,,,,,,,,,,,,,,,,,,,,,,,,,,,,,,,,,,,,,,,,,,,,,,,,,,,,,,,,,,,,,,,,,,,RTE: 53 SCHD: 7:25,--> O: 01:33 PM > I: 08:58 PM,,,,,,,,,,,,,,,,,,,
Midvaleweekday360,Midvale,8-24-2026,weekday,,,,360,2023-10-11 05:29 PM,,2023-10-12 2:36 AM,8:57,9.4,,53,3445,O,05:44 PM,I,02:32 AM,8:48,528,,,,,,,,,,,,,,,,,,,,,,,,,,,,,,,,,,,,,,,,,,,,,,,,,,,,,,,,,,,,,,,,,,,,,,,,,,,,,,,,,,RTE: 53 SCHD: 8:48,--> O: 05:44 PM > I: 02:32 AM,,,,,,,,,,,,,,,,,,,
Midvaleweekday361,Midvale,8-24-2026,weekday,,,,361,2023-10-11 06:20 PM,,2023-10-12 2:48 AM,8:18,8.5,,53,3446,O,06:35 PM,I,02:44 AM,8:09,489,,,,,,,,,,,,,,,,,,,,,,,,,,,,,,,,,,,,,,,,,,,,,,,,,,,,,,,,,,,,,,,,,,,,,,,,,,,,,,,,,,RTE: 53 SCHD: 8:09,--> O: 06:35 PM > I: 02:44 AM,,,,,,,,,,,,,,,,,,,
Midvaleweekday701,Midvale,8-24-2026,weekday,,,,701,2023-10-11 03:56 AM,,2023-10-11 1:39 PM,9:33,10.3,,55,3501,O,04:11 AM,I,01:35 PM,9:24,564,,,,,,,,,,,,,,,,,,,,,,,,,,,,,,,,,,,,,,,,,,,,,,,,,,,,,,,,,,,,,,,,,,,,,,,,,,,,,,,,,,RTE: 55 SCHD: 9:24,--> O: 04:11 AM > I: 01:35 PM,,,,,,,,,,,,,,,,,,,
Midvaleweekday702,Midvale,8-24-2026,weekday,,,,702,2023-10-11 04:19 AM,,2023-10-11 2:00 PM,9:31,10.3,,55,3502,O,04:34 AM,I,01:56 PM,9:22,562,,,,,,,,,,,,,,,,,,,,,,,,,,,,,,,,,,,,,,,,,,,,,,,,,,,,,,,,,,,,,,,,,,,,,,,,,,,,,,,,,,RTE: 55 SCHD: 9:22,--> O: 04:34 AM > I: 01:56 PM,,,,,,,,,,,,,,,,,,,
Midvaleweekday703,Midvale,8-24-2026,weekday,,,,703,2023-10-11 04:50 AM,,2023-10-11 3:02 PM,10:02,11.1,,55,3504,O,05:05 AM,I,02:58 PM,9:53,593,,,,,,,,,,,,,,,,,,,,,,,,,,,,,,,,,,,,,,,,,,,,,,,,,,,,,,,,,,,,,,,,,,,,,,,,,,,,,,,,,,RTE: 55 SCHD: 9:53,--> O: 05:05 AM > I: 02:58 PM,,,,,,,,,,,,,,,,,,,
Midvaleweekday704,Midvale,8-24-2026,weekday,,,,704,2023-10-11 05:15 AM,,2023-10-11 2:21 PM,8:56,9.4,,55,3506,O,05:30 AM,I,02:17 PM,8:47,527,,,,,,,,,,,,,,,,,,,,,,,,,,,,,,,,,,,,,,,,,,,,,,,,,,,,,,,,,,,,,,,,,,,,,,,,,,,,,,,,,,RTE: 55 SCHD: 8:47,--> O: 05:30 AM > I: 02:17 PM,,,,,,,,,,,,,,,,,,,
Midvaleweekday705,Midvale,8-24-2026,weekday,,,,705,2023-10-11 05:30 AM,3:39,2023-10-11 3:39 PM,9:59,11.0,,55,3507,O,05:45 AM,RS,03:04 PM,9:19,559,,,,,,,,,,,,,,,,,,,,,,,,,,,,,,,,,,,,,,,,,,,,,,,,,,,,,,,,,,,,,,,,,,,,,,,,,,,,,,,,,,RTE: 55 SCHD: 9:19,--> O: 05:45 AM > RS: 03:04 PM,,,,,,,,,,,,,,,,,,,
Midvaleweekday706,Midvale,8-24-2026,weekday,,,,706,2023-10-11 06:30 AM,4:49,2023-10-11 4:49 PM,10:09,11.2,,55,3508,O,06:45 AM,RS,04:14 PM,9:29,569,,,,,,,,,,,,,,,,,,,,,,,,,,,,,,,,,,,,,,,,,,,,,,,,,,,,,,,,,,,,,,,,,,,,,,,,,,,,,,,,,,RTE: 55 SCHD: 9:29,--> O: 06:45 AM > RS: 04:14 PM,,,,,,,,,,,,,,,,,,,
Midvaleweekday707,Midvale,8-24-2026,weekday,11:03 AM,1Hrs 48Min,6480,707,2023-10-11 04:40 AM,,2023-10-11 4:17 PM,9:39,11.4,,55,3503,O,04:55 AM,I,09:15 AM,4:20,260,10:53,55,3511,O,11:03 AM,I,04:13 PM,5:10,310,,,,,,,,,,,,,,,,,,,,,,,,,,,,,,,,,,,,,,,,,,,,,,,,,,,,,,,,,,,,,,,,,,,,,,,,,RTE: 55 SCHD: 4:20,--> O: 04:55 AM > I: 09:15 AM,RTE: 55 SCHD: 5:10,--> O: 11:03 AM > I: 04:13 PM,,,,,,,,,,,,,,,,,
Midvaleweekday708,Midvale,8-24-2026,weekday,02:36 PM,3Hrs 40Min,13200,708,2023-10-11 04:58 AM,5:30,2023-10-11 5:30 PM,9:02,11.6,,55,3505,O,05:13 AM,I,10:56 AM,5:43,343,2:16,4-16,3813,RN,02:36 PM,RN,05:10 PM,2:34,154,,,,,,,,,,,,,,,,,,,,,,,,,,,,,,,,,,,,,,,,,,,,,,,,,,,,,,,,,,,,,,,,,,,,,,,,,RTE: 55 SCHD: 5:43,--> O: 05:13 AM > I: 10:56 AM,RTE: 4-16 SCHD: 2:34,--> RN: 02:36 PM > RN: 05:10 PM,,,,,,,,,,,,,,,,,
Midvaleweekday709,Midvale,8-24-2026,weekday,,,,709,2023-10-11 08:48 AM,,2023-10-11 7:01 PM,10:03,11.1,,55,3509,O,09:03 AM,I,06:57 PM,9:54,594,,,,,,,,,,,,,,,,,,,,,,,,,,,,,,,,,,,,,,,,,,,,,,,,,,,,,,,,,,,,,,,,,,,,,,,,,,,,,,,,,,RTE: 55 SCHD: 9:54,--> O: 09:03 AM > I: 06:57 PM,,,,,,,,,,,,,,,,,,,
Midvaleweekday710,Midvale,8-24-2026,weekday,,,,710,2023-10-11 10:28 AM,,2023-10-11 7:23 PM,8:45,9.1,,55,3510,O,10:43 AM,I,07:19 PM,8:36,516,,,,,,,,,,,,,,,,,,,,,,,,,,,,,,,,,,,,,,,,,,,,,,,,,,,,,,,,,,,,,,,,,,,,,,,,,,,,,,,,,,RTE: 55 SCHD: 8:36,--> O: 10:43 AM > I: 07:19 PM,,,,,,,,,,,,,,,,,,,
Midvaleweekday711,Midvale,8-24-2026,weekday,,,,711,2023-10-11 01:44 PM,,2023-10-11 11:26 PM,9:32,10.3,,55,3514,O,01:59 PM,I,11:22 PM,9:23,563,,,,,,,,,,,,,,,,,,,,,,,,,,,,,,,,,,,,,,,,,,,,,,,,,,,,,,,,,,,,,,,,,,,,,,,,,,,,,,,,,,RTE: 55 SCHD: 9:23,--> O: 01:59 PM > I: 11:22 PM,,,,,,,,,,,,,,,,,,,
Midvaleweekday712,Midvale,8-24-2026,weekday,,,,712,2023-10-11 02:33 PM,,2023-10-12 12:43 AM,10:00,11.0,,55,3516,O,02:48 PM,I,12:39 AM,9:51,591,,,,,,,,,,,,,,,,,,,,,,,,,,,,,,,,,,,,,,,,,,,,,,,,,,,,,,,,,,,,,,,,,,,,,,,,,,,,,,,,,,RTE: 55 SCHD: 9:51,--> O: 02:48 PM > I: 12:39 AM,,,,,,,,,,,,,,,,,,,
Midvaleweekday713,Midvale,8-24-2026,weekday,,,,713,2023-10-11 05:48 PM,,2023-10-12 2:15 AM,8:17,8.4,,55,3517,O,06:03 PM,I,02:11 AM,8:08,488,,,,,,,,,,,,,,,,,,,,,,,,,,,,,,,,,,,,,,,,,,,,,,,,,,,,,,,,,,,,,,,,,,,,,,,,,,,,,,,,,,RTE: 55 SCHD: 8:08,--> O: 06:03 PM > I: 02:11 AM,,,,,,,,,,,,,,,,,,,
Midvaleweekday714,Midvale,8-24-2026,weekday,,,,714,2023-10-11 07:05 PM,,2023-10-12 3:05 AM,7:50,8.0,,55,3519,O,07:20 PM,I,03:01 AM,7:41,461,,,,,,,,,,,,,,,,,,,,,,,,,,,,,,,,,,,,,,,,,,,,,,,,,,,,,,,,,,,,,,,,,,,,,,,,,,,,,,,,,,RTE: 55 SCHD: 7:41,--> O: 07:20 PM > I: 03:01 AM,,,,,,,,,,,,,,,,,,,
Midvaleweekday715,Midvale,8-24-2026,weekday,,,,715,2023-10-11 06:40 PM,,2023-10-12 4:07 AM,9:17,9.9,,55,3518,O,06:55 PM,I,04:03 AM,9:08,548,,,,,,,,,,,,,,,,,,,,,,,,,,,,,,,,,,,,,,,,,,,,,,,,,,,,,,,,,,,,,,,,,,,,,,,,,,,,,,,,,,RTE: 55 SCHD: 9:08,--> O: 06:55 PM > I: 04:03 AM,,,,,,,,,,,,,,,,,,,
Midvaleweekday61,Midvale,8-24-2026,weekday,,,,61,2023-10-11 01:14 AM,,2023-10-11 9:41 AM,8:17,8.4,,56,3601,O,01:29 AM,I,09:37 AM,8:08,488,,,,,,,,,,,,,,,,,,,,,,,,,,,,,,,,,,,,,,,,,,,,,,,,,,,,,,,,,,,,,,,,,,,,,,,,,,,,,,,,,,RTE: 56 SCHD: 8:08,--> O: 01:29 AM > I: 09:37 AM,,,,,,,,,,,,,,,,,,,
Midvaleweekday62,Midvale,8-24-2026,weekday,,,,62,2023-10-11 04:13 AM,,2023-10-11 12:50 PM,8:27,8.7,,56,3602,O,04:28 AM,I,12:46 PM,8:18,498,,,,,,,,,,,,,,,,,,,,,,,,,,,,,,,,,,,,,,,,,,,,,,,,,,,,,,,,,,,,,,,,,,,,,,,,,,,,,,,,,,RTE: 56 SCHD: 8:18,--> O: 04:28 AM > I: 12:46 PM,,,,,,,,,,,,,,,,,,,
Midvaleweekday63,Midvale,8-24-2026,weekday,,,,63,2023-10-11 04:28 AM,,2023-10-11 1:50 PM,9:12,9.8,,56,3603,O,04:43 AM,I,01:46 PM,9:03,543,,,,,,,,,,,,,,,,,,,,,,,,,,,,,,,,,,,,,,,,,,,,,,,,,,,,,,,,,,,,,,,,,,,,,,,,,,,,,,,,,,RTE: 56 SCHD: 9:03,--> O: 04:43 AM > I: 01:46 PM,,,,,,,,,,,,,,,,,,,
Midvaleweekday64,Midvale,8-24-2026,weekday,,,,64,2023-10-11 05:16 AM,,2023-10-11 4:05 PM,10:39,12.0,,56,3606,O,05:31 AM,I,04:01 PM,10:30,630,,,,,,,,,,,,,,,,,,,,,,,,,,,,,,,,,,,,,,,,,,,,,,,,,,,,,,,,,,,,,,,,,,,,,,,,,,,,,,,,,,RTE: 56 SCHD: 10:30,--> O: 05:31 AM > I: 04:01 PM,,,,,,,,,,,,,,,,,,,
Midvaleweekday65,Midvale,8-24-2026,weekday,11:09 AM,2Hrs 46Min,9960,65,2023-10-11 04:58 AM,,2023-10-11 4:41 PM,8:47,10.2,,56,3604,O,05:13 AM,I,08:23 AM,3:10,190,10:59,61,3712,O,11:09 AM,I,04:37 PM,5:28,328,,,,,,,,,,,,,,,,,,,,,,,,,,,,,,,,,,,,,,,,,,,,,,,,,,,,,,,,,,,,,,,,,,,,,,,,,RTE: 56 SCHD: 3:10,--> O: 05:13 AM > I: 08:23 AM,RTE: 61 SCHD: 5:28,--> O: 11:09 AM > I: 04:37 PM,,,,,,,,,,,,,,,,,
Midvaleweekday66,Midvale,8-24-2026,weekday,01:49 PM,3Hrs 22Min,12120,66,2023-10-11 05:08 AM,,2023-10-11 5:16 PM,8:36,10.4,,56,3605,O,05:23 AM,I,10:27 AM,5:04,304,1:39,56,3622,O,01:49 PM,I,05:12 PM,3:23,203,,,,,,,,,,,,,,,,,,,,,,,,,,,,,,,,,,,,,,,,,,,,,,,,,,,,,,,,,,,,,,,,,,,,,,,,,RTE: 56 SCHD: 5:04,--> O: 05:23 AM > I: 10:27 AM,RTE: 56 SCHD: 3:23,--> O: 01:49 PM > I: 05:12 PM,,,,,,,,,,,,,,,,,
Midvaleweekday67,Midvale,8-24-2026,weekday,02:44 PM,3Hrs 37Min,13020,67,2023-10-11 05:36 AM,,2023-10-11 6:24 PM,9:01,12.0,,56,3608,O,05:51 AM,I,11:07 AM,5:16,316,2:34,56,3626,O,02:44 PM,I,06:20 PM,3:36,216,,,,,,,,,,,,,,,,,,,,,,,,,,,,,,,,,,,,,,,,,,,,,,,,,,,,,,,,,,,,,,,,,,,,,,,,,RTE: 56 SCHD: 5:16,--> O: 05:51 AM > I: 11:07 AM,RTE: 56 SCHD: 3:36,--> O: 02:44 PM > I: 06:20 PM,,,,,,,,,,,,,,,,,
Midvaleweekday68,Midvale,8-24-2026,weekday,01:39 PM,3Hrs 30Min,12600,68,2023-10-11 05:28 AM,,2023-10-11 6:28 PM,9:20,12.8,,56,3607,O,05:43 AM,I,10:09 AM,4:26,266,1:29,2,3483,O,01:39 PM,I,06:24 PM,4:45,285,,,,,,,,,,,,,,,,,,,,,,,,,,,,,,,,,,,,,,,,,,,,,,,,,,,,,,,,,,,,,,,,,,,,,,,,,RTE: 56 SCHD: 4:26,--> O: 05:43 AM > I: 10:09 AM,RTE: 2 SCHD: 4:45,--> O: 01:39 PM > I: 06:24 PM,,,,,,,,,,,,,,,,,
Midvaleweekday69,Midvale,8-24-2026,weekday,01:45 PM,2Hrs 48Min,10080,69,2023-10-11 05:54 AM,,2023-10-11 6:31 PM,9:39,12.6,,56,3609,O,06:09 AM,I,10:57 AM,4:48,288,1:35,61,3716,O,01:45 PM,I,06:27 PM,4:42,282,,,,,,,,,,,,,,,,,,,,,,,,,,,,,,,,,,,,,,,,,,,,,,,,,,,,,,,,,,,,,,,,,,,,,,,,,RTE: 56 SCHD: 4:48,--> O: 06:09 AM > I: 10:57 AM,RTE: 61 SCHD: 4:42,--> O: 01:45 PM > I: 06:27 PM,,,,,,,,,,,,,,,,,
Midvaleweekday70,Midvale,8-24-2026,weekday,02:14 PM,4Hrs 17Min,15420,70,2023-10-11 06:20 AM,,2023-10-11 6:54 PM,8:07,10.3,,56,3610,O,06:35 AM,I,09:57 AM,3:22,202,2:04,61,3719,O,02:14 PM,I,06:50 PM,4:36,276,,,,,,,,,,,,,,,,,,,,,,,,,,,,,,,,,,,,,,,,,,,,,,,,,,,,,,,,,,,,,,,,,,,,,,,,,RTE: 56 SCHD: 3:22,--> O: 06:35 AM > I: 09:57 AM,RTE: 61 SCHD: 4:36,--> O: 02:14 PM > I: 06:50 PM,,,,,,,,,,,,,,,,,
Midvaleweekday71,Midvale,8-24-2026,weekday,,,,71,2023-10-11 09:33 AM,,2023-10-11 7:03 PM,9:20,10.0,,56,3613,O,09:48 AM,I,06:59 PM,9:11,551,,,,,,,,,,,,,,,,,,,,,,,,,,,,,,,,,,,,,,,,,,,,,,,,,,,,,,,,,,,,,,,,,,,,,,,,,,,,,,,,,,RTE: 56 SCHD: 9:11,--> O: 09:48 AM > I: 06:59 PM,,,,,,,,,,,,,,,,,,,
Midvaleweekday72,Midvale,8-24-2026,weekday,02:38 PM,1Hrs 13Min,4380,72,2023-10-11 09:43 AM,,2023-10-11 7:35 PM,8:29,9.0,,56,3614,O,09:58 AM,I,01:25 PM,3:27,207,2:28,51,3401,O,02:38 PM,I,07:31 PM,4:53,293,,,,,,,,,,,,,,,,,,,,,,,,,,,,,,,,,,,,,,,,,,,,,,,,,,,,,,,,,,,,,,,,,,,,,,,,,RTE: 56 SCHD: 3:27,--> O: 09:58 AM > I: 01:25 PM,RTE: 51 SCHD: 4:53,--> O: 02:38 PM > I: 07:31 PM,,,,,,,,,,,,,,,,,
Midvaleweekday73,Midvale,8-24-2026,weekday,01:41 PM,3Hrs 19Min,11940,73,2023-10-11 08:16 AM,,2023-10-11 7:46 PM,8:01,8.9,,56,3611,O,08:31 AM,I,10:22 AM,1:51,111,1:31,55,3513,O,01:41 PM,I,07:42 PM,6:01,361,,,,,,,,,,,,,,,,,,,,,,,,,,,,,,,,,,,,,,,,,,,,,,,,,,,,,,,,,,,,,,,,,,,,,,,,,RTE: 56 SCHD: 1:51,--> O: 08:31 AM > I: 10:22 AM,RTE: 55 SCHD: 6:01,--> O: 01:41 PM > I: 07:42 PM,,,,,,,,,,,,,,,,,
Midvaleweekday74,Midvale,8-24-2026,weekday,,,,74,2023-10-11 12:08 PM,,2023-10-11 7:53 PM,7:35,8.0,,56,3618,O,12:23 PM,I,07:49 PM,7:26,446,,,,,,,,,,,,,,,,,,,,,,,,,,,,,,,,,,,,,,,,,,,,,,,,,,,,,,,,,,,,,,,,,,,,,,,,,,,,,,,,,,RTE: 56 SCHD: 7:26,--> O: 12:23 PM > I: 07:49 PM,,,,,,,,,,,,,,,,,,,
Midvaleweekday75,Midvale,8-24-2026,weekday,01:32 PM,2Hrs 54Min,10440,75,2023-10-11 08:47 AM,,2023-10-11 7:59 PM,8:08,8.7,,56,3612,O,09:02 AM,I,10:38 AM,1:36,96,1:22,57,3911,O,01:32 PM,CG,05:06 PM,3:34,214,,47,3911,CG,05:06 PM,I,07:55 PM,2:49,169,,,,,,,,,,,,,,,,,,,,,,,,,,,,,,,,,,,,,,,,,,,,,,,,,,,,,,,,,,,,,,,,RTE: 56 SCHD: 1:36,--> O: 09:02 AM > I: 10:38 AM,RTE: 57 SCHD: 3:34,--> O: 01:32 PM > CG: 05:06 PM,RTE: 47 SCHD: 2:49,--> CG: 05:06 PM > I: 07:55 PM,,,,,,,,,,,,,,,
Midvaleweekday76,Midvale,8-24-2026,weekday,,,,76,2023-10-11 12:29 PM,,2023-10-11 8:07 PM,7:28,8.0,,56,3619,O,12:44 PM,I,08:03 PM,7:19,439,,,,,,,,,,,,,,,,,,,,,,,,,,,,,,,,,,,,,,,,,,,,,,,,,,,,,,,,,,,,,,,,,,,,,,,,,,,,,,,,,,RTE: 56 SCHD: 7:19,--> O: 12:44 PM > I: 08:03 PM,,,,,,,,,,,,,,,,,,,
Midvaleweekday77,Midvale,8-24-2026,weekday,,,,77,2023-10-11 10:09 AM,,2023-10-11 8:13 PM,9:54,10.9,,56,3615,O,10:24 AM,I,08:09 PM,9:45,585,,,,,,,,,,,,,,,,,,,,,,,,,,,,,,,,,,,,,,,,,,,,,,,,,,,,,,,,,,,,,,,,,,,,,,,,,,,,,,,,,,RTE: 56 SCHD: 9:45,--> O: 10:24 AM > I: 08:09 PM,,,,,,,,,,,,,,,,,,,
Midvaleweekday78,Midvale,8-24-2026,weekday,01:59 PM,1Hrs 34Min,5640,78,2023-10-11 10:30 AM,,2023-10-11 9:00 PM,8:46,9.4,,56,3616,O,10:45 AM,I,12:25 PM,1:40,100,1:49,32,3216,O,01:59 PM,I,08:56 PM,6:57,417,,,,,,,,,,,,,,,,,,,,,,,,,,,,,,,,,,,,,,,,,,,,,,,,,,,,,,,,,,,,,,,,,,,,,,,,,RTE: 56 SCHD: 1:40,--> O: 10:45 AM > I: 12:25 PM,RTE: 32 SCHD: 6:57,--> O: 01:59 PM > I: 08:56 PM,,,,,,,,,,,,,,,,,
Midvaleweekday79,Midvale,8-24-2026,weekday,,,,79,2023-10-11 01:50 PM,,2023-10-11 9:18 PM,7:18,8.0,,56,3623,O,02:05 PM,I,09:14 PM,7:09,429,,,,,,,,,,,,,,,,,,,,,,,,,,,,,,,,,,,,,,,,,,,,,,,,,,,,,,,,,,,,,,,,,,,,,,,,,,,,,,,,,,RTE: 56 SCHD: 7:09,--> O: 02:05 PM > I: 09:14 PM,,,,,,,,,,,,,,,,,,,
Midvaleweekday80,Midvale,8-24-2026,weekday,,,,80,2023-10-11 12:58 PM,,2023-10-11 9:41 PM,8:33,8.8,,56,3620,O,01:13 PM,I,09:37 PM,8:24,504,,,,,,,,,,,,,,,,,,,,,,,,,,,,,,,,,,,,,,,,,,,,,,,,,,,,,,,,,,,,,,,,,,,,,,,,,,,,,,,,,,RTE: 56 SCHD: 8:24,--> O: 01:13 PM > I: 09:37 PM,,,,,,,,,,,,,,,,,,,
Midvaleweekday81,Midvale,8-24-2026,weekday,03:10 PM,2Hrs 15Min,8100,81,2023-10-11 11:00 AM,,2023-10-11 9:43 PM,8:18,8.7,,56,3617,O,11:15 AM,I,12:55 PM,1:40,100,3:00,51,3402,O,03:10 PM,CG,04:08 PM,0:58,58,,55,3402,CG,04:08 PM,I,09:39 PM,5:31,331,,,,,,,,,,,,,,,,,,,,,,,,,,,,,,,,,,,,,,,,,,,,,,,,,,,,,,,,,,,,,,,,RTE: 56 SCHD: 1:40,--> O: 11:15 AM > I: 12:55 PM,RTE: 51 SCHD: 0:58,--> O: 03:10 PM > CG: 04:08 PM,RTE: 55 SCHD: 5:31,--> CG: 04:08 PM > I: 09:39 PM,,,,,,,,,,,,,,,
Midvaleweekday81,Midvale,8-24-2026,weekday,03:46 PM,2Hrs 51Min,10260,81,2023-10-11 11:00 AM,,2023-10-11 9:43 PM,7:42,8.0,,56,3617,O,11:15 AM,I,12:55 PM,1:40,100,3:36,55,3402,O,03:46 PM,I,09:39 PM,5:53,353,,,,,,,,,,,,,,,,,,,,,,,,,,,,,,,,,,,,,,,,,,,,,,,,,,,,,,,,,,,,,,,,,,,,,,,,,RTE: 56 SCHD: 1:40,--> O: 11:15 AM > I: 12:55 PM,RTE: 55 SCHD: 5:53,--> O: 03:46 PM > I: 09:39 PM,,,,,,,,,,,,,,,,,
Midvaleweekday82,Midvale,8-24-2026,weekday,,,,82,2023-10-11 02:05 PM,,2023-10-11 9:52 PM,7:37,8.0,,56,3624,O,02:20 PM,I,09:48 PM,7:28,448,,,,,,,,,,,,,,,,,,,,,,,,,,,,,,,,,,,,,,,,,,,,,,,,,,,,,,,,,,,,,,,,,,,,,,,,,,,,,,,,,,RTE: 56 SCHD: 7:28,--> O: 02:20 PM > I: 09:48 PM,,,,,,,,,,,,,,,,,,,
Midvaleweekday83,Midvale,8-24-2026,weekday,,,,83,2023-10-11 01:27 PM,,2023-10-11 10:47 PM,9:10,9.8,,56,3621,O,01:42 PM,I,10:43 PM,9:01,541,,,,,,,,,,,,,,,,,,,,,,,,,,,,,,,,,,,,,,,,,,,,,,,,,,,,,,,,,,,,,,,,,,,,,,,,,,,,,,,,,,RTE: 56 SCHD: 9:01,--> O: 01:42 PM > I: 10:43 PM,,,,,,,,,,,,,,,,,,,
Midvaleweekday84,Midvale,8-24-2026,weekday,04:45 PM,0Hrs 48Min,2880,84,2023-10-11 02:13 PM,,2023-10-12 12:53 AM,9:42,10.8,,56,3625,O,02:28 PM,I,03:57 PM,1:29,89,4:35,71-81,3293,O,04:45 PM,I,12:49 AM,8:04,484,,,,,,,,,,,,,,,,,,,,,,,,,,,,,,,,,,,,,,,,,,,,,,,,,,,,,,,,,,,,,,,,,,,,,,,,,RTE: 56 SCHD: 1:29,--> O: 02:28 PM > I: 03:57 PM,RTE: 71-81 SCHD: 8:04,--> O: 04:45 PM > I: 12:49 AM,,,,,,,,,,,,,,,,,
Midvaleweekday85,Midvale,8-24-2026,weekday,,,,85,2023-10-11 02:35 PM,,2023-10-12 1:11 AM,10:26,11.7,,HRS,3627,O,02:50 PM,CG,04:18 PM,1:28,88,,56,3627,CG,04:18 PM,I,01:07 AM,8:49,529,,,,,,,,,,,,,,,,,,,,,,,,,,,,,,,,,,,,,,,,,,,,,,,,,,,,,,,,,,,,,,,,,,,,,,,,,RTE: HRS SCHD: 1:28,--> O: 02:50 PM > CG: 04:18 PM,RTE: 56 SCHD: 8:49,--> CG: 04:18 PM > I: 01:07 AM,,,,,,,,,,,,,,,,,
Midvaleweekday86,Midvale,8-24-2026,weekday,,,,86,2023-10-11 03:29 PM,,2023-10-12 2:10 AM,10:31,11.8,,56,3628,O,03:44 PM,I,02:06 AM,10:22,622,,,,,,,,,,,,,,,,,,,,,,,,,,,,,,,,,,,,,,,,,,,,,,,,,,,,,,,,,,,,,,,,,,,,,,,,,,,,,,,,,,RTE: 56 SCHD: 10:22,--> O: 03:44 PM > I: 02:06 AM,,,,,,,,,,,,,,,,,,,
Midvaleweekday401,Midvale,8-24-2026,weekday,,,,401,2023-10-11 12:30 AM,,2023-10-11 10:35 AM,9:55,10.9,,57,3901,O,12:45 AM,I,10:31 AM,9:46,586,,,,,,,,,,,,,,,,,,,,,,,,,,,,,,,,,,,,,,,,,,,,,,,,,,,,,,,,,,,,,,,,,,,,,,,,,,,,,,,,,,RTE: 57 SCHD: 9:46,--> O: 12:45 AM > I: 10:31 AM,,,,,,,,,,,,,,,,,,,
Midvaleweekday402,Midvale,8-24-2026,weekday,,,,402,2023-10-11 01:00 AM,,2023-10-11 11:20 AM,10:10,11.3,,57,3902,O,01:15 AM,I,11:16 AM,10:01,601,,,,,,,,,,,,,,,,,,,,,,,,,,,,,,,,,,,,,,,,,,,,,,,,,,,,,,,,,,,,,,,,,,,,,,,,,,,,,,,,,,RTE: 57 SCHD: 10:01,--> O: 01:15 AM > I: 11:16 AM,,,,,,,,,,,,,,,,,,,
Midvaleweekday403,Midvale,8-24-2026,weekday,,,,403,2023-10-11 04:51 AM,,2023-10-11 2:08 PM,9:07,9.7,,57,3903,O,05:06 AM,I,02:04 PM,8:58,538,,,,,,,,,,,,,,,,,,,,,,,,,,,,,,,,,,,,,,,,,,,,,,,,,,,,,,,,,,,,,,,,,,,,,,,,,,,,,,,,,,RTE: 57 SCHD: 8:58,--> O: 05:06 AM > I: 02:04 PM,,,,,,,,,,,,,,,,,,,
Midvaleweekday404,Midvale,8-24-2026,weekday,,,,404,2023-10-11 06:25 AM,,2023-10-11 3:51 PM,9:16,9.9,,57,3906,O,06:40 AM,I,03:47 PM,9:07,547,,,,,,,,,,,,,,,,,,,,,,,,,,,,,,,,,,,,,,,,,,,,,,,,,,,,,,,,,,,,,,,,,,,,,,,,,,,,,,,,,,RTE: 57 SCHD: 9:07,--> O: 06:40 AM > I: 03:47 PM,,,,,,,,,,,,,,,,,,,
Midvaleweekday405,Midvale,8-24-2026,weekday,10:43 AM,1Hrs 55Min,6900,405,2023-10-11 05:29 AM,,2023-10-11 5:36 PM,10:02,12.5,,57,3904,O,05:44 AM,I,08:48 AM,3:04,184,10:33,51,3391,O,10:43 AM,I,05:32 PM,6:49,409,,,,,,,,,,,,,,,,,,,,,,,,,,,,,,,,,,,,,,,,,,,,,,,,,,,,,,,,,,,,,,,,,,,,,,,,,RTE: 57 SCHD: 3:04,--> O: 05:44 AM > I: 08:48 AM,RTE: 51 SCHD: 6:49,--> O: 10:43 AM > I: 05:32 PM,,,,,,,,,,,,,,,,,
Midvaleweekday406,Midvale,8-24-2026,weekday,,,,406,2023-10-11 08:43 AM,,2023-10-11 6:18 PM,9:25,10.1,,57,3907,O,08:58 AM,CG,03:08 PM,6:10,370,,47,3907,CG,03:08 PM,I,06:14 PM,3:06,186,,,,,,,,,,,,,,,,,,,,,,,,,,,,,,,,,,,,,,,,,,,,,,,,,,,,,,,,,,,,,,,,,,,,,,,,,RTE: 57 SCHD: 6:10,--> O: 08:58 AM > CG: 03:08 PM,RTE: 47 SCHD: 3:06,--> CG: 03:08 PM > I: 06:14 PM,,,,,,,,,,,,,,,,,
Midvaleweekday407,Midvale,8-24-2026,weekday,02:09 PM,4Hrs 36Min,16560,407,2023-10-11 06:04 AM,,2023-10-11 6:57 PM,8:07,10.7,,57,3905,O,06:19 AM,I,09:33 AM,3:14,194,1:59,23-45,3174,O,02:09 PM,CG,04:04 PM,1:55,115,,77,3174,CG,04:04 PM,I,06:53 PM,2:49,169,,,,,,,,,,,,,,,,,,,,,,,,,,,,,,,,,,,,,,,,,,,,,,,,,,,,,,,,,,,,,,,,RTE: 57 SCHD: 3:14,--> O: 06:19 AM > I: 09:33 AM,RTE: 23-45 SCHD: 1:55,--> O: 02:09 PM > CG: 04:04 PM,RTE: 77 SCHD: 2:49,--> CG: 04:04 PM > I: 06:53 PM,,,,,,,,,,,,,,,
Midvaleweekday408,Midvale,8-24-2026,weekday,,,,408,2023-10-11 10:01 AM,,2023-10-11 7:35 PM,9:24,10.1,,57,3908,O,10:16 AM,I,07:31 PM,9:15,555,,,,,,,,,,,,,,,,,,,,,,,,,,,,,,,,,,,,,,,,,,,,,,,,,,,,,,,,,,,,,,,,,,,,,,,,,,,,,,,,,,RTE: 57 SCHD: 9:15,--> O: 10:16 AM > I: 07:31 PM,,,,,,,,,,,,,,,,,,,
Midvaleweekday409,Midvale,8-24-2026,weekday,,,,409,2023-10-11 10:46 AM,,2023-10-11 8:05 PM,9:09,9.7,,57,3909,O,11:01 AM,I,08:01 PM,9:00,540,,,,,,,,,,,,,,,,,,,,,,,,,,,,,,,,,,,,,,,,,,,,,,,,,,,,,,,,,,,,,,,,,,,,,,,,,,,,,,,,,,RTE: 57 SCHD: 9:00,--> O: 11:01 AM > I: 08:01 PM,,,,,,,,,,,,,,,,,,,
Midvaleweekday410,Midvale,8-24-2026,weekday,,,,410,2023-10-11 11:43 AM,,2023-10-11 9:01 PM,9:08,9.7,,57,3910,O,11:58 AM,I,08:57 PM,8:59,539,,,,,,,,,,,,,,,,,,,,,,,,,,,,,,,,,,,,,,,,,,,,,,,,,,,,,,,,,,,,,,,,,,,,,,,,,,,,,,,,,,RTE: 57 SCHD: 8:59,--> O: 11:58 AM > I: 08:57 PM,,,,,,,,,,,,,,,,,,,
Midvaleweekday411,Midvale,8-24-2026,weekday,,,,411,2023-10-11 03:11 PM,,2023-10-12 12:07 AM,8:46,9.2,,57,3915,O,03:26 PM,CG,07:01 PM,3:35,215,,47,3915,CG,07:01 PM,I,12:03 AM,5:02,302,,,,,,,,,,,,,,,,,,,,,,,,,,,,,,,,,,,,,,,,,,,,,,,,,,,,,,,,,,,,,,,,,,,,,,,,,RTE: 57 SCHD: 3:35,--> O: 03:26 PM > CG: 07:01 PM,RTE: 47 SCHD: 5:02,--> CG: 07:01 PM > I: 12:03 AM,,,,,,,,,,,,,,,,,
Midvaleweekday201,Midvale,8-24-2026,weekday,,,,201,2023-10-11 04:22 AM,,2023-10-11 1:11 PM,8:39,9.0,,61,3701,O,04:37 AM,I,01:07 PM,8:30,510,,,,,,,,,,,,,,,,,,,,,,,,,,,,,,,,,,,,,,,,,,,,,,,,,,,,,,,,,,,,,,,,,,,,,,,,,,,,,,,,,,RTE: 61 SCHD: 8:30,--> O: 04:37 AM > I: 01:07 PM,,,,,,,,,,,,,,,,,,,
Midvaleweekday202,Midvale,8-24-2026,weekday,,,,202,2023-10-11 04:31 AM,,2023-10-11 1:50 PM,9:09,9.7,,61,3702,O,04:46 AM,I,01:46 PM,9:00,540,,,,,,,,,,,,,,,,,,,,,,,,,,,,,,,,,,,,,,,,,,,,,,,,,,,,,,,,,,,,,,,,,,,,,,,,,,,,,,,,,,RTE: 61 SCHD: 9:00,--> O: 04:46 AM > I: 01:46 PM,,,,,,,,,,,,,,,,,,,
Midvaleweekday203,Midvale,8-24-2026,weekday,,,,203,2023-10-11 04:33 AM,,2023-10-11 12:51 PM,8:08,8.2,,61,3703,O,04:48 AM,I,12:47 PM,7:59,479,,,,,,,,,,,,,,,,,,,,,,,,,,,,,,,,,,,,,,,,,,,,,,,,,,,,,,,,,,,,,,,,,,,,,,,,,,,,,,,,,,RTE: 61 SCHD: 7:59,--> O: 04:48 AM > I: 12:47 PM,,,,,,,,,,,,,,,,,,,
Midvaleweekday204,Midvale,8-24-2026,weekday,,,,204,2023-10-11 04:35 AM,,2023-10-11 2:53 PM,10:08,11.2,,61,3704,O,04:50 AM,I,02:49 PM,9:59,599,,,,,,,,,,,,,,,,,,,,,,,,,,,,,,,,,,,,,,,,,,,,,,,,,,,,,,,,,,,,,,,,,,,,,,,,,,,,,,,,,,RTE: 61 SCHD: 9:59,--> O: 04:50 AM > I: 02:49 PM,,,,,,,,,,,,,,,,,,,
Midvaleweekday205,Midvale,8-24-2026,weekday,,,,205,2023-10-11 05:07 AM,,2023-10-11 3:22 PM,10:05,11.1,,61,3705,O,05:22 AM,CG,02:49 PM,9:27,567,,HRS,3705,CG,02:49 PM,I,03:18 PM,0:29,29,,,,,,,,,,,,,,,,,,,,,,,,,,,,,,,,,,,,,,,,,,,,,,,,,,,,,,,,,,,,,,,,,,,,,,,,,RTE: 61 SCHD: 9:27,--> O: 05:22 AM > CG: 02:49 PM,RTE: HRS SCHD: 0:29,--> CG: 02:49 PM > I: 03:18 PM,,,,,,,,,,,,,,,,,
Midvaleweekday206,Midvale,8-24-2026,weekday,02:00 PM,3Hrs 32Min,12720,206,2023-10-11 05:13 AM,,2023-10-11 5:10 PM,8:15,9.7,,61,3706,O,05:28 AM,I,10:28 AM,5:00,300,1:50,61,3717,O,02:00 PM,I,05:06 PM,3:06,186,,,,,,,,,,,,,,,,,,,,,,,,,,,,,,,,,,,,,,,,,,,,,,,,,,,,,,,,,,,,,,,,,,,,,,,,,RTE: 61 SCHD: 5:00,--> O: 05:28 AM > I: 10:28 AM,RTE: 61 SCHD: 3:06,--> O: 02:00 PM > I: 05:06 PM,,,,,,,,,,,,,,,,,
Midvaleweekday207,Midvale,8-24-2026,weekday,12:43 PM,2Hrs 45Min,9900,207,2023-10-11 05:33 AM,,2023-10-11 6:06 PM,9:38,12.5,,61,3707,O,05:48 AM,I,09:58 AM,4:10,250,12:33,51,3395,O,12:43 PM,I,06:02 PM,5:19,319,,,,,,,,,,,,,,,,,,,,,,,,,,,,,,,,,,,,,,,,,,,,,,,,,,,,,,,,,,,,,,,,,,,,,,,,,RTE: 61 SCHD: 4:10,--> O: 05:48 AM > I: 09:58 AM,RTE: 51 SCHD: 5:19,--> O: 12:43 PM > I: 06:02 PM,,,,,,,,,,,,,,,,,
Midvaleweekday208,Midvale,8-24-2026,weekday,02:15 PM,3Hrs 8Min,11280,208,2023-10-11 05:37 AM,,2023-10-11 6:12 PM,9:37,12.5,,61,3708,O,05:52 AM,I,11:07 AM,5:15,315,1:55,4-16,3802,RN,02:15 PM,I,06:08 PM,3:53,233,,,,,,,,,,,,,,,,,,,,,,,,,,,,,,,,,,,,,,,,,,,,,,,,,,,,,,,,,,,,,,,,,,,,,,,,,RTE: 61 SCHD: 5:15,--> O: 05:52 AM > I: 11:07 AM,RTE: 4-16 SCHD: 3:53,--> RN: 02:15 PM > I: 06:08 PM,,,,,,,,,,,,,,,,,
Midvaleweekday209,Midvale,8-24-2026,weekday,,,,209,2023-10-11 10:14 AM,,2023-10-11 6:25 PM,8:01,8.0,,61,3711,O,10:29 AM,I,06:21 PM,7:52,472,,,,,,,,,,,,,,,,,,,,,,,,,,,,,,,,,,,,,,,,,,,,,,,,,,,,,,,,,,,,,,,,,,,,,,,,,,,,,,,,,,RTE: 61 SCHD: 7:52,--> O: 10:29 AM > I: 06:21 PM,,,,,,,,,,,,,,,,,,,
Midvaleweekday210,Midvale,8-24-2026,weekday,01:10 PM,3Hrs 41Min,13260,210,2023-10-11 06:17 AM,,2023-10-11 6:52 PM,8:44,11.2,,61,3709,O,06:32 AM,I,09:29 AM,2:57,177,1:00,61,3715,O,01:10 PM,I,06:48 PM,5:38,338,,,,,,,,,,,,,,,,,,,,,,,,,,,,,,,,,,,,,,,,,,,,,,,,,,,,,,,,,,,,,,,,,,,,,,,,,RTE: 61 SCHD: 2:57,--> O: 06:32 AM > I: 09:29 AM,RTE: 61 SCHD: 5:38,--> O: 01:10 PM > I: 06:48 PM,,,,,,,,,,,,,,,,,
Midvaleweekday211,Midvale,8-24-2026,weekday,02:44 PM,2Hrs 17Min,8220,211,2023-10-11 09:13 AM,,2023-10-11 7:23 PM,7:43,8.0,,61,3710,O,09:28 AM,I,12:27 PM,2:59,179,2:34,61,3720,O,02:44 PM,I,07:19 PM,4:35,275,,,,,,,,,,,,,,,,,,,,,,,,,,,,,,,,,,,,,,,,,,,,,,,,,,,,,,,,,,,,,,,,,,,,,,,,,RTE: 61 SCHD: 2:59,--> O: 09:28 AM > I: 12:27 PM,RTE: 61 SCHD: 4:35,--> O: 02:44 PM > I: 07:19 PM,,,,,,,,,,,,,,,,,
Midvaleweekday212,Midvale,8-24-2026,weekday,,,,212,2023-10-11 03:46 PM,,2023-10-12 12:50 AM,8:54,9.4,,61,3721,O,04:01 PM,I,12:46 AM,8:45,525,,,,,,,,,,,,,,,,,,,,,,,,,,,,,,,,,,,,,,,,,,,,,,,,,,,,,,,,,,,,,,,,,,,,,,,,,,,,,,,,,,RTE: 61 SCHD: 8:45,--> O: 04:01 PM > I: 12:46 AM,,,,,,,,,,,,,,,,,,,
Midvaleweekday213,Midvale,8-24-2026,weekday,,,,213,2023-10-11 04:16 PM,,2023-10-12 1:20 AM,8:54,9.4,,61,3722,O,04:31 PM,I,01:16 AM,8:45,525,,,,,,,,,,,,,,,,,,,,,,,,,,,,,,,,,,,,,,,,,,,,,,,,,,,,,,,,,,,,,,,,,,,,,,,,,,,,,,,,,,RTE: 61 SCHD: 8:45,--> O: 04:31 PM > I: 01:16 AM,,,,,,,,,,,,,,,,,,,
Midvaleweekday214,Midvale,8-24-2026,weekday,,,,214,2023-10-11 04:48 PM,,2023-10-12 1:50 AM,8:52,9.3,,61,3723,O,05:03 PM,I,01:46 AM,8:43,523,,,,,,,,,,,,,,,,,,,,,,,,,,,,,,,,,,,,,,,,,,,,,,,,,,,,,,,,,,,,,,,,,,,,,,,,,,,,,,,,,,RTE: 61 SCHD: 8:43,--> O: 05:03 PM > I: 01:46 AM,,,,,,,,,,,,,,,,,,,
Midvaleweekday551,Midvale,8-24-2026,weekday,,,,551,2023-10-11 05:16 AM,3:59,2023-10-11 3:59 PM,10:33,11.8,,71-81,3272,O,05:31 AM,RS,03:50 PM,10:19,619,,,,,,,,,,,,,,,,,,,,,,,,,,,,,,,,,,,,,,,,,,,,,,,,,,,,,,,,,,,,,,,,,,,,,,,,,,,,,,,,,,RTE: 71-81 SCHD: 10:19,--> O: 05:31 AM > RS: 03:50 PM,,,,,,,,,,,,,,,,,,,
Midvaleweekday552,Midvale,8-24-2026,weekday,,,,552,2023-10-11 05:41 AM,2:57,2023-10-11 2:57 PM,9:06,9.7,,71-81,3273,O,05:56 AM,RN,02:48 PM,8:52,532,,,,,,,,,,,,,,,,,,,,,,,,,,,,,,,,,,,,,,,,,,,,,,,,,,,,,,,,,,,,,,,,,,,,,,,,,,,,,,,,,,RTE: 71-81 SCHD: 8:52,--> O: 05:56 AM > RN: 02:48 PM,,,,,,,,,,,,,,,,,,,
Midvaleweekday553,Midvale,8-24-2026,weekday,,,,553,2023-10-11 05:41 AM,4:14,2023-10-11 4:14 PM,10:23,11.6,,71-81,3274,O,05:56 AM,RS,04:05 PM,10:09,609,,,,,,,,,,,,,,,,,,,,,,,,,,,,,,,,,,,,,,,,,,,,,,,,,,,,,,,,,,,,,,,,,,,,,,,,,,,,,,,,,,RTE: 71-81 SCHD: 10:09,--> O: 05:56 AM > RS: 04:05 PM,,,,,,,,,,,,,,,,,,,
Midvaleweekday554,Midvale,8-24-2026,weekday,,,,554,2023-10-11 06:53 AM,,2023-10-11 4:04 PM,9:01,9.5,,71-81,3282,O,07:08 AM,I,04:00 PM,8:52,532,,,,,,,,,,,,,,,,,,,,,,,,,,,,,,,,,,,,,,,,,,,,,,,,,,,,,,,,,,,,,,,,,,,,,,,,,,,,,,,,,,RTE: 71-81 SCHD: 8:52,--> O: 07:08 AM > I: 04:00 PM,,,,,,,,,,,,,,,,,,,
Midvaleweekday555,Midvale,8-24-2026,weekday,11:31 AM,0Hrs 40Min,2400,555,2023-10-11 06:01 AM,,2023-10-11 5:30 PM,10:39,12.8,,71-81,3276,O,06:16 AM,RS,10:51 AM,4:35,275,,71-81,3280,RS,11:31 AM,I,05:26 PM,5:55,355,,,,,,,,,,,,,,,,,,,,,,,,,,,,,,,,,,,,,,,,,,,,,,,,,,,,,,,,,,,,,,,,,,,,,,,,,RTE: 71-81 SCHD: 4:35,--> O: 06:16 AM > RS: 10:51 AM,RTE: 71-81 SCHD: 5:55,--> RS: 11:31 AM > I: 05:26 PM,,,,,,,,,,,,,,,,,
Midvaleweekday556,Midvale,8-24-2026,weekday,,,,556,2023-10-11 09:57 AM,,2023-10-11 5:33 PM,7:36,8.0,,71-81,3283,RS,10:11 AM,I,05:29 PM,7:18,438,,,,,,,,,,,,,,,,,,,,,,,,,,,,,,,,,,,,,,,,,,,,,,,,,,,,,,,,,,,,,,,,,,,,,,,,,,,,,,,,,,RTE: 71-81 SCHD: 7:18,--> RS: 10:11 AM > I: 05:29 PM,,,,,,,,,,,,,,,,,,,
Midvaleweekday557,Midvale,8-24-2026,weekday,04:26 PM,1Hrs 21Min,4860,557,2023-10-11 06:09 AM,,2023-10-11 5:40 PM,10:20,12.4,,71-81,3278,O,06:24 AM,I,03:05 PM,8:41,521,4:06,4-16,3806,RN,04:26 PM,I,05:36 PM,1:10,70,,,,,,,,,,,,,,,,,,,,,,,,,,,,,,,,,,,,,,,,,,,,,,,,,,,,,,,,,,,,,,,,,,,,,,,,,RTE: 71-81 SCHD: 8:41,--> O: 06:24 AM > I: 03:05 PM,RTE: 4-16 SCHD: 1:10,--> RN: 04:26 PM > I: 05:36 PM,,,,,,,,,,,,,,,,,
Midvaleweekday558,Midvale,8-24-2026,weekday,01:03 PM,2Hrs 51Min,10260,558,2023-10-11 05:08 AM,,2023-10-11 5:43 PM,9:43,12.7,,71-81,3271,O,05:23 AM,RN,10:12 AM,4:49,289,12:53,22,3252,O,01:03 PM,I,05:39 PM,4:36,276,,,,,,,,,,,,,,,,,,,,,,,,,,,,,,,,,,,,,,,,,,,,,,,,,,,,,,,,,,,,,,,,,,,,,,,,,RTE: 71-81 SCHD: 4:49,--> O: 05:23 AM > RN: 10:12 AM,RTE: 22 SCHD: 4:36,--> O: 01:03 PM > I: 05:39 PM,,,,,,,,,,,,,,,,,
Midvaleweekday559,Midvale,8-24-2026,weekday,12:31 PM,2Hrs 45Min,9900,559,2023-10-11 05:44 AM,,2023-10-11 6:10 PM,9:31,12.2,,71-81,3275,O,05:59 AM,I,09:46 AM,3:47,227,12:21,61,3714,O,12:31 PM,I,06:06 PM,5:35,335,,,,,,,,,,,,,,,,,,,,,,,,,,,,,,,,,,,,,,,,,,,,,,,,,,,,,,,,,,,,,,,,,,,,,,,,,RTE: 71-81 SCHD: 3:47,--> O: 05:59 AM > I: 09:46 AM,RTE: 61 SCHD: 5:35,--> O: 12:31 PM > I: 06:06 PM,,,,,,,,,,,,,,,,,
Midvaleweekday560,Midvale,8-24-2026,weekday,,,,560,2023-10-11 09:38 AM,,2023-10-11 6:38 PM,9:00,9.5,,71-81,3279,RN,09:52 AM,I,06:34 PM,8:42,522,,,,,,,,,,,,,,,,,,,,,,,,,,,,,,,,,,,,,,,,,,,,,,,,,,,,,,,,,,,,,,,,,,,,,,,,,,,,,,,,,,RTE: 71-81 SCHD: 8:42,--> RN: 09:52 AM > I: 06:34 PM,,,,,,,,,,,,,,,,,,,
Midvaleweekday561,Midvale,8-24-2026,weekday,01:33 PM,3Hrs 41Min,13260,561,2023-10-11 06:10 AM,,2023-10-11 6:57 PM,9:05,12.0,,71-81,3279,O,06:25 AM,RN,09:52 AM,3:27,207,1:23,71-81,3284,O,01:33 PM,I,06:53 PM,5:20,320,,,,,,,,,,,,,,,,,,,,,,,,,,,,,,,,,,,,,,,,,,,,,,,,,,,,,,,,,,,,,,,,,,,,,,,,,RTE: 71-81 SCHD: 3:27,--> O: 06:25 AM > RN: 09:52 AM,RTE: 71-81 SCHD: 5:20,--> O: 01:33 PM > I: 06:53 PM,,,,,,,,,,,,,,,,,
Midvaleweekday562,Midvale,8-24-2026,weekday,01:20 PM,3Hrs 50Min,13800,562,2023-10-11 06:02 AM,,2023-10-11 6:59 PM,8:57,12.1,,71-81,3277,O,06:17 AM,I,09:30 AM,3:13,193,1:10,32,3212,O,01:20 PM,I,06:55 PM,5:35,335,,,,,,,,,,,,,,,,,,,,,,,,,,,,,,,,,,,,,,,,,,,,,,,,,,,,,,,,,,,,,,,,,,,,,,,,,RTE: 71-81 SCHD: 3:13,--> O: 06:17 AM > I: 09:30 AM,RTE: 32 SCHD: 5:35,--> O: 01:20 PM > I: 06:55 PM,,,,,,,,,,,,,,,,,
Midvaleweekday563,Midvale,8-24-2026,weekday,02:32 PM,3Hrs 1Min,10860,563,2023-10-11 06:24 AM,,2023-10-11 7:03 PM,9:37,12.6,,71-81,3280,O,06:39 AM,RS,11:31 AM,4:52,292,2:22,55,3515,O,02:32 PM,I,06:59 PM,4:27,267,,,,,,,,,,,,,,,,,,,,,,,,,,,,,,,,,,,,,,,,,,,,,,,,,,,,,,,,,,,,,,,,,,,,,,,,,RTE: 71-81 SCHD: 4:52,--> O: 06:39 AM > RS: 11:31 AM,RTE: 55 SCHD: 4:27,--> O: 02:32 PM > I: 06:59 PM,,,,,,,,,,,,,,,,,
Midvaleweekday564,Midvale,8-24-2026,weekday,01:52 PM,4Hrs 32Min,16320,564,2023-10-11 06:35 AM,,2023-10-11 7:11 PM,7:54,10.1,,71-81,3281,O,06:50 AM,I,09:20 AM,2:30,150,1:42,71-81,3286,O,01:52 PM,I,07:07 PM,5:15,315,,,,,,,,,,,,,,,,,,,,,,,,,,,,,,,,,,,,,,,,,,,,,,,,,,,,,,,,,,,,,,,,,,,,,,,,,RTE: 71-81 SCHD: 2:30,--> O: 06:50 AM > I: 09:20 AM,RTE: 71-81 SCHD: 5:15,--> O: 01:52 PM > I: 07:07 PM,,,,,,,,,,,,,,,,,
Midvaleweekday565,Midvale,8-24-2026,weekday,02:17 PM,4Hrs 6Min,14760,565,2023-10-11 07:04 AM,,2023-10-11 7:17 PM,8:06,9.7,,71-81,3283,O,07:19 AM,RS,10:11 AM,2:52,172,2:07,2,3484,O,02:17 PM,I,07:13 PM,4:56,296,,,,,,,,,,,,,,,,,,,,,,,,,,,,,,,,,,,,,,,,,,,,,,,,,,,,,,,,,,,,,,,,,,,,,,,,,RTE: 71-81 SCHD: 2:52,--> O: 07:19 AM > RS: 10:11 AM,RTE: 2 SCHD: 4:56,--> O: 02:17 PM > I: 07:13 PM,,,,,,,,,,,,,,,,,
Midvaleweekday566,Midvale,8-24-2026,weekday,03:50 PM,0Hrs 48Min,2880,566,2023-10-11 10:37 AM,,2023-10-11 9:13 PM,9:48,11.0,10:42,71-81,3276,RS,10:51 AM,RN,03:02 PM,4:11,251,,71-81,3272,RS,03:50 PM,I,09:09 PM,5:19,319,,,,,,,,,,,,,,,,,,,,,,,,,,,,,,,,,,,,,,,,,,,,,,,,,,,,,,,,,,,,,,,,,,,,,,,,,RTE: 71-81 SCHD: 4:11,--> RS: 10:51 AM > RN: 03:02 PM,RTE: 71-81 SCHD: 5:19,--> RS: 03:50 PM > I: 09:09 PM,,,,,,,,,,,,,,,,,
Midvaleweekday567,Midvale,8-24-2026,weekday,,,,567,2023-10-11 02:13 PM,,2023-10-12 12:13 AM,9:50,10.8,,AFG,3288,O,02:28 PM,CG,04:01 PM,1:33,93,,71-81,3288,CG,04:01 PM,I,12:09 AM,8:08,488,,,,,,,,,,,,,,,,,,,,,,,,,,,,,,,,,,,,,,,,,,,,,,,,,,,,,,,,,,,,,,,,,,,,,,,,,RTE: AFG SCHD: 1:33,--> O: 02:28 PM > CG: 04:01 PM,RTE: 71-81 SCHD: 8:08,--> CG: 04:01 PM > I: 12:09 AM,,,,,,,,,,,,,,,,,
Midvaleweekday568,Midvale,8-24-2026,weekday,05:43 PM,0Hrs 44Min,2640,568,2023-10-11 02:48 PM,,2023-10-12 1:43 AM,10:11,11.7,2:53,71-81,3276,RN,03:02 PM,I,04:59 PM,1:57,117,5:33,22,3257,O,05:43 PM,I,01:39 AM,7:56,476,,,,,,,,,,,,,,,,,,,,,,,,,,,,,,,,,,,,,,,,,,,,,,,,,,,,,,,,,,,,,,,,,,,,,,,,,RTE: 71-81 SCHD: 1:57,--> RN: 03:02 PM > I: 04:59 PM,RTE: 22 SCHD: 7:56,--> O: 05:43 PM > I: 01:39 AM,,,,,,,,,,,,,,,,,
Midvaleweekday569,Midvale,8-24-2026,weekday,,,,569,2023-10-11 04:05 PM,,2023-10-12 2:10 AM,9:55,10.9,,71-81,3292,O,04:20 PM,I,02:06 AM,9:46,586,,,,,,,,,,,,,,,,,,,,,,,,,,,,,,,,,,,,,,,,,,,,,,,,,,,,,,,,,,,,,,,,,,,,,,,,,,,,,,,,,,RTE: 71-81 SCHD: 9:46,--> O: 04:20 PM > I: 02:06 AM,,,,,,,,,,,,,,,,,,,
Midvaleweekday570,Midvale,8-24-2026,weekday,,,,570,2023-10-11 04:41 PM,,2023-10-12 2:40 AM,9:49,10.7,,71-81,3294,O,04:56 PM,I,02:36 AM,9:40,580,,,,,,,,,,,,,,,,,,,,,,,,,,,,,,,,,,,,,,,,,,,,,,,,,,,,,,,,,,,,,,,,,,,,,,,,,,,,,,,,,,RTE: 71-81 SCHD: 9:40,--> O: 04:56 PM > I: 02:36 AM,,,,,,,,,,,,,,,,,,,
Midvaleweekday571,Midvale,8-24-2026,weekday,,,,571,2023-10-11 04:58 PM,,2023-10-12 3:05 AM,9:57,10.9,,71-81,3295,O,05:13 PM,I,03:01 AM,9:48,588,,,,,,,,,,,,,,,,,,,,,,,,,,,,,,,,,,,,,,,,,,,,,,,,,,,,,,,,,,,,,,,,,,,,,,,,,,,,,,,,,,RTE: 71-81 SCHD: 9:48,--> O: 05:13 PM > I: 03:01 AM,,,,,,,,,,,,,,,,,,,
Midvaleweekday861,Midvale,8-24-2026,weekday,,,,861,2023-10-11 04:26 AM,,2023-10-11 1:07 PM,8:31,8.8,,76,3751,O,04:41 AM,I,01:03 PM,8:22,502,,,,,,,,,,,,,,,,,,,,,,,,,,,,,,,,,,,,,,,,,,,,,,,,,,,,,,,,,,,,,,,,,,,,,,,,,,,,,,,,,,RTE: 76 SCHD: 8:22,--> O: 04:41 AM > I: 01:03 PM,,,,,,,,,,,,,,,,,,,
Midvaleweekday862,Midvale,8-24-2026,weekday,,,,862,2023-10-11 05:54 AM,,2023-10-11 2:42 PM,8:38,9.0,,76,3754,O,06:09 AM,I,02:38 PM,8:29,509,,,,,,,,,,,,,,,,,,,,,,,,,,,,,,,,,,,,,,,,,,,,,,,,,,,,,,,,,,,,,,,,,,,,,,,,,,,,,,,,,,RTE: 76 SCHD: 8:29,--> O: 06:09 AM > I: 02:38 PM,,,,,,,,,,,,,,,,,,,
Midvaleweekday863,Midvale,8-24-2026,weekday,02:50 PM,0Hrs 44Min,2640,863,2023-10-11 05:27 AM,,2023-10-11 4:24 PM,10:03,11.5,,76,3753,O,05:42 AM,I,02:06 PM,8:24,504,2:40,HRS,3546,O,02:50 PM,I,04:20 PM,1:30,90,,,,,,,,,,,,,,,,,,,,,,,,,,,,,,,,,,,,,,,,,,,,,,,,,,,,,,,,,,,,,,,,,,,,,,,,,RTE: 76 SCHD: 8:24,--> O: 05:42 AM > I: 02:06 PM,RTE: HRS SCHD: 1:30,--> O: 02:50 PM > I: 04:20 PM,,,,,,,,,,,,,,,,,
Midvaleweekday864,Midvale,8-24-2026,weekday,01:57 PM,3Hrs 27Min,12420,864,2023-10-11 04:56 AM,,2023-10-11 5:14 PM,8:41,10.7,,76,3752,O,05:11 AM,I,10:30 AM,5:19,319,1:47,76,3761,O,01:57 PM,I,05:10 PM,3:13,193,,,,,,,,,,,,,,,,,,,,,,,,,,,,,,,,,,,,,,,,,,,,,,,,,,,,,,,,,,,,,,,,,,,,,,,,,RTE: 76 SCHD: 5:19,--> O: 05:11 AM > I: 10:30 AM,RTE: 76 SCHD: 3:13,--> O: 01:57 PM > I: 05:10 PM,,,,,,,,,,,,,,,,,
Midvaleweekday865,Midvale,8-24-2026,weekday,02:21 PM,2Hrs 20Min,8400,865,2023-10-11 06:23 AM,,2023-10-11 6:42 PM,9:49,12.4,,76,3755,O,06:38 AM,I,12:01 PM,5:23,323,2:11,57,3913,O,02:21 PM,I,06:38 PM,4:17,257,,,,,,,,,,,,,,,,,,,,,,,,,,,,,,,,,,,,,,,,,,,,,,,,,,,,,,,,,,,,,,,,,,,,,,,,,RTE: 76 SCHD: 5:23,--> O: 06:38 AM > I: 12:01 PM,RTE: 57 SCHD: 4:17,--> O: 02:21 PM > I: 06:38 PM,,,,,,,,,,,,,,,,,
Midvaleweekday866,Midvale,8-24-2026,weekday,02:12 PM,1Hrs 40Min,6000,866,2023-10-11 09:19 AM,,2023-10-11 7:32 PM,8:23,8.8,,76,3756,O,09:34 AM,I,12:32 PM,2:58,178,2:02,51,3400,O,02:12 PM,I,07:28 PM,5:16,316,,,,,,,,,,,,,,,,,,,,,,,,,,,,,,,,,,,,,,,,,,,,,,,,,,,,,,,,,,,,,,,,,,,,,,,,,RTE: 76 SCHD: 2:58,--> O: 09:34 AM > I: 12:32 PM,RTE: 51 SCHD: 5:16,--> O: 02:12 PM > I: 07:28 PM,,,,,,,,,,,,,,,,,
Midvaleweekday867,Midvale,8-24-2026,weekday,,,,867,2023-10-11 12:15 PM,,2023-10-11 9:00 PM,8:35,8.9,,76,3759,O,12:30 PM,I,08:56 PM,8:26,506,,,,,,,,,,,,,,,,,,,,,,,,,,,,,,,,,,,,,,,,,,,,,,,,,,,,,,,,,,,,,,,,,,,,,,,,,,,,,,,,,,RTE: 76 SCHD: 8:26,--> O: 12:30 PM > I: 08:56 PM,,,,,,,,,,,,,,,,,,,
Midvaleweekday868,Midvale,8-24-2026,weekday,,,,868,2023-10-11 10:16 AM,,2023-10-11 9:10 PM,10:44,12.1,,76,3757,O,10:31 AM,I,09:06 PM,10:35,635,,,,,,,,,,,,,,,,,,,,,,,,,,,,,,,,,,,,,,,,,,,,,,,,,,,,,,,,,,,,,,,,,,,,,,,,,,,,,,,,,,RTE: 76 SCHD: 10:35,--> O: 10:31 AM > I: 09:06 PM,,,,,,,,,,,,,,,,,,,
Midvaleweekday869,Midvale,8-24-2026,weekday,,,,869,2023-10-11 03:42 PM,,2023-10-12 12:22 AM,8:30,8.8,,76,3763,O,03:57 PM,I,12:18 AM,8:21,501,,,,,,,,,,,,,,,,,,,,,,,,,,,,,,,,,,,,,,,,,,,,,,,,,,,,,,,,,,,,,,,,,,,,,,,,,,,,,,,,,,RTE: 76 SCHD: 8:21,--> O: 03:57 PM > I: 12:18 AM,,,,,,,,,,,,,,,,,,,
Midvaleweekday870,Midvale,8-24-2026,weekday,05:01 PM,0Hrs 40Min,2400,870,2023-10-11 02:36 PM,,2023-10-12 1:19 AM,9:53,11.1,,HRS,3547,O,02:51 PM,I,04:21 PM,1:30,90,4:51,76,3764,O,05:01 PM,I,01:15 AM,8:14,494,,,,,,,,,,,,,,,,,,,,,,,,,,,,,,,,,,,,,,,,,,,,,,,,,,,,,,,,,,,,,,,,,,,,,,,,,RTE: HRS SCHD: 1:30,--> O: 02:51 PM > I: 04:21 PM,RTE: 76 SCHD: 8:14,--> O: 05:01 PM > I: 01:15 AM,,,,,,,,,,,,,,,,,
Midvaleweekday871,Midvale,8-24-2026,weekday,,,,871,2023-10-11 05:19 PM,,2023-10-12 2:17 AM,8:48,9.2,,76,3765,O,05:34 PM,I,02:13 AM,8:39,519,,,,,,,,,,,,,,,,,,,,,,,,,,,,,,,,,,,,,,,,,,,,,,,,,,,,,,,,,,,,,,,,,,,,,,,,,,,,,,,,,,RTE: 76 SCHD: 8:39,--> O: 05:34 PM > I: 02:13 AM,,,,,,,,,,,,,,,,,,,
Midvaleweekday465,Midvale,8-24-2026,weekday,02:34 PM,0Hrs 43Min,2580,465,2023-10-11 05:46 AM,,2023-10-11 4:31 PM,9:52,11.1,,77,3672,O,06:01 AM,I,01:51 PM,7:50,470,2:24,26,3112,O,02:34 PM,I,04:27 PM,1:53,113,,,,,,,,,,,,,,,,,,,,,,,,,,,,,,,,,,,,,,,,,,,,,,,,,,,,,,,,,,,,,,,,,,,,,,,,,RTE: 77 SCHD: 7:50,--> O: 06:01 AM > I: 01:51 PM,RTE: 26 SCHD: 1:53,--> O: 02:34 PM > I: 04:27 PM,,,,,,,,,,,,,,,,,
Midvaleweekday466,Midvale,8-24-2026,weekday,02:28 PM,1Hrs 2Min,3720,466,2023-10-11 05:29 AM,5:05,2023-10-11 5:05 PM,10:24,12.5,,77,3671,O,05:44 AM,I,01:26 PM,7:42,462,2:18,AFG,3111,O,02:28 PM,CG,03:41 PM,1:13,73,,26,3111,CG,03:41 PM,RW,04:30 PM,0:49,49,,,,,,,,,,,,,,,,,,,,,,,,,,,,,,,,,,,,,,,,,,,,,,,,,,,,,,,,,,,,,,,,RTE: 77 SCHD: 7:42,--> O: 05:44 AM > I: 01:26 PM,RTE: AFG SCHD: 1:13,--> O: 02:28 PM > CG: 03:41 PM,RTE: 26 SCHD: 0:49,--> CG: 03:41 PM > RW: 04:30 PM,,,,,,,,,,,,,,,
Midvaleweekday467,Midvale,8-24-2026,weekday,03:00 PM,2Hrs 10Min,7800,467,2023-10-11 06:27 AM,,2023-10-11 6:32 PM,9:45,12.0,,77,3673,O,06:42 AM,I,12:50 PM,6:08,368,2:50,71-81,3291,O,03:00 PM,I,06:28 PM,3:28,208,,,,,,,,,,,,,,,,,,,,,,,,,,,,,,,,,,,,,,,,,,,,,,,,,,,,,,,,,,,,,,,,,,,,,,,,,RTE: 77 SCHD: 6:08,--> O: 06:42 AM > I: 12:50 PM,RTE: 71-81 SCHD: 3:28,--> O: 03:00 PM > I: 06:28 PM,,,,,,,,,,,,,,,,,
Midvaleweekday468,Midvale,8-24-2026,weekday,,,,468,2023-10-11 01:20 PM,,2023-10-11 10:17 PM,8:47,9.2,,77,3676,O,01:35 PM,CG,04:42 PM,3:07,187,,23-45,3676,CG,04:42 PM,I,10:13 PM,5:31,331,,,,,,,,,,,,,,,,,,,,,,,,,,,,,,,,,,,,,,,,,,,,,,,,,,,,,,,,,,,,,,,,,,,,,,,,,RTE: 77 SCHD: 3:07,--> O: 01:35 PM > CG: 04:42 PM,RTE: 23-45 SCHD: 5:31,--> CG: 04:42 PM > I: 10:13 PM,,,,,,,,,,,,,,,,,
Midvaleweekday651,Midvale,8-24-2026,weekday,,,,651,2023-10-10 11:46 PM,,2023-10-11 8:56 AM,9:00,9.5,,B1 OWL,3551,O,12:01 AM,CG,02:33 AM,2:32,152,,56,3551,CG,02:33 AM,I,08:52 AM,6:19,379,,,,,,,,,,,,,,,,,,,,,,,,,,,,,,,,,,,,,,,,,,,,,,,,,,,,,,,,,,,,,,,,,,,,,,,,,RTE: B1 OWL SCHD: 2:32,--> O: 12:01 AM > CG: 02:33 AM,RTE: 56 SCHD: 6:19,--> CG: 02:33 AM > I: 08:52 AM,,,,,,,,,,,,,,,,,
Midvaleweekday652,Midvale,8-24-2026,weekday,,,,652,2023-10-10 11:52 PM,,2023-10-11 10:19 AM,10:17,11.4,,B1 OWL,3552,O,12:07 AM,CG,05:50 AM,5:43,343,,4-16,3552,CG,05:50 AM,I,10:15 AM,4:25,265,,,,,,,,,,,,,,,,,,,,,,,,,,,,,,,,,,,,,,,,,,,,,,,,,,,,,,,,,,,,,,,,,,,,,,,,,RTE: B1 OWL SCHD: 5:43,--> O: 12:07 AM > CG: 05:50 AM,RTE: 4-16 SCHD: 4:25,--> CG: 05:50 AM > I: 10:15 AM,,,,,,,,,,,,,,,,,
Midvaleweekday653,Midvale,8-24-2026,weekday,,,,653,2023-10-10 11:57 PM,,2023-10-11 10:24 AM,10:17,11.4,,B1 OWL,3553,O,12:12 AM,CG,05:39 AM,5:27,327,,4-16,3553,CG,05:39 AM,I,10:20 AM,4:41,281,,,,,,,,,,,,,,,,,,,,,,,,,,,,,,,,,,,,,,,,,,,,,,,,,,,,,,,,,,,,,,,,,,,,,,,,,RTE: B1 OWL SCHD: 5:27,--> O: 12:12 AM > CG: 05:39 AM,RTE: 4-16 SCHD: 4:41,--> CG: 05:39 AM > I: 10:20 AM,,,,,,,,,,,,,,,,,
Midvaleweekday654,Midvale,8-24-2026,weekday,,,,654,2023-10-11 12:02 AM,,2023-10-11 9:24 AM,9:12,9.8,,B1 OWL,3554,O,12:17 AM,CG,05:09 AM,4:52,292,,2,3554,CG,05:09 AM,I,09:20 AM,4:11,251,,,,,,,,,,,,,,,,,,,,,,,,,,,,,,,,,,,,,,,,,,,,,,,,,,,,,,,,,,,,,,,,,,,,,,,,,RTE: B1 OWL SCHD: 4:52,--> O: 12:17 AM > CG: 05:09 AM,RTE: 2 SCHD: 4:11,--> CG: 05:09 AM > I: 09:20 AM,,,,,,,,,,,,,,,,,
Midvaleweekday655,Midvale,8-24-2026,weekday,,,,655,2023-10-11 12:12 AM,,2023-10-11 10:42 AM,10:20,11.5,,B1 OWL,3555,O,12:27 AM,CG,05:26 AM,4:59,299,,4-16,3555,CG,05:26 AM,I,10:38 AM,5:12,312,,,,,,,,,,,,,,,,,,,,,,,,,,,,,,,,,,,,,,,,,,,,,,,,,,,,,,,,,,,,,,,,,,,,,,,,,RTE: B1 OWL SCHD: 4:59,--> O: 12:27 AM > CG: 05:26 AM,RTE: 4-16 SCHD: 5:12,--> CG: 05:26 AM > I: 10:38 AM,,,,,,,,,,,,,,,,,
Midvaleweekday656,Midvale,8-24-2026,weekday,,,,656,2023-10-11 04:21 AM,,2023-10-11 3:00 PM,10:29,11.7,,B1 OWL,3556,O,04:36 AM,CG,05:47 AM,1:11,71,,71-81,3556,CG,05:47 AM,I,02:56 PM,9:09,549,,,,,,,,,,,,,,,,,,,,,,,,,,,,,,,,,,,,,,,,,,,,,,,,,,,,,,,,,,,,,,,,,,,,,,,,,RTE: B1 OWL SCHD: 1:11,--> O: 04:36 AM > CG: 05:47 AM,RTE: 71-81 SCHD: 9:09,--> CG: 05:47 AM > I: 02:56 PM,,,,,,,,,,,,,,,,,
