myid,runno,depot,page_1,page,day,moblink,pclink,Trip Sheet
ComlyWeekday1,1,Comly,1 of 2,1,Weekday,https://www4.septa.org/picking/pdf/fall-a-2026/comly/paddles/weekday-paddles.pdf#page=1,https://www4.septa.org/picking/pdf/fall-a-2026/comly/paddles/weekday-paddles#page=1.pdf,https://www4.septa.org/picking/pdf/fall-a-2026/comly/trip-sheets/weekday-trip-sheets.pdf
ComlyWeekday2,2,Comly,1 of 3,3,Weekday,https://www4.septa.org/picking/pdf/fall-a-2026/comly/paddles/weekday-paddles.pdf#page=3,https://www4.septa.org/picking/pdf/fall-a-2026/comly/paddles/weekday-paddles#page=3.pdf,https://www4.septa.org/picking/pdf/fall-a-2026/comly/trip-sheets/weekday-trip-sheets.pdf
ComlyWeekday3,3,Comly,1 of 6,6,Weekday,https://www4.septa.org/picking/pdf/fall-a-2026/comly/paddles/weekday-paddles.pdf#page=6,https://www4.septa.org/picking/pdf/fall-a-2026/comly/paddles/weekday-paddles#page=6.pdf,https://www4.septa.org/picking/pdf/fall-a-2026/comly/trip-sheets/weekday-trip-sheets.pdf
ComlyWeekday4,4,Comly,1 of 3,12,Weekday,https://www4.septa.org/picking/pdf/fall-a-2026/comly/paddles/weekday-paddles.pdf#page=12,https://www4.septa.org/picking/pdf/fall-a-2026/comly/paddles/weekday-paddles#page=12.pdf,https://www4.septa.org/picking/pdf/fall-a-2026/comly/trip-sheets/weekday-trip-sheets.pdf
ComlyWeekday5,5,Comly,1 of 7,15,Weekday,https://www4.septa.org/picking/pdf/fall-a-2026/comly/paddles/weekday-paddles.pdf#page=15,https://www4.septa.org/picking/pdf/fall-a-2026/comly/paddles/weekday-paddles#page=15.pdf,https://www4.septa.org/picking/pdf/fall-a-2026/comly/trip-sheets/weekday-trip-sheets.pdf
ComlyWeekday6,6,Comly,1 of 3,22,Weekday,https://www4.septa.org/picking/pdf/fall-a-2026/comly/paddles/weekday-paddles.pdf#page=22,https://www4.septa.org/picking/pdf/fall-a-2026/comly/paddles/weekday-paddles#page=22.pdf,https://www4.septa.org/picking/pdf/fall-a-2026/comly/trip-sheets/weekday-trip-sheets.pdf
ComlyWeekday7,7,Comly,1 of 6,25,Weekday,https://www4.septa.org/picking/pdf/fall-a-2026/comly/paddles/weekday-paddles.pdf#page=25,https://www4.septa.org/picking/pdf/fall-a-2026/comly/paddles/weekday-paddles#page=25.pdf,https://www4.septa.org/picking/pdf/fall-a-2026/comly/trip-sheets/weekday-trip-sheets.pdf
ComlyWeekday8,8,Comly,1 of 3,31,Weekday,https://www4.septa.org/picking/pdf/fall-a-2026/comly/paddles/weekday-paddles.pdf#page=31,https://www4.septa.org/picking/pdf/fall-a-2026/comly/paddles/weekday-paddles#page=31.pdf,https://www4.septa.org/picking/pdf/fall-a-2026/comly/trip-sheets/weekday-trip-sheets.pdf
ComlyWeekday9,9,Comly,1 of 3,34,Weekday,https://www4.septa.org/picking/pdf/fall-a-2026/comly/paddles/weekday-paddles.pdf#page=34,https://www4.septa.org/picking/pdf/fall-a-2026/comly/paddles/weekday-paddles#page=34.pdf,https://www4.septa.org/picking/pdf/fall-a-2026/comly/trip-sheets/weekday-trip-sheets.pdf
ComlyWeekday10,10,Comly,1 of 3,37,Weekday,https://www4.septa.org/picking/pdf/fall-a-2026/comly/paddles/weekday-paddles.pdf#page=37,https://www4.septa.org/picking/pdf/fall-a-2026/comly/paddles/weekday-paddles#page=37.pdf,https://www4.septa.org/picking/pdf/fall-a-2026/comly/trip-sheets/weekday-trip-sheets.pdf
ComlyWeekday11,11,Comly,1 of 3,40,Weekday,https://www4.septa.org/picking/pdf/fall-a-2026/comly/paddles/weekday-paddles.pdf#page=40,https://www4.septa.org/picking/pdf/fall-a-2026/comly/paddles/weekday-paddles#page=40.pdf,https://www4.septa.org/picking/pdf/fall-a-2026/comly/trip-sheets/weekday-trip-sheets.pdf
ComlyWeekday12,12,Comly,1 of 6,43,Weekday,https://www4.septa.org/picking/pdf/fall-a-2026/comly/paddles/weekday-paddles.pdf#page=43,https://www4.septa.org/picking/pdf/fall-a-2026/comly/paddles/weekday-paddles#page=43.pdf,https://www4.septa.org/picking/pdf/fall-a-2026/comly/trip-sheets/weekday-trip-sheets.pdf
ComlyWeekday13,13,Comly,1 of 6,49,Weekday,https://www4.septa.org/picking/pdf/fall-a-2026/comly/paddles/weekday-paddles.pdf#page=49,https://www4.septa.org/picking/pdf/fall-a-2026/comly/paddles/weekday-paddles#page=49.pdf,https://www4.septa.org/picking/pdf/fall-a-2026/comly/trip-sheets/weekday-trip-sheets.pdf
ComlyWeekday14,14,Comly,1 of 6,55,Weekday,https://www4.septa.org/picking/pdf/fall-a-2026/comly/paddles/weekday-paddles.pdf#page=55,https://www4.septa.org/picking/pdf/fall-a-2026/comly/paddles/weekday-paddles#page=55.pdf,https://www4.septa.org/picking/pdf/fall-a-2026/comly/trip-sheets/weekday-trip-sheets.pdf
ComlyWeekday15,15,Comly,1 of 3,61,Weekday,https://www4.septa.org/picking/pdf/fall-a-2026/comly/paddles/weekday-paddles.pdf#page=61,https://www4.septa.org/picking/pdf/fall-a-2026/comly/paddles/weekday-paddles#page=61.pdf,https://www4.septa.org/picking/pdf/fall-a-2026/comly/trip-sheets/weekday-trip-sheets.pdf
ComlyWeekday16,16,Comly,1 of 6,64,Weekday,https://www4.septa.org/picking/pdf/fall-a-2026/comly/paddles/weekday-paddles.pdf#page=64,https://www4.septa.org/picking/pdf/fall-a-2026/comly/paddles/weekday-paddles#page=64.pdf,https://www4.septa.org/picking/pdf/fall-a-2026/comly/trip-sheets/weekday-trip-sheets.pdf
ComlyWeekday17,17,Comly,1 of 6,70,Weekday,https://www4.septa.org/picking/pdf/fall-a-2026/comly/paddles/weekday-paddles.pdf#page=70,https://www4.septa.org/picking/pdf/fall-a-2026/comly/paddles/weekday-paddles#page=70.pdf,https://www4.septa.org/picking/pdf/fall-a-2026/comly/trip-sheets/weekday-trip-sheets.pdf
ComlyWeekday18,18,Comly,1 of 2,76,Weekday,https://www4.septa.org/picking/pdf/fall-a-2026/comly/paddles/weekday-paddles.pdf#page=76,https://www4.septa.org/picking/pdf/fall-a-2026/comly/paddles/weekday-paddles#page=76.pdf,https://www4.septa.org/picking/pdf/fall-a-2026/comly/trip-sheets/weekday-trip-sheets.pdf
ComlyWeekday19,19,Comly,1 of 6,78,Weekday,https://www4.septa.org/picking/pdf/fall-a-2026/comly/paddles/weekday-paddles.pdf#page=78,https://www4.septa.org/picking/pdf/fall-a-2026/comly/paddles/weekday-paddles#page=78.pdf,https://www4.septa.org/picking/pdf/fall-a-2026/comly/trip-sheets/weekday-trip-sheets.pdf
ComlyWeekday20,20,Comly,1 of 4,84,Weekday,https://www4.septa.org/picking/pdf/fall-a-2026/comly/paddles/weekday-paddles.pdf#page=84,https://www4.septa.org/picking/pdf/fall-a-2026/comly/paddles/weekday-paddles#page=84.pdf,https://www4.septa.org/picking/pdf/fall-a-2026/comly/trip-sheets/weekday-trip-sheets.pdf
ComlyWeekday21,21,Comly,1 of 6,88,Weekday,https://www4.septa.org/picking/pdf/fall-a-2026/comly/paddles/weekday-paddles.pdf#page=88,https://www4.septa.org/picking/pdf/fall-a-2026/comly/paddles/weekday-paddles#page=88.pdf,https://www4.septa.org/picking/pdf/fall-a-2026/comly/trip-sheets/weekday-trip-sheets.pdf
ComlyWeekday22,22,Comly,1 of 6,94,Weekday,https://www4.septa.org/picking/pdf/fall-a-2026/comly/paddles/weekday-paddles.pdf#page=94,https://www4.septa.org/picking/pdf/fall-a-2026/comly/paddles/weekday-paddles#page=94.pdf,https://www4.septa.org/picking/pdf/fall-a-2026/comly/trip-sheets/weekday-trip-sheets.pdf
ComlyWeekday51,51,Comly,1 of 3,100,Weekday,https://www4.septa.org/picking/pdf/fall-a-2026/comly/paddles/weekday-paddles.pdf#page=100,https://www4.septa.org/picking/pdf/fall-a-2026/comly/paddles/weekday-paddles#page=100.pdf,https://www4.septa.org/picking/pdf/fall-a-2026/comly/trip-sheets/weekday-trip-sheets.pdf
ComlyWeekday52,52,Comly,1 of 2,103,Weekday,https://www4.septa.org/picking/pdf/fall-a-2026/comly/paddles/weekday-paddles.pdf#page=103,https://www4.septa.org/picking/pdf/fall-a-2026/comly/paddles/weekday-paddles#page=103.pdf,https://www4.septa.org/picking/pdf/fall-a-2026/comly/trip-sheets/weekday-trip-sheets.pdf
ComlyWeekday53,53,Comly,1 of 3,105,Weekday,https://www4.septa.org/picking/pdf/fall-a-2026/comly/paddles/weekday-paddles.pdf#page=105,https://www4.septa.org/picking/pdf/fall-a-2026/comly/paddles/weekday-paddles#page=105.pdf,https://www4.septa.org/picking/pdf/fall-a-2026/comly/trip-sheets/weekday-trip-sheets.pdf
ComlyWeekday54,54,Comly,1 of 3,108,Weekday,https://www4.septa.org/picking/pdf/fall-a-2026/comly/paddles/weekday-paddles.pdf#page=108,https://www4.septa.org/picking/pdf/fall-a-2026/comly/paddles/weekday-paddles#page=108.pdf,https://www4.septa.org/picking/pdf/fall-a-2026/comly/trip-sheets/weekday-trip-sheets.pdf
ComlyWeekday55,55,Comly,1 of 3,111,Weekday,https://www4.septa.org/picking/pdf/fall-a-2026/comly/paddles/weekday-paddles.pdf#page=111,https://www4.septa.org/picking/pdf/fall-a-2026/comly/paddles/weekday-paddles#page=111.pdf,https://www4.septa.org/picking/pdf/fall-a-2026/comly/trip-sheets/weekday-trip-sheets.pdf
ComlyWeekday56,56,Comly,1 of 3,114,Weekday,https://www4.septa.org/picking/pdf/fall-a-2026/comly/paddles/weekday-paddles.pdf#page=114,https://www4.septa.org/picking/pdf/fall-a-2026/comly/paddles/weekday-paddles#page=114.pdf,https://www4.septa.org/picking/pdf/fall-a-2026/comly/trip-sheets/weekday-trip-sheets.pdf
ComlyWeekday57,57,Comly,1 of 3,117,Weekday,https://www4.septa.org/picking/pdf/fall-a-2026/comly/paddles/weekday-paddles.pdf#page=117,https://www4.septa.org/picking/pdf/fall-a-2026/comly/paddles/weekday-paddles#page=117.pdf,https://www4.septa.org/picking/pdf/fall-a-2026/comly/trip-sheets/weekday-trip-sheets.pdf
ComlyWeekday58,58,Comly,1 of 3,120,Weekday,https://www4.septa.org/picking/pdf/fall-a-2026/comly/paddles/weekday-paddles.pdf#page=120,https://www4.septa.org/picking/pdf/fall-a-2026/comly/paddles/weekday-paddles#page=120.pdf,https://www4.septa.org/picking/pdf/fall-a-2026/comly/trip-sheets/weekday-trip-sheets.pdf
ComlyWeekday59,59,Comly,1 of 2,123,Weekday,https://www4.septa.org/picking/pdf/fall-a-2026/comly/paddles/weekday-paddles.pdf#page=123,https://www4.septa.org/picking/pdf/fall-a-2026/comly/paddles/weekday-paddles#page=123.pdf,https://www4.septa.org/picking/pdf/fall-a-2026/comly/trip-sheets/weekday-trip-sheets.pdf
ComlyWeekday60,60,Comly,1 of 2,125,Weekday,https://www4.septa.org/picking/pdf/fall-a-2026/comly/paddles/weekday-paddles.pdf#page=125,https://www4.septa.org/picking/pdf/fall-a-2026/comly/paddles/weekday-paddles#page=125.pdf,https://www4.septa.org/picking/pdf/fall-a-2026/comly/trip-sheets/weekday-trip-sheets.pdf
ComlyWeekday61,61,Comly,1 of 2,127,Weekday,https://www4.septa.org/picking/pdf/fall-a-2026/comly/paddles/weekday-paddles.pdf#page=127,https://www4.septa.org/picking/pdf/fall-a-2026/comly/paddles/weekday-paddles#page=127.pdf,https://www4.septa.org/picking/pdf/fall-a-2026/comly/trip-sheets/weekday-trip-sheets.pdf
ComlyWeekday62,62,Comly,1 of 2,129,Weekday,https://www4.septa.org/picking/pdf/fall-a-2026/comly/paddles/weekday-paddles.pdf#page=129,https://www4.septa.org/picking/pdf/fall-a-2026/comly/paddles/weekday-paddles#page=129.pdf,https://www4.septa.org/picking/pdf/fall-a-2026/comly/trip-sheets/weekday-trip-sheets.pdf
ComlyWeekday63,63,Comly,1 of 2,131,Weekday,https://www4.septa.org/picking/pdf/fall-a-2026/comly/paddles/weekday-paddles.pdf#page=131,https://www4.septa.org/picking/pdf/fall-a-2026/comly/paddles/weekday-paddles#page=131.pdf,https://www4.septa.org/picking/pdf/fall-a-2026/comly/trip-sheets/weekday-trip-sheets.pdf
ComlyWeekday64,64,Comly,1 of 2,133,Weekday,https://www4.septa.org/picking/pdf/fall-a-2026/comly/paddles/weekday-paddles.pdf#page=133,https://www4.septa.org/picking/pdf/fall-a-2026/comly/paddles/weekday-paddles#page=133.pdf,https://www4.septa.org/picking/pdf/fall-a-2026/comly/trip-sheets/weekday-trip-sheets.pdf
ComlyWeekday65,65,Comly,1 of 3,135,Weekday,https://www4.septa.org/picking/pdf/fall-a-2026/comly/paddles/weekday-paddles.pdf#page=135,https://www4.septa.org/picking/pdf/fall-a-2026/comly/paddles/weekday-paddles#page=135.pdf,https://www4.septa.org/picking/pdf/fall-a-2026/comly/trip-sheets/weekday-trip-sheets.pdf
ComlyWeekday66,66,Comly,1 of 3,138,Weekday,https://www4.septa.org/picking/pdf/fall-a-2026/comly/paddles/weekday-paddles.pdf#page=138,https://www4.septa.org/picking/pdf/fall-a-2026/comly/paddles/weekday-paddles#page=138.pdf,https://www4.septa.org/picking/pdf/fall-a-2026/comly/trip-sheets/weekday-trip-sheets.pdf
ComlyWeekday201,201,Comly,1 of 2,141,Weekday,https://www4.septa.org/picking/pdf/fall-a-2026/comly/paddles/weekday-paddles.pdf#page=141,https://www4.septa.org/picking/pdf/fall-a-2026/comly/paddles/weekday-paddles#page=141.pdf,https://www4.septa.org/picking/pdf/fall-a-2026/comly/trip-sheets/weekday-trip-sheets.pdf
ComlyWeekday202,202,Comly,1 of 2,143,Weekday,https://www4.septa.org/picking/pdf/fall-a-2026/comly/paddles/weekday-paddles.pdf#page=143,https://www4.septa.org/picking/pdf/fall-a-2026/comly/paddles/weekday-paddles#page=143.pdf,https://www4.septa.org/picking/pdf/fall-a-2026/comly/trip-sheets/weekday-trip-sheets.pdf
ComlyWeekday203,203,Comly,1 of 3,145,Weekday,https://www4.septa.org/picking/pdf/fall-a-2026/comly/paddles/weekday-paddles.pdf#page=145,https://www4.septa.org/picking/pdf/fall-a-2026/comly/paddles/weekday-paddles#page=145.pdf,https://www4.septa.org/picking/pdf/fall-a-2026/comly/trip-sheets/weekday-trip-sheets.pdf
ComlyWeekday204,204,Comly,1 of 3,148,Weekday,https://www4.septa.org/picking/pdf/fall-a-2026/comly/paddles/weekday-paddles.pdf#page=148,https://www4.septa.org/picking/pdf/fall-a-2026/comly/paddles/weekday-paddles#page=148.pdf,https://www4.septa.org/picking/pdf/fall-a-2026/comly/trip-sheets/weekday-trip-sheets.pdf
ComlyWeekday205,205,Comly,1 of 2,151,Weekday,https://www4.septa.org/picking/pdf/fall-a-2026/comly/paddles/weekday-paddles.pdf#page=151,https://www4.septa.org/picking/pdf/fall-a-2026/comly/paddles/weekday-paddles#page=151.pdf,https://www4.septa.org/picking/pdf/fall-a-2026/comly/trip-sheets/weekday-trip-sheets.pdf
ComlyWeekday206,206,Comly,1 of 2,153,Weekday,https://www4.septa.org/picking/pdf/fall-a-2026/comly/paddles/weekday-paddles.pdf#page=153,https://www4.septa.org/picking/pdf/fall-a-2026/comly/paddles/weekday-paddles#page=153.pdf,https://www4.septa.org/picking/pdf/fall-a-2026/comly/trip-sheets/weekday-trip-sheets.pdf
ComlyWeekday207,207,Comly,1 of 3,155,Weekday,https://www4.septa.org/picking/pdf/fall-a-2026/comly/paddles/weekday-paddles.pdf#page=155,https://www4.septa.org/picking/pdf/fall-a-2026/comly/paddles/weekday-paddles#page=155.pdf,https://www4.septa.org/picking/pdf/fall-a-2026/comly/trip-sheets/weekday-trip-sheets.pdf
ComlyWeekday251,251,Comly,1 of 3,158,Weekday,https://www4.septa.org/picking/pdf/fall-a-2026/comly/paddles/weekday-paddles.pdf#page=158,https://www4.septa.org/picking/pdf/fall-a-2026/comly/paddles/weekday-paddles#page=158.pdf,https://www4.septa.org/picking/pdf/fall-a-2026/comly/trip-sheets/weekday-trip-sheets.pdf
ComlyWeekday252,252,Comly,1 of 3,161,Weekday,https://www4.septa.org/picking/pdf/fall-a-2026/comly/paddles/weekday-paddles.pdf#page=161,https://www4.septa.org/picking/pdf/fall-a-2026/comly/paddles/weekday-paddles#page=161.pdf,https://www4.septa.org/picking/pdf/fall-a-2026/comly/trip-sheets/weekday-trip-sheets.pdf
ComlyWeekday253,253,Comly,1 of 3,164,Weekday,https://www4.septa.org/picking/pdf/fall-a-2026/comly/paddles/weekday-paddles.pdf#page=164,https://www4.septa.org/picking/pdf/fall-a-2026/comly/paddles/weekday-paddles#page=164.pdf,https://www4.septa.org/picking/pdf/fall-a-2026/comly/trip-sheets/weekday-trip-sheets.pdf
ComlyWeekday254,254,Comly,1 of 3,167,Weekday,https://www4.septa.org/picking/pdf/fall-a-2026/comly/paddles/weekday-paddles.pdf#page=167,https://www4.septa.org/picking/pdf/fall-a-2026/comly/paddles/weekday-paddles#page=167.pdf,https://www4.septa.org/picking/pdf/fall-a-2026/comly/trip-sheets/weekday-trip-sheets.pdf
ComlyWeekday255,255,Comly,1 of 3,170,Weekday,https://www4.septa.org/picking/pdf/fall-a-2026/comly/paddles/weekday-paddles.pdf#page=170,https://www4.septa.org/picking/pdf/fall-a-2026/comly/paddles/weekday-paddles#page=170.pdf,https://www4.septa.org/picking/pdf/fall-a-2026/comly/trip-sheets/weekday-trip-sheets.pdf
ComlyWeekday256,256,Comly,1 of 2,173,Weekday,https://www4.septa.org/picking/pdf/fall-a-2026/comly/paddles/weekday-paddles.pdf#page=173,https://www4.septa.org/picking/pdf/fall-a-2026/comly/paddles/weekday-paddles#page=173.pdf,https://www4.septa.org/picking/pdf/fall-a-2026/comly/trip-sheets/weekday-trip-sheets.pdf
ComlyWeekday301,301,Comly,1 of 2,175,Weekday,https://www4.septa.org/picking/pdf/fall-a-2026/comly/paddles/weekday-paddles.pdf#page=175,https://www4.septa.org/picking/pdf/fall-a-2026/comly/paddles/weekday-paddles#page=175.pdf,https://www4.septa.org/picking/pdf/fall-a-2026/comly/trip-sheets/weekday-trip-sheets.pdf
ComlyWeekday302,302,Comly,1 of 2,177,Weekday,https://www4.septa.org/picking/pdf/fall-a-2026/comly/paddles/weekday-paddles.pdf#page=177,https://www4.septa.org/picking/pdf/fall-a-2026/comly/paddles/weekday-paddles#page=177.pdf,https://www4.septa.org/picking/pdf/fall-a-2026/comly/trip-sheets/weekday-trip-sheets.pdf
ComlyWeekday303,303,Comly,1 of 2,179,Weekday,https://www4.septa.org/picking/pdf/fall-a-2026/comly/paddles/weekday-paddles.pdf#page=179,https://www4.septa.org/picking/pdf/fall-a-2026/comly/paddles/weekday-paddles#page=179.pdf,https://www4.septa.org/picking/pdf/fall-a-2026/comly/trip-sheets/weekday-trip-sheets.pdf
ComlyWeekday401,401,Comly,1 of 3,181,Weekday,https://www4.septa.org/picking/pdf/fall-a-2026/comly/paddles/weekday-paddles.pdf#page=181,https://www4.septa.org/picking/pdf/fall-a-2026/comly/paddles/weekday-paddles#page=181.pdf,https://www4.septa.org/picking/pdf/fall-a-2026/comly/trip-sheets/weekday-trip-sheets.pdf
ComlyWeekday402,402,Comly,1 of 3,184,Weekday,https://www4.septa.org/picking/pdf/fall-a-2026/comly/paddles/weekday-paddles.pdf#page=184,https://www4.septa.org/picking/pdf/fall-a-2026/comly/paddles/weekday-paddles#page=184.pdf,https://www4.septa.org/picking/pdf/fall-a-2026/comly/trip-sheets/weekday-trip-sheets.pdf
ComlyWeekday403,403,Comly,1 of 3,187,Weekday,https://www4.septa.org/picking/pdf/fall-a-2026/comly/paddles/weekday-paddles.pdf#page=187,https://www4.septa.org/picking/pdf/fall-a-2026/comly/paddles/weekday-paddles#page=187.pdf,https://www4.septa.org/picking/pdf/fall-a-2026/comly/trip-sheets/weekday-trip-sheets.pdf
ComlyWeekday404,404,Comly,1 of 6,190,Weekday,https://www4.septa.org/picking/pdf/fall-a-2026/comly/paddles/weekday-paddles.pdf#page=190,https://www4.septa.org/picking/pdf/fall-a-2026/comly/paddles/weekday-paddles#page=190.pdf,https://www4.septa.org/picking/pdf/fall-a-2026/comly/trip-sheets/weekday-trip-sheets.pdf
ComlyWeekday405,405,Comly,1 of 4,196,Weekday,https://www4.septa.org/picking/pdf/fall-a-2026/comly/paddles/weekday-paddles.pdf#page=196,https://www4.septa.org/picking/pdf/fall-a-2026/comly/paddles/weekday-paddles#page=196.pdf,https://www4.septa.org/picking/pdf/fall-a-2026/comly/trip-sheets/weekday-trip-sheets.pdf
ComlyWeekday406,406,Comly,1 of 3,200,Weekday,https://www4.septa.org/picking/pdf/fall-a-2026/comly/paddles/weekday-paddles.pdf#page=200,https://www4.septa.org/picking/pdf/fall-a-2026/comly/paddles/weekday-paddles#page=200.pdf,https://www4.septa.org/picking/pdf/fall-a-2026/comly/trip-sheets/weekday-trip-sheets.pdf
ComlyWeekday407,407,Comly,1 of 3,203,Weekday,https://www4.septa.org/picking/pdf/fall-a-2026/comly/paddles/weekday-paddles.pdf#page=203,https://www4.septa.org/picking/pdf/fall-a-2026/comly/paddles/weekday-paddles#page=203.pdf,https://www4.septa.org/picking/pdf/fall-a-2026/comly/trip-sheets/weekday-trip-sheets.pdf
ComlyWeekday408,408,Comly,1 of 3,206,Weekday,https://www4.septa.org/picking/pdf/fall-a-2026/comly/paddles/weekday-paddles.pdf#page=206,https://www4.septa.org/picking/pdf/fall-a-2026/comly/paddles/weekday-paddles#page=206.pdf,https://www4.septa.org/picking/pdf/fall-a-2026/comly/trip-sheets/weekday-trip-sheets.pdf
ComlyWeekday409,409,Comly,1 of 2,209,Weekday,https://www4.septa.org/picking/pdf/fall-a-2026/comly/paddles/weekday-paddles.pdf#page=209,https://www4.septa.org/picking/pdf/fall-a-2026/comly/paddles/weekday-paddles#page=209.pdf,https://www4.septa.org/picking/pdf/fall-a-2026/comly/trip-sheets/weekday-trip-sheets.pdf
ComlyWeekday410,410,Comly,1 of 3,211,Weekday,https://www4.septa.org/picking/pdf/fall-a-2026/comly/paddles/weekday-paddles.pdf#page=211,https://www4.septa.org/picking/pdf/fall-a-2026/comly/paddles/weekday-paddles#page=211.pdf,https://www4.septa.org/picking/pdf/fall-a-2026/comly/trip-sheets/weekday-trip-sheets.pdf
ComlyWeekday411,411,Comly,1 of 3,214,Weekday,https://www4.septa.org/picking/pdf/fall-a-2026/comly/paddles/weekday-paddles.pdf#page=214,https://www4.septa.org/picking/pdf/fall-a-2026/comly/paddles/weekday-paddles#page=214.pdf,https://www4.septa.org/picking/pdf/fall-a-2026/comly/trip-sheets/weekday-trip-sheets.pdf
ComlyWeekday412,412,Comly,1 of 3,217,Weekday,https://www4.septa.org/picking/pdf/fall-a-2026/comly/paddles/weekday-paddles.pdf#page=217,https://www4.septa.org/picking/pdf/fall-a-2026/comly/paddles/weekday-paddles#page=217.pdf,https://www4.septa.org/picking/pdf/fall-a-2026/comly/trip-sheets/weekday-trip-sheets.pdf
ComlyWeekday413,413,Comly,1 of 3,220,Weekday,https://www4.septa.org/picking/pdf/fall-a-2026/comly/paddles/weekday-paddles.pdf#page=220,https://www4.septa.org/picking/pdf/fall-a-2026/comly/paddles/weekday-paddles#page=220.pdf,https://www4.septa.org/picking/pdf/fall-a-2026/comly/trip-sheets/weekday-trip-sheets.pdf
ComlyWeekday414,414,Comly,1 of 2,223,Weekday,https://www4.septa.org/picking/pdf/fall-a-2026/comly/paddles/weekday-paddles.pdf#page=223,https://www4.septa.org/picking/pdf/fall-a-2026/comly/paddles/weekday-paddles#page=223.pdf,https://www4.septa.org/picking/pdf/fall-a-2026/comly/trip-sheets/weekday-trip-sheets.pdf
ComlyWeekday415,415,Comly,1 of 2,225,Weekday,https://www4.septa.org/picking/pdf/fall-a-2026/comly/paddles/weekday-paddles.pdf#page=225,https://www4.septa.org/picking/pdf/fall-a-2026/comly/paddles/weekday-paddles#page=225.pdf,https://www4.septa.org/picking/pdf/fall-a-2026/comly/trip-sheets/weekday-trip-sheets.pdf
ComlyWeekday416,416,Comly,1 of 3,227,Weekday,https://www4.septa.org/picking/pdf/fall-a-2026/comly/paddles/weekday-paddles.pdf#page=227,https://www4.septa.org/picking/pdf/fall-a-2026/comly/paddles/weekday-paddles#page=227.pdf,https://www4.septa.org/picking/pdf/fall-a-2026/comly/trip-sheets/weekday-trip-sheets.pdf
ComlyWeekday417,417,Comly,1 of 3,230,Weekday,https://www4.septa.org/picking/pdf/fall-a-2026/comly/paddles/weekday-paddles.pdf#page=230,https://www4.septa.org/picking/pdf/fall-a-2026/comly/paddles/weekday-paddles#page=230.pdf,https://www4.septa.org/picking/pdf/fall-a-2026/comly/trip-sheets/weekday-trip-sheets.pdf
ComlyWeekday418,418,Comly,1 of 3,233,Weekday,https://www4.septa.org/picking/pdf/fall-a-2026/comly/paddles/weekday-paddles.pdf#page=233,https://www4.septa.org/picking/pdf/fall-a-2026/comly/paddles/weekday-paddles#page=233.pdf,https://www4.septa.org/picking/pdf/fall-a-2026/comly/trip-sheets/weekday-trip-sheets.pdf
ComlyWeekday419,419,Comly,1 of 3,236,Weekday,https://www4.septa.org/picking/pdf/fall-a-2026/comly/paddles/weekday-paddles.pdf#page=236,https://www4.septa.org/picking/pdf/fall-a-2026/comly/paddles/weekday-paddles#page=236.pdf,https://www4.septa.org/picking/pdf/fall-a-2026/comly/trip-sheets/weekday-trip-sheets.pdf
ComlyWeekday420,420,Comly,1 of 3,239,Weekday,https://www4.septa.org/picking/pdf/fall-a-2026/comly/paddles/weekday-paddles.pdf#page=239,https://www4.septa.org/picking/pdf/fall-a-2026/comly/paddles/weekday-paddles#page=239.pdf,https://www4.septa.org/picking/pdf/fall-a-2026/comly/trip-sheets/weekday-trip-sheets.pdf
ComlyWeekday421,421,Comly,1 of 3,242,Weekday,https://www4.septa.org/picking/pdf/fall-a-2026/comly/paddles/weekday-paddles.pdf#page=242,https://www4.septa.org/picking/pdf/fall-a-2026/comly/paddles/weekday-paddles#page=242.pdf,https://www4.septa.org/picking/pdf/fall-a-2026/comly/trip-sheets/weekday-trip-sheets.pdf
ComlyWeekday501,501,Comly,1 of 3,245,Weekday,https://www4.septa.org/picking/pdf/fall-a-2026/comly/paddles/weekday-paddles.pdf#page=245,https://www4.septa.org/picking/pdf/fall-a-2026/comly/paddles/weekday-paddles#page=245.pdf,https://www4.septa.org/picking/pdf/fall-a-2026/comly/trip-sheets/weekday-trip-sheets.pdf
ComlyWeekday502,502,Comly,1 of 3,248,Weekday,https://www4.septa.org/picking/pdf/fall-a-2026/comly/paddles/weekday-paddles.pdf#page=248,https://www4.septa.org/picking/pdf/fall-a-2026/comly/paddles/weekday-paddles#page=248.pdf,https://www4.septa.org/picking/pdf/fall-a-2026/comly/trip-sheets/weekday-trip-sheets.pdf
ComlyWeekday503,503,Comly,1 of 3,251,Weekday,https://www4.septa.org/picking/pdf/fall-a-2026/comly/paddles/weekday-paddles.pdf#page=251,https://www4.septa.org/picking/pdf/fall-a-2026/comly/paddles/weekday-paddles#page=251.pdf,https://www4.septa.org/picking/pdf/fall-a-2026/comly/trip-sheets/weekday-trip-sheets.pdf
ComlyWeekday504,504,Comly,1 of 6,254,Weekday,https://www4.septa.org/picking/pdf/fall-a-2026/comly/paddles/weekday-paddles.pdf#page=254,https://www4.septa.org/picking/pdf/fall-a-2026/comly/paddles/weekday-paddles#page=254.pdf,https://www4.septa.org/picking/pdf/fall-a-2026/comly/trip-sheets/weekday-trip-sheets.pdf
ComlyWeekday505,505,Comly,1 of 3,260,Weekday,https://www4.septa.org/picking/pdf/fall-a-2026/comly/paddles/weekday-paddles.pdf#page=260,https://www4.septa.org/picking/pdf/fall-a-2026/comly/paddles/weekday-paddles#page=260.pdf,https://www4.septa.org/picking/pdf/fall-a-2026/comly/trip-sheets/weekday-trip-sheets.pdf
ComlyWeekday506,506,Comly,1 of 3,263,Weekday,https://www4.septa.org/picking/pdf/fall-a-2026/comly/paddles/weekday-paddles.pdf#page=263,https://www4.septa.org/picking/pdf/fall-a-2026/comly/paddles/weekday-paddles#page=263.pdf,https://www4.septa.org/picking/pdf/fall-a-2026/comly/trip-sheets/weekday-trip-sheets.pdf
ComlyWeekday507,507,Comly,1 of 3,266,Weekday,https://www4.septa.org/picking/pdf/fall-a-2026/comly/paddles/weekday-paddles.pdf#page=266,https://www4.septa.org/picking/pdf/fall-a-2026/comly/paddles/weekday-paddles#page=266.pdf,https://www4.septa.org/picking/pdf/fall-a-2026/comly/trip-sheets/weekday-trip-sheets.pdf
ComlyWeekday508,508,Comly,1 of 2,269,Weekday,https://www4.septa.org/picking/pdf/fall-a-2026/comly/paddles/weekday-paddles.pdf#page=269,https://www4.septa.org/picking/pdf/fall-a-2026/comly/paddles/weekday-paddles#page=269.pdf,https://www4.septa.org/picking/pdf/fall-a-2026/comly/trip-sheets/weekday-trip-sheets.pdf
ComlyWeekday509,509,Comly,1 of 2,271,Weekday,https://www4.septa.org/picking/pdf/fall-a-2026/comly/paddles/weekday-paddles.pdf#page=271,https://www4.septa.org/picking/pdf/fall-a-2026/comly/paddles/weekday-paddles#page=271.pdf,https://www4.septa.org/picking/pdf/fall-a-2026/comly/trip-sheets/weekday-trip-sheets.pdf
ComlyWeekday510,510,Comly,1 of 2,273,Weekday,https://www4.septa.org/picking/pdf/fall-a-2026/comly/paddles/weekday-paddles.pdf#page=273,https://www4.septa.org/picking/pdf/fall-a-2026/comly/paddles/weekday-paddles#page=273.pdf,https://www4.septa.org/picking/pdf/fall-a-2026/comly/trip-sheets/weekday-trip-sheets.pdf
ComlyWeekday551,551,Comly,1 of 3,275,Weekday,https://www4.septa.org/picking/pdf/fall-a-2026/comly/paddles/weekday-paddles.pdf#page=275,https://www4.septa.org/picking/pdf/fall-a-2026/comly/paddles/weekday-paddles#page=275.pdf,https://www4.septa.org/picking/pdf/fall-a-2026/comly/trip-sheets/weekday-trip-sheets.pdf
ComlyWeekday552,552,Comly,1 of 2,278,Weekday,https://www4.septa.org/picking/pdf/fall-a-2026/comly/paddles/weekday-paddles.pdf#page=278,https://www4.septa.org/picking/pdf/fall-a-2026/comly/paddles/weekday-paddles#page=278.pdf,https://www4.septa.org/picking/pdf/fall-a-2026/comly/trip-sheets/weekday-trip-sheets.pdf
ComlyWeekday553,553,Comly,1 of 3,280,Weekday,https://www4.septa.org/picking/pdf/fall-a-2026/comly/paddles/weekday-paddles.pdf#page=280,https://www4.septa.org/picking/pdf/fall-a-2026/comly/paddles/weekday-paddles#page=280.pdf,https://www4.septa.org/picking/pdf/fall-a-2026/comly/trip-sheets/weekday-trip-sheets.pdf
ComlyWeekday554,554,Comly,1 of 3,283,Weekday,https://www4.septa.org/picking/pdf/fall-a-2026/comly/paddles/weekday-paddles.pdf#page=283,https://www4.septa.org/picking/pdf/fall-a-2026/comly/paddles/weekday-paddles#page=283.pdf,https://www4.septa.org/picking/pdf/fall-a-2026/comly/trip-sheets/weekday-trip-sheets.pdf
ComlyWeekday555,555,Comly,1 of 2,286,Weekday,https://www4.septa.org/picking/pdf/fall-a-2026/comly/paddles/weekday-paddles.pdf#page=286,https://www4.septa.org/picking/pdf/fall-a-2026/comly/paddles/weekday-paddles#page=286.pdf,https://www4.septa.org/picking/pdf/fall-a-2026/comly/trip-sheets/weekday-trip-sheets.pdf
ComlyWeekday601,601,Comly,1 of 2,288,Weekday,https://www4.septa.org/picking/pdf/fall-a-2026/comly/paddles/weekday-paddles.pdf#page=288,https://www4.septa.org/picking/pdf/fall-a-2026/comly/paddles/weekday-paddles#page=288.pdf,https://www4.septa.org/picking/pdf/fall-a-2026/comly/trip-sheets/weekday-trip-sheets.pdf
ComlyWeekday602,602,Comly,1 of 2,290,Weekday,https://www4.septa.org/picking/pdf/fall-a-2026/comly/paddles/weekday-paddles.pdf#page=290,https://www4.septa.org/picking/pdf/fall-a-2026/comly/paddles/weekday-paddles#page=290.pdf,https://www4.septa.org/picking/pdf/fall-a-2026/comly/trip-sheets/weekday-trip-sheets.pdf
ComlyWeekday603,603,Comly,1 of 2,292,Weekday,https://www4.septa.org/picking/pdf/fall-a-2026/comly/paddles/weekday-paddles.pdf#page=292,https://www4.septa.org/picking/pdf/fall-a-2026/comly/paddles/weekday-paddles#page=292.pdf,https://www4.septa.org/picking/pdf/fall-a-2026/comly/trip-sheets/weekday-trip-sheets.pdf
ComlyWeekday604,604,Comly,1 of 2,294,Weekday,https://www4.septa.org/picking/pdf/fall-a-2026/comly/paddles/weekday-paddles.pdf#page=294,https://www4.septa.org/picking/pdf/fall-a-2026/comly/paddles/weekday-paddles#page=294.pdf,https://www4.septa.org/picking/pdf/fall-a-2026/comly/trip-sheets/weekday-trip-sheets.pdf
ComlyWeekday605,605,Comly,1 of 2,296,Weekday,https://www4.septa.org/picking/pdf/fall-a-2026/comly/paddles/weekday-paddles.pdf#page=296,https://www4.septa.org/picking/pdf/fall-a-2026/comly/paddles/weekday-paddles#page=296.pdf,https://www4.septa.org/picking/pdf/fall-a-2026/comly/trip-sheets/weekday-trip-sheets.pdf
ComlyWeekday606,606,Comly,1 of 2,298,Weekday,https://www4.septa.org/picking/pdf/fall-a-2026/comly/paddles/weekday-paddles.pdf#page=298,https://www4.septa.org/picking/pdf/fall-a-2026/comly/paddles/weekday-paddles#page=298.pdf,https://www4.septa.org/picking/pdf/fall-a-2026/comly/trip-sheets/weekday-trip-sheets.pdf
ComlyWeekday607,607,Comly,1 of 2,300,Weekday,https://www4.septa.org/picking/pdf/fall-a-2026/comly/paddles/weekday-paddles.pdf#page=300,https://www4.septa.org/picking/pdf/fall-a-2026/comly/paddles/weekday-paddles#page=300.pdf,https://www4.septa.org/picking/pdf/fall-a-2026/comly/trip-sheets/weekday-trip-sheets.pdf
ComlyWeekday608,608,Comly,1 of 6,302,Weekday,https://www4.septa.org/picking/pdf/fall-a-2026/comly/paddles/weekday-paddles.pdf#page=302,https://www4.septa.org/picking/pdf/fall-a-2026/comly/paddles/weekday-paddles#page=302.pdf,https://www4.septa.org/picking/pdf/fall-a-2026/comly/trip-sheets/weekday-trip-sheets.pdf
ComlyWeekday609,609,Comly,1 of 3,308,Weekday,https://www4.septa.org/picking/pdf/fall-a-2026/comly/paddles/weekday-paddles.pdf#page=308,https://www4.septa.org/picking/pdf/fall-a-2026/comly/paddles/weekday-paddles#page=308.pdf,https://www4.septa.org/picking/pdf/fall-a-2026/comly/trip-sheets/weekday-trip-sheets.pdf
ComlyWeekday610,610,Comly,1 of 2,311,Weekday,https://www4.septa.org/picking/pdf/fall-a-2026/comly/paddles/weekday-paddles.pdf#page=311,https://www4.septa.org/picking/pdf/fall-a-2026/comly/paddles/weekday-paddles#page=311.pdf,https://www4.septa.org/picking/pdf/fall-a-2026/comly/trip-sheets/weekday-trip-sheets.pdf
ComlyWeekday611,611,Comly,1 of 2,313,Weekday,https://www4.septa.org/picking/pdf/fall-a-2026/comly/paddles/weekday-paddles.pdf#page=313,https://www4.septa.org/picking/pdf/fall-a-2026/comly/paddles/weekday-paddles#page=313.pdf,https://www4.septa.org/picking/pdf/fall-a-2026/comly/trip-sheets/weekday-trip-sheets.pdf
ComlyWeekday612,612,Comly,1 of 2,315,Weekday,https://www4.septa.org/picking/pdf/fall-a-2026/comly/paddles/weekday-paddles.pdf#page=315,https://www4.septa.org/picking/pdf/fall-a-2026/comly/paddles/weekday-paddles#page=315.pdf,https://www4.septa.org/picking/pdf/fall-a-2026/comly/trip-sheets/weekday-trip-sheets.pdf
ComlyWeekday613,613,Comly,1 of 2,317,Weekday,https://www4.septa.org/picking/pdf/fall-a-2026/comly/paddles/weekday-paddles.pdf#page=317,https://www4.septa.org/picking/pdf/fall-a-2026/comly/paddles/weekday-paddles#page=317.pdf,https://www4.septa.org/picking/pdf/fall-a-2026/comly/trip-sheets/weekday-trip-sheets.pdf
ComlyWeekday614,614,Comly,1 of 2,319,Weekday,https://www4.septa.org/picking/pdf/fall-a-2026/comly/paddles/weekday-paddles.pdf#page=319,https://www4.septa.org/picking/pdf/fall-a-2026/comly/paddles/weekday-paddles#page=319.pdf,https://www4.septa.org/picking/pdf/fall-a-2026/comly/trip-sheets/weekday-trip-sheets.pdf
ComlyWeekday615,615,Comly,1 of 2,321,Weekday,https://www4.septa.org/picking/pdf/fall-a-2026/comly/paddles/weekday-paddles.pdf#page=321,https://www4.septa.org/picking/pdf/fall-a-2026/comly/paddles/weekday-paddles#page=321.pdf,https://www4.septa.org/picking/pdf/fall-a-2026/comly/trip-sheets/weekday-trip-sheets.pdf
ComlyWeekday616,616,Comly,1 of 2,323,Weekday,https://www4.septa.org/picking/pdf/fall-a-2026/comly/paddles/weekday-paddles.pdf#page=323,https://www4.septa.org/picking/pdf/fall-a-2026/comly/paddles/weekday-paddles#page=323.pdf,https://www4.septa.org/picking/pdf/fall-a-2026/comly/trip-sheets/weekday-trip-sheets.pdf
ComlyWeekday617,617,Comly,1 of 2,325,Weekday,https://www4.septa.org/picking/pdf/fall-a-2026/comly/paddles/weekday-paddles.pdf#page=325,https://www4.septa.org/picking/pdf/fall-a-2026/comly/paddles/weekday-paddles#page=325.pdf,https://www4.septa.org/picking/pdf/fall-a-2026/comly/trip-sheets/weekday-trip-sheets.pdf
ComlyWeekday618,618,Comly,1 of 2,327,Weekday,https://www4.septa.org/picking/pdf/fall-a-2026/comly/paddles/weekday-paddles.pdf#page=327,https://www4.septa.org/picking/pdf/fall-a-2026/comly/paddles/weekday-paddles#page=327.pdf,https://www4.septa.org/picking/pdf/fall-a-2026/comly/trip-sheets/weekday-trip-sheets.pdf
ComlyWeekday619,619,Comly,1 of 2,329,Weekday,https://www4.septa.org/picking/pdf/fall-a-2026/comly/paddles/weekday-paddles.pdf#page=329,https://www4.septa.org/picking/pdf/fall-a-2026/comly/paddles/weekday-paddles#page=329.pdf,https://www4.septa.org/picking/pdf/fall-a-2026/comly/trip-sheets/weekday-trip-sheets.pdf
ComlyWeekday701,701,Comly,1 of 3,331,Weekday,https://www4.septa.org/picking/pdf/fall-a-2026/comly/paddles/weekday-paddles.pdf#page=331,https://www4.septa.org/picking/pdf/fall-a-2026/comly/paddles/weekday-paddles#page=331.pdf,https://www4.septa.org/picking/pdf/fall-a-2026/comly/trip-sheets/weekday-trip-sheets.pdf
ComlyWeekday702,702,Comly,1 of 2,334,Weekday,https://www4.septa.org/picking/pdf/fall-a-2026/comly/paddles/weekday-paddles.pdf#page=334,https://www4.septa.org/picking/pdf/fall-a-2026/comly/paddles/weekday-paddles#page=334.pdf,https://www4.septa.org/picking/pdf/fall-a-2026/comly/trip-sheets/weekday-trip-sheets.pdf
ComlyWeekday703,703,Comly,1 of 3,336,Weekday,https://www4.septa.org/picking/pdf/fall-a-2026/comly/paddles/weekday-paddles.pdf#page=336,https://www4.septa.org/picking/pdf/fall-a-2026/comly/paddles/weekday-paddles#page=336.pdf,https://www4.septa.org/picking/pdf/fall-a-2026/comly/trip-sheets/weekday-trip-sheets.pdf
ComlyWeekday704,704,Comly,1 of 3,339,Weekday,https://www4.septa.org/picking/pdf/fall-a-2026/comly/paddles/weekday-paddles.pdf#page=339,https://www4.septa.org/picking/pdf/fall-a-2026/comly/paddles/weekday-paddles#page=339.pdf,https://www4.septa.org/picking/pdf/fall-a-2026/comly/trip-sheets/weekday-trip-sheets.pdf
ComlyWeekday705,705,Comly,1 of 3,342,Weekday,https://www4.septa.org/picking/pdf/fall-a-2026/comly/paddles/weekday-paddles.pdf#page=342,https://www4.septa.org/picking/pdf/fall-a-2026/comly/paddles/weekday-paddles#page=342.pdf,https://www4.septa.org/picking/pdf/fall-a-2026/comly/trip-sheets/weekday-trip-sheets.pdf
ComlyWeekday706,706,Comly,1 of 2,345,Weekday,https://www4.septa.org/picking/pdf/fall-a-2026/comly/paddles/weekday-paddles.pdf#page=345,https://www4.septa.org/picking/pdf/fall-a-2026/comly/paddles/weekday-paddles#page=345.pdf,https://www4.septa.org/picking/pdf/fall-a-2026/comly/trip-sheets/weekday-trip-sheets.pdf
ComlyWeekday707,707,Comly,1 of 2,347,Weekday,https://www4.septa.org/picking/pdf/fall-a-2026/comly/paddles/weekday-paddles.pdf#page=347,https://www4.septa.org/picking/pdf/fall-a-2026/comly/paddles/weekday-paddles#page=347.pdf,https://www4.septa.org/picking/pdf/fall-a-2026/comly/trip-sheets/weekday-trip-sheets.pdf
ComlyWeekday708,708,Comly,1 of 2,349,Weekday,https://www4.septa.org/picking/pdf/fall-a-2026/comly/paddles/weekday-paddles.pdf#page=349,https://www4.septa.org/picking/pdf/fall-a-2026/comly/paddles/weekday-paddles#page=349.pdf,https://www4.septa.org/picking/pdf/fall-a-2026/comly/trip-sheets/weekday-trip-sheets.pdf
ComlyWeekday709,709,Comly,1 of 2,351,Weekday,https://www4.septa.org/picking/pdf/fall-a-2026/comly/paddles/weekday-paddles.pdf#page=351,https://www4.septa.org/picking/pdf/fall-a-2026/comly/paddles/weekday-paddles#page=351.pdf,https://www4.septa.org/picking/pdf/fall-a-2026/comly/trip-sheets/weekday-trip-sheets.pdf
ComlyWeekday710,710,Comly,1 of 3,353,Weekday,https://www4.septa.org/picking/pdf/fall-a-2026/comly/paddles/weekday-paddles.pdf#page=353,https://www4.septa.org/picking/pdf/fall-a-2026/comly/paddles/weekday-paddles#page=353.pdf,https://www4.septa.org/picking/pdf/fall-a-2026/comly/trip-sheets/weekday-trip-sheets.pdf
ComlyWeekday711,711,Comly,1 of 3,356,Weekday,https://www4.septa.org/picking/pdf/fall-a-2026/comly/paddles/weekday-paddles.pdf#page=356,https://www4.septa.org/picking/pdf/fall-a-2026/comly/paddles/weekday-paddles#page=356.pdf,https://www4.septa.org/picking/pdf/fall-a-2026/comly/trip-sheets/weekday-trip-sheets.pdf
ComlyWeekday712,712,Comly,1 of 3,359,Weekday,https://www4.septa.org/picking/pdf/fall-a-2026/comly/paddles/weekday-paddles.pdf#page=359,https://www4.septa.org/picking/pdf/fall-a-2026/comly/paddles/weekday-paddles#page=359.pdf,https://www4.septa.org/picking/pdf/fall-a-2026/comly/trip-sheets/weekday-trip-sheets.pdf
ComlyWeekday713,713,Comly,1 of 3,362,Weekday,https://www4.septa.org/picking/pdf/fall-a-2026/comly/paddles/weekday-paddles.pdf#page=362,https://www4.septa.org/picking/pdf/fall-a-2026/comly/paddles/weekday-paddles#page=362.pdf,https://www4.septa.org/picking/pdf/fall-a-2026/comly/trip-sheets/weekday-trip-sheets.pdf
ComlyWeekday714,714,Comly,1 of 3,365,Weekday,https://www4.septa.org/picking/pdf/fall-a-2026/comly/paddles/weekday-paddles.pdf#page=365,https://www4.septa.org/picking/pdf/fall-a-2026/comly/paddles/weekday-paddles#page=365.pdf,https://www4.septa.org/picking/pdf/fall-a-2026/comly/trip-sheets/weekday-trip-sheets.pdf
ComlyWeekday715,715,Comly,1 of 2,368,Weekday,https://www4.septa.org/picking/pdf/fall-a-2026/comly/paddles/weekday-paddles.pdf#page=368,https://www4.septa.org/picking/pdf/fall-a-2026/comly/paddles/weekday-paddles#page=368.pdf,https://www4.septa.org/picking/pdf/fall-a-2026/comly/trip-sheets/weekday-trip-sheets.pdf
ComlyWeekday716,716,Comly,1 of 3,370,Weekday,https://www4.septa.org/picking/pdf/fall-a-2026/comly/paddles/weekday-paddles.pdf#page=370,https://www4.septa.org/picking/pdf/fall-a-2026/comly/paddles/weekday-paddles#page=370.pdf,https://www4.septa.org/picking/pdf/fall-a-2026/comly/trip-sheets/weekday-trip-sheets.pdf
ComlyWeekday717,717,Comly,1 of 2,373,Weekday,https://www4.septa.org/picking/pdf/fall-a-2026/comly/paddles/weekday-paddles.pdf#page=373,https://www4.septa.org/picking/pdf/fall-a-2026/comly/paddles/weekday-paddles#page=373.pdf,https://www4.septa.org/picking/pdf/fall-a-2026/comly/trip-sheets/weekday-trip-sheets.pdf
ComlyWeekday718,718,Comly,1 of 2,375,Weekday,https://www4.septa.org/picking/pdf/fall-a-2026/comly/paddles/weekday-paddles.pdf#page=375,https://www4.septa.org/picking/pdf/fall-a-2026/comly/paddles/weekday-paddles#page=375.pdf,https://www4.septa.org/picking/pdf/fall-a-2026/comly/trip-sheets/weekday-trip-sheets.pdf
ComlyWeekday719,719,Comly,1 of 2,377,Weekday,https://www4.septa.org/picking/pdf/fall-a-2026/comly/paddles/weekday-paddles.pdf#page=377,https://www4.septa.org/picking/pdf/fall-a-2026/comly/paddles/weekday-paddles#page=377.pdf,https://www4.septa.org/picking/pdf/fall-a-2026/comly/trip-sheets/weekday-trip-sheets.pdf
ComlyWeekday720,720,Comly,1 of 2,379,Weekday,https://www4.septa.org/picking/pdf/fall-a-2026/comly/paddles/weekday-paddles.pdf#page=379,https://www4.septa.org/picking/pdf/fall-a-2026/comly/paddles/weekday-paddles#page=379.pdf,https://www4.septa.org/picking/pdf/fall-a-2026/comly/trip-sheets/weekday-trip-sheets.pdf
ComlyWeekday721,721,Comly,1 of 2,381,Weekday,https://www4.septa.org/picking/pdf/fall-a-2026/comly/paddles/weekday-paddles.pdf#page=381,https://www4.septa.org/picking/pdf/fall-a-2026/comly/paddles/weekday-paddles#page=381.pdf,https://www4.septa.org/picking/pdf/fall-a-2026/comly/trip-sheets/weekday-trip-sheets.pdf
ComlyWeekday722,722,Comly,1 of 2,383,Weekday,https://www4.septa.org/picking/pdf/fall-a-2026/comly/paddles/weekday-paddles.pdf#page=383,https://www4.septa.org/picking/pdf/fall-a-2026/comly/paddles/weekday-paddles#page=383.pdf,https://www4.septa.org/picking/pdf/fall-a-2026/comly/trip-sheets/weekday-trip-sheets.pdf
ComlyWeekday723,723,Comly,1 of 2,385,Weekday,https://www4.septa.org/picking/pdf/fall-a-2026/comly/paddles/weekday-paddles.pdf#page=385,https://www4.septa.org/picking/pdf/fall-a-2026/comly/paddles/weekday-paddles#page=385.pdf,https://www4.septa.org/picking/pdf/fall-a-2026/comly/trip-sheets/weekday-trip-sheets.pdf
ComlyWeekday724,724,Comly,1 of 1,387,Weekday,https://www4.septa.org/picking/pdf/fall-a-2026/comly/paddles/weekday-paddles.pdf#page=387,https://www4.septa.org/picking/pdf/fall-a-2026/comly/paddles/weekday-paddles#page=387.pdf,https://www4.septa.org/picking/pdf/fall-a-2026/comly/trip-sheets/weekday-trip-sheets.pdf
ComlyWeekday801,801,Comly,1 of 2,388,Weekday,https://www4.septa.org/picking/pdf/fall-a-2026/comly/paddles/weekday-paddles.pdf#page=388,https://www4.septa.org/picking/pdf/fall-a-2026/comly/paddles/weekday-paddles#page=388.pdf,https://www4.septa.org/picking/pdf/fall-a-2026/comly/trip-sheets/weekday-trip-sheets.pdf
ComlyWeekday802,802,Comly,1 of 2,390,Weekday,https://www4.septa.org/picking/pdf/fall-a-2026/comly/paddles/weekday-paddles.pdf#page=390,https://www4.septa.org/picking/pdf/fall-a-2026/comly/paddles/weekday-paddles#page=390.pdf,https://www4.septa.org/picking/pdf/fall-a-2026/comly/trip-sheets/weekday-trip-sheets.pdf
ComlyWeekday803,803,Comly,1 of 5,392,Weekday,https://www4.septa.org/picking/pdf/fall-a-2026/comly/paddles/weekday-paddles.pdf#page=392,https://www4.septa.org/picking/pdf/fall-a-2026/comly/paddles/weekday-paddles#page=392.pdf,https://www4.septa.org/picking/pdf/fall-a-2026/comly/trip-sheets/weekday-trip-sheets.pdf
ComlyWeekday804,804,Comly,1 of 2,397,Weekday,https://www4.septa.org/picking/pdf/fall-a-2026/comly/paddles/weekday-paddles.pdf#page=397,https://www4.septa.org/picking/pdf/fall-a-2026/comly/paddles/weekday-paddles#page=397.pdf,https://www4.septa.org/picking/pdf/fall-a-2026/comly/trip-sheets/weekday-trip-sheets.pdf
ComlyWeekday805,805,Comly,1 of 2,399,Weekday,https://www4.septa.org/picking/pdf/fall-a-2026/comly/paddles/weekday-paddles.pdf#page=399,https://www4.septa.org/picking/pdf/fall-a-2026/comly/paddles/weekday-paddles#page=399.pdf,https://www4.septa.org/picking/pdf/fall-a-2026/comly/trip-sheets/weekday-trip-sheets.pdf
ComlyWeekday806,806,Comly,1 of 2,401,Weekday,https://www4.septa.org/picking/pdf/fall-a-2026/comly/paddles/weekday-paddles.pdf#page=401,https://www4.septa.org/picking/pdf/fall-a-2026/comly/paddles/weekday-paddles#page=401.pdf,https://www4.septa.org/picking/pdf/fall-a-2026/comly/trip-sheets/weekday-trip-sheets.pdf
ComlyWeekday807,807,Comly,1 of 2,403,Weekday,https://www4.septa.org/picking/pdf/fall-a-2026/comly/paddles/weekday-paddles.pdf#page=403,https://www4.septa.org/picking/pdf/fall-a-2026/comly/paddles/weekday-paddles#page=403.pdf,https://www4.septa.org/picking/pdf/fall-a-2026/comly/trip-sheets/weekday-trip-sheets.pdf
ComlyWeekday808,808,Comly,1 of 3,405,Weekday,https://www4.septa.org/picking/pdf/fall-a-2026/comly/paddles/weekday-paddles.pdf#page=405,https://www4.septa.org/picking/pdf/fall-a-2026/comly/paddles/weekday-paddles#page=405.pdf,https://www4.septa.org/picking/pdf/fall-a-2026/comly/trip-sheets/weekday-trip-sheets.pdf
ComlyWeekday809,809,Comly,1 of 2,408,Weekday,https://www4.septa.org/picking/pdf/fall-a-2026/comly/paddles/weekday-paddles.pdf#page=408,https://www4.septa.org/picking/pdf/fall-a-2026/comly/paddles/weekday-paddles#page=408.pdf,https://www4.septa.org/picking/pdf/fall-a-2026/comly/trip-sheets/weekday-trip-sheets.pdf
ComlyWeekday901,901,Comly,1 of 3,410,Weekday,https://www4.septa.org/picking/pdf/fall-a-2026/comly/paddles/weekday-paddles.pdf#page=410,https://www4.septa.org/picking/pdf/fall-a-2026/comly/paddles/weekday-paddles#page=410.pdf,https://www4.septa.org/picking/pdf/fall-a-2026/comly/trip-sheets/weekday-trip-sheets.pdf
ComlyWeekday951,951,Comly,1 of 3,413,Weekday,https://www4.septa.org/picking/pdf/fall-a-2026/comly/paddles/weekday-paddles.pdf#page=413,https://www4.septa.org/picking/pdf/fall-a-2026/comly/paddles/weekday-paddles#page=413.pdf,https://www4.septa.org/picking/pdf/fall-a-2026/comly/trip-sheets/weekday-trip-sheets.pdf
ComlyWeekday952,952,Comly,1 of 2,416,Weekday,https://www4.septa.org/picking/pdf/fall-a-2026/comly/paddles/weekday-paddles.pdf#page=416,https://www4.septa.org/picking/pdf/fall-a-2026/comly/paddles/weekday-paddles#page=416.pdf,https://www4.septa.org/picking/pdf/fall-a-2026/comly/trip-sheets/weekday-trip-sheets.pdf
ComlyWeekday953,953,Comly,1 of 2,418,Weekday,https://www4.septa.org/picking/pdf/fall-a-2026/comly/paddles/weekday-paddles.pdf#page=418,https://www4.septa.org/picking/pdf/fall-a-2026/comly/paddles/weekday-paddles#page=418.pdf,https://www4.septa.org/picking/pdf/fall-a-2026/comly/trip-sheets/weekday-trip-sheets.pdf
ComlyWeekday954,954,Comly,1 of 2,420,Weekday,https://www4.septa.org/picking/pdf/fall-a-2026/comly/paddles/weekday-paddles.pdf#page=420,https://www4.septa.org/picking/pdf/fall-a-2026/comly/paddles/weekday-paddles#page=420.pdf,https://www4.septa.org/picking/pdf/fall-a-2026/comly/trip-sheets/weekday-trip-sheets.pdf
ComlyWeekday955,955,Comly,1 of 3,422,Weekday,https://www4.septa.org/picking/pdf/fall-a-2026/comly/paddles/weekday-paddles.pdf#page=422,https://www4.septa.org/picking/pdf/fall-a-2026/comly/paddles/weekday-paddles#page=422.pdf,https://www4.septa.org/picking/pdf/fall-a-2026/comly/trip-sheets/weekday-trip-sheets.pdf
ComlyWeekday956,956,Comly,1 of 2,425,Weekday,https://www4.septa.org/picking/pdf/fall-a-2026/comly/paddles/weekday-paddles.pdf#page=425,https://www4.septa.org/picking/pdf/fall-a-2026/comly/paddles/weekday-paddles#page=425.pdf,https://www4.septa.org/picking/pdf/fall-a-2026/comly/trip-sheets/weekday-trip-sheets.pdf
ComlyWeekday957,957,Comly,1 of 3,427,Weekday,https://www4.septa.org/picking/pdf/fall-a-2026/comly/paddles/weekday-paddles.pdf#page=427,https://www4.septa.org/picking/pdf/fall-a-2026/comly/paddles/weekday-paddles#page=427.pdf,https://www4.septa.org/picking/pdf/fall-a-2026/comly/trip-sheets/weekday-trip-sheets.pdf
ComlyWeekday958,958,Comly,1 of 3,430,Weekday,https://www4.septa.org/picking/pdf/fall-a-2026/comly/paddles/weekday-paddles.pdf#page=430,https://www4.septa.org/picking/pdf/fall-a-2026/comly/paddles/weekday-paddles#page=430.pdf,https://www4.septa.org/picking/pdf/fall-a-2026/comly/trip-sheets/weekday-trip-sheets.pdf
ComlyWeekday959,959,Comly,1 of 2,433,Weekday,https://www4.septa.org/picking/pdf/fall-a-2026/comly/paddles/weekday-paddles.pdf#page=433,https://www4.septa.org/picking/pdf/fall-a-2026/comly/paddles/weekday-paddles#page=433.pdf,https://www4.septa.org/picking/pdf/fall-a-2026/comly/trip-sheets/weekday-trip-sheets.pdf
ComlyWeekday960,960,Comly,1 of 2,435,Weekday,https://www4.septa.org/picking/pdf/fall-a-2026/comly/paddles/weekday-paddles.pdf#page=435,https://www4.septa.org/picking/pdf/fall-a-2026/comly/paddles/weekday-paddles#page=435.pdf,https://www4.septa.org/picking/pdf/fall-a-2026/comly/trip-sheets/weekday-trip-sheets.pdf
ComlyWeekday961,961,Comly,1 of 3,437,Weekday,https://www4.septa.org/picking/pdf/fall-a-2026/comly/paddles/weekday-paddles.pdf#page=437,https://www4.septa.org/picking/pdf/fall-a-2026/comly/paddles/weekday-paddles#page=437.pdf,https://www4.septa.org/picking/pdf/fall-a-2026/comly/trip-sheets/weekday-trip-sheets.pdf
ComlyWeekday962,962,Comly,1 of 2,440,Weekday,https://www4.septa.org/picking/pdf/fall-a-2026/comly/paddles/weekday-paddles.pdf#page=440,https://www4.septa.org/picking/pdf/fall-a-2026/comly/paddles/weekday-paddles#page=440.pdf,https://www4.septa.org/picking/pdf/fall-a-2026/comly/trip-sheets/weekday-trip-sheets.pdf
ComlyWeekday963,963,Comly,1 of 2,442,Weekday,https://www4.septa.org/picking/pdf/fall-a-2026/comly/paddles/weekday-paddles.pdf#page=442,https://www4.septa.org/picking/pdf/fall-a-2026/comly/paddles/weekday-paddles#page=442.pdf,https://www4.septa.org/picking/pdf/fall-a-2026/comly/trip-sheets/weekday-trip-sheets.pdf
ComlyWeekday964,964,Comly,1 of 1,444,Weekday,https://www4.septa.org/picking/pdf/fall-a-2026/comly/paddles/weekday-paddles.pdf#page=444,https://www4.septa.org/picking/pdf/fall-a-2026/comly/paddles/weekday-paddles#page=444.pdf,https://www4.septa.org/picking/pdf/fall-a-2026/comly/trip-sheets/weekday-trip-sheets.pdf
ComlyWeekday965,965,Comly,1 of 2,445,Weekday,https://www4.septa.org/picking/pdf/fall-a-2026/comly/paddles/weekday-paddles.pdf#page=445,https://www4.septa.org/picking/pdf/fall-a-2026/comly/paddles/weekday-paddles#page=445.pdf,https://www4.septa.org/picking/pdf/fall-a-2026/comly/trip-sheets/weekday-trip-sheets.pdf
ComlyWeekday966,966,Comly,1 of 2,447,Weekday,https://www4.septa.org/picking/pdf/fall-a-2026/comly/paddles/weekday-paddles.pdf#page=447,https://www4.septa.org/picking/pdf/fall-a-2026/comly/paddles/weekday-paddles#page=447.pdf,https://www4.septa.org/picking/pdf/fall-a-2026/comly/trip-sheets/weekday-trip-sheets.pdf
ComlySaturday1,1,Comly,1 of 2,1,Saturday,https://www4.septa.org/picking/pdf/fall-a-2026/comly/paddles/saturday-paddles.pdf#page=1,https://www4.septa.org/picking/pdf/fall-a-2026/comly/paddles/saturday-paddles#page=1.pdf,https://www4.septa.org/picking/pdf/fall-a-2026/comly/trip-sheets/saturday-trip-sheets.pdf
ComlySaturday2,2,Comly,1 of 2,3,Saturday,https://www4.septa.org/picking/pdf/fall-a-2026/comly/paddles/saturday-paddles.pdf#page=3,https://www4.septa.org/picking/pdf/fall-a-2026/comly/paddles/saturday-paddles#page=3.pdf,https://www4.septa.org/picking/pdf/fall-a-2026/comly/trip-sheets/saturday-trip-sheets.pdf
ComlySaturday3,3,Comly,1 of 3,5,Saturday,https://www4.septa.org/picking/pdf/fall-a-2026/comly/paddles/saturday-paddles.pdf#page=5,https://www4.septa.org/picking/pdf/fall-a-2026/comly/paddles/saturday-paddles#page=5.pdf,https://www4.septa.org/picking/pdf/fall-a-2026/comly/trip-sheets/saturday-trip-sheets.pdf
ComlySaturday4,4,Comly,1 of 2,8,Saturday,https://www4.septa.org/picking/pdf/fall-a-2026/comly/paddles/saturday-paddles.pdf#page=8,https://www4.septa.org/picking/pdf/fall-a-2026/comly/paddles/saturday-paddles#page=8.pdf,https://www4.septa.org/picking/pdf/fall-a-2026/comly/trip-sheets/saturday-trip-sheets.pdf
ComlySaturday5,5,Comly,1 of 3,10,Saturday,https://www4.septa.org/picking/pdf/fall-a-2026/comly/paddles/saturday-paddles.pdf#page=10,https://www4.septa.org/picking/pdf/fall-a-2026/comly/paddles/saturday-paddles#page=10.pdf,https://www4.septa.org/picking/pdf/fall-a-2026/comly/trip-sheets/saturday-trip-sheets.pdf
ComlySaturday6,6,Comly,1 of 2,13,Saturday,https://www4.septa.org/picking/pdf/fall-a-2026/comly/paddles/saturday-paddles.pdf#page=13,https://www4.septa.org/picking/pdf/fall-a-2026/comly/paddles/saturday-paddles#page=13.pdf,https://www4.septa.org/picking/pdf/fall-a-2026/comly/trip-sheets/saturday-trip-sheets.pdf
ComlySaturday7,7,Comly,1 of 3,15,Saturday,https://www4.septa.org/picking/pdf/fall-a-2026/comly/paddles/saturday-paddles.pdf#page=15,https://www4.septa.org/picking/pdf/fall-a-2026/comly/paddles/saturday-paddles#page=15.pdf,https://www4.septa.org/picking/pdf/fall-a-2026/comly/trip-sheets/saturday-trip-sheets.pdf
ComlySaturday8,8,Comly,1 of 3,18,Saturday,https://www4.septa.org/picking/pdf/fall-a-2026/comly/paddles/saturday-paddles.pdf#page=18,https://www4.septa.org/picking/pdf/fall-a-2026/comly/paddles/saturday-paddles#page=18.pdf,https://www4.septa.org/picking/pdf/fall-a-2026/comly/trip-sheets/saturday-trip-sheets.pdf
ComlySaturday9,9,Comly,1 of 3,21,Saturday,https://www4.septa.org/picking/pdf/fall-a-2026/comly/paddles/saturday-paddles.pdf#page=21,https://www4.septa.org/picking/pdf/fall-a-2026/comly/paddles/saturday-paddles#page=21.pdf,https://www4.septa.org/picking/pdf/fall-a-2026/comly/trip-sheets/saturday-trip-sheets.pdf
ComlySaturday10,10,Comly,1 of 2,24,Saturday,https://www4.septa.org/picking/pdf/fall-a-2026/comly/paddles/saturday-paddles.pdf#page=24,https://www4.septa.org/picking/pdf/fall-a-2026/comly/paddles/saturday-paddles#page=24.pdf,https://www4.septa.org/picking/pdf/fall-a-2026/comly/trip-sheets/saturday-trip-sheets.pdf
ComlySaturday11,11,Comly,1 of 3,26,Saturday,https://www4.septa.org/picking/pdf/fall-a-2026/comly/paddles/saturday-paddles.pdf#page=26,https://www4.septa.org/picking/pdf/fall-a-2026/comly/paddles/saturday-paddles#page=26.pdf,https://www4.septa.org/picking/pdf/fall-a-2026/comly/trip-sheets/saturday-trip-sheets.pdf
ComlySaturday12,12,Comly,1 of 2,29,Saturday,https://www4.septa.org/picking/pdf/fall-a-2026/comly/paddles/saturday-paddles.pdf#page=29,https://www4.septa.org/picking/pdf/fall-a-2026/comly/paddles/saturday-paddles#page=29.pdf,https://www4.septa.org/picking/pdf/fall-a-2026/comly/trip-sheets/saturday-trip-sheets.pdf
ComlySaturday13,13,Comly,1 of 3,31,Saturday,https://www4.septa.org/picking/pdf/fall-a-2026/comly/paddles/saturday-paddles.pdf#page=31,https://www4.septa.org/picking/pdf/fall-a-2026/comly/paddles/saturday-paddles#page=31.pdf,https://www4.septa.org/picking/pdf/fall-a-2026/comly/trip-sheets/saturday-trip-sheets.pdf
ComlySaturday51,51,Comly,1 of 2,34,Saturday,https://www4.septa.org/picking/pdf/fall-a-2026/comly/paddles/saturday-paddles.pdf#page=34,https://www4.septa.org/picking/pdf/fall-a-2026/comly/paddles/saturday-paddles#page=34.pdf,https://www4.septa.org/picking/pdf/fall-a-2026/comly/trip-sheets/saturday-trip-sheets.pdf
ComlySaturday52,52,Comly,1 of 2,36,Saturday,https://www4.septa.org/picking/pdf/fall-a-2026/comly/paddles/saturday-paddles.pdf#page=36,https://www4.septa.org/picking/pdf/fall-a-2026/comly/paddles/saturday-paddles#page=36.pdf,https://www4.septa.org/picking/pdf/fall-a-2026/comly/trip-sheets/saturday-trip-sheets.pdf
ComlySaturday53,53,Comly,1 of 2,38,Saturday,https://www4.septa.org/picking/pdf/fall-a-2026/comly/paddles/saturday-paddles.pdf#page=38,https://www4.septa.org/picking/pdf/fall-a-2026/comly/paddles/saturday-paddles#page=38.pdf,https://www4.septa.org/picking/pdf/fall-a-2026/comly/trip-sheets/saturday-trip-sheets.pdf
ComlySaturday54,54,Comly,1 of 2,40,Saturday,https://www4.septa.org/picking/pdf/fall-a-2026/comly/paddles/saturday-paddles.pdf#page=40,https://www4.septa.org/picking/pdf/fall-a-2026/comly/paddles/saturday-paddles#page=40.pdf,https://www4.septa.org/picking/pdf/fall-a-2026/comly/trip-sheets/saturday-trip-sheets.pdf
ComlySaturday55,55,Comly,1 of 3,42,Saturday,https://www4.septa.org/picking/pdf/fall-a-2026/comly/paddles/saturday-paddles.pdf#page=42,https://www4.septa.org/picking/pdf/fall-a-2026/comly/paddles/saturday-paddles#page=42.pdf,https://www4.septa.org/picking/pdf/fall-a-2026/comly/trip-sheets/saturday-trip-sheets.pdf
ComlySaturday56,56,Comly,1 of 2,45,Saturday,https://www4.septa.org/picking/pdf/fall-a-2026/comly/paddles/saturday-paddles.pdf#page=45,https://www4.septa.org/picking/pdf/fall-a-2026/comly/paddles/saturday-paddles#page=45.pdf,https://www4.septa.org/picking/pdf/fall-a-2026/comly/trip-sheets/saturday-trip-sheets.pdf
ComlySaturday57,57,Comly,1 of 3,47,Saturday,https://www4.septa.org/picking/pdf/fall-a-2026/comly/paddles/saturday-paddles.pdf#page=47,https://www4.septa.org/picking/pdf/fall-a-2026/comly/paddles/saturday-paddles#page=47.pdf,https://www4.septa.org/picking/pdf/fall-a-2026/comly/trip-sheets/saturday-trip-sheets.pdf
ComlySaturday58,58,Comly,1 of 2,50,Saturday,https://www4.septa.org/picking/pdf/fall-a-2026/comly/paddles/saturday-paddles.pdf#page=50,https://www4.septa.org/picking/pdf/fall-a-2026/comly/paddles/saturday-paddles#page=50.pdf,https://www4.septa.org/picking/pdf/fall-a-2026/comly/trip-sheets/saturday-trip-sheets.pdf
ComlySaturday59,59,Comly,1 of 2,52,Saturday,https://www4.septa.org/picking/pdf/fall-a-2026/comly/paddles/saturday-paddles.pdf#page=52,https://www4.septa.org/picking/pdf/fall-a-2026/comly/paddles/saturday-paddles#page=52.pdf,https://www4.septa.org/picking/pdf/fall-a-2026/comly/trip-sheets/saturday-trip-sheets.pdf
ComlySaturday60,60,Comly,1 of 2,54,Saturday,https://www4.septa.org/picking/pdf/fall-a-2026/comly/paddles/saturday-paddles.pdf#page=54,https://www4.septa.org/picking/pdf/fall-a-2026/comly/paddles/saturday-paddles#page=54.pdf,https://www4.septa.org/picking/pdf/fall-a-2026/comly/trip-sheets/saturday-trip-sheets.pdf
ComlySaturday61,61,Comly,1 of 2,56,Saturday,https://www4.septa.org/picking/pdf/fall-a-2026/comly/paddles/saturday-paddles.pdf#page=56,https://www4.septa.org/picking/pdf/fall-a-2026/comly/paddles/saturday-paddles#page=56.pdf,https://www4.septa.org/picking/pdf/fall-a-2026/comly/trip-sheets/saturday-trip-sheets.pdf
ComlySaturday62,62,Comly,1 of 2,58,Saturday,https://www4.septa.org/picking/pdf/fall-a-2026/comly/paddles/saturday-paddles.pdf#page=58,https://www4.septa.org/picking/pdf/fall-a-2026/comly/paddles/saturday-paddles#page=58.pdf,https://www4.septa.org/picking/pdf/fall-a-2026/comly/trip-sheets/saturday-trip-sheets.pdf
ComlySaturday63,63,Comly,1 of 3,60,Saturday,https://www4.septa.org/picking/pdf/fall-a-2026/comly/paddles/saturday-paddles.pdf#page=60,https://www4.septa.org/picking/pdf/fall-a-2026/comly/paddles/saturday-paddles#page=60.pdf,https://www4.septa.org/picking/pdf/fall-a-2026/comly/trip-sheets/saturday-trip-sheets.pdf
ComlySaturday201,201,Comly,1 of 2,63,Saturday,https://www4.septa.org/picking/pdf/fall-a-2026/comly/paddles/saturday-paddles.pdf#page=63,https://www4.septa.org/picking/pdf/fall-a-2026/comly/paddles/saturday-paddles#page=63.pdf,https://www4.septa.org/picking/pdf/fall-a-2026/comly/trip-sheets/saturday-trip-sheets.pdf
ComlySaturday202,202,Comly,1 of 3,65,Saturday,https://www4.septa.org/picking/pdf/fall-a-2026/comly/paddles/saturday-paddles.pdf#page=65,https://www4.septa.org/picking/pdf/fall-a-2026/comly/paddles/saturday-paddles#page=65.pdf,https://www4.septa.org/picking/pdf/fall-a-2026/comly/trip-sheets/saturday-trip-sheets.pdf
ComlySaturday203,203,Comly,1 of 2,68,Saturday,https://www4.septa.org/picking/pdf/fall-a-2026/comly/paddles/saturday-paddles.pdf#page=68,https://www4.septa.org/picking/pdf/fall-a-2026/comly/paddles/saturday-paddles#page=68.pdf,https://www4.septa.org/picking/pdf/fall-a-2026/comly/trip-sheets/saturday-trip-sheets.pdf
ComlySaturday204,204,Comly,1 of 2,70,Saturday,https://www4.septa.org/picking/pdf/fall-a-2026/comly/paddles/saturday-paddles.pdf#page=70,https://www4.septa.org/picking/pdf/fall-a-2026/comly/paddles/saturday-paddles#page=70.pdf,https://www4.septa.org/picking/pdf/fall-a-2026/comly/trip-sheets/saturday-trip-sheets.pdf
ComlySaturday205,205,Comly,1 of 2,72,Saturday,https://www4.septa.org/picking/pdf/fall-a-2026/comly/paddles/saturday-paddles.pdf#page=72,https://www4.septa.org/picking/pdf/fall-a-2026/comly/paddles/saturday-paddles#page=72.pdf,https://www4.septa.org/picking/pdf/fall-a-2026/comly/trip-sheets/saturday-trip-sheets.pdf
ComlySaturday206,206,Comly,1 of 2,74,Saturday,https://www4.septa.org/picking/pdf/fall-a-2026/comly/paddles/saturday-paddles.pdf#page=74,https://www4.septa.org/picking/pdf/fall-a-2026/comly/paddles/saturday-paddles#page=74.pdf,https://www4.septa.org/picking/pdf/fall-a-2026/comly/trip-sheets/saturday-trip-sheets.pdf
ComlySaturday207,207,Comly,1 of 3,76,Saturday,https://www4.septa.org/picking/pdf/fall-a-2026/comly/paddles/saturday-paddles.pdf#page=76,https://www4.septa.org/picking/pdf/fall-a-2026/comly/paddles/saturday-paddles#page=76.pdf,https://www4.septa.org/picking/pdf/fall-a-2026/comly/trip-sheets/saturday-trip-sheets.pdf
ComlySaturday251,251,Comly,1 of 2,79,Saturday,https://www4.septa.org/picking/pdf/fall-a-2026/comly/paddles/saturday-paddles.pdf#page=79,https://www4.septa.org/picking/pdf/fall-a-2026/comly/paddles/saturday-paddles#page=79.pdf,https://www4.septa.org/picking/pdf/fall-a-2026/comly/trip-sheets/saturday-trip-sheets.pdf
ComlySaturday252,252,Comly,1 of 2,81,Saturday,https://www4.septa.org/picking/pdf/fall-a-2026/comly/paddles/saturday-paddles.pdf#page=81,https://www4.septa.org/picking/pdf/fall-a-2026/comly/paddles/saturday-paddles#page=81.pdf,https://www4.septa.org/picking/pdf/fall-a-2026/comly/trip-sheets/saturday-trip-sheets.pdf
ComlySaturday253,253,Comly,1 of 3,83,Saturday,https://www4.septa.org/picking/pdf/fall-a-2026/comly/paddles/saturday-paddles.pdf#page=83,https://www4.septa.org/picking/pdf/fall-a-2026/comly/paddles/saturday-paddles#page=83.pdf,https://www4.septa.org/picking/pdf/fall-a-2026/comly/trip-sheets/saturday-trip-sheets.pdf
ComlySaturday254,254,Comly,1 of 3,86,Saturday,https://www4.septa.org/picking/pdf/fall-a-2026/comly/paddles/saturday-paddles.pdf#page=86,https://www4.septa.org/picking/pdf/fall-a-2026/comly/paddles/saturday-paddles#page=86.pdf,https://www4.septa.org/picking/pdf/fall-a-2026/comly/trip-sheets/saturday-trip-sheets.pdf
ComlySaturday301,301,Comly,1 of 3,89,Saturday,https://www4.septa.org/picking/pdf/fall-a-2026/comly/paddles/saturday-paddles.pdf#page=89,https://www4.septa.org/picking/pdf/fall-a-2026/comly/paddles/saturday-paddles#page=89.pdf,https://www4.septa.org/picking/pdf/fall-a-2026/comly/trip-sheets/saturday-trip-sheets.pdf
ComlySaturday302,302,Comly,1 of 2,92,Saturday,https://www4.septa.org/picking/pdf/fall-a-2026/comly/paddles/saturday-paddles.pdf#page=92,https://www4.septa.org/picking/pdf/fall-a-2026/comly/paddles/saturday-paddles#page=92.pdf,https://www4.septa.org/picking/pdf/fall-a-2026/comly/trip-sheets/saturday-trip-sheets.pdf
ComlySaturday303,303,Comly,1 of 3,94,Saturday,https://www4.septa.org/picking/pdf/fall-a-2026/comly/paddles/saturday-paddles.pdf#page=94,https://www4.septa.org/picking/pdf/fall-a-2026/comly/paddles/saturday-paddles#page=94.pdf,https://www4.septa.org/picking/pdf/fall-a-2026/comly/trip-sheets/saturday-trip-sheets.pdf
ComlySaturday401,401,Comly,1 of 3,97,Saturday,https://www4.septa.org/picking/pdf/fall-a-2026/comly/paddles/saturday-paddles.pdf#page=97,https://www4.septa.org/picking/pdf/fall-a-2026/comly/paddles/saturday-paddles#page=97.pdf,https://www4.septa.org/picking/pdf/fall-a-2026/comly/trip-sheets/saturday-trip-sheets.pdf
ComlySaturday402,402,Comly,1 of 3,100,Saturday,https://www4.septa.org/picking/pdf/fall-a-2026/comly/paddles/saturday-paddles.pdf#page=100,https://www4.septa.org/picking/pdf/fall-a-2026/comly/paddles/saturday-paddles#page=100.pdf,https://www4.septa.org/picking/pdf/fall-a-2026/comly/trip-sheets/saturday-trip-sheets.pdf
ComlySaturday403,403,Comly,1 of 2,103,Saturday,https://www4.septa.org/picking/pdf/fall-a-2026/comly/paddles/saturday-paddles.pdf#page=103,https://www4.septa.org/picking/pdf/fall-a-2026/comly/paddles/saturday-paddles#page=103.pdf,https://www4.septa.org/picking/pdf/fall-a-2026/comly/trip-sheets/saturday-trip-sheets.pdf
ComlySaturday404,404,Comly,1 of 3,105,Saturday,https://www4.septa.org/picking/pdf/fall-a-2026/comly/paddles/saturday-paddles.pdf#page=105,https://www4.septa.org/picking/pdf/fall-a-2026/comly/paddles/saturday-paddles#page=105.pdf,https://www4.septa.org/picking/pdf/fall-a-2026/comly/trip-sheets/saturday-trip-sheets.pdf
ComlySaturday405,405,Comly,1 of 2,108,Saturday,https://www4.septa.org/picking/pdf/fall-a-2026/comly/paddles/saturday-paddles.pdf#page=108,https://www4.septa.org/picking/pdf/fall-a-2026/comly/paddles/saturday-paddles#page=108.pdf,https://www4.septa.org/picking/pdf/fall-a-2026/comly/trip-sheets/saturday-trip-sheets.pdf
ComlySaturday406,406,Comly,1 of 3,110,Saturday,https://www4.septa.org/picking/pdf/fall-a-2026/comly/paddles/saturday-paddles.pdf#page=110,https://www4.septa.org/picking/pdf/fall-a-2026/comly/paddles/saturday-paddles#page=110.pdf,https://www4.septa.org/picking/pdf/fall-a-2026/comly/trip-sheets/saturday-trip-sheets.pdf
ComlySaturday407,407,Comly,1 of 3,113,Saturday,https://www4.septa.org/picking/pdf/fall-a-2026/comly/paddles/saturday-paddles.pdf#page=113,https://www4.septa.org/picking/pdf/fall-a-2026/comly/paddles/saturday-paddles#page=113.pdf,https://www4.septa.org/picking/pdf/fall-a-2026/comly/trip-sheets/saturday-trip-sheets.pdf
ComlySaturday408,408,Comly,1 of 2,116,Saturday,https://www4.septa.org/picking/pdf/fall-a-2026/comly/paddles/saturday-paddles.pdf#page=116,https://www4.septa.org/picking/pdf/fall-a-2026/comly/paddles/saturday-paddles#page=116.pdf,https://www4.septa.org/picking/pdf/fall-a-2026/comly/trip-sheets/saturday-trip-sheets.pdf
ComlySaturday409,409,Comly,1 of 3,118,Saturday,https://www4.septa.org/picking/pdf/fall-a-2026/comly/paddles/saturday-paddles.pdf#page=118,https://www4.septa.org/picking/pdf/fall-a-2026/comly/paddles/saturday-paddles#page=118.pdf,https://www4.septa.org/picking/pdf/fall-a-2026/comly/trip-sheets/saturday-trip-sheets.pdf
ComlySaturday410,410,Comly,1 of 3,121,Saturday,https://www4.septa.org/picking/pdf/fall-a-2026/comly/paddles/saturday-paddles.pdf#page=121,https://www4.septa.org/picking/pdf/fall-a-2026/comly/paddles/saturday-paddles#page=121.pdf,https://www4.septa.org/picking/pdf/fall-a-2026/comly/trip-sheets/saturday-trip-sheets.pdf
ComlySaturday411,411,Comly,1 of 2,124,Saturday,https://www4.septa.org/picking/pdf/fall-a-2026/comly/paddles/saturday-paddles.pdf#page=124,https://www4.septa.org/picking/pdf/fall-a-2026/comly/paddles/saturday-paddles#page=124.pdf,https://www4.septa.org/picking/pdf/fall-a-2026/comly/trip-sheets/saturday-trip-sheets.pdf
ComlySaturday412,412,Comly,1 of 2,126,Saturday,https://www4.septa.org/picking/pdf/fall-a-2026/comly/paddles/saturday-paddles.pdf#page=126,https://www4.septa.org/picking/pdf/fall-a-2026/comly/paddles/saturday-paddles#page=126.pdf,https://www4.septa.org/picking/pdf/fall-a-2026/comly/trip-sheets/saturday-trip-sheets.pdf
ComlySaturday413,413,Comly,1 of 3,128,Saturday,https://www4.septa.org/picking/pdf/fall-a-2026/comly/paddles/saturday-paddles.pdf#page=128,https://www4.septa.org/picking/pdf/fall-a-2026/comly/paddles/saturday-paddles#page=128.pdf,https://www4.septa.org/picking/pdf/fall-a-2026/comly/trip-sheets/saturday-trip-sheets.pdf
ComlySaturday414,414,Comly,1 of 3,131,Saturday,https://www4.septa.org/picking/pdf/fall-a-2026/comly/paddles/saturday-paddles.pdf#page=131,https://www4.septa.org/picking/pdf/fall-a-2026/comly/paddles/saturday-paddles#page=131.pdf,https://www4.septa.org/picking/pdf/fall-a-2026/comly/trip-sheets/saturday-trip-sheets.pdf
ComlySaturday415,415,Comly,1 of 2,134,Saturday,https://www4.septa.org/picking/pdf/fall-a-2026/comly/paddles/saturday-paddles.pdf#page=134,https://www4.septa.org/picking/pdf/fall-a-2026/comly/paddles/saturday-paddles#page=134.pdf,https://www4.septa.org/picking/pdf/fall-a-2026/comly/trip-sheets/saturday-trip-sheets.pdf
ComlySaturday416,416,Comly,1 of 3,136,Saturday,https://www4.septa.org/picking/pdf/fall-a-2026/comly/paddles/saturday-paddles.pdf#page=136,https://www4.septa.org/picking/pdf/fall-a-2026/comly/paddles/saturday-paddles#page=136.pdf,https://www4.septa.org/picking/pdf/fall-a-2026/comly/trip-sheets/saturday-trip-sheets.pdf
ComlySaturday417,417,Comly,1 of 2,139,Saturday,https://www4.septa.org/picking/pdf/fall-a-2026/comly/paddles/saturday-paddles.pdf#page=139,https://www4.septa.org/picking/pdf/fall-a-2026/comly/paddles/saturday-paddles#page=139.pdf,https://www4.septa.org/picking/pdf/fall-a-2026/comly/trip-sheets/saturday-trip-sheets.pdf
ComlySaturday418,418,Comly,1 of 3,141,Saturday,https://www4.septa.org/picking/pdf/fall-a-2026/comly/paddles/saturday-paddles.pdf#page=141,https://www4.septa.org/picking/pdf/fall-a-2026/comly/paddles/saturday-paddles#page=141.pdf,https://www4.septa.org/picking/pdf/fall-a-2026/comly/trip-sheets/saturday-trip-sheets.pdf
ComlySaturday419,419,Comly,1 of 3,144,Saturday,https://www4.septa.org/picking/pdf/fall-a-2026/comly/paddles/saturday-paddles.pdf#page=144,https://www4.septa.org/picking/pdf/fall-a-2026/comly/paddles/saturday-paddles#page=144.pdf,https://www4.septa.org/picking/pdf/fall-a-2026/comly/trip-sheets/saturday-trip-sheets.pdf
ComlySaturday420,420,Comly,1 of 3,147,Saturday,https://www4.septa.org/picking/pdf/fall-a-2026/comly/paddles/saturday-paddles.pdf#page=147,https://www4.septa.org/picking/pdf/fall-a-2026/comly/paddles/saturday-paddles#page=147.pdf,https://www4.septa.org/picking/pdf/fall-a-2026/comly/trip-sheets/saturday-trip-sheets.pdf
ComlySaturday421,421,Comly,1 of 3,150,Saturday,https://www4.septa.org/picking/pdf/fall-a-2026/comly/paddles/saturday-paddles.pdf#page=150,https://www4.septa.org/picking/pdf/fall-a-2026/comly/paddles/saturday-paddles#page=150.pdf,https://www4.septa.org/picking/pdf/fall-a-2026/comly/trip-sheets/saturday-trip-sheets.pdf
ComlySaturday422,422,Comly,1 of 3,153,Saturday,https://www4.septa.org/picking/pdf/fall-a-2026/comly/paddles/saturday-paddles.pdf#page=153,https://www4.septa.org/picking/pdf/fall-a-2026/comly/paddles/saturday-paddles#page=153.pdf,https://www4.septa.org/picking/pdf/fall-a-2026/comly/trip-sheets/saturday-trip-sheets.pdf
ComlySaturday501,501,Comly,1 of 2,156,Saturday,https://www4.septa.org/picking/pdf/fall-a-2026/comly/paddles/saturday-paddles.pdf#page=156,https://www4.septa.org/picking/pdf/fall-a-2026/comly/paddles/saturday-paddles#page=156.pdf,https://www4.septa.org/picking/pdf/fall-a-2026/comly/trip-sheets/saturday-trip-sheets.pdf
ComlySaturday502,502,Comly,1 of 3,158,Saturday,https://www4.septa.org/picking/pdf/fall-a-2026/comly/paddles/saturday-paddles.pdf#page=158,https://www4.septa.org/picking/pdf/fall-a-2026/comly/paddles/saturday-paddles#page=158.pdf,https://www4.septa.org/picking/pdf/fall-a-2026/comly/trip-sheets/saturday-trip-sheets.pdf
ComlySaturday503,503,Comly,1 of 2,161,Saturday,https://www4.septa.org/picking/pdf/fall-a-2026/comly/paddles/saturday-paddles.pdf#page=161,https://www4.septa.org/picking/pdf/fall-a-2026/comly/paddles/saturday-paddles#page=161.pdf,https://www4.septa.org/picking/pdf/fall-a-2026/comly/trip-sheets/saturday-trip-sheets.pdf
ComlySaturday551,551,Comly,1 of 2,163,Saturday,https://www4.septa.org/picking/pdf/fall-a-2026/comly/paddles/saturday-paddles.pdf#page=163,https://www4.septa.org/picking/pdf/fall-a-2026/comly/paddles/saturday-paddles#page=163.pdf,https://www4.septa.org/picking/pdf/fall-a-2026/comly/trip-sheets/saturday-trip-sheets.pdf
ComlySaturday552,552,Comly,1 of 2,165,Saturday,https://www4.septa.org/picking/pdf/fall-a-2026/comly/paddles/saturday-paddles.pdf#page=165,https://www4.septa.org/picking/pdf/fall-a-2026/comly/paddles/saturday-paddles#page=165.pdf,https://www4.septa.org/picking/pdf/fall-a-2026/comly/trip-sheets/saturday-trip-sheets.pdf
ComlySaturday601,601,Comly,1 of 2,167,Saturday,https://www4.septa.org/picking/pdf/fall-a-2026/comly/paddles/saturday-paddles.pdf#page=167,https://www4.septa.org/picking/pdf/fall-a-2026/comly/paddles/saturday-paddles#page=167.pdf,https://www4.septa.org/picking/pdf/fall-a-2026/comly/trip-sheets/saturday-trip-sheets.pdf
ComlySaturday602,602,Comly,1 of 2,169,Saturday,https://www4.septa.org/picking/pdf/fall-a-2026/comly/paddles/saturday-paddles.pdf#page=169,https://www4.septa.org/picking/pdf/fall-a-2026/comly/paddles/saturday-paddles#page=169.pdf,https://www4.septa.org/picking/pdf/fall-a-2026/comly/trip-sheets/saturday-trip-sheets.pdf
ComlySaturday603,603,Comly,1 of 2,171,Saturday,https://www4.septa.org/picking/pdf/fall-a-2026/comly/paddles/saturday-paddles.pdf#page=171,https://www4.septa.org/picking/pdf/fall-a-2026/comly/paddles/saturday-paddles#page=171.pdf,https://www4.septa.org/picking/pdf/fall-a-2026/comly/trip-sheets/saturday-trip-sheets.pdf
ComlySaturday604,604,Comly,1 of 2,173,Saturday,https://www4.septa.org/picking/pdf/fall-a-2026/comly/paddles/saturday-paddles.pdf#page=173,https://www4.septa.org/picking/pdf/fall-a-2026/comly/paddles/saturday-paddles#page=173.pdf,https://www4.septa.org/picking/pdf/fall-a-2026/comly/trip-sheets/saturday-trip-sheets.pdf
ComlySaturday605,605,Comly,1 of 2,175,Saturday,https://www4.septa.org/picking/pdf/fall-a-2026/comly/paddles/saturday-paddles.pdf#page=175,https://www4.septa.org/picking/pdf/fall-a-2026/comly/paddles/saturday-paddles#page=175.pdf,https://www4.septa.org/picking/pdf/fall-a-2026/comly/trip-sheets/saturday-trip-sheets.pdf
ComlySaturday606,606,Comly,1 of 2,177,Saturday,https://www4.septa.org/picking/pdf/fall-a-2026/comly/paddles/saturday-paddles.pdf#page=177,https://www4.septa.org/picking/pdf/fall-a-2026/comly/paddles/saturday-paddles#page=177.pdf,https://www4.septa.org/picking/pdf/fall-a-2026/comly/trip-sheets/saturday-trip-sheets.pdf
ComlySaturday607,607,Comly,1 of 2,179,Saturday,https://www4.septa.org/picking/pdf/fall-a-2026/comly/paddles/saturday-paddles.pdf#page=179,https://www4.septa.org/picking/pdf/fall-a-2026/comly/paddles/saturday-paddles#page=179.pdf,https://www4.septa.org/picking/pdf/fall-a-2026/comly/trip-sheets/saturday-trip-sheets.pdf
ComlySaturday608,608,Comly,1 of 3,181,Saturday,https://www4.septa.org/picking/pdf/fall-a-2026/comly/paddles/saturday-paddles.pdf#page=181,https://www4.septa.org/picking/pdf/fall-a-2026/comly/paddles/saturday-paddles#page=181.pdf,https://www4.septa.org/picking/pdf/fall-a-2026/comly/trip-sheets/saturday-trip-sheets.pdf
ComlySaturday609,609,Comly,1 of 2,184,Saturday,https://www4.septa.org/picking/pdf/fall-a-2026/comly/paddles/saturday-paddles.pdf#page=184,https://www4.septa.org/picking/pdf/fall-a-2026/comly/paddles/saturday-paddles#page=184.pdf,https://www4.septa.org/picking/pdf/fall-a-2026/comly/trip-sheets/saturday-trip-sheets.pdf
ComlySaturday610,610,Comly,1 of 2,186,Saturday,https://www4.septa.org/picking/pdf/fall-a-2026/comly/paddles/saturday-paddles.pdf#page=186,https://www4.septa.org/picking/pdf/fall-a-2026/comly/paddles/saturday-paddles#page=186.pdf,https://www4.septa.org/picking/pdf/fall-a-2026/comly/trip-sheets/saturday-trip-sheets.pdf
ComlySaturday611,611,Comly,1 of 2,188,Saturday,https://www4.septa.org/picking/pdf/fall-a-2026/comly/paddles/saturday-paddles.pdf#page=188,https://www4.septa.org/picking/pdf/fall-a-2026/comly/paddles/saturday-paddles#page=188.pdf,https://www4.septa.org/picking/pdf/fall-a-2026/comly/trip-sheets/saturday-trip-sheets.pdf
ComlySaturday612,612,Comly,1 of 2,190,Saturday,https://www4.septa.org/picking/pdf/fall-a-2026/comly/paddles/saturday-paddles.pdf#page=190,https://www4.septa.org/picking/pdf/fall-a-2026/comly/paddles/saturday-paddles#page=190.pdf,https://www4.septa.org/picking/pdf/fall-a-2026/comly/trip-sheets/saturday-trip-sheets.pdf
ComlySaturday613,613,Comly,1 of 2,192,Saturday,https://www4.septa.org/picking/pdf/fall-a-2026/comly/paddles/saturday-paddles.pdf#page=192,https://www4.septa.org/picking/pdf/fall-a-2026/comly/paddles/saturday-paddles#page=192.pdf,https://www4.septa.org/picking/pdf/fall-a-2026/comly/trip-sheets/saturday-trip-sheets.pdf
ComlySaturday701,701,Comly,1 of 2,194,Saturday,https://www4.septa.org/picking/pdf/fall-a-2026/comly/paddles/saturday-paddles.pdf#page=194,https://www4.septa.org/picking/pdf/fall-a-2026/comly/paddles/saturday-paddles#page=194.pdf,https://www4.septa.org/picking/pdf/fall-a-2026/comly/trip-sheets/saturday-trip-sheets.pdf
ComlySaturday702,702,Comly,1 of 2,196,Saturday,https://www4.septa.org/picking/pdf/fall-a-2026/comly/paddles/saturday-paddles.pdf#page=196,https://www4.septa.org/picking/pdf/fall-a-2026/comly/paddles/saturday-paddles#page=196.pdf,https://www4.septa.org/picking/pdf/fall-a-2026/comly/trip-sheets/saturday-trip-sheets.pdf
ComlySaturday703,703,Comly,1 of 2,198,Saturday,https://www4.septa.org/picking/pdf/fall-a-2026/comly/paddles/saturday-paddles.pdf#page=198,https://www4.septa.org/picking/pdf/fall-a-2026/comly/paddles/saturday-paddles#page=198.pdf,https://www4.septa.org/picking/pdf/fall-a-2026/comly/trip-sheets/saturday-trip-sheets.pdf
ComlySaturday704,704,Comly,1 of 2,200,Saturday,https://www4.septa.org/picking/pdf/fall-a-2026/comly/paddles/saturday-paddles.pdf#page=200,https://www4.septa.org/picking/pdf/fall-a-2026/comly/paddles/saturday-paddles#page=200.pdf,https://www4.septa.org/picking/pdf/fall-a-2026/comly/trip-sheets/saturday-trip-sheets.pdf
ComlySaturday705,705,Comly,1 of 2,202,Saturday,https://www4.septa.org/picking/pdf/fall-a-2026/comly/paddles/saturday-paddles.pdf#page=202,https://www4.septa.org/picking/pdf/fall-a-2026/comly/paddles/saturday-paddles#page=202.pdf,https://www4.septa.org/picking/pdf/fall-a-2026/comly/trip-sheets/saturday-trip-sheets.pdf
ComlySaturday706,706,Comly,1 of 2,204,Saturday,https://www4.septa.org/picking/pdf/fall-a-2026/comly/paddles/saturday-paddles.pdf#page=204,https://www4.septa.org/picking/pdf/fall-a-2026/comly/paddles/saturday-paddles#page=204.pdf,https://www4.septa.org/picking/pdf/fall-a-2026/comly/trip-sheets/saturday-trip-sheets.pdf
ComlySaturday707,707,Comly,1 of 2,206,Saturday,https://www4.septa.org/picking/pdf/fall-a-2026/comly/paddles/saturday-paddles.pdf#page=206,https://www4.septa.org/picking/pdf/fall-a-2026/comly/paddles/saturday-paddles#page=206.pdf,https://www4.septa.org/picking/pdf/fall-a-2026/comly/trip-sheets/saturday-trip-sheets.pdf
ComlySaturday708,708,Comly,1 of 3,208,Saturday,https://www4.septa.org/picking/pdf/fall-a-2026/comly/paddles/saturday-paddles.pdf#page=208,https://www4.septa.org/picking/pdf/fall-a-2026/comly/paddles/saturday-paddles#page=208.pdf,https://www4.septa.org/picking/pdf/fall-a-2026/comly/trip-sheets/saturday-trip-sheets.pdf
ComlySaturday709,709,Comly,1 of 2,211,Saturday,https://www4.septa.org/picking/pdf/fall-a-2026/comly/paddles/saturday-paddles.pdf#page=211,https://www4.septa.org/picking/pdf/fall-a-2026/comly/paddles/saturday-paddles#page=211.pdf,https://www4.septa.org/picking/pdf/fall-a-2026/comly/trip-sheets/saturday-trip-sheets.pdf
ComlySaturday710,710,Comly,1 of 3,213,Saturday,https://www4.septa.org/picking/pdf/fall-a-2026/comly/paddles/saturday-paddles.pdf#page=213,https://www4.septa.org/picking/pdf/fall-a-2026/comly/paddles/saturday-paddles#page=213.pdf,https://www4.septa.org/picking/pdf/fall-a-2026/comly/trip-sheets/saturday-trip-sheets.pdf
ComlySaturday711,711,Comly,1 of 2,216,Saturday,https://www4.septa.org/picking/pdf/fall-a-2026/comly/paddles/saturday-paddles.pdf#page=216,https://www4.septa.org/picking/pdf/fall-a-2026/comly/paddles/saturday-paddles#page=216.pdf,https://www4.septa.org/picking/pdf/fall-a-2026/comly/trip-sheets/saturday-trip-sheets.pdf
ComlySaturday712,712,Comly,1 of 2,218,Saturday,https://www4.septa.org/picking/pdf/fall-a-2026/comly/paddles/saturday-paddles.pdf#page=218,https://www4.septa.org/picking/pdf/fall-a-2026/comly/paddles/saturday-paddles#page=218.pdf,https://www4.septa.org/picking/pdf/fall-a-2026/comly/trip-sheets/saturday-trip-sheets.pdf
ComlySaturday713,713,Comly,1 of 2,220,Saturday,https://www4.septa.org/picking/pdf/fall-a-2026/comly/paddles/saturday-paddles.pdf#page=220,https://www4.septa.org/picking/pdf/fall-a-2026/comly/paddles/saturday-paddles#page=220.pdf,https://www4.septa.org/picking/pdf/fall-a-2026/comly/trip-sheets/saturday-trip-sheets.pdf
ComlySaturday714,714,Comly,1 of 2,222,Saturday,https://www4.septa.org/picking/pdf/fall-a-2026/comly/paddles/saturday-paddles.pdf#page=222,https://www4.septa.org/picking/pdf/fall-a-2026/comly/paddles/saturday-paddles#page=222.pdf,https://www4.septa.org/picking/pdf/fall-a-2026/comly/trip-sheets/saturday-trip-sheets.pdf
ComlySaturday715,715,Comly,1 of 2,224,Saturday,https://www4.septa.org/picking/pdf/fall-a-2026/comly/paddles/saturday-paddles.pdf#page=224,https://www4.septa.org/picking/pdf/fall-a-2026/comly/paddles/saturday-paddles#page=224.pdf,https://www4.septa.org/picking/pdf/fall-a-2026/comly/trip-sheets/saturday-trip-sheets.pdf
ComlySaturday801,801,Comly,1 of 2,226,Saturday,https://www4.septa.org/picking/pdf/fall-a-2026/comly/paddles/saturday-paddles.pdf#page=226,https://www4.septa.org/picking/pdf/fall-a-2026/comly/paddles/saturday-paddles#page=226.pdf,https://www4.septa.org/picking/pdf/fall-a-2026/comly/trip-sheets/saturday-trip-sheets.pdf
ComlySaturday802,802,Comly,1 of 2,228,Saturday,https://www4.septa.org/picking/pdf/fall-a-2026/comly/paddles/saturday-paddles.pdf#page=228,https://www4.septa.org/picking/pdf/fall-a-2026/comly/paddles/saturday-paddles#page=228.pdf,https://www4.septa.org/picking/pdf/fall-a-2026/comly/trip-sheets/saturday-trip-sheets.pdf
ComlySaturday951,951,Comly,1 of 2,230,Saturday,https://www4.septa.org/picking/pdf/fall-a-2026/comly/paddles/saturday-paddles.pdf#page=230,https://www4.septa.org/picking/pdf/fall-a-2026/comly/paddles/saturday-paddles#page=230.pdf,https://www4.septa.org/picking/pdf/fall-a-2026/comly/trip-sheets/saturday-trip-sheets.pdf
ComlySaturday952,952,Comly,1 of 2,232,Saturday,https://www4.septa.org/picking/pdf/fall-a-2026/comly/paddles/saturday-paddles.pdf#page=232,https://www4.septa.org/picking/pdf/fall-a-2026/comly/paddles/saturday-paddles#page=232.pdf,https://www4.septa.org/picking/pdf/fall-a-2026/comly/trip-sheets/saturday-trip-sheets.pdf
ComlySaturday953,953,Comly,1 of 2,234,Saturday,https://www4.septa.org/picking/pdf/fall-a-2026/comly/paddles/saturday-paddles.pdf#page=234,https://www4.septa.org/picking/pdf/fall-a-2026/comly/paddles/saturday-paddles#page=234.pdf,https://www4.septa.org/picking/pdf/fall-a-2026/comly/trip-sheets/saturday-trip-sheets.pdf
ComlySaturday954,954,Comly,1 of 2,236,Saturday,https://www4.septa.org/picking/pdf/fall-a-2026/comly/paddles/saturday-paddles.pdf#page=236,https://www4.septa.org/picking/pdf/fall-a-2026/comly/paddles/saturday-paddles#page=236.pdf,https://www4.septa.org/picking/pdf/fall-a-2026/comly/trip-sheets/saturday-trip-sheets.pdf
ComlySaturday955,955,Comly,1 of 2,238,Saturday,https://www4.septa.org/picking/pdf/fall-a-2026/comly/paddles/saturday-paddles.pdf#page=238,https://www4.septa.org/picking/pdf/fall-a-2026/comly/paddles/saturday-paddles#page=238.pdf,https://www4.septa.org/picking/pdf/fall-a-2026/comly/trip-sheets/saturday-trip-sheets.pdf
ComlySunday1,1,Comly,1 of 3,1,Sunday,https://www4.septa.org/picking/pdf/fall-a-2026/comly/paddles/sunday-paddles.pdf#page=1,https://www4.septa.org/picking/pdf/fall-a-2026/comly/paddles/sunday-paddles#page=1.pdf,https://www4.septa.org/picking/pdf/fall-a-2026/comly/trip-sheets/sunday-trip-sheets.pdf
ComlySunday2,2,Comly,1 of 3,4,Sunday,https://www4.septa.org/picking/pdf/fall-a-2026/comly/paddles/sunday-paddles.pdf#page=4,https://www4.septa.org/picking/pdf/fall-a-2026/comly/paddles/sunday-paddles#page=4.pdf,https://www4.septa.org/picking/pdf/fall-a-2026/comly/trip-sheets/sunday-trip-sheets.pdf
ComlySunday3,3,Comly,1 of 3,7,Sunday,https://www4.septa.org/picking/pdf/fall-a-2026/comly/paddles/sunday-paddles.pdf#page=7,https://www4.septa.org/picking/pdf/fall-a-2026/comly/paddles/sunday-paddles#page=7.pdf,https://www4.septa.org/picking/pdf/fall-a-2026/comly/trip-sheets/sunday-trip-sheets.pdf
ComlySunday4,4,Comly,1 of 3,10,Sunday,https://www4.septa.org/picking/pdf/fall-a-2026/comly/paddles/sunday-paddles.pdf#page=10,https://www4.septa.org/picking/pdf/fall-a-2026/comly/paddles/sunday-paddles#page=10.pdf,https://www4.septa.org/picking/pdf/fall-a-2026/comly/trip-sheets/sunday-trip-sheets.pdf
ComlySunday5,5,Comly,1 of 2,13,Sunday,https://www4.septa.org/picking/pdf/fall-a-2026/comly/paddles/sunday-paddles.pdf#page=13,https://www4.septa.org/picking/pdf/fall-a-2026/comly/paddles/sunday-paddles#page=13.pdf,https://www4.septa.org/picking/pdf/fall-a-2026/comly/trip-sheets/sunday-trip-sheets.pdf
ComlySunday6,6,Comly,1 of 2,15,Sunday,https://www4.septa.org/picking/pdf/fall-a-2026/comly/paddles/sunday-paddles.pdf#page=15,https://www4.septa.org/picking/pdf/fall-a-2026/comly/paddles/sunday-paddles#page=15.pdf,https://www4.septa.org/picking/pdf/fall-a-2026/comly/trip-sheets/sunday-trip-sheets.pdf
ComlySunday7,7,Comly,1 of 2,17,Sunday,https://www4.septa.org/picking/pdf/fall-a-2026/comly/paddles/sunday-paddles.pdf#page=17,https://www4.septa.org/picking/pdf/fall-a-2026/comly/paddles/sunday-paddles#page=17.pdf,https://www4.septa.org/picking/pdf/fall-a-2026/comly/trip-sheets/sunday-trip-sheets.pdf
ComlySunday8,8,Comly,1 of 2,19,Sunday,https://www4.septa.org/picking/pdf/fall-a-2026/comly/paddles/sunday-paddles.pdf#page=19,https://www4.septa.org/picking/pdf/fall-a-2026/comly/paddles/sunday-paddles#page=19.pdf,https://www4.septa.org/picking/pdf/fall-a-2026/comly/trip-sheets/sunday-trip-sheets.pdf
ComlySunday9,9,Comly,1 of 3,21,Sunday,https://www4.septa.org/picking/pdf/fall-a-2026/comly/paddles/sunday-paddles.pdf#page=21,https://www4.septa.org/picking/pdf/fall-a-2026/comly/paddles/sunday-paddles#page=21.pdf,https://www4.septa.org/picking/pdf/fall-a-2026/comly/trip-sheets/sunday-trip-sheets.pdf
ComlySunday10,10,Comly,1 of 2,24,Sunday,https://www4.septa.org/picking/pdf/fall-a-2026/comly/paddles/sunday-paddles.pdf#page=24,https://www4.septa.org/picking/pdf/fall-a-2026/comly/paddles/sunday-paddles#page=24.pdf,https://www4.septa.org/picking/pdf/fall-a-2026/comly/trip-sheets/sunday-trip-sheets.pdf
ComlySunday11,11,Comly,1 of 3,26,Sunday,https://www4.septa.org/picking/pdf/fall-a-2026/comly/paddles/sunday-paddles.pdf#page=26,https://www4.septa.org/picking/pdf/fall-a-2026/comly/paddles/sunday-paddles#page=26.pdf,https://www4.septa.org/picking/pdf/fall-a-2026/comly/trip-sheets/sunday-trip-sheets.pdf
ComlySunday12,12,Comly,1 of 2,29,Sunday,https://www4.septa.org/picking/pdf/fall-a-2026/comly/paddles/sunday-paddles.pdf#page=29,https://www4.septa.org/picking/pdf/fall-a-2026/comly/paddles/sunday-paddles#page=29.pdf,https://www4.septa.org/picking/pdf/fall-a-2026/comly/trip-sheets/sunday-trip-sheets.pdf
ComlySunday51,51,Comly,1 of 2,31,Sunday,https://www4.septa.org/picking/pdf/fall-a-2026/comly/paddles/sunday-paddles.pdf#page=31,https://www4.septa.org/picking/pdf/fall-a-2026/comly/paddles/sunday-paddles#page=31.pdf,https://www4.septa.org/picking/pdf/fall-a-2026/comly/trip-sheets/sunday-trip-sheets.pdf
ComlySunday52,52,Comly,1 of 2,33,Sunday,https://www4.septa.org/picking/pdf/fall-a-2026/comly/paddles/sunday-paddles.pdf#page=33,https://www4.septa.org/picking/pdf/fall-a-2026/comly/paddles/sunday-paddles#page=33.pdf,https://www4.septa.org/picking/pdf/fall-a-2026/comly/trip-sheets/sunday-trip-sheets.pdf
ComlySunday53,53,Comly,1 of 2,35,Sunday,https://www4.septa.org/picking/pdf/fall-a-2026/comly/paddles/sunday-paddles.pdf#page=35,https://www4.septa.org/picking/pdf/fall-a-2026/comly/paddles/sunday-paddles#page=35.pdf,https://www4.septa.org/picking/pdf/fall-a-2026/comly/trip-sheets/sunday-trip-sheets.pdf
ComlySunday54,54,Comly,1 of 2,37,Sunday,https://www4.septa.org/picking/pdf/fall-a-2026/comly/paddles/sunday-paddles.pdf#page=37,https://www4.septa.org/picking/pdf/fall-a-2026/comly/paddles/sunday-paddles#page=37.pdf,https://www4.septa.org/picking/pdf/fall-a-2026/comly/trip-sheets/sunday-trip-sheets.pdf
ComlySunday55,55,Comly,1 of 3,39,Sunday,https://www4.septa.org/picking/pdf/fall-a-2026/comly/paddles/sunday-paddles.pdf#page=39,https://www4.septa.org/picking/pdf/fall-a-2026/comly/paddles/sunday-paddles#page=39.pdf,https://www4.septa.org/picking/pdf/fall-a-2026/comly/trip-sheets/sunday-trip-sheets.pdf
ComlySunday56,56,Comly,1 of 2,42,Sunday,https://www4.septa.org/picking/pdf/fall-a-2026/comly/paddles/sunday-paddles.pdf#page=42,https://www4.septa.org/picking/pdf/fall-a-2026/comly/paddles/sunday-paddles#page=42.pdf,https://www4.septa.org/picking/pdf/fall-a-2026/comly/trip-sheets/sunday-trip-sheets.pdf
ComlySunday57,57,Comly,1 of 3,44,Sunday,https://www4.septa.org/picking/pdf/fall-a-2026/comly/paddles/sunday-paddles.pdf#page=44,https://www4.septa.org/picking/pdf/fall-a-2026/comly/paddles/sunday-paddles#page=44.pdf,https://www4.septa.org/picking/pdf/fall-a-2026/comly/trip-sheets/sunday-trip-sheets.pdf
ComlySunday58,58,Comly,1 of 2,47,Sunday,https://www4.septa.org/picking/pdf/fall-a-2026/comly/paddles/sunday-paddles.pdf#page=47,https://www4.septa.org/picking/pdf/fall-a-2026/comly/paddles/sunday-paddles#page=47.pdf,https://www4.septa.org/picking/pdf/fall-a-2026/comly/trip-sheets/sunday-trip-sheets.pdf
ComlySunday59,59,Comly,1 of 2,49,Sunday,https://www4.septa.org/picking/pdf/fall-a-2026/comly/paddles/sunday-paddles.pdf#page=49,https://www4.septa.org/picking/pdf/fall-a-2026/comly/paddles/sunday-paddles#page=49.pdf,https://www4.septa.org/picking/pdf/fall-a-2026/comly/trip-sheets/sunday-trip-sheets.pdf
ComlySunday60,60,Comly,1 of 2,51,Sunday,https://www4.septa.org/picking/pdf/fall-a-2026/comly/paddles/sunday-paddles.pdf#page=51,https://www4.septa.org/picking/pdf/fall-a-2026/comly/paddles/sunday-paddles#page=51.pdf,https://www4.septa.org/picking/pdf/fall-a-2026/comly/trip-sheets/sunday-trip-sheets.pdf
ComlySunday61,61,Comly,1 of 2,53,Sunday,https://www4.septa.org/picking/pdf/fall-a-2026/comly/paddles/sunday-paddles.pdf#page=53,https://www4.septa.org/picking/pdf/fall-a-2026/comly/paddles/sunday-paddles#page=53.pdf,https://www4.septa.org/picking/pdf/fall-a-2026/comly/trip-sheets/sunday-trip-sheets.pdf
ComlySunday62,62,Comly,1 of 2,55,Sunday,https://www4.septa.org/picking/pdf/fall-a-2026/comly/paddles/sunday-paddles.pdf#page=55,https://www4.septa.org/picking/pdf/fall-a-2026/comly/paddles/sunday-paddles#page=55.pdf,https://www4.septa.org/picking/pdf/fall-a-2026/comly/trip-sheets/sunday-trip-sheets.pdf
ComlySunday63,63,Comly,1 of 3,57,Sunday,https://www4.septa.org/picking/pdf/fall-a-2026/comly/paddles/sunday-paddles.pdf#page=57,https://www4.septa.org/picking/pdf/fall-a-2026/comly/paddles/sunday-paddles#page=57.pdf,https://www4.septa.org/picking/pdf/fall-a-2026/comly/trip-sheets/sunday-trip-sheets.pdf
ComlySunday64,64,Comly,1 of 3,60,Sunday,https://www4.septa.org/picking/pdf/fall-a-2026/comly/paddles/sunday-paddles.pdf#page=60,https://www4.septa.org/picking/pdf/fall-a-2026/comly/paddles/sunday-paddles#page=60.pdf,https://www4.septa.org/picking/pdf/fall-a-2026/comly/trip-sheets/sunday-trip-sheets.pdf
ComlySunday201,201,Comly,1 of 2,63,Sunday,https://www4.septa.org/picking/pdf/fall-a-2026/comly/paddles/sunday-paddles.pdf#page=63,https://www4.septa.org/picking/pdf/fall-a-2026/comly/paddles/sunday-paddles#page=63.pdf,https://www4.septa.org/picking/pdf/fall-a-2026/comly/trip-sheets/sunday-trip-sheets.pdf
ComlySunday202,202,Comly,1 of 2,65,Sunday,https://www4.septa.org/picking/pdf/fall-a-2026/comly/paddles/sunday-paddles.pdf#page=65,https://www4.septa.org/picking/pdf/fall-a-2026/comly/paddles/sunday-paddles#page=65.pdf,https://www4.septa.org/picking/pdf/fall-a-2026/comly/trip-sheets/sunday-trip-sheets.pdf
ComlySunday203,203,Comly,1 of 3,67,Sunday,https://www4.septa.org/picking/pdf/fall-a-2026/comly/paddles/sunday-paddles.pdf#page=67,https://www4.septa.org/picking/pdf/fall-a-2026/comly/paddles/sunday-paddles#page=67.pdf,https://www4.septa.org/picking/pdf/fall-a-2026/comly/trip-sheets/sunday-trip-sheets.pdf
ComlySunday204,204,Comly,1 of 2,70,Sunday,https://www4.septa.org/picking/pdf/fall-a-2026/comly/paddles/sunday-paddles.pdf#page=70,https://www4.septa.org/picking/pdf/fall-a-2026/comly/paddles/sunday-paddles#page=70.pdf,https://www4.septa.org/picking/pdf/fall-a-2026/comly/trip-sheets/sunday-trip-sheets.pdf
ComlySunday301,301,Comly,1 of 2,72,Sunday,https://www4.septa.org/picking/pdf/fall-a-2026/comly/paddles/sunday-paddles.pdf#page=72,https://www4.septa.org/picking/pdf/fall-a-2026/comly/paddles/sunday-paddles#page=72.pdf,https://www4.septa.org/picking/pdf/fall-a-2026/comly/trip-sheets/sunday-trip-sheets.pdf
ComlySunday302,302,Comly,1 of 3,74,Sunday,https://www4.septa.org/picking/pdf/fall-a-2026/comly/paddles/sunday-paddles.pdf#page=74,https://www4.septa.org/picking/pdf/fall-a-2026/comly/paddles/sunday-paddles#page=74.pdf,https://www4.septa.org/picking/pdf/fall-a-2026/comly/trip-sheets/sunday-trip-sheets.pdf
ComlySunday303,303,Comly,1 of 2,77,Sunday,https://www4.septa.org/picking/pdf/fall-a-2026/comly/paddles/sunday-paddles.pdf#page=77,https://www4.septa.org/picking/pdf/fall-a-2026/comly/paddles/sunday-paddles#page=77.pdf,https://www4.septa.org/picking/pdf/fall-a-2026/comly/trip-sheets/sunday-trip-sheets.pdf
ComlySunday401,401,Comly,1 of 3,79,Sunday,https://www4.septa.org/picking/pdf/fall-a-2026/comly/paddles/sunday-paddles.pdf#page=79,https://www4.septa.org/picking/pdf/fall-a-2026/comly/paddles/sunday-paddles#page=79.pdf,https://www4.septa.org/picking/pdf/fall-a-2026/comly/trip-sheets/sunday-trip-sheets.pdf
ComlySunday402,402,Comly,1 of 3,82,Sunday,https://www4.septa.org/picking/pdf/fall-a-2026/comly/paddles/sunday-paddles.pdf#page=82,https://www4.septa.org/picking/pdf/fall-a-2026/comly/paddles/sunday-paddles#page=82.pdf,https://www4.septa.org/picking/pdf/fall-a-2026/comly/trip-sheets/sunday-trip-sheets.pdf
ComlySunday403,403,Comly,1 of 3,85,Sunday,https://www4.septa.org/picking/pdf/fall-a-2026/comly/paddles/sunday-paddles.pdf#page=85,https://www4.septa.org/picking/pdf/fall-a-2026/comly/paddles/sunday-paddles#page=85.pdf,https://www4.septa.org/picking/pdf/fall-a-2026/comly/trip-sheets/sunday-trip-sheets.pdf
ComlySunday404,404,Comly,1 of 2,88,Sunday,https://www4.septa.org/picking/pdf/fall-a-2026/comly/paddles/sunday-paddles.pdf#page=88,https://www4.septa.org/picking/pdf/fall-a-2026/comly/paddles/sunday-paddles#page=88.pdf,https://www4.septa.org/picking/pdf/fall-a-2026/comly/trip-sheets/sunday-trip-sheets.pdf
ComlySunday405,405,Comly,1 of 3,90,Sunday,https://www4.septa.org/picking/pdf/fall-a-2026/comly/paddles/sunday-paddles.pdf#page=90,https://www4.septa.org/picking/pdf/fall-a-2026/comly/paddles/sunday-paddles#page=90.pdf,https://www4.septa.org/picking/pdf/fall-a-2026/comly/trip-sheets/sunday-trip-sheets.pdf
ComlySunday406,406,Comly,1 of 3,93,Sunday,https://www4.septa.org/picking/pdf/fall-a-2026/comly/paddles/sunday-paddles.pdf#page=93,https://www4.septa.org/picking/pdf/fall-a-2026/comly/paddles/sunday-paddles#page=93.pdf,https://www4.septa.org/picking/pdf/fall-a-2026/comly/trip-sheets/sunday-trip-sheets.pdf
ComlySunday407,407,Comly,1 of 3,96,Sunday,https://www4.septa.org/picking/pdf/fall-a-2026/comly/paddles/sunday-paddles.pdf#page=96,https://www4.septa.org/picking/pdf/fall-a-2026/comly/paddles/sunday-paddles#page=96.pdf,https://www4.septa.org/picking/pdf/fall-a-2026/comly/trip-sheets/sunday-trip-sheets.pdf
ComlySunday408,408,Comly,1 of 2,99,Sunday,https://www4.septa.org/picking/pdf/fall-a-2026/comly/paddles/sunday-paddles.pdf#page=99,https://www4.septa.org/picking/pdf/fall-a-2026/comly/paddles/sunday-paddles#page=99.pdf,https://www4.septa.org/picking/pdf/fall-a-2026/comly/trip-sheets/sunday-trip-sheets.pdf
ComlySunday409,409,Comly,1 of 3,101,Sunday,https://www4.septa.org/picking/pdf/fall-a-2026/comly/paddles/sunday-paddles.pdf#page=101,https://www4.septa.org/picking/pdf/fall-a-2026/comly/paddles/sunday-paddles#page=101.pdf,https://www4.septa.org/picking/pdf/fall-a-2026/comly/trip-sheets/sunday-trip-sheets.pdf
ComlySunday410,410,Comly,1 of 2,104,Sunday,https://www4.septa.org/picking/pdf/fall-a-2026/comly/paddles/sunday-paddles.pdf#page=104,https://www4.septa.org/picking/pdf/fall-a-2026/comly/paddles/sunday-paddles#page=104.pdf,https://www4.septa.org/picking/pdf/fall-a-2026/comly/trip-sheets/sunday-trip-sheets.pdf
ComlySunday411,411,Comly,1 of 2,106,Sunday,https://www4.septa.org/picking/pdf/fall-a-2026/comly/paddles/sunday-paddles.pdf#page=106,https://www4.septa.org/picking/pdf/fall-a-2026/comly/paddles/sunday-paddles#page=106.pdf,https://www4.septa.org/picking/pdf/fall-a-2026/comly/trip-sheets/sunday-trip-sheets.pdf
ComlySunday412,412,Comly,1 of 3,108,Sunday,https://www4.septa.org/picking/pdf/fall-a-2026/comly/paddles/sunday-paddles.pdf#page=108,https://www4.septa.org/picking/pdf/fall-a-2026/comly/paddles/sunday-paddles#page=108.pdf,https://www4.septa.org/picking/pdf/fall-a-2026/comly/trip-sheets/sunday-trip-sheets.pdf
ComlySunday413,413,Comly,1 of 2,111,Sunday,https://www4.septa.org/picking/pdf/fall-a-2026/comly/paddles/sunday-paddles.pdf#page=111,https://www4.septa.org/picking/pdf/fall-a-2026/comly/paddles/sunday-paddles#page=111.pdf,https://www4.septa.org/picking/pdf/fall-a-2026/comly/trip-sheets/sunday-trip-sheets.pdf
ComlySunday414,414,Comly,1 of 3,113,Sunday,https://www4.septa.org/picking/pdf/fall-a-2026/comly/paddles/sunday-paddles.pdf#page=113,https://www4.septa.org/picking/pdf/fall-a-2026/comly/paddles/sunday-paddles#page=113.pdf,https://www4.septa.org/picking/pdf/fall-a-2026/comly/trip-sheets/sunday-trip-sheets.pdf
ComlySunday415,415,Comly,1 of 2,116,Sunday,https://www4.septa.org/picking/pdf/fall-a-2026/comly/paddles/sunday-paddles.pdf#page=116,https://www4.septa.org/picking/pdf/fall-a-2026/comly/paddles/sunday-paddles#page=116.pdf,https://www4.septa.org/picking/pdf/fall-a-2026/comly/trip-sheets/sunday-trip-sheets.pdf
ComlySunday416,416,Comly,1 of 2,118,Sunday,https://www4.septa.org/picking/pdf/fall-a-2026/comly/paddles/sunday-paddles.pdf#page=118,https://www4.septa.org/picking/pdf/fall-a-2026/comly/paddles/sunday-paddles#page=118.pdf,https://www4.septa.org/picking/pdf/fall-a-2026/comly/trip-sheets/sunday-trip-sheets.pdf
ComlySunday417,417,Comly,1 of 3,120,Sunday,https://www4.septa.org/picking/pdf/fall-a-2026/comly/paddles/sunday-paddles.pdf#page=120,https://www4.septa.org/picking/pdf/fall-a-2026/comly/paddles/sunday-paddles#page=120.pdf,https://www4.septa.org/picking/pdf/fall-a-2026/comly/trip-sheets/sunday-trip-sheets.pdf
ComlySunday418,418,Comly,1 of 2,123,Sunday,https://www4.septa.org/picking/pdf/fall-a-2026/comly/paddles/sunday-paddles.pdf#page=123,https://www4.septa.org/picking/pdf/fall-a-2026/comly/paddles/sunday-paddles#page=123.pdf,https://www4.septa.org/picking/pdf/fall-a-2026/comly/trip-sheets/sunday-trip-sheets.pdf
ComlySunday419,419,Comly,1 of 3,125,Sunday,https://www4.septa.org/picking/pdf/fall-a-2026/comly/paddles/sunday-paddles.pdf#page=125,https://www4.septa.org/picking/pdf/fall-a-2026/comly/paddles/sunday-paddles#page=125.pdf,https://www4.septa.org/picking/pdf/fall-a-2026/comly/trip-sheets/sunday-trip-sheets.pdf
ComlySunday501,501,Comly,1 of 2,128,Sunday,https://www4.septa.org/picking/pdf/fall-a-2026/comly/paddles/sunday-paddles.pdf#page=128,https://www4.septa.org/picking/pdf/fall-a-2026/comly/paddles/sunday-paddles#page=128.pdf,https://www4.septa.org/picking/pdf/fall-a-2026/comly/trip-sheets/sunday-trip-sheets.pdf
ComlySunday502,502,Comly,1 of 2,130,Sunday,https://www4.septa.org/picking/pdf/fall-a-2026/comly/paddles/sunday-paddles.pdf#page=130,https://www4.septa.org/picking/pdf/fall-a-2026/comly/paddles/sunday-paddles#page=130.pdf,https://www4.septa.org/picking/pdf/fall-a-2026/comly/trip-sheets/sunday-trip-sheets.pdf
ComlySunday503,503,Comly,1 of 2,132,Sunday,https://www4.septa.org/picking/pdf/fall-a-2026/comly/paddles/sunday-paddles.pdf#page=132,https://www4.septa.org/picking/pdf/fall-a-2026/comly/paddles/sunday-paddles#page=132.pdf,https://www4.septa.org/picking/pdf/fall-a-2026/comly/trip-sheets/sunday-trip-sheets.pdf
ComlySunday504,504,Comly,1 of 2,134,Sunday,https://www4.septa.org/picking/pdf/fall-a-2026/comly/paddles/sunday-paddles.pdf#page=134,https://www4.septa.org/picking/pdf/fall-a-2026/comly/paddles/sunday-paddles#page=134.pdf,https://www4.septa.org/picking/pdf/fall-a-2026/comly/trip-sheets/sunday-trip-sheets.pdf
ComlySunday505,505,Comly,1 of 2,136,Sunday,https://www4.septa.org/picking/pdf/fall-a-2026/comly/paddles/sunday-paddles.pdf#page=136,https://www4.septa.org/picking/pdf/fall-a-2026/comly/paddles/sunday-paddles#page=136.pdf,https://www4.septa.org/picking/pdf/fall-a-2026/comly/trip-sheets/sunday-trip-sheets.pdf
ComlySunday601,601,Comly,1 of 2,138,Sunday,https://www4.septa.org/picking/pdf/fall-a-2026/comly/paddles/sunday-paddles.pdf#page=138,https://www4.septa.org/picking/pdf/fall-a-2026/comly/paddles/sunday-paddles#page=138.pdf,https://www4.septa.org/picking/pdf/fall-a-2026/comly/trip-sheets/sunday-trip-sheets.pdf
ComlySunday602,602,Comly,1 of 2,140,Sunday,https://www4.septa.org/picking/pdf/fall-a-2026/comly/paddles/sunday-paddles.pdf#page=140,https://www4.septa.org/picking/pdf/fall-a-2026/comly/paddles/sunday-paddles#page=140.pdf,https://www4.septa.org/picking/pdf/fall-a-2026/comly/trip-sheets/sunday-trip-sheets.pdf
ComlySunday603,603,Comly,1 of 2,142,Sunday,https://www4.septa.org/picking/pdf/fall-a-2026/comly/paddles/sunday-paddles.pdf#page=142,https://www4.septa.org/picking/pdf/fall-a-2026/comly/paddles/sunday-paddles#page=142.pdf,https://www4.septa.org/picking/pdf/fall-a-2026/comly/trip-sheets/sunday-trip-sheets.pdf
ComlySunday604,604,Comly,1 of 2,144,Sunday,https://www4.septa.org/picking/pdf/fall-a-2026/comly/paddles/sunday-paddles.pdf#page=144,https://www4.septa.org/picking/pdf/fall-a-2026/comly/paddles/sunday-paddles#page=144.pdf,https://www4.septa.org/picking/pdf/fall-a-2026/comly/trip-sheets/sunday-trip-sheets.pdf
ComlySunday605,605,Comly,1 of 2,146,Sunday,https://www4.septa.org/picking/pdf/fall-a-2026/comly/paddles/sunday-paddles.pdf#page=146,https://www4.septa.org/picking/pdf/fall-a-2026/comly/paddles/sunday-paddles#page=146.pdf,https://www4.septa.org/picking/pdf/fall-a-2026/comly/trip-sheets/sunday-trip-sheets.pdf
ComlySunday606,606,Comly,1 of 2,148,Sunday,https://www4.septa.org/picking/pdf/fall-a-2026/comly/paddles/sunday-paddles.pdf#page=148,https://www4.septa.org/picking/pdf/fall-a-2026/comly/paddles/sunday-paddles#page=148.pdf,https://www4.septa.org/picking/pdf/fall-a-2026/comly/trip-sheets/sunday-trip-sheets.pdf
ComlySunday607,607,Comly,1 of 2,150,Sunday,https://www4.septa.org/picking/pdf/fall-a-2026/comly/paddles/sunday-paddles.pdf#page=150,https://www4.septa.org/picking/pdf/fall-a-2026/comly/paddles/sunday-paddles#page=150.pdf,https://www4.septa.org/picking/pdf/fall-a-2026/comly/trip-sheets/sunday-trip-sheets.pdf
ComlySunday608,608,Comly,1 of 2,152,Sunday,https://www4.septa.org/picking/pdf/fall-a-2026/comly/paddles/sunday-paddles.pdf#page=152,https://www4.septa.org/picking/pdf/fall-a-2026/comly/paddles/sunday-paddles#page=152.pdf,https://www4.septa.org/picking/pdf/fall-a-2026/comly/trip-sheets/sunday-trip-sheets.pdf
ComlySunday609,609,Comly,1 of 2,154,Sunday,https://www4.septa.org/picking/pdf/fall-a-2026/comly/paddles/sunday-paddles.pdf#page=154,https://www4.septa.org/picking/pdf/fall-a-2026/comly/paddles/sunday-paddles#page=154.pdf,https://www4.septa.org/picking/pdf/fall-a-2026/comly/trip-sheets/sunday-trip-sheets.pdf
ComlySunday701,701,Comly,1 of 2,156,Sunday,https://www4.septa.org/picking/pdf/fall-a-2026/comly/paddles/sunday-paddles.pdf#page=156,https://www4.septa.org/picking/pdf/fall-a-2026/comly/paddles/sunday-paddles#page=156.pdf,https://www4.septa.org/picking/pdf/fall-a-2026/comly/trip-sheets/sunday-trip-sheets.pdf
ComlySunday702,702,Comly,1 of 2,158,Sunday,https://www4.septa.org/picking/pdf/fall-a-2026/comly/paddles/sunday-paddles.pdf#page=158,https://www4.septa.org/picking/pdf/fall-a-2026/comly/paddles/sunday-paddles#page=158.pdf,https://www4.septa.org/picking/pdf/fall-a-2026/comly/trip-sheets/sunday-trip-sheets.pdf
ComlySunday703,703,Comly,1 of 2,160,Sunday,https://www4.septa.org/picking/pdf/fall-a-2026/comly/paddles/sunday-paddles.pdf#page=160,https://www4.septa.org/picking/pdf/fall-a-2026/comly/paddles/sunday-paddles#page=160.pdf,https://www4.septa.org/picking/pdf/fall-a-2026/comly/trip-sheets/sunday-trip-sheets.pdf
ComlySunday704,704,Comly,1 of 2,162,Sunday,https://www4.septa.org/picking/pdf/fall-a-2026/comly/paddles/sunday-paddles.pdf#page=162,https://www4.septa.org/picking/pdf/fall-a-2026/comly/paddles/sunday-paddles#page=162.pdf,https://www4.septa.org/picking/pdf/fall-a-2026/comly/trip-sheets/sunday-trip-sheets.pdf
ComlySunday705,705,Comly,1 of 3,164,Sunday,https://www4.septa.org/picking/pdf/fall-a-2026/comly/paddles/sunday-paddles.pdf#page=164,https://www4.septa.org/picking/pdf/fall-a-2026/comly/paddles/sunday-paddles#page=164.pdf,https://www4.septa.org/picking/pdf/fall-a-2026/comly/trip-sheets/sunday-trip-sheets.pdf
ComlySunday706,706,Comly,1 of 2,167,Sunday,https://www4.septa.org/picking/pdf/fall-a-2026/comly/paddles/sunday-paddles.pdf#page=167,https://www4.septa.org/picking/pdf/fall-a-2026/comly/paddles/sunday-paddles#page=167.pdf,https://www4.septa.org/picking/pdf/fall-a-2026/comly/trip-sheets/sunday-trip-sheets.pdf
ComlySunday707,707,Comly,1 of 3,169,Sunday,https://www4.septa.org/picking/pdf/fall-a-2026/comly/paddles/sunday-paddles.pdf#page=169,https://www4.septa.org/picking/pdf/fall-a-2026/comly/paddles/sunday-paddles#page=169.pdf,https://www4.septa.org/picking/pdf/fall-a-2026/comly/trip-sheets/sunday-trip-sheets.pdf
ComlySunday708,708,Comly,1 of 2,172,Sunday,https://www4.septa.org/picking/pdf/fall-a-2026/comly/paddles/sunday-paddles.pdf#page=172,https://www4.septa.org/picking/pdf/fall-a-2026/comly/paddles/sunday-paddles#page=172.pdf,https://www4.septa.org/picking/pdf/fall-a-2026/comly/trip-sheets/sunday-trip-sheets.pdf
ComlySunday709,709,Comly,1 of 4,174,Sunday,https://www4.septa.org/picking/pdf/fall-a-2026/comly/paddles/sunday-paddles.pdf#page=174,https://www4.septa.org/picking/pdf/fall-a-2026/comly/paddles/sunday-paddles#page=174.pdf,https://www4.septa.org/picking/pdf/fall-a-2026/comly/trip-sheets/sunday-trip-sheets.pdf
ComlySunday710,710,Comly,1 of 2,178,Sunday,https://www4.septa.org/picking/pdf/fall-a-2026/comly/paddles/sunday-paddles.pdf#page=178,https://www4.septa.org/picking/pdf/fall-a-2026/comly/paddles/sunday-paddles#page=178.pdf,https://www4.septa.org/picking/pdf/fall-a-2026/comly/trip-sheets/sunday-trip-sheets.pdf
ComlySunday801,801,Comly,1 of 2,180,Sunday,https://www4.septa.org/picking/pdf/fall-a-2026/comly/paddles/sunday-paddles.pdf#page=180,https://www4.septa.org/picking/pdf/fall-a-2026/comly/paddles/sunday-paddles#page=180.pdf,https://www4.septa.org/picking/pdf/fall-a-2026/comly/trip-sheets/sunday-trip-sheets.pdf
ComlySunday802,802,Comly,1 of 2,182,Sunday,https://www4.septa.org/picking/pdf/fall-a-2026/comly/paddles/sunday-paddles.pdf#page=182,https://www4.septa.org/picking/pdf/fall-a-2026/comly/paddles/sunday-paddles#page=182.pdf,https://www4.septa.org/picking/pdf/fall-a-2026/comly/trip-sheets/sunday-trip-sheets.pdf
ComlySunday951,951,Comly,1 of 2,184,Sunday,https://www4.septa.org/picking/pdf/fall-a-2026/comly/paddles/sunday-paddles.pdf#page=184,https://www4.septa.org/picking/pdf/fall-a-2026/comly/paddles/sunday-paddles#page=184.pdf,https://www4.septa.org/picking/pdf/fall-a-2026/comly/trip-sheets/sunday-trip-sheets.pdf
ComlySunday952,952,Comly,1 of 2,186,Sunday,https://www4.septa.org/picking/pdf/fall-a-2026/comly/paddles/sunday-paddles.pdf#page=186,https://www4.septa.org/picking/pdf/fall-a-2026/comly/paddles/sunday-paddles#page=186.pdf,https://www4.septa.org/picking/pdf/fall-a-2026/comly/trip-sheets/sunday-trip-sheets.pdf
ComlySunday953,953,Comly,1 of 2,188,Sunday,https://www4.septa.org/picking/pdf/fall-a-2026/comly/paddles/sunday-paddles.pdf#page=188,https://www4.septa.org/picking/pdf/fall-a-2026/comly/paddles/sunday-paddles#page=188.pdf,https://www4.septa.org/picking/pdf/fall-a-2026/comly/trip-sheets/sunday-trip-sheets.pdf
ComlySunday954,954,Comly,1 of 2,190,Sunday,https://www4.septa.org/picking/pdf/fall-a-2026/comly/paddles/sunday-paddles.pdf#page=190,https://www4.septa.org/picking/pdf/fall-a-2026/comly/paddles/sunday-paddles#page=190.pdf,https://www4.septa.org/picking/pdf/fall-a-2026/comly/trip-sheets/sunday-trip-sheets.pdf
ComlySunday955,955,Comly,1 of 2,192,Sunday,https://www4.septa.org/picking/pdf/fall-a-2026/comly/paddles/sunday-paddles.pdf#page=192,https://www4.septa.org/picking/pdf/fall-a-2026/comly/paddles/sunday-paddles#page=192.pdf,https://www4.septa.org/picking/pdf/fall-a-2026/comly/trip-sheets/sunday-trip-sheets.pdf
