myid,runno,depot,page_1,page,day,moblink,pclink,Trip Sheet
CallowhillWeekday51,51,Callowhill,1 of 2,1,Weekday,https://www4.septa.org/picking/pdf/summer-a-2026/callowhill/bus/paddles/weekday-paddles.pdf#page=1,https://www4.septa.org/picking/pdf/summer-a-2026/callowhill/bus/paddles/weekday-paddles#page=1.pdf,https://www4.septa.org/picking/pdf/summer-a-2026/callowhill/bus/trip-sheets/weekday-trip-sheets.pdf
CallowhillWeekday52,52,Callowhill,1 of 2,3,Weekday,https://www4.septa.org/picking/pdf/summer-a-2026/callowhill/bus/paddles/weekday-paddles.pdf#page=3,https://www4.septa.org/picking/pdf/summer-a-2026/callowhill/bus/paddles/weekday-paddles#page=3.pdf,https://www4.septa.org/picking/pdf/summer-a-2026/callowhill/bus/trip-sheets/weekday-trip-sheets.pdf
CallowhillWeekday53,53,Callowhill,1 of 2,5,Weekday,https://www4.septa.org/picking/pdf/summer-a-2026/callowhill/bus/paddles/weekday-paddles.pdf#page=5,https://www4.septa.org/picking/pdf/summer-a-2026/callowhill/bus/paddles/weekday-paddles#page=5.pdf,https://www4.septa.org/picking/pdf/summer-a-2026/callowhill/bus/trip-sheets/weekday-trip-sheets.pdf
CallowhillWeekday54,54,Callowhill,1 of 2,7,Weekday,https://www4.septa.org/picking/pdf/summer-a-2026/callowhill/bus/paddles/weekday-paddles.pdf#page=7,https://www4.septa.org/picking/pdf/summer-a-2026/callowhill/bus/paddles/weekday-paddles#page=7.pdf,https://www4.septa.org/picking/pdf/summer-a-2026/callowhill/bus/trip-sheets/weekday-trip-sheets.pdf
CallowhillWeekday101,101,Callowhill,1 of 2,9,Weekday,https://www4.septa.org/picking/pdf/summer-a-2026/callowhill/bus/paddles/weekday-paddles.pdf#page=9,https://www4.septa.org/picking/pdf/summer-a-2026/callowhill/bus/paddles/weekday-paddles#page=9.pdf,https://www4.septa.org/picking/pdf/summer-a-2026/callowhill/bus/trip-sheets/weekday-trip-sheets.pdf
CallowhillWeekday102,102,Callowhill,1 of 2,11,Weekday,https://www4.septa.org/picking/pdf/summer-a-2026/callowhill/bus/paddles/weekday-paddles.pdf#page=11,https://www4.septa.org/picking/pdf/summer-a-2026/callowhill/bus/paddles/weekday-paddles#page=11.pdf,https://www4.septa.org/picking/pdf/summer-a-2026/callowhill/bus/trip-sheets/weekday-trip-sheets.pdf
CallowhillWeekday103,103,Callowhill,1 of 2,13,Weekday,https://www4.septa.org/picking/pdf/summer-a-2026/callowhill/bus/paddles/weekday-paddles.pdf#page=13,https://www4.septa.org/picking/pdf/summer-a-2026/callowhill/bus/paddles/weekday-paddles#page=13.pdf,https://www4.septa.org/picking/pdf/summer-a-2026/callowhill/bus/trip-sheets/weekday-trip-sheets.pdf
CallowhillWeekday104,104,Callowhill,1 of 2,15,Weekday,https://www4.septa.org/picking/pdf/summer-a-2026/callowhill/bus/paddles/weekday-paddles.pdf#page=15,https://www4.septa.org/picking/pdf/summer-a-2026/callowhill/bus/paddles/weekday-paddles#page=15.pdf,https://www4.septa.org/picking/pdf/summer-a-2026/callowhill/bus/trip-sheets/weekday-trip-sheets.pdf
CallowhillWeekday105,105,Callowhill,1 of 2,17,Weekday,https://www4.septa.org/picking/pdf/summer-a-2026/callowhill/bus/paddles/weekday-paddles.pdf#page=17,https://www4.septa.org/picking/pdf/summer-a-2026/callowhill/bus/paddles/weekday-paddles#page=17.pdf,https://www4.septa.org/picking/pdf/summer-a-2026/callowhill/bus/trip-sheets/weekday-trip-sheets.pdf
CallowhillWeekday106,106,Callowhill,1 of 2,19,Weekday,https://www4.septa.org/picking/pdf/summer-a-2026/callowhill/bus/paddles/weekday-paddles.pdf#page=19,https://www4.septa.org/picking/pdf/summer-a-2026/callowhill/bus/paddles/weekday-paddles#page=19.pdf,https://www4.septa.org/picking/pdf/summer-a-2026/callowhill/bus/trip-sheets/weekday-trip-sheets.pdf
CallowhillWeekday107,107,Callowhill,1 of 2,21,Weekday,https://www4.septa.org/picking/pdf/summer-a-2026/callowhill/bus/paddles/weekday-paddles.pdf#page=21,https://www4.septa.org/picking/pdf/summer-a-2026/callowhill/bus/paddles/weekday-paddles#page=21.pdf,https://www4.septa.org/picking/pdf/summer-a-2026/callowhill/bus/trip-sheets/weekday-trip-sheets.pdf
CallowhillWeekday108,108,Callowhill,1 of 1,23,Weekday,https://www4.septa.org/picking/pdf/summer-a-2026/callowhill/bus/paddles/weekday-paddles.pdf#page=23,https://www4.septa.org/picking/pdf/summer-a-2026/callowhill/bus/paddles/weekday-paddles#page=23.pdf,https://www4.septa.org/picking/pdf/summer-a-2026/callowhill/bus/trip-sheets/weekday-trip-sheets.pdf
CallowhillWeekday109,109,Callowhill,1 of 2,24,Weekday,https://www4.septa.org/picking/pdf/summer-a-2026/callowhill/bus/paddles/weekday-paddles.pdf#page=24,https://www4.septa.org/picking/pdf/summer-a-2026/callowhill/bus/paddles/weekday-paddles#page=24.pdf,https://www4.septa.org/picking/pdf/summer-a-2026/callowhill/bus/trip-sheets/weekday-trip-sheets.pdf
CallowhillWeekday110,110,Callowhill,1 of 2,26,Weekday,https://www4.septa.org/picking/pdf/summer-a-2026/callowhill/bus/paddles/weekday-paddles.pdf#page=26,https://www4.septa.org/picking/pdf/summer-a-2026/callowhill/bus/paddles/weekday-paddles#page=26.pdf,https://www4.septa.org/picking/pdf/summer-a-2026/callowhill/bus/trip-sheets/weekday-trip-sheets.pdf
CallowhillWeekday111,111,Callowhill,1 of 2,28,Weekday,https://www4.septa.org/picking/pdf/summer-a-2026/callowhill/bus/paddles/weekday-paddles.pdf#page=28,https://www4.septa.org/picking/pdf/summer-a-2026/callowhill/bus/paddles/weekday-paddles#page=28.pdf,https://www4.septa.org/picking/pdf/summer-a-2026/callowhill/bus/trip-sheets/weekday-trip-sheets.pdf
CallowhillWeekday112,112,Callowhill,1 of 2,30,Weekday,https://www4.septa.org/picking/pdf/summer-a-2026/callowhill/bus/paddles/weekday-paddles.pdf#page=30,https://www4.septa.org/picking/pdf/summer-a-2026/callowhill/bus/paddles/weekday-paddles#page=30.pdf,https://www4.septa.org/picking/pdf/summer-a-2026/callowhill/bus/trip-sheets/weekday-trip-sheets.pdf
CallowhillWeekday113,113,Callowhill,1 of 2,32,Weekday,https://www4.septa.org/picking/pdf/summer-a-2026/callowhill/bus/paddles/weekday-paddles.pdf#page=32,https://www4.septa.org/picking/pdf/summer-a-2026/callowhill/bus/paddles/weekday-paddles#page=32.pdf,https://www4.septa.org/picking/pdf/summer-a-2026/callowhill/bus/trip-sheets/weekday-trip-sheets.pdf
CallowhillWeekday114,114,Callowhill,1 of 2,34,Weekday,https://www4.septa.org/picking/pdf/summer-a-2026/callowhill/bus/paddles/weekday-paddles.pdf#page=34,https://www4.septa.org/picking/pdf/summer-a-2026/callowhill/bus/paddles/weekday-paddles#page=34.pdf,https://www4.septa.org/picking/pdf/summer-a-2026/callowhill/bus/trip-sheets/weekday-trip-sheets.pdf
CallowhillWeekday115,115,Callowhill,1 of 2,36,Weekday,https://www4.septa.org/picking/pdf/summer-a-2026/callowhill/bus/paddles/weekday-paddles.pdf#page=36,https://www4.septa.org/picking/pdf/summer-a-2026/callowhill/bus/paddles/weekday-paddles#page=36.pdf,https://www4.septa.org/picking/pdf/summer-a-2026/callowhill/bus/trip-sheets/weekday-trip-sheets.pdf
CallowhillWeekday116,116,Callowhill,1 of 2,38,Weekday,https://www4.septa.org/picking/pdf/summer-a-2026/callowhill/bus/paddles/weekday-paddles.pdf#page=38,https://www4.septa.org/picking/pdf/summer-a-2026/callowhill/bus/paddles/weekday-paddles#page=38.pdf,https://www4.septa.org/picking/pdf/summer-a-2026/callowhill/bus/trip-sheets/weekday-trip-sheets.pdf
CallowhillWeekday117,117,Callowhill,1 of 2,40,Weekday,https://www4.septa.org/picking/pdf/summer-a-2026/callowhill/bus/paddles/weekday-paddles.pdf#page=40,https://www4.septa.org/picking/pdf/summer-a-2026/callowhill/bus/paddles/weekday-paddles#page=40.pdf,https://www4.septa.org/picking/pdf/summer-a-2026/callowhill/bus/trip-sheets/weekday-trip-sheets.pdf
CallowhillWeekday118,118,Callowhill,1 of 2,42,Weekday,https://www4.septa.org/picking/pdf/summer-a-2026/callowhill/bus/paddles/weekday-paddles.pdf#page=42,https://www4.septa.org/picking/pdf/summer-a-2026/callowhill/bus/paddles/weekday-paddles#page=42.pdf,https://www4.septa.org/picking/pdf/summer-a-2026/callowhill/bus/trip-sheets/weekday-trip-sheets.pdf
CallowhillWeekday119,119,Callowhill,1 of 2,44,Weekday,https://www4.septa.org/picking/pdf/summer-a-2026/callowhill/bus/paddles/weekday-paddles.pdf#page=44,https://www4.septa.org/picking/pdf/summer-a-2026/callowhill/bus/paddles/weekday-paddles#page=44.pdf,https://www4.septa.org/picking/pdf/summer-a-2026/callowhill/bus/trip-sheets/weekday-trip-sheets.pdf
CallowhillWeekday120,120,Callowhill,1 of 2,46,Weekday,https://www4.septa.org/picking/pdf/summer-a-2026/callowhill/bus/paddles/weekday-paddles.pdf#page=46,https://www4.septa.org/picking/pdf/summer-a-2026/callowhill/bus/paddles/weekday-paddles#page=46.pdf,https://www4.septa.org/picking/pdf/summer-a-2026/callowhill/bus/trip-sheets/weekday-trip-sheets.pdf
CallowhillWeekday121,121,Callowhill,1 of 2,48,Weekday,https://www4.septa.org/picking/pdf/summer-a-2026/callowhill/bus/paddles/weekday-paddles.pdf#page=48,https://www4.septa.org/picking/pdf/summer-a-2026/callowhill/bus/paddles/weekday-paddles#page=48.pdf,https://www4.septa.org/picking/pdf/summer-a-2026/callowhill/bus/trip-sheets/weekday-trip-sheets.pdf
CallowhillWeekday122,122,Callowhill,1 of 2,50,Weekday,https://www4.septa.org/picking/pdf/summer-a-2026/callowhill/bus/paddles/weekday-paddles.pdf#page=50,https://www4.septa.org/picking/pdf/summer-a-2026/callowhill/bus/paddles/weekday-paddles#page=50.pdf,https://www4.septa.org/picking/pdf/summer-a-2026/callowhill/bus/trip-sheets/weekday-trip-sheets.pdf
CallowhillWeekday123,123,Callowhill,1 of 2,52,Weekday,https://www4.septa.org/picking/pdf/summer-a-2026/callowhill/bus/paddles/weekday-paddles.pdf#page=52,https://www4.septa.org/picking/pdf/summer-a-2026/callowhill/bus/paddles/weekday-paddles#page=52.pdf,https://www4.septa.org/picking/pdf/summer-a-2026/callowhill/bus/trip-sheets/weekday-trip-sheets.pdf
CallowhillWeekday124,124,Callowhill,1 of 2,54,Weekday,https://www4.septa.org/picking/pdf/summer-a-2026/callowhill/bus/paddles/weekday-paddles.pdf#page=54,https://www4.septa.org/picking/pdf/summer-a-2026/callowhill/bus/paddles/weekday-paddles#page=54.pdf,https://www4.septa.org/picking/pdf/summer-a-2026/callowhill/bus/trip-sheets/weekday-trip-sheets.pdf
CallowhillWeekday125,125,Callowhill,1 of 3,56,Weekday,https://www4.septa.org/picking/pdf/summer-a-2026/callowhill/bus/paddles/weekday-paddles.pdf#page=56,https://www4.septa.org/picking/pdf/summer-a-2026/callowhill/bus/paddles/weekday-paddles#page=56.pdf,https://www4.septa.org/picking/pdf/summer-a-2026/callowhill/bus/trip-sheets/weekday-trip-sheets.pdf
CallowhillWeekday126,126,Callowhill,1 of 2,59,Weekday,https://www4.septa.org/picking/pdf/summer-a-2026/callowhill/bus/paddles/weekday-paddles.pdf#page=59,https://www4.septa.org/picking/pdf/summer-a-2026/callowhill/bus/paddles/weekday-paddles#page=59.pdf,https://www4.septa.org/picking/pdf/summer-a-2026/callowhill/bus/trip-sheets/weekday-trip-sheets.pdf
CallowhillWeekday127,127,Callowhill,1 of 3,61,Weekday,https://www4.septa.org/picking/pdf/summer-a-2026/callowhill/bus/paddles/weekday-paddles.pdf#page=61,https://www4.septa.org/picking/pdf/summer-a-2026/callowhill/bus/paddles/weekday-paddles#page=61.pdf,https://www4.septa.org/picking/pdf/summer-a-2026/callowhill/bus/trip-sheets/weekday-trip-sheets.pdf
CallowhillWeekday128,128,Callowhill,1 of 2,64,Weekday,https://www4.septa.org/picking/pdf/summer-a-2026/callowhill/bus/paddles/weekday-paddles.pdf#page=64,https://www4.septa.org/picking/pdf/summer-a-2026/callowhill/bus/paddles/weekday-paddles#page=64.pdf,https://www4.septa.org/picking/pdf/summer-a-2026/callowhill/bus/trip-sheets/weekday-trip-sheets.pdf
CallowhillWeekday129,129,Callowhill,1 of 2,66,Weekday,https://www4.septa.org/picking/pdf/summer-a-2026/callowhill/bus/paddles/weekday-paddles.pdf#page=66,https://www4.septa.org/picking/pdf/summer-a-2026/callowhill/bus/paddles/weekday-paddles#page=66.pdf,https://www4.septa.org/picking/pdf/summer-a-2026/callowhill/bus/trip-sheets/weekday-trip-sheets.pdf
CallowhillWeekday130,130,Callowhill,1 of 2,68,Weekday,https://www4.septa.org/picking/pdf/summer-a-2026/callowhill/bus/paddles/weekday-paddles.pdf#page=68,https://www4.septa.org/picking/pdf/summer-a-2026/callowhill/bus/paddles/weekday-paddles#page=68.pdf,https://www4.septa.org/picking/pdf/summer-a-2026/callowhill/bus/trip-sheets/weekday-trip-sheets.pdf
CallowhillWeekday131,131,Callowhill,1 of 2,70,Weekday,https://www4.septa.org/picking/pdf/summer-a-2026/callowhill/bus/paddles/weekday-paddles.pdf#page=70,https://www4.septa.org/picking/pdf/summer-a-2026/callowhill/bus/paddles/weekday-paddles#page=70.pdf,https://www4.septa.org/picking/pdf/summer-a-2026/callowhill/bus/trip-sheets/weekday-trip-sheets.pdf
CallowhillWeekday132,132,Callowhill,1 of 2,72,Weekday,https://www4.septa.org/picking/pdf/summer-a-2026/callowhill/bus/paddles/weekday-paddles.pdf#page=72,https://www4.septa.org/picking/pdf/summer-a-2026/callowhill/bus/paddles/weekday-paddles#page=72.pdf,https://www4.septa.org/picking/pdf/summer-a-2026/callowhill/bus/trip-sheets/weekday-trip-sheets.pdf
CallowhillWeekday133,133,Callowhill,1 of 2,74,Weekday,https://www4.septa.org/picking/pdf/summer-a-2026/callowhill/bus/paddles/weekday-paddles.pdf#page=74,https://www4.septa.org/picking/pdf/summer-a-2026/callowhill/bus/paddles/weekday-paddles#page=74.pdf,https://www4.septa.org/picking/pdf/summer-a-2026/callowhill/bus/trip-sheets/weekday-trip-sheets.pdf
CallowhillWeekday134,134,Callowhill,1 of 2,76,Weekday,https://www4.septa.org/picking/pdf/summer-a-2026/callowhill/bus/paddles/weekday-paddles.pdf#page=76,https://www4.septa.org/picking/pdf/summer-a-2026/callowhill/bus/paddles/weekday-paddles#page=76.pdf,https://www4.septa.org/picking/pdf/summer-a-2026/callowhill/bus/trip-sheets/weekday-trip-sheets.pdf
CallowhillWeekday135,135,Callowhill,1 of 2,78,Weekday,https://www4.septa.org/picking/pdf/summer-a-2026/callowhill/bus/paddles/weekday-paddles.pdf#page=78,https://www4.septa.org/picking/pdf/summer-a-2026/callowhill/bus/paddles/weekday-paddles#page=78.pdf,https://www4.septa.org/picking/pdf/summer-a-2026/callowhill/bus/trip-sheets/weekday-trip-sheets.pdf
CallowhillWeekday136,136,Callowhill,1 of 2,80,Weekday,https://www4.septa.org/picking/pdf/summer-a-2026/callowhill/bus/paddles/weekday-paddles.pdf#page=80,https://www4.septa.org/picking/pdf/summer-a-2026/callowhill/bus/paddles/weekday-paddles#page=80.pdf,https://www4.septa.org/picking/pdf/summer-a-2026/callowhill/bus/trip-sheets/weekday-trip-sheets.pdf
CallowhillWeekday137,137,Callowhill,1 of 2,82,Weekday,https://www4.septa.org/picking/pdf/summer-a-2026/callowhill/bus/paddles/weekday-paddles.pdf#page=82,https://www4.septa.org/picking/pdf/summer-a-2026/callowhill/bus/paddles/weekday-paddles#page=82.pdf,https://www4.septa.org/picking/pdf/summer-a-2026/callowhill/bus/trip-sheets/weekday-trip-sheets.pdf
CallowhillWeekday138,138,Callowhill,1 of 2,84,Weekday,https://www4.septa.org/picking/pdf/summer-a-2026/callowhill/bus/paddles/weekday-paddles.pdf#page=84,https://www4.septa.org/picking/pdf/summer-a-2026/callowhill/bus/paddles/weekday-paddles#page=84.pdf,https://www4.septa.org/picking/pdf/summer-a-2026/callowhill/bus/trip-sheets/weekday-trip-sheets.pdf
CallowhillWeekday139,139,Callowhill,1 of 2,86,Weekday,https://www4.septa.org/picking/pdf/summer-a-2026/callowhill/bus/paddles/weekday-paddles.pdf#page=86,https://www4.septa.org/picking/pdf/summer-a-2026/callowhill/bus/paddles/weekday-paddles#page=86.pdf,https://www4.septa.org/picking/pdf/summer-a-2026/callowhill/bus/trip-sheets/weekday-trip-sheets.pdf
CallowhillWeekday140,140,Callowhill,1 of 2,88,Weekday,https://www4.septa.org/picking/pdf/summer-a-2026/callowhill/bus/paddles/weekday-paddles.pdf#page=88,https://www4.septa.org/picking/pdf/summer-a-2026/callowhill/bus/paddles/weekday-paddles#page=88.pdf,https://www4.septa.org/picking/pdf/summer-a-2026/callowhill/bus/trip-sheets/weekday-trip-sheets.pdf
CallowhillWeekday141,141,Callowhill,1 of 2,90,Weekday,https://www4.septa.org/picking/pdf/summer-a-2026/callowhill/bus/paddles/weekday-paddles.pdf#page=90,https://www4.septa.org/picking/pdf/summer-a-2026/callowhill/bus/paddles/weekday-paddles#page=90.pdf,https://www4.septa.org/picking/pdf/summer-a-2026/callowhill/bus/trip-sheets/weekday-trip-sheets.pdf
CallowhillWeekday142,142,Callowhill,1 of 2,92,Weekday,https://www4.septa.org/picking/pdf/summer-a-2026/callowhill/bus/paddles/weekday-paddles.pdf#page=92,https://www4.septa.org/picking/pdf/summer-a-2026/callowhill/bus/paddles/weekday-paddles#page=92.pdf,https://www4.septa.org/picking/pdf/summer-a-2026/callowhill/bus/trip-sheets/weekday-trip-sheets.pdf
CallowhillWeekday143,143,Callowhill,1 of 2,94,Weekday,https://www4.septa.org/picking/pdf/summer-a-2026/callowhill/bus/paddles/weekday-paddles.pdf#page=94,https://www4.septa.org/picking/pdf/summer-a-2026/callowhill/bus/paddles/weekday-paddles#page=94.pdf,https://www4.septa.org/picking/pdf/summer-a-2026/callowhill/bus/trip-sheets/weekday-trip-sheets.pdf
CallowhillWeekday144,144,Callowhill,1 of 2,96,Weekday,https://www4.septa.org/picking/pdf/summer-a-2026/callowhill/bus/paddles/weekday-paddles.pdf#page=96,https://www4.septa.org/picking/pdf/summer-a-2026/callowhill/bus/paddles/weekday-paddles#page=96.pdf,https://www4.septa.org/picking/pdf/summer-a-2026/callowhill/bus/trip-sheets/weekday-trip-sheets.pdf
CallowhillWeekday145,145,Callowhill,1 of 1,98,Weekday,https://www4.septa.org/picking/pdf/summer-a-2026/callowhill/bus/paddles/weekday-paddles.pdf#page=98,https://www4.septa.org/picking/pdf/summer-a-2026/callowhill/bus/paddles/weekday-paddles#page=98.pdf,https://www4.septa.org/picking/pdf/summer-a-2026/callowhill/bus/trip-sheets/weekday-trip-sheets.pdf
CallowhillWeekday146,146,Callowhill,1 of 2,99,Weekday,https://www4.septa.org/picking/pdf/summer-a-2026/callowhill/bus/paddles/weekday-paddles.pdf#page=99,https://www4.septa.org/picking/pdf/summer-a-2026/callowhill/bus/paddles/weekday-paddles#page=99.pdf,https://www4.septa.org/picking/pdf/summer-a-2026/callowhill/bus/trip-sheets/weekday-trip-sheets.pdf
CallowhillWeekday201,201,Callowhill,1 of 3,101,Weekday,https://www4.septa.org/picking/pdf/summer-a-2026/callowhill/bus/paddles/weekday-paddles.pdf#page=101,https://www4.septa.org/picking/pdf/summer-a-2026/callowhill/bus/paddles/weekday-paddles#page=101.pdf,https://www4.septa.org/picking/pdf/summer-a-2026/callowhill/bus/trip-sheets/weekday-trip-sheets.pdf
CallowhillWeekday202,202,Callowhill,1 of 3,104,Weekday,https://www4.septa.org/picking/pdf/summer-a-2026/callowhill/bus/paddles/weekday-paddles.pdf#page=104,https://www4.septa.org/picking/pdf/summer-a-2026/callowhill/bus/paddles/weekday-paddles#page=104.pdf,https://www4.septa.org/picking/pdf/summer-a-2026/callowhill/bus/trip-sheets/weekday-trip-sheets.pdf
CallowhillWeekday203,203,Callowhill,1 of 2,107,Weekday,https://www4.septa.org/picking/pdf/summer-a-2026/callowhill/bus/paddles/weekday-paddles.pdf#page=107,https://www4.septa.org/picking/pdf/summer-a-2026/callowhill/bus/paddles/weekday-paddles#page=107.pdf,https://www4.septa.org/picking/pdf/summer-a-2026/callowhill/bus/trip-sheets/weekday-trip-sheets.pdf
CallowhillWeekday204,204,Callowhill,1 of 3,109,Weekday,https://www4.septa.org/picking/pdf/summer-a-2026/callowhill/bus/paddles/weekday-paddles.pdf#page=109,https://www4.septa.org/picking/pdf/summer-a-2026/callowhill/bus/paddles/weekday-paddles#page=109.pdf,https://www4.septa.org/picking/pdf/summer-a-2026/callowhill/bus/trip-sheets/weekday-trip-sheets.pdf
CallowhillWeekday205,205,Callowhill,1 of 6,112,Weekday,https://www4.septa.org/picking/pdf/summer-a-2026/callowhill/bus/paddles/weekday-paddles.pdf#page=112,https://www4.septa.org/picking/pdf/summer-a-2026/callowhill/bus/paddles/weekday-paddles#page=112.pdf,https://www4.septa.org/picking/pdf/summer-a-2026/callowhill/bus/trip-sheets/weekday-trip-sheets.pdf
CallowhillWeekday206,206,Callowhill,1 of 3,118,Weekday,https://www4.septa.org/picking/pdf/summer-a-2026/callowhill/bus/paddles/weekday-paddles.pdf#page=118,https://www4.septa.org/picking/pdf/summer-a-2026/callowhill/bus/paddles/weekday-paddles#page=118.pdf,https://www4.septa.org/picking/pdf/summer-a-2026/callowhill/bus/trip-sheets/weekday-trip-sheets.pdf
CallowhillWeekday207,207,Callowhill,1 of 3,121,Weekday,https://www4.septa.org/picking/pdf/summer-a-2026/callowhill/bus/paddles/weekday-paddles.pdf#page=121,https://www4.septa.org/picking/pdf/summer-a-2026/callowhill/bus/paddles/weekday-paddles#page=121.pdf,https://www4.septa.org/picking/pdf/summer-a-2026/callowhill/bus/trip-sheets/weekday-trip-sheets.pdf
CallowhillWeekday208,208,Callowhill,1 of 3,124,Weekday,https://www4.septa.org/picking/pdf/summer-a-2026/callowhill/bus/paddles/weekday-paddles.pdf#page=124,https://www4.septa.org/picking/pdf/summer-a-2026/callowhill/bus/paddles/weekday-paddles#page=124.pdf,https://www4.septa.org/picking/pdf/summer-a-2026/callowhill/bus/trip-sheets/weekday-trip-sheets.pdf
CallowhillWeekday209,209,Callowhill,1 of 3,127,Weekday,https://www4.septa.org/picking/pdf/summer-a-2026/callowhill/bus/paddles/weekday-paddles.pdf#page=127,https://www4.septa.org/picking/pdf/summer-a-2026/callowhill/bus/paddles/weekday-paddles#page=127.pdf,https://www4.septa.org/picking/pdf/summer-a-2026/callowhill/bus/trip-sheets/weekday-trip-sheets.pdf
CallowhillWeekday210,210,Callowhill,1 of 3,130,Weekday,https://www4.septa.org/picking/pdf/summer-a-2026/callowhill/bus/paddles/weekday-paddles.pdf#page=130,https://www4.septa.org/picking/pdf/summer-a-2026/callowhill/bus/paddles/weekday-paddles#page=130.pdf,https://www4.septa.org/picking/pdf/summer-a-2026/callowhill/bus/trip-sheets/weekday-trip-sheets.pdf
CallowhillWeekday211,211,Callowhill,1 of 6,133,Weekday,https://www4.septa.org/picking/pdf/summer-a-2026/callowhill/bus/paddles/weekday-paddles.pdf#page=133,https://www4.septa.org/picking/pdf/summer-a-2026/callowhill/bus/paddles/weekday-paddles#page=133.pdf,https://www4.septa.org/picking/pdf/summer-a-2026/callowhill/bus/trip-sheets/weekday-trip-sheets.pdf
CallowhillWeekday212,212,Callowhill,1 of 3,139,Weekday,https://www4.septa.org/picking/pdf/summer-a-2026/callowhill/bus/paddles/weekday-paddles.pdf#page=139,https://www4.septa.org/picking/pdf/summer-a-2026/callowhill/bus/paddles/weekday-paddles#page=139.pdf,https://www4.septa.org/picking/pdf/summer-a-2026/callowhill/bus/trip-sheets/weekday-trip-sheets.pdf
CallowhillWeekday213,213,Callowhill,1 of 3,142,Weekday,https://www4.septa.org/picking/pdf/summer-a-2026/callowhill/bus/paddles/weekday-paddles.pdf#page=142,https://www4.septa.org/picking/pdf/summer-a-2026/callowhill/bus/paddles/weekday-paddles#page=142.pdf,https://www4.septa.org/picking/pdf/summer-a-2026/callowhill/bus/trip-sheets/weekday-trip-sheets.pdf
CallowhillWeekday214,214,Callowhill,1 of 3,145,Weekday,https://www4.septa.org/picking/pdf/summer-a-2026/callowhill/bus/paddles/weekday-paddles.pdf#page=145,https://www4.septa.org/picking/pdf/summer-a-2026/callowhill/bus/paddles/weekday-paddles#page=145.pdf,https://www4.septa.org/picking/pdf/summer-a-2026/callowhill/bus/trip-sheets/weekday-trip-sheets.pdf
CallowhillWeekday215,215,Callowhill,1 of 3,148,Weekday,https://www4.septa.org/picking/pdf/summer-a-2026/callowhill/bus/paddles/weekday-paddles.pdf#page=148,https://www4.septa.org/picking/pdf/summer-a-2026/callowhill/bus/paddles/weekday-paddles#page=148.pdf,https://www4.septa.org/picking/pdf/summer-a-2026/callowhill/bus/trip-sheets/weekday-trip-sheets.pdf
CallowhillWeekday301,301,Callowhill,1 of 2,151,Weekday,https://www4.septa.org/picking/pdf/summer-a-2026/callowhill/bus/paddles/weekday-paddles.pdf#page=151,https://www4.septa.org/picking/pdf/summer-a-2026/callowhill/bus/paddles/weekday-paddles#page=151.pdf,https://www4.septa.org/picking/pdf/summer-a-2026/callowhill/bus/trip-sheets/weekday-trip-sheets.pdf
CallowhillWeekday302,302,Callowhill,1 of 2,153,Weekday,https://www4.septa.org/picking/pdf/summer-a-2026/callowhill/bus/paddles/weekday-paddles.pdf#page=153,https://www4.septa.org/picking/pdf/summer-a-2026/callowhill/bus/paddles/weekday-paddles#page=153.pdf,https://www4.septa.org/picking/pdf/summer-a-2026/callowhill/bus/trip-sheets/weekday-trip-sheets.pdf
CallowhillWeekday303,303,Callowhill,1 of 2,155,Weekday,https://www4.septa.org/picking/pdf/summer-a-2026/callowhill/bus/paddles/weekday-paddles.pdf#page=155,https://www4.septa.org/picking/pdf/summer-a-2026/callowhill/bus/paddles/weekday-paddles#page=155.pdf,https://www4.septa.org/picking/pdf/summer-a-2026/callowhill/bus/trip-sheets/weekday-trip-sheets.pdf
CallowhillWeekday304,304,Callowhill,1 of 2,157,Weekday,https://www4.septa.org/picking/pdf/summer-a-2026/callowhill/bus/paddles/weekday-paddles.pdf#page=157,https://www4.septa.org/picking/pdf/summer-a-2026/callowhill/bus/paddles/weekday-paddles#page=157.pdf,https://www4.septa.org/picking/pdf/summer-a-2026/callowhill/bus/trip-sheets/weekday-trip-sheets.pdf
CallowhillWeekday305,305,Callowhill,1 of 2,159,Weekday,https://www4.septa.org/picking/pdf/summer-a-2026/callowhill/bus/paddles/weekday-paddles.pdf#page=159,https://www4.septa.org/picking/pdf/summer-a-2026/callowhill/bus/paddles/weekday-paddles#page=159.pdf,https://www4.septa.org/picking/pdf/summer-a-2026/callowhill/bus/trip-sheets/weekday-trip-sheets.pdf
CallowhillWeekday306,306,Callowhill,1 of 2,161,Weekday,https://www4.septa.org/picking/pdf/summer-a-2026/callowhill/bus/paddles/weekday-paddles.pdf#page=161,https://www4.septa.org/picking/pdf/summer-a-2026/callowhill/bus/paddles/weekday-paddles#page=161.pdf,https://www4.septa.org/picking/pdf/summer-a-2026/callowhill/bus/trip-sheets/weekday-trip-sheets.pdf
CallowhillWeekday307,307,Callowhill,1 of 2,163,Weekday,https://www4.septa.org/picking/pdf/summer-a-2026/callowhill/bus/paddles/weekday-paddles.pdf#page=163,https://www4.septa.org/picking/pdf/summer-a-2026/callowhill/bus/paddles/weekday-paddles#page=163.pdf,https://www4.septa.org/picking/pdf/summer-a-2026/callowhill/bus/trip-sheets/weekday-trip-sheets.pdf
CallowhillWeekday308,308,Callowhill,1 of 2,165,Weekday,https://www4.septa.org/picking/pdf/summer-a-2026/callowhill/bus/paddles/weekday-paddles.pdf#page=165,https://www4.septa.org/picking/pdf/summer-a-2026/callowhill/bus/paddles/weekday-paddles#page=165.pdf,https://www4.septa.org/picking/pdf/summer-a-2026/callowhill/bus/trip-sheets/weekday-trip-sheets.pdf
CallowhillWeekday309,309,Callowhill,1 of 2,167,Weekday,https://www4.septa.org/picking/pdf/summer-a-2026/callowhill/bus/paddles/weekday-paddles.pdf#page=167,https://www4.septa.org/picking/pdf/summer-a-2026/callowhill/bus/paddles/weekday-paddles#page=167.pdf,https://www4.septa.org/picking/pdf/summer-a-2026/callowhill/bus/trip-sheets/weekday-trip-sheets.pdf
CallowhillWeekday310,310,Callowhill,1 of 2,169,Weekday,https://www4.septa.org/picking/pdf/summer-a-2026/callowhill/bus/paddles/weekday-paddles.pdf#page=169,https://www4.septa.org/picking/pdf/summer-a-2026/callowhill/bus/paddles/weekday-paddles#page=169.pdf,https://www4.septa.org/picking/pdf/summer-a-2026/callowhill/bus/trip-sheets/weekday-trip-sheets.pdf
CallowhillWeekday311,311,Callowhill,1 of 2,171,Weekday,https://www4.septa.org/picking/pdf/summer-a-2026/callowhill/bus/paddles/weekday-paddles.pdf#page=171,https://www4.septa.org/picking/pdf/summer-a-2026/callowhill/bus/paddles/weekday-paddles#page=171.pdf,https://www4.septa.org/picking/pdf/summer-a-2026/callowhill/bus/trip-sheets/weekday-trip-sheets.pdf
CallowhillWeekday312,312,Callowhill,1 of 2,173,Weekday,https://www4.septa.org/picking/pdf/summer-a-2026/callowhill/bus/paddles/weekday-paddles.pdf#page=173,https://www4.septa.org/picking/pdf/summer-a-2026/callowhill/bus/paddles/weekday-paddles#page=173.pdf,https://www4.septa.org/picking/pdf/summer-a-2026/callowhill/bus/trip-sheets/weekday-trip-sheets.pdf
CallowhillWeekday313,313,Callowhill,1 of 2,175,Weekday,https://www4.septa.org/picking/pdf/summer-a-2026/callowhill/bus/paddles/weekday-paddles.pdf#page=175,https://www4.septa.org/picking/pdf/summer-a-2026/callowhill/bus/paddles/weekday-paddles#page=175.pdf,https://www4.septa.org/picking/pdf/summer-a-2026/callowhill/bus/trip-sheets/weekday-trip-sheets.pdf
CallowhillWeekday314,314,Callowhill,1 of 2,177,Weekday,https://www4.septa.org/picking/pdf/summer-a-2026/callowhill/bus/paddles/weekday-paddles.pdf#page=177,https://www4.septa.org/picking/pdf/summer-a-2026/callowhill/bus/paddles/weekday-paddles#page=177.pdf,https://www4.septa.org/picking/pdf/summer-a-2026/callowhill/bus/trip-sheets/weekday-trip-sheets.pdf
CallowhillWeekday315,315,Callowhill,1 of 2,179,Weekday,https://www4.septa.org/picking/pdf/summer-a-2026/callowhill/bus/paddles/weekday-paddles.pdf#page=179,https://www4.septa.org/picking/pdf/summer-a-2026/callowhill/bus/paddles/weekday-paddles#page=179.pdf,https://www4.septa.org/picking/pdf/summer-a-2026/callowhill/bus/trip-sheets/weekday-trip-sheets.pdf
CallowhillWeekday351,351,Callowhill,1 of 2,181,Weekday,https://www4.septa.org/picking/pdf/summer-a-2026/callowhill/bus/paddles/weekday-paddles.pdf#page=181,https://www4.septa.org/picking/pdf/summer-a-2026/callowhill/bus/paddles/weekday-paddles#page=181.pdf,https://www4.septa.org/picking/pdf/summer-a-2026/callowhill/bus/trip-sheets/weekday-trip-sheets.pdf
CallowhillWeekday352,352,Callowhill,1 of 4,183,Weekday,https://www4.septa.org/picking/pdf/summer-a-2026/callowhill/bus/paddles/weekday-paddles.pdf#page=183,https://www4.septa.org/picking/pdf/summer-a-2026/callowhill/bus/paddles/weekday-paddles#page=183.pdf,https://www4.septa.org/picking/pdf/summer-a-2026/callowhill/bus/trip-sheets/weekday-trip-sheets.pdf
CallowhillWeekday353,353,Callowhill,1 of 2,187,Weekday,https://www4.septa.org/picking/pdf/summer-a-2026/callowhill/bus/paddles/weekday-paddles.pdf#page=187,https://www4.septa.org/picking/pdf/summer-a-2026/callowhill/bus/paddles/weekday-paddles#page=187.pdf,https://www4.septa.org/picking/pdf/summer-a-2026/callowhill/bus/trip-sheets/weekday-trip-sheets.pdf
CallowhillWeekday354,354,Callowhill,1 of 2,189,Weekday,https://www4.septa.org/picking/pdf/summer-a-2026/callowhill/bus/paddles/weekday-paddles.pdf#page=189,https://www4.septa.org/picking/pdf/summer-a-2026/callowhill/bus/paddles/weekday-paddles#page=189.pdf,https://www4.septa.org/picking/pdf/summer-a-2026/callowhill/bus/trip-sheets/weekday-trip-sheets.pdf
CallowhillWeekday355,355,Callowhill,1 of 2,191,Weekday,https://www4.septa.org/picking/pdf/summer-a-2026/callowhill/bus/paddles/weekday-paddles.pdf#page=191,https://www4.septa.org/picking/pdf/summer-a-2026/callowhill/bus/paddles/weekday-paddles#page=191.pdf,https://www4.septa.org/picking/pdf/summer-a-2026/callowhill/bus/trip-sheets/weekday-trip-sheets.pdf
CallowhillWeekday356,356,Callowhill,1 of 2,193,Weekday,https://www4.septa.org/picking/pdf/summer-a-2026/callowhill/bus/paddles/weekday-paddles.pdf#page=193,https://www4.septa.org/picking/pdf/summer-a-2026/callowhill/bus/paddles/weekday-paddles#page=193.pdf,https://www4.septa.org/picking/pdf/summer-a-2026/callowhill/bus/trip-sheets/weekday-trip-sheets.pdf
CallowhillWeekday357,357,Callowhill,1 of 2,195,Weekday,https://www4.septa.org/picking/pdf/summer-a-2026/callowhill/bus/paddles/weekday-paddles.pdf#page=195,https://www4.septa.org/picking/pdf/summer-a-2026/callowhill/bus/paddles/weekday-paddles#page=195.pdf,https://www4.septa.org/picking/pdf/summer-a-2026/callowhill/bus/trip-sheets/weekday-trip-sheets.pdf
CallowhillWeekday358,358,Callowhill,1 of 2,197,Weekday,https://www4.septa.org/picking/pdf/summer-a-2026/callowhill/bus/paddles/weekday-paddles.pdf#page=197,https://www4.septa.org/picking/pdf/summer-a-2026/callowhill/bus/paddles/weekday-paddles#page=197.pdf,https://www4.septa.org/picking/pdf/summer-a-2026/callowhill/bus/trip-sheets/weekday-trip-sheets.pdf
CallowhillWeekday401,401,Callowhill,1 of 2,199,Weekday,https://www4.septa.org/picking/pdf/summer-a-2026/callowhill/bus/paddles/weekday-paddles.pdf#page=199,https://www4.septa.org/picking/pdf/summer-a-2026/callowhill/bus/paddles/weekday-paddles#page=199.pdf,https://www4.septa.org/picking/pdf/summer-a-2026/callowhill/bus/trip-sheets/weekday-trip-sheets.pdf
CallowhillWeekday402,402,Callowhill,1 of 2,201,Weekday,https://www4.septa.org/picking/pdf/summer-a-2026/callowhill/bus/paddles/weekday-paddles.pdf#page=201,https://www4.septa.org/picking/pdf/summer-a-2026/callowhill/bus/paddles/weekday-paddles#page=201.pdf,https://www4.septa.org/picking/pdf/summer-a-2026/callowhill/bus/trip-sheets/weekday-trip-sheets.pdf
CallowhillWeekday403,403,Callowhill,1 of 2,203,Weekday,https://www4.septa.org/picking/pdf/summer-a-2026/callowhill/bus/paddles/weekday-paddles.pdf#page=203,https://www4.septa.org/picking/pdf/summer-a-2026/callowhill/bus/paddles/weekday-paddles#page=203.pdf,https://www4.septa.org/picking/pdf/summer-a-2026/callowhill/bus/trip-sheets/weekday-trip-sheets.pdf
CallowhillWeekday404,404,Callowhill,1 of 2,205,Weekday,https://www4.septa.org/picking/pdf/summer-a-2026/callowhill/bus/paddles/weekday-paddles.pdf#page=205,https://www4.septa.org/picking/pdf/summer-a-2026/callowhill/bus/paddles/weekday-paddles#page=205.pdf,https://www4.septa.org/picking/pdf/summer-a-2026/callowhill/bus/trip-sheets/weekday-trip-sheets.pdf
CallowhillWeekday405,405,Callowhill,1 of 3,207,Weekday,https://www4.septa.org/picking/pdf/summer-a-2026/callowhill/bus/paddles/weekday-paddles.pdf#page=207,https://www4.septa.org/picking/pdf/summer-a-2026/callowhill/bus/paddles/weekday-paddles#page=207.pdf,https://www4.septa.org/picking/pdf/summer-a-2026/callowhill/bus/trip-sheets/weekday-trip-sheets.pdf
CallowhillWeekday406,406,Callowhill,1 of 2,210,Weekday,https://www4.septa.org/picking/pdf/summer-a-2026/callowhill/bus/paddles/weekday-paddles.pdf#page=210,https://www4.septa.org/picking/pdf/summer-a-2026/callowhill/bus/paddles/weekday-paddles#page=210.pdf,https://www4.septa.org/picking/pdf/summer-a-2026/callowhill/bus/trip-sheets/weekday-trip-sheets.pdf
CallowhillWeekday407,407,Callowhill,1 of 2,212,Weekday,https://www4.septa.org/picking/pdf/summer-a-2026/callowhill/bus/paddles/weekday-paddles.pdf#page=212,https://www4.septa.org/picking/pdf/summer-a-2026/callowhill/bus/paddles/weekday-paddles#page=212.pdf,https://www4.septa.org/picking/pdf/summer-a-2026/callowhill/bus/trip-sheets/weekday-trip-sheets.pdf
CallowhillWeekday408,408,Callowhill,1 of 4,214,Weekday,https://www4.septa.org/picking/pdf/summer-a-2026/callowhill/bus/paddles/weekday-paddles.pdf#page=214,https://www4.septa.org/picking/pdf/summer-a-2026/callowhill/bus/paddles/weekday-paddles#page=214.pdf,https://www4.septa.org/picking/pdf/summer-a-2026/callowhill/bus/trip-sheets/weekday-trip-sheets.pdf
CallowhillWeekday409,409,Callowhill,1 of 3,218,Weekday,https://www4.septa.org/picking/pdf/summer-a-2026/callowhill/bus/paddles/weekday-paddles.pdf#page=218,https://www4.septa.org/picking/pdf/summer-a-2026/callowhill/bus/paddles/weekday-paddles#page=218.pdf,https://www4.septa.org/picking/pdf/summer-a-2026/callowhill/bus/trip-sheets/weekday-trip-sheets.pdf
CallowhillWeekday410,410,Callowhill,1 of 2,221,Weekday,https://www4.septa.org/picking/pdf/summer-a-2026/callowhill/bus/paddles/weekday-paddles.pdf#page=221,https://www4.septa.org/picking/pdf/summer-a-2026/callowhill/bus/paddles/weekday-paddles#page=221.pdf,https://www4.septa.org/picking/pdf/summer-a-2026/callowhill/bus/trip-sheets/weekday-trip-sheets.pdf
CallowhillWeekday411,411,Callowhill,1 of 6,223,Weekday,https://www4.septa.org/picking/pdf/summer-a-2026/callowhill/bus/paddles/weekday-paddles.pdf#page=223,https://www4.septa.org/picking/pdf/summer-a-2026/callowhill/bus/paddles/weekday-paddles#page=223.pdf,https://www4.septa.org/picking/pdf/summer-a-2026/callowhill/bus/trip-sheets/weekday-trip-sheets.pdf
CallowhillWeekday412,412,Callowhill,1 of 4,229,Weekday,https://www4.septa.org/picking/pdf/summer-a-2026/callowhill/bus/paddles/weekday-paddles.pdf#page=229,https://www4.septa.org/picking/pdf/summer-a-2026/callowhill/bus/paddles/weekday-paddles#page=229.pdf,https://www4.septa.org/picking/pdf/summer-a-2026/callowhill/bus/trip-sheets/weekday-trip-sheets.pdf
CallowhillWeekday413,413,Callowhill,1 of 2,233,Weekday,https://www4.septa.org/picking/pdf/summer-a-2026/callowhill/bus/paddles/weekday-paddles.pdf#page=233,https://www4.septa.org/picking/pdf/summer-a-2026/callowhill/bus/paddles/weekday-paddles#page=233.pdf,https://www4.septa.org/picking/pdf/summer-a-2026/callowhill/bus/trip-sheets/weekday-trip-sheets.pdf
CallowhillWeekday414,414,Callowhill,1 of 2,235,Weekday,https://www4.septa.org/picking/pdf/summer-a-2026/callowhill/bus/paddles/weekday-paddles.pdf#page=235,https://www4.septa.org/picking/pdf/summer-a-2026/callowhill/bus/paddles/weekday-paddles#page=235.pdf,https://www4.septa.org/picking/pdf/summer-a-2026/callowhill/bus/trip-sheets/weekday-trip-sheets.pdf
CallowhillWeekday415,415,Callowhill,1 of 2,237,Weekday,https://www4.septa.org/picking/pdf/summer-a-2026/callowhill/bus/paddles/weekday-paddles.pdf#page=237,https://www4.septa.org/picking/pdf/summer-a-2026/callowhill/bus/paddles/weekday-paddles#page=237.pdf,https://www4.septa.org/picking/pdf/summer-a-2026/callowhill/bus/trip-sheets/weekday-trip-sheets.pdf
CallowhillWeekday416,416,Callowhill,1 of 2,239,Weekday,https://www4.septa.org/picking/pdf/summer-a-2026/callowhill/bus/paddles/weekday-paddles.pdf#page=239,https://www4.septa.org/picking/pdf/summer-a-2026/callowhill/bus/paddles/weekday-paddles#page=239.pdf,https://www4.septa.org/picking/pdf/summer-a-2026/callowhill/bus/trip-sheets/weekday-trip-sheets.pdf
CallowhillWeekday417,417,Callowhill,1 of 4,241,Weekday,https://www4.septa.org/picking/pdf/summer-a-2026/callowhill/bus/paddles/weekday-paddles.pdf#page=241,https://www4.septa.org/picking/pdf/summer-a-2026/callowhill/bus/paddles/weekday-paddles#page=241.pdf,https://www4.septa.org/picking/pdf/summer-a-2026/callowhill/bus/trip-sheets/weekday-trip-sheets.pdf
CallowhillWeekday418,418,Callowhill,1 of 2,245,Weekday,https://www4.septa.org/picking/pdf/summer-a-2026/callowhill/bus/paddles/weekday-paddles.pdf#page=245,https://www4.septa.org/picking/pdf/summer-a-2026/callowhill/bus/paddles/weekday-paddles#page=245.pdf,https://www4.septa.org/picking/pdf/summer-a-2026/callowhill/bus/trip-sheets/weekday-trip-sheets.pdf
CallowhillWeekday419,419,Callowhill,1 of 2,247,Weekday,https://www4.septa.org/picking/pdf/summer-a-2026/callowhill/bus/paddles/weekday-paddles.pdf#page=247,https://www4.septa.org/picking/pdf/summer-a-2026/callowhill/bus/paddles/weekday-paddles#page=247.pdf,https://www4.septa.org/picking/pdf/summer-a-2026/callowhill/bus/trip-sheets/weekday-trip-sheets.pdf
CallowhillWeekday420,420,Callowhill,1 of 2,249,Weekday,https://www4.septa.org/picking/pdf/summer-a-2026/callowhill/bus/paddles/weekday-paddles.pdf#page=249,https://www4.septa.org/picking/pdf/summer-a-2026/callowhill/bus/paddles/weekday-paddles#page=249.pdf,https://www4.septa.org/picking/pdf/summer-a-2026/callowhill/bus/trip-sheets/weekday-trip-sheets.pdf
CallowhillWeekday421,421,Callowhill,1 of 2,251,Weekday,https://www4.septa.org/picking/pdf/summer-a-2026/callowhill/bus/paddles/weekday-paddles.pdf#page=251,https://www4.septa.org/picking/pdf/summer-a-2026/callowhill/bus/paddles/weekday-paddles#page=251.pdf,https://www4.septa.org/picking/pdf/summer-a-2026/callowhill/bus/trip-sheets/weekday-trip-sheets.pdf
CallowhillWeekday422,422,Callowhill,1 of 2,253,Weekday,https://www4.septa.org/picking/pdf/summer-a-2026/callowhill/bus/paddles/weekday-paddles.pdf#page=253,https://www4.septa.org/picking/pdf/summer-a-2026/callowhill/bus/paddles/weekday-paddles#page=253.pdf,https://www4.septa.org/picking/pdf/summer-a-2026/callowhill/bus/trip-sheets/weekday-trip-sheets.pdf
CallowhillWeekday423,423,Callowhill,1 of 2,255,Weekday,https://www4.septa.org/picking/pdf/summer-a-2026/callowhill/bus/paddles/weekday-paddles.pdf#page=255,https://www4.septa.org/picking/pdf/summer-a-2026/callowhill/bus/paddles/weekday-paddles#page=255.pdf,https://www4.septa.org/picking/pdf/summer-a-2026/callowhill/bus/trip-sheets/weekday-trip-sheets.pdf
CallowhillWeekday451,451,Callowhill,1 of 2,257,Weekday,https://www4.septa.org/picking/pdf/summer-a-2026/callowhill/bus/paddles/weekday-paddles.pdf#page=257,https://www4.septa.org/picking/pdf/summer-a-2026/callowhill/bus/paddles/weekday-paddles#page=257.pdf,https://www4.septa.org/picking/pdf/summer-a-2026/callowhill/bus/trip-sheets/weekday-trip-sheets.pdf
CallowhillWeekday452,452,Callowhill,1 of 1,259,Weekday,https://www4.septa.org/picking/pdf/summer-a-2026/callowhill/bus/paddles/weekday-paddles.pdf#page=259,https://www4.septa.org/picking/pdf/summer-a-2026/callowhill/bus/paddles/weekday-paddles#page=259.pdf,https://www4.septa.org/picking/pdf/summer-a-2026/callowhill/bus/trip-sheets/weekday-trip-sheets.pdf
CallowhillWeekday453,453,Callowhill,1 of 2,260,Weekday,https://www4.septa.org/picking/pdf/summer-a-2026/callowhill/bus/paddles/weekday-paddles.pdf#page=260,https://www4.septa.org/picking/pdf/summer-a-2026/callowhill/bus/paddles/weekday-paddles#page=260.pdf,https://www4.septa.org/picking/pdf/summer-a-2026/callowhill/bus/trip-sheets/weekday-trip-sheets.pdf
CallowhillWeekday454,454,Callowhill,1 of 2,262,Weekday,https://www4.septa.org/picking/pdf/summer-a-2026/callowhill/bus/paddles/weekday-paddles.pdf#page=262,https://www4.septa.org/picking/pdf/summer-a-2026/callowhill/bus/paddles/weekday-paddles#page=262.pdf,https://www4.septa.org/picking/pdf/summer-a-2026/callowhill/bus/trip-sheets/weekday-trip-sheets.pdf
CallowhillWeekday455,455,Callowhill,1 of 2,264,Weekday,https://www4.septa.org/picking/pdf/summer-a-2026/callowhill/bus/paddles/weekday-paddles.pdf#page=264,https://www4.septa.org/picking/pdf/summer-a-2026/callowhill/bus/paddles/weekday-paddles#page=264.pdf,https://www4.septa.org/picking/pdf/summer-a-2026/callowhill/bus/trip-sheets/weekday-trip-sheets.pdf
CallowhillWeekday456,456,Callowhill,1 of 2,266,Weekday,https://www4.septa.org/picking/pdf/summer-a-2026/callowhill/bus/paddles/weekday-paddles.pdf#page=266,https://www4.septa.org/picking/pdf/summer-a-2026/callowhill/bus/paddles/weekday-paddles#page=266.pdf,https://www4.septa.org/picking/pdf/summer-a-2026/callowhill/bus/trip-sheets/weekday-trip-sheets.pdf
CallowhillWeekday457,457,Callowhill,1 of 2,268,Weekday,https://www4.septa.org/picking/pdf/summer-a-2026/callowhill/bus/paddles/weekday-paddles.pdf#page=268,https://www4.septa.org/picking/pdf/summer-a-2026/callowhill/bus/paddles/weekday-paddles#page=268.pdf,https://www4.septa.org/picking/pdf/summer-a-2026/callowhill/bus/trip-sheets/weekday-trip-sheets.pdf
CallowhillWeekday458,458,Callowhill,1 of 2,270,Weekday,https://www4.septa.org/picking/pdf/summer-a-2026/callowhill/bus/paddles/weekday-paddles.pdf#page=270,https://www4.septa.org/picking/pdf/summer-a-2026/callowhill/bus/paddles/weekday-paddles#page=270.pdf,https://www4.septa.org/picking/pdf/summer-a-2026/callowhill/bus/trip-sheets/weekday-trip-sheets.pdf
CallowhillWeekday459,459,Callowhill,1 of 2,272,Weekday,https://www4.septa.org/picking/pdf/summer-a-2026/callowhill/bus/paddles/weekday-paddles.pdf#page=272,https://www4.septa.org/picking/pdf/summer-a-2026/callowhill/bus/paddles/weekday-paddles#page=272.pdf,https://www4.septa.org/picking/pdf/summer-a-2026/callowhill/bus/trip-sheets/weekday-trip-sheets.pdf
CallowhillWeekday460,460,Callowhill,1 of 2,274,Weekday,https://www4.septa.org/picking/pdf/summer-a-2026/callowhill/bus/paddles/weekday-paddles.pdf#page=274,https://www4.septa.org/picking/pdf/summer-a-2026/callowhill/bus/paddles/weekday-paddles#page=274.pdf,https://www4.septa.org/picking/pdf/summer-a-2026/callowhill/bus/trip-sheets/weekday-trip-sheets.pdf
CallowhillWeekday461,461,Callowhill,1 of 2,276,Weekday,https://www4.septa.org/picking/pdf/summer-a-2026/callowhill/bus/paddles/weekday-paddles.pdf#page=276,https://www4.septa.org/picking/pdf/summer-a-2026/callowhill/bus/paddles/weekday-paddles#page=276.pdf,https://www4.septa.org/picking/pdf/summer-a-2026/callowhill/bus/trip-sheets/weekday-trip-sheets.pdf
CallowhillWeekday501,501,Callowhill,1 of 1,278,Weekday,https://www4.septa.org/picking/pdf/summer-a-2026/callowhill/bus/paddles/weekday-paddles.pdf#page=278,https://www4.septa.org/picking/pdf/summer-a-2026/callowhill/bus/paddles/weekday-paddles#page=278.pdf,https://www4.septa.org/picking/pdf/summer-a-2026/callowhill/bus/trip-sheets/weekday-trip-sheets.pdf
CallowhillWeekday502,502,Callowhill,1 of 1,279,Weekday,https://www4.septa.org/picking/pdf/summer-a-2026/callowhill/bus/paddles/weekday-paddles.pdf#page=279,https://www4.septa.org/picking/pdf/summer-a-2026/callowhill/bus/paddles/weekday-paddles#page=279.pdf,https://www4.septa.org/picking/pdf/summer-a-2026/callowhill/bus/trip-sheets/weekday-trip-sheets.pdf
CallowhillWeekday503,503,Callowhill,1 of 2,280,Weekday,https://www4.septa.org/picking/pdf/summer-a-2026/callowhill/bus/paddles/weekday-paddles.pdf#page=280,https://www4.septa.org/picking/pdf/summer-a-2026/callowhill/bus/paddles/weekday-paddles#page=280.pdf,https://www4.septa.org/picking/pdf/summer-a-2026/callowhill/bus/trip-sheets/weekday-trip-sheets.pdf
CallowhillWeekday504,504,Callowhill,1 of 2,282,Weekday,https://www4.septa.org/picking/pdf/summer-a-2026/callowhill/bus/paddles/weekday-paddles.pdf#page=282,https://www4.septa.org/picking/pdf/summer-a-2026/callowhill/bus/paddles/weekday-paddles#page=282.pdf,https://www4.septa.org/picking/pdf/summer-a-2026/callowhill/bus/trip-sheets/weekday-trip-sheets.pdf
CallowhillWeekday505,505,Callowhill,1 of 4,284,Weekday,https://www4.septa.org/picking/pdf/summer-a-2026/callowhill/bus/paddles/weekday-paddles.pdf#page=284,https://www4.septa.org/picking/pdf/summer-a-2026/callowhill/bus/paddles/weekday-paddles#page=284.pdf,https://www4.septa.org/picking/pdf/summer-a-2026/callowhill/bus/trip-sheets/weekday-trip-sheets.pdf
CallowhillWeekday506,506,Callowhill,1 of 1,288,Weekday,https://www4.septa.org/picking/pdf/summer-a-2026/callowhill/bus/paddles/weekday-paddles.pdf#page=288,https://www4.septa.org/picking/pdf/summer-a-2026/callowhill/bus/paddles/weekday-paddles#page=288.pdf,https://www4.septa.org/picking/pdf/summer-a-2026/callowhill/bus/trip-sheets/weekday-trip-sheets.pdf
CallowhillWeekday507,507,Callowhill,1 of 1,289,Weekday,https://www4.septa.org/picking/pdf/summer-a-2026/callowhill/bus/paddles/weekday-paddles.pdf#page=289,https://www4.septa.org/picking/pdf/summer-a-2026/callowhill/bus/paddles/weekday-paddles#page=289.pdf,https://www4.septa.org/picking/pdf/summer-a-2026/callowhill/bus/trip-sheets/weekday-trip-sheets.pdf
CallowhillWeekday508,508,Callowhill,1 of 2,290,Weekday,https://www4.septa.org/picking/pdf/summer-a-2026/callowhill/bus/paddles/weekday-paddles.pdf#page=290,https://www4.septa.org/picking/pdf/summer-a-2026/callowhill/bus/paddles/weekday-paddles#page=290.pdf,https://www4.septa.org/picking/pdf/summer-a-2026/callowhill/bus/trip-sheets/weekday-trip-sheets.pdf
CallowhillWeekday551,551,Callowhill,1 of 2,292,Weekday,https://www4.septa.org/picking/pdf/summer-a-2026/callowhill/bus/paddles/weekday-paddles.pdf#page=292,https://www4.septa.org/picking/pdf/summer-a-2026/callowhill/bus/paddles/weekday-paddles#page=292.pdf,https://www4.septa.org/picking/pdf/summer-a-2026/callowhill/bus/trip-sheets/weekday-trip-sheets.pdf
CallowhillWeekday552,552,Callowhill,1 of 4,294,Weekday,https://www4.septa.org/picking/pdf/summer-a-2026/callowhill/bus/paddles/weekday-paddles.pdf#page=294,https://www4.septa.org/picking/pdf/summer-a-2026/callowhill/bus/paddles/weekday-paddles#page=294.pdf,https://www4.septa.org/picking/pdf/summer-a-2026/callowhill/bus/trip-sheets/weekday-trip-sheets.pdf
CallowhillWeekday553,553,Callowhill,1 of 1,298,Weekday,https://www4.septa.org/picking/pdf/summer-a-2026/callowhill/bus/paddles/weekday-paddles.pdf#page=298,https://www4.septa.org/picking/pdf/summer-a-2026/callowhill/bus/paddles/weekday-paddles#page=298.pdf,https://www4.septa.org/picking/pdf/summer-a-2026/callowhill/bus/trip-sheets/weekday-trip-sheets.pdf
CallowhillWeekday554,554,Callowhill,1 of 4,299,Weekday,https://www4.septa.org/picking/pdf/summer-a-2026/callowhill/bus/paddles/weekday-paddles.pdf#page=299,https://www4.septa.org/picking/pdf/summer-a-2026/callowhill/bus/paddles/weekday-paddles#page=299.pdf,https://www4.septa.org/picking/pdf/summer-a-2026/callowhill/bus/trip-sheets/weekday-trip-sheets.pdf
CallowhillWeekday555,555,Callowhill,1 of 2,303,Weekday,https://www4.septa.org/picking/pdf/summer-a-2026/callowhill/bus/paddles/weekday-paddles.pdf#page=303,https://www4.septa.org/picking/pdf/summer-a-2026/callowhill/bus/paddles/weekday-paddles#page=303.pdf,https://www4.septa.org/picking/pdf/summer-a-2026/callowhill/bus/trip-sheets/weekday-trip-sheets.pdf
CallowhillWeekday556,556,Callowhill,1 of 2,305,Weekday,https://www4.septa.org/picking/pdf/summer-a-2026/callowhill/bus/paddles/weekday-paddles.pdf#page=305,https://www4.septa.org/picking/pdf/summer-a-2026/callowhill/bus/paddles/weekday-paddles#page=305.pdf,https://www4.septa.org/picking/pdf/summer-a-2026/callowhill/bus/trip-sheets/weekday-trip-sheets.pdf
CallowhillWeekday557,557,Callowhill,1 of 2,307,Weekday,https://www4.septa.org/picking/pdf/summer-a-2026/callowhill/bus/paddles/weekday-paddles.pdf#page=307,https://www4.septa.org/picking/pdf/summer-a-2026/callowhill/bus/paddles/weekday-paddles#page=307.pdf,https://www4.septa.org/picking/pdf/summer-a-2026/callowhill/bus/trip-sheets/weekday-trip-sheets.pdf
CallowhillWeekday558,558,Callowhill,1 of 2,309,Weekday,https://www4.septa.org/picking/pdf/summer-a-2026/callowhill/bus/paddles/weekday-paddles.pdf#page=309,https://www4.septa.org/picking/pdf/summer-a-2026/callowhill/bus/paddles/weekday-paddles#page=309.pdf,https://www4.septa.org/picking/pdf/summer-a-2026/callowhill/bus/trip-sheets/weekday-trip-sheets.pdf
CallowhillWeekday559,559,Callowhill,1 of 2,311,Weekday,https://www4.septa.org/picking/pdf/summer-a-2026/callowhill/bus/paddles/weekday-paddles.pdf#page=311,https://www4.septa.org/picking/pdf/summer-a-2026/callowhill/bus/paddles/weekday-paddles#page=311.pdf,https://www4.septa.org/picking/pdf/summer-a-2026/callowhill/bus/trip-sheets/weekday-trip-sheets.pdf
CallowhillWeekday560,560,Callowhill,1 of 2,313,Weekday,https://www4.septa.org/picking/pdf/summer-a-2026/callowhill/bus/paddles/weekday-paddles.pdf#page=313,https://www4.septa.org/picking/pdf/summer-a-2026/callowhill/bus/paddles/weekday-paddles#page=313.pdf,https://www4.septa.org/picking/pdf/summer-a-2026/callowhill/bus/trip-sheets/weekday-trip-sheets.pdf
CallowhillWeekday561,561,Callowhill,1 of 2,315,Weekday,https://www4.septa.org/picking/pdf/summer-a-2026/callowhill/bus/paddles/weekday-paddles.pdf#page=315,https://www4.septa.org/picking/pdf/summer-a-2026/callowhill/bus/paddles/weekday-paddles#page=315.pdf,https://www4.septa.org/picking/pdf/summer-a-2026/callowhill/bus/trip-sheets/weekday-trip-sheets.pdf
CallowhillWeekday562,562,Callowhill,1 of 4,317,Weekday,https://www4.septa.org/picking/pdf/summer-a-2026/callowhill/bus/paddles/weekday-paddles.pdf#page=317,https://www4.septa.org/picking/pdf/summer-a-2026/callowhill/bus/paddles/weekday-paddles#page=317.pdf,https://www4.septa.org/picking/pdf/summer-a-2026/callowhill/bus/trip-sheets/weekday-trip-sheets.pdf
CallowhillWeekday563,563,Callowhill,1 of 2,321,Weekday,https://www4.septa.org/picking/pdf/summer-a-2026/callowhill/bus/paddles/weekday-paddles.pdf#page=321,https://www4.septa.org/picking/pdf/summer-a-2026/callowhill/bus/paddles/weekday-paddles#page=321.pdf,https://www4.septa.org/picking/pdf/summer-a-2026/callowhill/bus/trip-sheets/weekday-trip-sheets.pdf
CallowhillWeekday564,564,Callowhill,1 of 4,323,Weekday,https://www4.septa.org/picking/pdf/summer-a-2026/callowhill/bus/paddles/weekday-paddles.pdf#page=323,https://www4.septa.org/picking/pdf/summer-a-2026/callowhill/bus/paddles/weekday-paddles#page=323.pdf,https://www4.septa.org/picking/pdf/summer-a-2026/callowhill/bus/trip-sheets/weekday-trip-sheets.pdf
CallowhillWeekday565,565,Callowhill,1 of 4,327,Weekday,https://www4.septa.org/picking/pdf/summer-a-2026/callowhill/bus/paddles/weekday-paddles.pdf#page=327,https://www4.septa.org/picking/pdf/summer-a-2026/callowhill/bus/paddles/weekday-paddles#page=327.pdf,https://www4.septa.org/picking/pdf/summer-a-2026/callowhill/bus/trip-sheets/weekday-trip-sheets.pdf
CallowhillWeekday566,566,Callowhill,1 of 4,331,Weekday,https://www4.septa.org/picking/pdf/summer-a-2026/callowhill/bus/paddles/weekday-paddles.pdf#page=331,https://www4.septa.org/picking/pdf/summer-a-2026/callowhill/bus/paddles/weekday-paddles#page=331.pdf,https://www4.septa.org/picking/pdf/summer-a-2026/callowhill/bus/trip-sheets/weekday-trip-sheets.pdf
CallowhillWeekday567,567,Callowhill,1 of 4,335,Weekday,https://www4.septa.org/picking/pdf/summer-a-2026/callowhill/bus/paddles/weekday-paddles.pdf#page=335,https://www4.septa.org/picking/pdf/summer-a-2026/callowhill/bus/paddles/weekday-paddles#page=335.pdf,https://www4.septa.org/picking/pdf/summer-a-2026/callowhill/bus/trip-sheets/weekday-trip-sheets.pdf
CallowhillWeekday568,568,Callowhill,1 of 4,339,Weekday,https://www4.septa.org/picking/pdf/summer-a-2026/callowhill/bus/paddles/weekday-paddles.pdf#page=339,https://www4.septa.org/picking/pdf/summer-a-2026/callowhill/bus/paddles/weekday-paddles#page=339.pdf,https://www4.septa.org/picking/pdf/summer-a-2026/callowhill/bus/trip-sheets/weekday-trip-sheets.pdf
CallowhillWeekday569,569,Callowhill,1 of 4,343,Weekday,https://www4.septa.org/picking/pdf/summer-a-2026/callowhill/bus/paddles/weekday-paddles.pdf#page=343,https://www4.septa.org/picking/pdf/summer-a-2026/callowhill/bus/paddles/weekday-paddles#page=343.pdf,https://www4.septa.org/picking/pdf/summer-a-2026/callowhill/bus/trip-sheets/weekday-trip-sheets.pdf
CallowhillWeekday570,570,Callowhill,1 of 4,347,Weekday,https://www4.septa.org/picking/pdf/summer-a-2026/callowhill/bus/paddles/weekday-paddles.pdf#page=347,https://www4.septa.org/picking/pdf/summer-a-2026/callowhill/bus/paddles/weekday-paddles#page=347.pdf,https://www4.septa.org/picking/pdf/summer-a-2026/callowhill/bus/trip-sheets/weekday-trip-sheets.pdf
CallowhillWeekday571,571,Callowhill,1 of 4,351,Weekday,https://www4.septa.org/picking/pdf/summer-a-2026/callowhill/bus/paddles/weekday-paddles.pdf#page=351,https://www4.septa.org/picking/pdf/summer-a-2026/callowhill/bus/paddles/weekday-paddles#page=351.pdf,https://www4.septa.org/picking/pdf/summer-a-2026/callowhill/bus/trip-sheets/weekday-trip-sheets.pdf
CallowhillWeekday651,651,Callowhill,1 of 2,355,Weekday,https://www4.septa.org/picking/pdf/summer-a-2026/callowhill/bus/paddles/weekday-paddles.pdf#page=355,https://www4.septa.org/picking/pdf/summer-a-2026/callowhill/bus/paddles/weekday-paddles#page=355.pdf,https://www4.septa.org/picking/pdf/summer-a-2026/callowhill/bus/trip-sheets/weekday-trip-sheets.pdf
CallowhillWeekday652,652,Callowhill,1 of 2,357,Weekday,https://www4.septa.org/picking/pdf/summer-a-2026/callowhill/bus/paddles/weekday-paddles.pdf#page=357,https://www4.septa.org/picking/pdf/summer-a-2026/callowhill/bus/paddles/weekday-paddles#page=357.pdf,https://www4.septa.org/picking/pdf/summer-a-2026/callowhill/bus/trip-sheets/weekday-trip-sheets.pdf
CallowhillWeekday653,653,Callowhill,1 of 2,359,Weekday,https://www4.septa.org/picking/pdf/summer-a-2026/callowhill/bus/paddles/weekday-paddles.pdf#page=359,https://www4.septa.org/picking/pdf/summer-a-2026/callowhill/bus/paddles/weekday-paddles#page=359.pdf,https://www4.septa.org/picking/pdf/summer-a-2026/callowhill/bus/trip-sheets/weekday-trip-sheets.pdf
CallowhillWeekday654,654,Callowhill,1 of 2,361,Weekday,https://www4.septa.org/picking/pdf/summer-a-2026/callowhill/bus/paddles/weekday-paddles.pdf#page=361,https://www4.septa.org/picking/pdf/summer-a-2026/callowhill/bus/paddles/weekday-paddles#page=361.pdf,https://www4.septa.org/picking/pdf/summer-a-2026/callowhill/bus/trip-sheets/weekday-trip-sheets.pdf
CallowhillWeekday655,655,Callowhill,1 of 2,363,Weekday,https://www4.septa.org/picking/pdf/summer-a-2026/callowhill/bus/paddles/weekday-paddles.pdf#page=363,https://www4.septa.org/picking/pdf/summer-a-2026/callowhill/bus/paddles/weekday-paddles#page=363.pdf,https://www4.septa.org/picking/pdf/summer-a-2026/callowhill/bus/trip-sheets/weekday-trip-sheets.pdf
CallowhillWeekday656,656,Callowhill,1 of 2,365,Weekday,https://www4.septa.org/picking/pdf/summer-a-2026/callowhill/bus/paddles/weekday-paddles.pdf#page=365,https://www4.septa.org/picking/pdf/summer-a-2026/callowhill/bus/paddles/weekday-paddles#page=365.pdf,https://www4.septa.org/picking/pdf/summer-a-2026/callowhill/bus/trip-sheets/weekday-trip-sheets.pdf
CallowhillWeekday657,657,Callowhill,1 of 4,367,Weekday,https://www4.septa.org/picking/pdf/summer-a-2026/callowhill/bus/paddles/weekday-paddles.pdf#page=367,https://www4.septa.org/picking/pdf/summer-a-2026/callowhill/bus/paddles/weekday-paddles#page=367.pdf,https://www4.septa.org/picking/pdf/summer-a-2026/callowhill/bus/trip-sheets/weekday-trip-sheets.pdf
CallowhillWeekday658,658,Callowhill,1 of 2,371,Weekday,https://www4.septa.org/picking/pdf/summer-a-2026/callowhill/bus/paddles/weekday-paddles.pdf#page=371,https://www4.septa.org/picking/pdf/summer-a-2026/callowhill/bus/paddles/weekday-paddles#page=371.pdf,https://www4.septa.org/picking/pdf/summer-a-2026/callowhill/bus/trip-sheets/weekday-trip-sheets.pdf
CallowhillWeekday659,659,Callowhill,1 of 2,373,Weekday,https://www4.septa.org/picking/pdf/summer-a-2026/callowhill/bus/paddles/weekday-paddles.pdf#page=373,https://www4.septa.org/picking/pdf/summer-a-2026/callowhill/bus/paddles/weekday-paddles#page=373.pdf,https://www4.septa.org/picking/pdf/summer-a-2026/callowhill/bus/trip-sheets/weekday-trip-sheets.pdf
CallowhillWeekday660,660,Callowhill,1 of 2,375,Weekday,https://www4.septa.org/picking/pdf/summer-a-2026/callowhill/bus/paddles/weekday-paddles.pdf#page=375,https://www4.septa.org/picking/pdf/summer-a-2026/callowhill/bus/paddles/weekday-paddles#page=375.pdf,https://www4.septa.org/picking/pdf/summer-a-2026/callowhill/bus/trip-sheets/weekday-trip-sheets.pdf
CallowhillWeekday661,661,Callowhill,1 of 2,377,Weekday,https://www4.septa.org/picking/pdf/summer-a-2026/callowhill/bus/paddles/weekday-paddles.pdf#page=377,https://www4.septa.org/picking/pdf/summer-a-2026/callowhill/bus/paddles/weekday-paddles#page=377.pdf,https://www4.septa.org/picking/pdf/summer-a-2026/callowhill/bus/trip-sheets/weekday-trip-sheets.pdf
CallowhillWeekday662,662,Callowhill,1 of 2,379,Weekday,https://www4.septa.org/picking/pdf/summer-a-2026/callowhill/bus/paddles/weekday-paddles.pdf#page=379,https://www4.septa.org/picking/pdf/summer-a-2026/callowhill/bus/paddles/weekday-paddles#page=379.pdf,https://www4.septa.org/picking/pdf/summer-a-2026/callowhill/bus/trip-sheets/weekday-trip-sheets.pdf
CallowhillWeekday663,663,Callowhill,1 of 2,381,Weekday,https://www4.septa.org/picking/pdf/summer-a-2026/callowhill/bus/paddles/weekday-paddles.pdf#page=381,https://www4.septa.org/picking/pdf/summer-a-2026/callowhill/bus/paddles/weekday-paddles#page=381.pdf,https://www4.septa.org/picking/pdf/summer-a-2026/callowhill/bus/trip-sheets/weekday-trip-sheets.pdf
CallowhillWeekday701,701,Callowhill,1 of 2,383,Weekday,https://www4.septa.org/picking/pdf/summer-a-2026/callowhill/bus/paddles/weekday-paddles.pdf#page=383,https://www4.septa.org/picking/pdf/summer-a-2026/callowhill/bus/paddles/weekday-paddles#page=383.pdf,https://www4.septa.org/picking/pdf/summer-a-2026/callowhill/bus/trip-sheets/weekday-trip-sheets.pdf
CallowhillWeekday702,702,Callowhill,1 of 2,385,Weekday,https://www4.septa.org/picking/pdf/summer-a-2026/callowhill/bus/paddles/weekday-paddles.pdf#page=385,https://www4.septa.org/picking/pdf/summer-a-2026/callowhill/bus/paddles/weekday-paddles#page=385.pdf,https://www4.septa.org/picking/pdf/summer-a-2026/callowhill/bus/trip-sheets/weekday-trip-sheets.pdf
CallowhillWeekday703,703,Callowhill,1 of 2,387,Weekday,https://www4.septa.org/picking/pdf/summer-a-2026/callowhill/bus/paddles/weekday-paddles.pdf#page=387,https://www4.septa.org/picking/pdf/summer-a-2026/callowhill/bus/paddles/weekday-paddles#page=387.pdf,https://www4.septa.org/picking/pdf/summer-a-2026/callowhill/bus/trip-sheets/weekday-trip-sheets.pdf
CallowhillWeekday704,704,Callowhill,1 of 2,389,Weekday,https://www4.septa.org/picking/pdf/summer-a-2026/callowhill/bus/paddles/weekday-paddles.pdf#page=389,https://www4.septa.org/picking/pdf/summer-a-2026/callowhill/bus/paddles/weekday-paddles#page=389.pdf,https://www4.septa.org/picking/pdf/summer-a-2026/callowhill/bus/trip-sheets/weekday-trip-sheets.pdf
CallowhillWeekday705,705,Callowhill,1 of 2,391,Weekday,https://www4.septa.org/picking/pdf/summer-a-2026/callowhill/bus/paddles/weekday-paddles.pdf#page=391,https://www4.septa.org/picking/pdf/summer-a-2026/callowhill/bus/paddles/weekday-paddles#page=391.pdf,https://www4.septa.org/picking/pdf/summer-a-2026/callowhill/bus/trip-sheets/weekday-trip-sheets.pdf
CallowhillWeekday706,706,Callowhill,1 of 3,393,Weekday,https://www4.septa.org/picking/pdf/summer-a-2026/callowhill/bus/paddles/weekday-paddles.pdf#page=393,https://www4.septa.org/picking/pdf/summer-a-2026/callowhill/bus/paddles/weekday-paddles#page=393.pdf,https://www4.septa.org/picking/pdf/summer-a-2026/callowhill/bus/trip-sheets/weekday-trip-sheets.pdf
CallowhillWeekday707,707,Callowhill,1 of 2,396,Weekday,https://www4.septa.org/picking/pdf/summer-a-2026/callowhill/bus/paddles/weekday-paddles.pdf#page=396,https://www4.septa.org/picking/pdf/summer-a-2026/callowhill/bus/paddles/weekday-paddles#page=396.pdf,https://www4.septa.org/picking/pdf/summer-a-2026/callowhill/bus/trip-sheets/weekday-trip-sheets.pdf
CallowhillWeekday708,708,Callowhill,1 of 3,398,Weekday,https://www4.septa.org/picking/pdf/summer-a-2026/callowhill/bus/paddles/weekday-paddles.pdf#page=398,https://www4.septa.org/picking/pdf/summer-a-2026/callowhill/bus/paddles/weekday-paddles#page=398.pdf,https://www4.septa.org/picking/pdf/summer-a-2026/callowhill/bus/trip-sheets/weekday-trip-sheets.pdf
CallowhillWeekday709,709,Callowhill,1 of 2,401,Weekday,https://www4.septa.org/picking/pdf/summer-a-2026/callowhill/bus/paddles/weekday-paddles.pdf#page=401,https://www4.septa.org/picking/pdf/summer-a-2026/callowhill/bus/paddles/weekday-paddles#page=401.pdf,https://www4.septa.org/picking/pdf/summer-a-2026/callowhill/bus/trip-sheets/weekday-trip-sheets.pdf
CallowhillWeekday710,710,Callowhill,1 of 2,403,Weekday,https://www4.septa.org/picking/pdf/summer-a-2026/callowhill/bus/paddles/weekday-paddles.pdf#page=403,https://www4.septa.org/picking/pdf/summer-a-2026/callowhill/bus/paddles/weekday-paddles#page=403.pdf,https://www4.septa.org/picking/pdf/summer-a-2026/callowhill/bus/trip-sheets/weekday-trip-sheets.pdf
CallowhillSaturday51,51,Callowhill,1 of 2,1,Saturday,https://www4.septa.org/picking/pdf/summer-a-2026/callowhill/bus/paddles/saturday-paddles.pdf#page=1,https://www4.septa.org/picking/pdf/summer-a-2026/callowhill/bus/paddles/saturday-paddles#page=1.pdf,https://www4.septa.org/picking/pdf/summer-a-2026/callowhill/bus/trip-sheets/saturday-trip-sheets.pdf
CallowhillSaturday52,52,Callowhill,1 of 2,3,Saturday,https://www4.septa.org/picking/pdf/summer-a-2026/callowhill/bus/paddles/saturday-paddles.pdf#page=3,https://www4.septa.org/picking/pdf/summer-a-2026/callowhill/bus/paddles/saturday-paddles#page=3.pdf,https://www4.septa.org/picking/pdf/summer-a-2026/callowhill/bus/trip-sheets/saturday-trip-sheets.pdf
CallowhillSaturday53,53,Callowhill,1 of 2,5,Saturday,https://www4.septa.org/picking/pdf/summer-a-2026/callowhill/bus/paddles/saturday-paddles.pdf#page=5,https://www4.septa.org/picking/pdf/summer-a-2026/callowhill/bus/paddles/saturday-paddles#page=5.pdf,https://www4.septa.org/picking/pdf/summer-a-2026/callowhill/bus/trip-sheets/saturday-trip-sheets.pdf
CallowhillSaturday54,54,Callowhill,1 of 2,7,Saturday,https://www4.septa.org/picking/pdf/summer-a-2026/callowhill/bus/paddles/saturday-paddles.pdf#page=7,https://www4.septa.org/picking/pdf/summer-a-2026/callowhill/bus/paddles/saturday-paddles#page=7.pdf,https://www4.septa.org/picking/pdf/summer-a-2026/callowhill/bus/trip-sheets/saturday-trip-sheets.pdf
CallowhillSaturday101,101,Callowhill,1 of 2,9,Saturday,https://www4.septa.org/picking/pdf/summer-a-2026/callowhill/bus/paddles/saturday-paddles.pdf#page=9,https://www4.septa.org/picking/pdf/summer-a-2026/callowhill/bus/paddles/saturday-paddles#page=9.pdf,https://www4.septa.org/picking/pdf/summer-a-2026/callowhill/bus/trip-sheets/saturday-trip-sheets.pdf
CallowhillSaturday102,102,Callowhill,1 of 2,11,Saturday,https://www4.septa.org/picking/pdf/summer-a-2026/callowhill/bus/paddles/saturday-paddles.pdf#page=11,https://www4.septa.org/picking/pdf/summer-a-2026/callowhill/bus/paddles/saturday-paddles#page=11.pdf,https://www4.septa.org/picking/pdf/summer-a-2026/callowhill/bus/trip-sheets/saturday-trip-sheets.pdf
CallowhillSaturday103,103,Callowhill,1 of 2,13,Saturday,https://www4.septa.org/picking/pdf/summer-a-2026/callowhill/bus/paddles/saturday-paddles.pdf#page=13,https://www4.septa.org/picking/pdf/summer-a-2026/callowhill/bus/paddles/saturday-paddles#page=13.pdf,https://www4.septa.org/picking/pdf/summer-a-2026/callowhill/bus/trip-sheets/saturday-trip-sheets.pdf
CallowhillSaturday104,104,Callowhill,1 of 2,15,Saturday,https://www4.septa.org/picking/pdf/summer-a-2026/callowhill/bus/paddles/saturday-paddles.pdf#page=15,https://www4.septa.org/picking/pdf/summer-a-2026/callowhill/bus/paddles/saturday-paddles#page=15.pdf,https://www4.septa.org/picking/pdf/summer-a-2026/callowhill/bus/trip-sheets/saturday-trip-sheets.pdf
CallowhillSaturday105,105,Callowhill,1 of 2,17,Saturday,https://www4.septa.org/picking/pdf/summer-a-2026/callowhill/bus/paddles/saturday-paddles.pdf#page=17,https://www4.septa.org/picking/pdf/summer-a-2026/callowhill/bus/paddles/saturday-paddles#page=17.pdf,https://www4.septa.org/picking/pdf/summer-a-2026/callowhill/bus/trip-sheets/saturday-trip-sheets.pdf
CallowhillSaturday106,106,Callowhill,1 of 2,19,Saturday,https://www4.septa.org/picking/pdf/summer-a-2026/callowhill/bus/paddles/saturday-paddles.pdf#page=19,https://www4.septa.org/picking/pdf/summer-a-2026/callowhill/bus/paddles/saturday-paddles#page=19.pdf,https://www4.septa.org/picking/pdf/summer-a-2026/callowhill/bus/trip-sheets/saturday-trip-sheets.pdf
CallowhillSaturday107,107,Callowhill,1 of 2,21,Saturday,https://www4.septa.org/picking/pdf/summer-a-2026/callowhill/bus/paddles/saturday-paddles.pdf#page=21,https://www4.septa.org/picking/pdf/summer-a-2026/callowhill/bus/paddles/saturday-paddles#page=21.pdf,https://www4.septa.org/picking/pdf/summer-a-2026/callowhill/bus/trip-sheets/saturday-trip-sheets.pdf
CallowhillSaturday108,108,Callowhill,1 of 2,23,Saturday,https://www4.septa.org/picking/pdf/summer-a-2026/callowhill/bus/paddles/saturday-paddles.pdf#page=23,https://www4.septa.org/picking/pdf/summer-a-2026/callowhill/bus/paddles/saturday-paddles#page=23.pdf,https://www4.septa.org/picking/pdf/summer-a-2026/callowhill/bus/trip-sheets/saturday-trip-sheets.pdf
CallowhillSaturday109,109,Callowhill,1 of 2,25,Saturday,https://www4.septa.org/picking/pdf/summer-a-2026/callowhill/bus/paddles/saturday-paddles.pdf#page=25,https://www4.septa.org/picking/pdf/summer-a-2026/callowhill/bus/paddles/saturday-paddles#page=25.pdf,https://www4.septa.org/picking/pdf/summer-a-2026/callowhill/bus/trip-sheets/saturday-trip-sheets.pdf
CallowhillSaturday110,110,Callowhill,1 of 2,27,Saturday,https://www4.septa.org/picking/pdf/summer-a-2026/callowhill/bus/paddles/saturday-paddles.pdf#page=27,https://www4.septa.org/picking/pdf/summer-a-2026/callowhill/bus/paddles/saturday-paddles#page=27.pdf,https://www4.septa.org/picking/pdf/summer-a-2026/callowhill/bus/trip-sheets/saturday-trip-sheets.pdf
CallowhillSaturday111,111,Callowhill,1 of 2,29,Saturday,https://www4.septa.org/picking/pdf/summer-a-2026/callowhill/bus/paddles/saturday-paddles.pdf#page=29,https://www4.septa.org/picking/pdf/summer-a-2026/callowhill/bus/paddles/saturday-paddles#page=29.pdf,https://www4.septa.org/picking/pdf/summer-a-2026/callowhill/bus/trip-sheets/saturday-trip-sheets.pdf
CallowhillSaturday112,112,Callowhill,1 of 2,31,Saturday,https://www4.septa.org/picking/pdf/summer-a-2026/callowhill/bus/paddles/saturday-paddles.pdf#page=31,https://www4.septa.org/picking/pdf/summer-a-2026/callowhill/bus/paddles/saturday-paddles#page=31.pdf,https://www4.septa.org/picking/pdf/summer-a-2026/callowhill/bus/trip-sheets/saturday-trip-sheets.pdf
CallowhillSaturday113,113,Callowhill,1 of 2,33,Saturday,https://www4.septa.org/picking/pdf/summer-a-2026/callowhill/bus/paddles/saturday-paddles.pdf#page=33,https://www4.septa.org/picking/pdf/summer-a-2026/callowhill/bus/paddles/saturday-paddles#page=33.pdf,https://www4.septa.org/picking/pdf/summer-a-2026/callowhill/bus/trip-sheets/saturday-trip-sheets.pdf
CallowhillSaturday114,114,Callowhill,1 of 2,35,Saturday,https://www4.septa.org/picking/pdf/summer-a-2026/callowhill/bus/paddles/saturday-paddles.pdf#page=35,https://www4.septa.org/picking/pdf/summer-a-2026/callowhill/bus/paddles/saturday-paddles#page=35.pdf,https://www4.septa.org/picking/pdf/summer-a-2026/callowhill/bus/trip-sheets/saturday-trip-sheets.pdf
CallowhillSaturday115,115,Callowhill,1 of 2,37,Saturday,https://www4.septa.org/picking/pdf/summer-a-2026/callowhill/bus/paddles/saturday-paddles.pdf#page=37,https://www4.septa.org/picking/pdf/summer-a-2026/callowhill/bus/paddles/saturday-paddles#page=37.pdf,https://www4.septa.org/picking/pdf/summer-a-2026/callowhill/bus/trip-sheets/saturday-trip-sheets.pdf
CallowhillSaturday116,116,Callowhill,1 of 2,39,Saturday,https://www4.septa.org/picking/pdf/summer-a-2026/callowhill/bus/paddles/saturday-paddles.pdf#page=39,https://www4.septa.org/picking/pdf/summer-a-2026/callowhill/bus/paddles/saturday-paddles#page=39.pdf,https://www4.septa.org/picking/pdf/summer-a-2026/callowhill/bus/trip-sheets/saturday-trip-sheets.pdf
CallowhillSaturday117,117,Callowhill,1 of 2,41,Saturday,https://www4.septa.org/picking/pdf/summer-a-2026/callowhill/bus/paddles/saturday-paddles.pdf#page=41,https://www4.septa.org/picking/pdf/summer-a-2026/callowhill/bus/paddles/saturday-paddles#page=41.pdf,https://www4.septa.org/picking/pdf/summer-a-2026/callowhill/bus/trip-sheets/saturday-trip-sheets.pdf
CallowhillSaturday118,118,Callowhill,1 of 2,43,Saturday,https://www4.septa.org/picking/pdf/summer-a-2026/callowhill/bus/paddles/saturday-paddles.pdf#page=43,https://www4.septa.org/picking/pdf/summer-a-2026/callowhill/bus/paddles/saturday-paddles#page=43.pdf,https://www4.septa.org/picking/pdf/summer-a-2026/callowhill/bus/trip-sheets/saturday-trip-sheets.pdf
CallowhillSaturday119,119,Callowhill,1 of 2,45,Saturday,https://www4.septa.org/picking/pdf/summer-a-2026/callowhill/bus/paddles/saturday-paddles.pdf#page=45,https://www4.septa.org/picking/pdf/summer-a-2026/callowhill/bus/paddles/saturday-paddles#page=45.pdf,https://www4.septa.org/picking/pdf/summer-a-2026/callowhill/bus/trip-sheets/saturday-trip-sheets.pdf
CallowhillSaturday120,120,Callowhill,1 of 2,47,Saturday,https://www4.septa.org/picking/pdf/summer-a-2026/callowhill/bus/paddles/saturday-paddles.pdf#page=47,https://www4.septa.org/picking/pdf/summer-a-2026/callowhill/bus/paddles/saturday-paddles#page=47.pdf,https://www4.septa.org/picking/pdf/summer-a-2026/callowhill/bus/trip-sheets/saturday-trip-sheets.pdf
CallowhillSaturday121,121,Callowhill,1 of 2,49,Saturday,https://www4.septa.org/picking/pdf/summer-a-2026/callowhill/bus/paddles/saturday-paddles.pdf#page=49,https://www4.septa.org/picking/pdf/summer-a-2026/callowhill/bus/paddles/saturday-paddles#page=49.pdf,https://www4.septa.org/picking/pdf/summer-a-2026/callowhill/bus/trip-sheets/saturday-trip-sheets.pdf
CallowhillSaturday122,122,Callowhill,1 of 2,51,Saturday,https://www4.septa.org/picking/pdf/summer-a-2026/callowhill/bus/paddles/saturday-paddles.pdf#page=51,https://www4.septa.org/picking/pdf/summer-a-2026/callowhill/bus/paddles/saturday-paddles#page=51.pdf,https://www4.septa.org/picking/pdf/summer-a-2026/callowhill/bus/trip-sheets/saturday-trip-sheets.pdf
CallowhillSaturday123,123,Callowhill,1 of 2,53,Saturday,https://www4.septa.org/picking/pdf/summer-a-2026/callowhill/bus/paddles/saturday-paddles.pdf#page=53,https://www4.septa.org/picking/pdf/summer-a-2026/callowhill/bus/paddles/saturday-paddles#page=53.pdf,https://www4.septa.org/picking/pdf/summer-a-2026/callowhill/bus/trip-sheets/saturday-trip-sheets.pdf
CallowhillSaturday124,124,Callowhill,1 of 2,55,Saturday,https://www4.septa.org/picking/pdf/summer-a-2026/callowhill/bus/paddles/saturday-paddles.pdf#page=55,https://www4.septa.org/picking/pdf/summer-a-2026/callowhill/bus/paddles/saturday-paddles#page=55.pdf,https://www4.septa.org/picking/pdf/summer-a-2026/callowhill/bus/trip-sheets/saturday-trip-sheets.pdf
CallowhillSaturday125,125,Callowhill,1 of 2,57,Saturday,https://www4.septa.org/picking/pdf/summer-a-2026/callowhill/bus/paddles/saturday-paddles.pdf#page=57,https://www4.septa.org/picking/pdf/summer-a-2026/callowhill/bus/paddles/saturday-paddles#page=57.pdf,https://www4.septa.org/picking/pdf/summer-a-2026/callowhill/bus/trip-sheets/saturday-trip-sheets.pdf
CallowhillSaturday126,126,Callowhill,1 of 2,59,Saturday,https://www4.septa.org/picking/pdf/summer-a-2026/callowhill/bus/paddles/saturday-paddles.pdf#page=59,https://www4.septa.org/picking/pdf/summer-a-2026/callowhill/bus/paddles/saturday-paddles#page=59.pdf,https://www4.septa.org/picking/pdf/summer-a-2026/callowhill/bus/trip-sheets/saturday-trip-sheets.pdf
CallowhillSaturday127,127,Callowhill,1 of 2,61,Saturday,https://www4.septa.org/picking/pdf/summer-a-2026/callowhill/bus/paddles/saturday-paddles.pdf#page=61,https://www4.septa.org/picking/pdf/summer-a-2026/callowhill/bus/paddles/saturday-paddles#page=61.pdf,https://www4.septa.org/picking/pdf/summer-a-2026/callowhill/bus/trip-sheets/saturday-trip-sheets.pdf
CallowhillSaturday128,128,Callowhill,1 of 2,63,Saturday,https://www4.septa.org/picking/pdf/summer-a-2026/callowhill/bus/paddles/saturday-paddles.pdf#page=63,https://www4.septa.org/picking/pdf/summer-a-2026/callowhill/bus/paddles/saturday-paddles#page=63.pdf,https://www4.septa.org/picking/pdf/summer-a-2026/callowhill/bus/trip-sheets/saturday-trip-sheets.pdf
CallowhillSaturday129,129,Callowhill,1 of 2,65,Saturday,https://www4.septa.org/picking/pdf/summer-a-2026/callowhill/bus/paddles/saturday-paddles.pdf#page=65,https://www4.septa.org/picking/pdf/summer-a-2026/callowhill/bus/paddles/saturday-paddles#page=65.pdf,https://www4.septa.org/picking/pdf/summer-a-2026/callowhill/bus/trip-sheets/saturday-trip-sheets.pdf
CallowhillSaturday130,130,Callowhill,1 of 2,67,Saturday,https://www4.septa.org/picking/pdf/summer-a-2026/callowhill/bus/paddles/saturday-paddles.pdf#page=67,https://www4.septa.org/picking/pdf/summer-a-2026/callowhill/bus/paddles/saturday-paddles#page=67.pdf,https://www4.septa.org/picking/pdf/summer-a-2026/callowhill/bus/trip-sheets/saturday-trip-sheets.pdf
CallowhillSaturday131,131,Callowhill,1 of 2,69,Saturday,https://www4.septa.org/picking/pdf/summer-a-2026/callowhill/bus/paddles/saturday-paddles.pdf#page=69,https://www4.septa.org/picking/pdf/summer-a-2026/callowhill/bus/paddles/saturday-paddles#page=69.pdf,https://www4.septa.org/picking/pdf/summer-a-2026/callowhill/bus/trip-sheets/saturday-trip-sheets.pdf
CallowhillSaturday132,132,Callowhill,1 of 2,71,Saturday,https://www4.septa.org/picking/pdf/summer-a-2026/callowhill/bus/paddles/saturday-paddles.pdf#page=71,https://www4.septa.org/picking/pdf/summer-a-2026/callowhill/bus/paddles/saturday-paddles#page=71.pdf,https://www4.septa.org/picking/pdf/summer-a-2026/callowhill/bus/trip-sheets/saturday-trip-sheets.pdf
CallowhillSaturday133,133,Callowhill,1 of 2,73,Saturday,https://www4.septa.org/picking/pdf/summer-a-2026/callowhill/bus/paddles/saturday-paddles.pdf#page=73,https://www4.septa.org/picking/pdf/summer-a-2026/callowhill/bus/paddles/saturday-paddles#page=73.pdf,https://www4.septa.org/picking/pdf/summer-a-2026/callowhill/bus/trip-sheets/saturday-trip-sheets.pdf
CallowhillSaturday134,134,Callowhill,1 of 2,75,Saturday,https://www4.septa.org/picking/pdf/summer-a-2026/callowhill/bus/paddles/saturday-paddles.pdf#page=75,https://www4.septa.org/picking/pdf/summer-a-2026/callowhill/bus/paddles/saturday-paddles#page=75.pdf,https://www4.septa.org/picking/pdf/summer-a-2026/callowhill/bus/trip-sheets/saturday-trip-sheets.pdf
CallowhillSaturday201,201,Callowhill,1 of 2,77,Saturday,https://www4.septa.org/picking/pdf/summer-a-2026/callowhill/bus/paddles/saturday-paddles.pdf#page=77,https://www4.septa.org/picking/pdf/summer-a-2026/callowhill/bus/paddles/saturday-paddles#page=77.pdf,https://www4.septa.org/picking/pdf/summer-a-2026/callowhill/bus/trip-sheets/saturday-trip-sheets.pdf
CallowhillSaturday202,202,Callowhill,1 of 3,79,Saturday,https://www4.septa.org/picking/pdf/summer-a-2026/callowhill/bus/paddles/saturday-paddles.pdf#page=79,https://www4.septa.org/picking/pdf/summer-a-2026/callowhill/bus/paddles/saturday-paddles#page=79.pdf,https://www4.septa.org/picking/pdf/summer-a-2026/callowhill/bus/trip-sheets/saturday-trip-sheets.pdf
CallowhillSaturday203,203,Callowhill,1 of 2,82,Saturday,https://www4.septa.org/picking/pdf/summer-a-2026/callowhill/bus/paddles/saturday-paddles.pdf#page=82,https://www4.septa.org/picking/pdf/summer-a-2026/callowhill/bus/paddles/saturday-paddles#page=82.pdf,https://www4.septa.org/picking/pdf/summer-a-2026/callowhill/bus/trip-sheets/saturday-trip-sheets.pdf
CallowhillSaturday204,204,Callowhill,1 of 3,84,Saturday,https://www4.septa.org/picking/pdf/summer-a-2026/callowhill/bus/paddles/saturday-paddles.pdf#page=84,https://www4.septa.org/picking/pdf/summer-a-2026/callowhill/bus/paddles/saturday-paddles#page=84.pdf,https://www4.septa.org/picking/pdf/summer-a-2026/callowhill/bus/trip-sheets/saturday-trip-sheets.pdf
CallowhillSaturday205,205,Callowhill,1 of 3,87,Saturday,https://www4.septa.org/picking/pdf/summer-a-2026/callowhill/bus/paddles/saturday-paddles.pdf#page=87,https://www4.septa.org/picking/pdf/summer-a-2026/callowhill/bus/paddles/saturday-paddles#page=87.pdf,https://www4.septa.org/picking/pdf/summer-a-2026/callowhill/bus/trip-sheets/saturday-trip-sheets.pdf
CallowhillSaturday301,301,Callowhill,1 of 2,90,Saturday,https://www4.septa.org/picking/pdf/summer-a-2026/callowhill/bus/paddles/saturday-paddles.pdf#page=90,https://www4.septa.org/picking/pdf/summer-a-2026/callowhill/bus/paddles/saturday-paddles#page=90.pdf,https://www4.septa.org/picking/pdf/summer-a-2026/callowhill/bus/trip-sheets/saturday-trip-sheets.pdf
CallowhillSaturday302,302,Callowhill,1 of 2,92,Saturday,https://www4.septa.org/picking/pdf/summer-a-2026/callowhill/bus/paddles/saturday-paddles.pdf#page=92,https://www4.septa.org/picking/pdf/summer-a-2026/callowhill/bus/paddles/saturday-paddles#page=92.pdf,https://www4.septa.org/picking/pdf/summer-a-2026/callowhill/bus/trip-sheets/saturday-trip-sheets.pdf
CallowhillSaturday303,303,Callowhill,1 of 2,94,Saturday,https://www4.septa.org/picking/pdf/summer-a-2026/callowhill/bus/paddles/saturday-paddles.pdf#page=94,https://www4.septa.org/picking/pdf/summer-a-2026/callowhill/bus/paddles/saturday-paddles#page=94.pdf,https://www4.septa.org/picking/pdf/summer-a-2026/callowhill/bus/trip-sheets/saturday-trip-sheets.pdf
CallowhillSaturday304,304,Callowhill,1 of 2,96,Saturday,https://www4.septa.org/picking/pdf/summer-a-2026/callowhill/bus/paddles/saturday-paddles.pdf#page=96,https://www4.septa.org/picking/pdf/summer-a-2026/callowhill/bus/paddles/saturday-paddles#page=96.pdf,https://www4.septa.org/picking/pdf/summer-a-2026/callowhill/bus/trip-sheets/saturday-trip-sheets.pdf
CallowhillSaturday305,305,Callowhill,1 of 2,98,Saturday,https://www4.septa.org/picking/pdf/summer-a-2026/callowhill/bus/paddles/saturday-paddles.pdf#page=98,https://www4.septa.org/picking/pdf/summer-a-2026/callowhill/bus/paddles/saturday-paddles#page=98.pdf,https://www4.septa.org/picking/pdf/summer-a-2026/callowhill/bus/trip-sheets/saturday-trip-sheets.pdf
CallowhillSaturday306,306,Callowhill,1 of 2,100,Saturday,https://www4.septa.org/picking/pdf/summer-a-2026/callowhill/bus/paddles/saturday-paddles.pdf#page=100,https://www4.septa.org/picking/pdf/summer-a-2026/callowhill/bus/paddles/saturday-paddles#page=100.pdf,https://www4.septa.org/picking/pdf/summer-a-2026/callowhill/bus/trip-sheets/saturday-trip-sheets.pdf
CallowhillSaturday307,307,Callowhill,1 of 3,102,Saturday,https://www4.septa.org/picking/pdf/summer-a-2026/callowhill/bus/paddles/saturday-paddles.pdf#page=102,https://www4.septa.org/picking/pdf/summer-a-2026/callowhill/bus/paddles/saturday-paddles#page=102.pdf,https://www4.septa.org/picking/pdf/summer-a-2026/callowhill/bus/trip-sheets/saturday-trip-sheets.pdf
CallowhillSaturday308,308,Callowhill,1 of 2,105,Saturday,https://www4.septa.org/picking/pdf/summer-a-2026/callowhill/bus/paddles/saturday-paddles.pdf#page=105,https://www4.septa.org/picking/pdf/summer-a-2026/callowhill/bus/paddles/saturday-paddles#page=105.pdf,https://www4.septa.org/picking/pdf/summer-a-2026/callowhill/bus/trip-sheets/saturday-trip-sheets.pdf
CallowhillSaturday309,309,Callowhill,1 of 2,107,Saturday,https://www4.septa.org/picking/pdf/summer-a-2026/callowhill/bus/paddles/saturday-paddles.pdf#page=107,https://www4.septa.org/picking/pdf/summer-a-2026/callowhill/bus/paddles/saturday-paddles#page=107.pdf,https://www4.septa.org/picking/pdf/summer-a-2026/callowhill/bus/trip-sheets/saturday-trip-sheets.pdf
CallowhillSaturday310,310,Callowhill,1 of 2,109,Saturday,https://www4.septa.org/picking/pdf/summer-a-2026/callowhill/bus/paddles/saturday-paddles.pdf#page=109,https://www4.septa.org/picking/pdf/summer-a-2026/callowhill/bus/paddles/saturday-paddles#page=109.pdf,https://www4.septa.org/picking/pdf/summer-a-2026/callowhill/bus/trip-sheets/saturday-trip-sheets.pdf
CallowhillSaturday311,311,Callowhill,1 of 2,111,Saturday,https://www4.septa.org/picking/pdf/summer-a-2026/callowhill/bus/paddles/saturday-paddles.pdf#page=111,https://www4.septa.org/picking/pdf/summer-a-2026/callowhill/bus/paddles/saturday-paddles#page=111.pdf,https://www4.septa.org/picking/pdf/summer-a-2026/callowhill/bus/trip-sheets/saturday-trip-sheets.pdf
CallowhillSaturday312,312,Callowhill,1 of 2,113,Saturday,https://www4.septa.org/picking/pdf/summer-a-2026/callowhill/bus/paddles/saturday-paddles.pdf#page=113,https://www4.septa.org/picking/pdf/summer-a-2026/callowhill/bus/paddles/saturday-paddles#page=113.pdf,https://www4.septa.org/picking/pdf/summer-a-2026/callowhill/bus/trip-sheets/saturday-trip-sheets.pdf
CallowhillSaturday351,351,Callowhill,1 of 2,115,Saturday,https://www4.septa.org/picking/pdf/summer-a-2026/callowhill/bus/paddles/saturday-paddles.pdf#page=115,https://www4.septa.org/picking/pdf/summer-a-2026/callowhill/bus/paddles/saturday-paddles#page=115.pdf,https://www4.septa.org/picking/pdf/summer-a-2026/callowhill/bus/trip-sheets/saturday-trip-sheets.pdf
CallowhillSaturday352,352,Callowhill,1 of 2,117,Saturday,https://www4.septa.org/picking/pdf/summer-a-2026/callowhill/bus/paddles/saturday-paddles.pdf#page=117,https://www4.septa.org/picking/pdf/summer-a-2026/callowhill/bus/paddles/saturday-paddles#page=117.pdf,https://www4.septa.org/picking/pdf/summer-a-2026/callowhill/bus/trip-sheets/saturday-trip-sheets.pdf
CallowhillSaturday353,353,Callowhill,1 of 2,119,Saturday,https://www4.septa.org/picking/pdf/summer-a-2026/callowhill/bus/paddles/saturday-paddles.pdf#page=119,https://www4.septa.org/picking/pdf/summer-a-2026/callowhill/bus/paddles/saturday-paddles#page=119.pdf,https://www4.septa.org/picking/pdf/summer-a-2026/callowhill/bus/trip-sheets/saturday-trip-sheets.pdf
CallowhillSaturday401,401,Callowhill,1 of 2,121,Saturday,https://www4.septa.org/picking/pdf/summer-a-2026/callowhill/bus/paddles/saturday-paddles.pdf#page=121,https://www4.septa.org/picking/pdf/summer-a-2026/callowhill/bus/paddles/saturday-paddles#page=121.pdf,https://www4.septa.org/picking/pdf/summer-a-2026/callowhill/bus/trip-sheets/saturday-trip-sheets.pdf
CallowhillSaturday402,402,Callowhill,1 of 2,123,Saturday,https://www4.septa.org/picking/pdf/summer-a-2026/callowhill/bus/paddles/saturday-paddles.pdf#page=123,https://www4.septa.org/picking/pdf/summer-a-2026/callowhill/bus/paddles/saturday-paddles#page=123.pdf,https://www4.septa.org/picking/pdf/summer-a-2026/callowhill/bus/trip-sheets/saturday-trip-sheets.pdf
CallowhillSaturday403,403,Callowhill,1 of 2,125,Saturday,https://www4.septa.org/picking/pdf/summer-a-2026/callowhill/bus/paddles/saturday-paddles.pdf#page=125,https://www4.septa.org/picking/pdf/summer-a-2026/callowhill/bus/paddles/saturday-paddles#page=125.pdf,https://www4.septa.org/picking/pdf/summer-a-2026/callowhill/bus/trip-sheets/saturday-trip-sheets.pdf
CallowhillSaturday404,404,Callowhill,1 of 2,127,Saturday,https://www4.septa.org/picking/pdf/summer-a-2026/callowhill/bus/paddles/saturday-paddles.pdf#page=127,https://www4.septa.org/picking/pdf/summer-a-2026/callowhill/bus/paddles/saturday-paddles#page=127.pdf,https://www4.septa.org/picking/pdf/summer-a-2026/callowhill/bus/trip-sheets/saturday-trip-sheets.pdf
CallowhillSaturday405,405,Callowhill,1 of 2,129,Saturday,https://www4.septa.org/picking/pdf/summer-a-2026/callowhill/bus/paddles/saturday-paddles.pdf#page=129,https://www4.septa.org/picking/pdf/summer-a-2026/callowhill/bus/paddles/saturday-paddles#page=129.pdf,https://www4.septa.org/picking/pdf/summer-a-2026/callowhill/bus/trip-sheets/saturday-trip-sheets.pdf
CallowhillSaturday406,406,Callowhill,1 of 2,131,Saturday,https://www4.septa.org/picking/pdf/summer-a-2026/callowhill/bus/paddles/saturday-paddles.pdf#page=131,https://www4.septa.org/picking/pdf/summer-a-2026/callowhill/bus/paddles/saturday-paddles#page=131.pdf,https://www4.septa.org/picking/pdf/summer-a-2026/callowhill/bus/trip-sheets/saturday-trip-sheets.pdf
CallowhillSaturday407,407,Callowhill,1 of 2,133,Saturday,https://www4.septa.org/picking/pdf/summer-a-2026/callowhill/bus/paddles/saturday-paddles.pdf#page=133,https://www4.septa.org/picking/pdf/summer-a-2026/callowhill/bus/paddles/saturday-paddles#page=133.pdf,https://www4.septa.org/picking/pdf/summer-a-2026/callowhill/bus/trip-sheets/saturday-trip-sheets.pdf
CallowhillSaturday408,408,Callowhill,1 of 2,135,Saturday,https://www4.septa.org/picking/pdf/summer-a-2026/callowhill/bus/paddles/saturday-paddles.pdf#page=135,https://www4.septa.org/picking/pdf/summer-a-2026/callowhill/bus/paddles/saturday-paddles#page=135.pdf,https://www4.septa.org/picking/pdf/summer-a-2026/callowhill/bus/trip-sheets/saturday-trip-sheets.pdf
CallowhillSaturday409,409,Callowhill,1 of 2,137,Saturday,https://www4.septa.org/picking/pdf/summer-a-2026/callowhill/bus/paddles/saturday-paddles.pdf#page=137,https://www4.septa.org/picking/pdf/summer-a-2026/callowhill/bus/paddles/saturday-paddles#page=137.pdf,https://www4.septa.org/picking/pdf/summer-a-2026/callowhill/bus/trip-sheets/saturday-trip-sheets.pdf
CallowhillSaturday410,410,Callowhill,1 of 2,139,Saturday,https://www4.septa.org/picking/pdf/summer-a-2026/callowhill/bus/paddles/saturday-paddles.pdf#page=139,https://www4.septa.org/picking/pdf/summer-a-2026/callowhill/bus/paddles/saturday-paddles#page=139.pdf,https://www4.septa.org/picking/pdf/summer-a-2026/callowhill/bus/trip-sheets/saturday-trip-sheets.pdf
CallowhillSaturday411,411,Callowhill,1 of 2,141,Saturday,https://www4.septa.org/picking/pdf/summer-a-2026/callowhill/bus/paddles/saturday-paddles.pdf#page=141,https://www4.septa.org/picking/pdf/summer-a-2026/callowhill/bus/paddles/saturday-paddles#page=141.pdf,https://www4.septa.org/picking/pdf/summer-a-2026/callowhill/bus/trip-sheets/saturday-trip-sheets.pdf
CallowhillSaturday412,412,Callowhill,1 of 3,143,Saturday,https://www4.septa.org/picking/pdf/summer-a-2026/callowhill/bus/paddles/saturday-paddles.pdf#page=143,https://www4.septa.org/picking/pdf/summer-a-2026/callowhill/bus/paddles/saturday-paddles#page=143.pdf,https://www4.septa.org/picking/pdf/summer-a-2026/callowhill/bus/trip-sheets/saturday-trip-sheets.pdf
CallowhillSaturday413,413,Callowhill,1 of 2,146,Saturday,https://www4.septa.org/picking/pdf/summer-a-2026/callowhill/bus/paddles/saturday-paddles.pdf#page=146,https://www4.septa.org/picking/pdf/summer-a-2026/callowhill/bus/paddles/saturday-paddles#page=146.pdf,https://www4.septa.org/picking/pdf/summer-a-2026/callowhill/bus/trip-sheets/saturday-trip-sheets.pdf
CallowhillSaturday414,414,Callowhill,1 of 2,148,Saturday,https://www4.septa.org/picking/pdf/summer-a-2026/callowhill/bus/paddles/saturday-paddles.pdf#page=148,https://www4.septa.org/picking/pdf/summer-a-2026/callowhill/bus/paddles/saturday-paddles#page=148.pdf,https://www4.septa.org/picking/pdf/summer-a-2026/callowhill/bus/trip-sheets/saturday-trip-sheets.pdf
CallowhillSaturday415,415,Callowhill,1 of 2,150,Saturday,https://www4.septa.org/picking/pdf/summer-a-2026/callowhill/bus/paddles/saturday-paddles.pdf#page=150,https://www4.septa.org/picking/pdf/summer-a-2026/callowhill/bus/paddles/saturday-paddles#page=150.pdf,https://www4.septa.org/picking/pdf/summer-a-2026/callowhill/bus/trip-sheets/saturday-trip-sheets.pdf
CallowhillSaturday416,416,Callowhill,1 of 2,152,Saturday,https://www4.septa.org/picking/pdf/summer-a-2026/callowhill/bus/paddles/saturday-paddles.pdf#page=152,https://www4.septa.org/picking/pdf/summer-a-2026/callowhill/bus/paddles/saturday-paddles#page=152.pdf,https://www4.septa.org/picking/pdf/summer-a-2026/callowhill/bus/trip-sheets/saturday-trip-sheets.pdf
CallowhillSaturday417,417,Callowhill,1 of 2,154,Saturday,https://www4.septa.org/picking/pdf/summer-a-2026/callowhill/bus/paddles/saturday-paddles.pdf#page=154,https://www4.septa.org/picking/pdf/summer-a-2026/callowhill/bus/paddles/saturday-paddles#page=154.pdf,https://www4.septa.org/picking/pdf/summer-a-2026/callowhill/bus/trip-sheets/saturday-trip-sheets.pdf
CallowhillSaturday418,418,Callowhill,1 of 2,156,Saturday,https://www4.septa.org/picking/pdf/summer-a-2026/callowhill/bus/paddles/saturday-paddles.pdf#page=156,https://www4.septa.org/picking/pdf/summer-a-2026/callowhill/bus/paddles/saturday-paddles#page=156.pdf,https://www4.septa.org/picking/pdf/summer-a-2026/callowhill/bus/trip-sheets/saturday-trip-sheets.pdf
CallowhillSaturday419,419,Callowhill,1 of 2,158,Saturday,https://www4.septa.org/picking/pdf/summer-a-2026/callowhill/bus/paddles/saturday-paddles.pdf#page=158,https://www4.septa.org/picking/pdf/summer-a-2026/callowhill/bus/paddles/saturday-paddles#page=158.pdf,https://www4.septa.org/picking/pdf/summer-a-2026/callowhill/bus/trip-sheets/saturday-trip-sheets.pdf
CallowhillSaturday420,420,Callowhill,1 of 2,160,Saturday,https://www4.septa.org/picking/pdf/summer-a-2026/callowhill/bus/paddles/saturday-paddles.pdf#page=160,https://www4.septa.org/picking/pdf/summer-a-2026/callowhill/bus/paddles/saturday-paddles#page=160.pdf,https://www4.septa.org/picking/pdf/summer-a-2026/callowhill/bus/trip-sheets/saturday-trip-sheets.pdf
CallowhillSaturday451,451,Callowhill,1 of 2,162,Saturday,https://www4.septa.org/picking/pdf/summer-a-2026/callowhill/bus/paddles/saturday-paddles.pdf#page=162,https://www4.septa.org/picking/pdf/summer-a-2026/callowhill/bus/paddles/saturday-paddles#page=162.pdf,https://www4.septa.org/picking/pdf/summer-a-2026/callowhill/bus/trip-sheets/saturday-trip-sheets.pdf
CallowhillSaturday452,452,Callowhill,1 of 2,164,Saturday,https://www4.septa.org/picking/pdf/summer-a-2026/callowhill/bus/paddles/saturday-paddles.pdf#page=164,https://www4.septa.org/picking/pdf/summer-a-2026/callowhill/bus/paddles/saturday-paddles#page=164.pdf,https://www4.septa.org/picking/pdf/summer-a-2026/callowhill/bus/trip-sheets/saturday-trip-sheets.pdf
CallowhillSaturday453,453,Callowhill,1 of 2,166,Saturday,https://www4.septa.org/picking/pdf/summer-a-2026/callowhill/bus/paddles/saturday-paddles.pdf#page=166,https://www4.septa.org/picking/pdf/summer-a-2026/callowhill/bus/paddles/saturday-paddles#page=166.pdf,https://www4.septa.org/picking/pdf/summer-a-2026/callowhill/bus/trip-sheets/saturday-trip-sheets.pdf
CallowhillSaturday454,454,Callowhill,1 of 2,168,Saturday,https://www4.septa.org/picking/pdf/summer-a-2026/callowhill/bus/paddles/saturday-paddles.pdf#page=168,https://www4.septa.org/picking/pdf/summer-a-2026/callowhill/bus/paddles/saturday-paddles#page=168.pdf,https://www4.septa.org/picking/pdf/summer-a-2026/callowhill/bus/trip-sheets/saturday-trip-sheets.pdf
CallowhillSaturday455,455,Callowhill,1 of 2,170,Saturday,https://www4.septa.org/picking/pdf/summer-a-2026/callowhill/bus/paddles/saturday-paddles.pdf#page=170,https://www4.septa.org/picking/pdf/summer-a-2026/callowhill/bus/paddles/saturday-paddles#page=170.pdf,https://www4.septa.org/picking/pdf/summer-a-2026/callowhill/bus/trip-sheets/saturday-trip-sheets.pdf
CallowhillSaturday456,456,Callowhill,1 of 2,172,Saturday,https://www4.septa.org/picking/pdf/summer-a-2026/callowhill/bus/paddles/saturday-paddles.pdf#page=172,https://www4.septa.org/picking/pdf/summer-a-2026/callowhill/bus/paddles/saturday-paddles#page=172.pdf,https://www4.septa.org/picking/pdf/summer-a-2026/callowhill/bus/trip-sheets/saturday-trip-sheets.pdf
CallowhillSaturday457,457,Callowhill,1 of 2,174,Saturday,https://www4.septa.org/picking/pdf/summer-a-2026/callowhill/bus/paddles/saturday-paddles.pdf#page=174,https://www4.septa.org/picking/pdf/summer-a-2026/callowhill/bus/paddles/saturday-paddles#page=174.pdf,https://www4.septa.org/picking/pdf/summer-a-2026/callowhill/bus/trip-sheets/saturday-trip-sheets.pdf
CallowhillSaturday501,501,Callowhill,1 of 2,176,Saturday,https://www4.septa.org/picking/pdf/summer-a-2026/callowhill/bus/paddles/saturday-paddles.pdf#page=176,https://www4.septa.org/picking/pdf/summer-a-2026/callowhill/bus/paddles/saturday-paddles#page=176.pdf,https://www4.septa.org/picking/pdf/summer-a-2026/callowhill/bus/trip-sheets/saturday-trip-sheets.pdf
CallowhillSaturday502,502,Callowhill,1 of 2,178,Saturday,https://www4.septa.org/picking/pdf/summer-a-2026/callowhill/bus/paddles/saturday-paddles.pdf#page=178,https://www4.septa.org/picking/pdf/summer-a-2026/callowhill/bus/paddles/saturday-paddles#page=178.pdf,https://www4.septa.org/picking/pdf/summer-a-2026/callowhill/bus/trip-sheets/saturday-trip-sheets.pdf
CallowhillSaturday503,503,Callowhill,1 of 1,180,Saturday,https://www4.septa.org/picking/pdf/summer-a-2026/callowhill/bus/paddles/saturday-paddles.pdf#page=180,https://www4.septa.org/picking/pdf/summer-a-2026/callowhill/bus/paddles/saturday-paddles#page=180.pdf,https://www4.septa.org/picking/pdf/summer-a-2026/callowhill/bus/trip-sheets/saturday-trip-sheets.pdf
CallowhillSaturday504,504,Callowhill,1 of 2,181,Saturday,https://www4.septa.org/picking/pdf/summer-a-2026/callowhill/bus/paddles/saturday-paddles.pdf#page=181,https://www4.septa.org/picking/pdf/summer-a-2026/callowhill/bus/paddles/saturday-paddles#page=181.pdf,https://www4.septa.org/picking/pdf/summer-a-2026/callowhill/bus/trip-sheets/saturday-trip-sheets.pdf
CallowhillSaturday505,505,Callowhill,1 of 2,183,Saturday,https://www4.septa.org/picking/pdf/summer-a-2026/callowhill/bus/paddles/saturday-paddles.pdf#page=183,https://www4.septa.org/picking/pdf/summer-a-2026/callowhill/bus/paddles/saturday-paddles#page=183.pdf,https://www4.septa.org/picking/pdf/summer-a-2026/callowhill/bus/trip-sheets/saturday-trip-sheets.pdf
CallowhillSaturday506,506,Callowhill,1 of 1,185,Saturday,https://www4.septa.org/picking/pdf/summer-a-2026/callowhill/bus/paddles/saturday-paddles.pdf#page=185,https://www4.septa.org/picking/pdf/summer-a-2026/callowhill/bus/paddles/saturday-paddles#page=185.pdf,https://www4.septa.org/picking/pdf/summer-a-2026/callowhill/bus/trip-sheets/saturday-trip-sheets.pdf
CallowhillSaturday507,507,Callowhill,1 of 2,186,Saturday,https://www4.septa.org/picking/pdf/summer-a-2026/callowhill/bus/paddles/saturday-paddles.pdf#page=186,https://www4.septa.org/picking/pdf/summer-a-2026/callowhill/bus/paddles/saturday-paddles#page=186.pdf,https://www4.septa.org/picking/pdf/summer-a-2026/callowhill/bus/trip-sheets/saturday-trip-sheets.pdf
CallowhillSaturday551,551,Callowhill,1 of 2,188,Saturday,https://www4.septa.org/picking/pdf/summer-a-2026/callowhill/bus/paddles/saturday-paddles.pdf#page=188,https://www4.septa.org/picking/pdf/summer-a-2026/callowhill/bus/paddles/saturday-paddles#page=188.pdf,https://www4.septa.org/picking/pdf/summer-a-2026/callowhill/bus/trip-sheets/saturday-trip-sheets.pdf
CallowhillSaturday552,552,Callowhill,1 of 2,190,Saturday,https://www4.septa.org/picking/pdf/summer-a-2026/callowhill/bus/paddles/saturday-paddles.pdf#page=190,https://www4.septa.org/picking/pdf/summer-a-2026/callowhill/bus/paddles/saturday-paddles#page=190.pdf,https://www4.septa.org/picking/pdf/summer-a-2026/callowhill/bus/trip-sheets/saturday-trip-sheets.pdf
CallowhillSaturday553,553,Callowhill,1 of 2,192,Saturday,https://www4.septa.org/picking/pdf/summer-a-2026/callowhill/bus/paddles/saturday-paddles.pdf#page=192,https://www4.septa.org/picking/pdf/summer-a-2026/callowhill/bus/paddles/saturday-paddles#page=192.pdf,https://www4.septa.org/picking/pdf/summer-a-2026/callowhill/bus/trip-sheets/saturday-trip-sheets.pdf
CallowhillSaturday554,554,Callowhill,1 of 2,194,Saturday,https://www4.septa.org/picking/pdf/summer-a-2026/callowhill/bus/paddles/saturday-paddles.pdf#page=194,https://www4.septa.org/picking/pdf/summer-a-2026/callowhill/bus/paddles/saturday-paddles#page=194.pdf,https://www4.septa.org/picking/pdf/summer-a-2026/callowhill/bus/trip-sheets/saturday-trip-sheets.pdf
CallowhillSaturday555,555,Callowhill,1 of 2,196,Saturday,https://www4.septa.org/picking/pdf/summer-a-2026/callowhill/bus/paddles/saturday-paddles.pdf#page=196,https://www4.septa.org/picking/pdf/summer-a-2026/callowhill/bus/paddles/saturday-paddles#page=196.pdf,https://www4.septa.org/picking/pdf/summer-a-2026/callowhill/bus/trip-sheets/saturday-trip-sheets.pdf
CallowhillSaturday556,556,Callowhill,1 of 2,198,Saturday,https://www4.septa.org/picking/pdf/summer-a-2026/callowhill/bus/paddles/saturday-paddles.pdf#page=198,https://www4.septa.org/picking/pdf/summer-a-2026/callowhill/bus/paddles/saturday-paddles#page=198.pdf,https://www4.septa.org/picking/pdf/summer-a-2026/callowhill/bus/trip-sheets/saturday-trip-sheets.pdf
CallowhillSaturday557,557,Callowhill,1 of 2,200,Saturday,https://www4.septa.org/picking/pdf/summer-a-2026/callowhill/bus/paddles/saturday-paddles.pdf#page=200,https://www4.septa.org/picking/pdf/summer-a-2026/callowhill/bus/paddles/saturday-paddles#page=200.pdf,https://www4.septa.org/picking/pdf/summer-a-2026/callowhill/bus/trip-sheets/saturday-trip-sheets.pdf
CallowhillSaturday558,558,Callowhill,1 of 2,202,Saturday,https://www4.septa.org/picking/pdf/summer-a-2026/callowhill/bus/paddles/saturday-paddles.pdf#page=202,https://www4.septa.org/picking/pdf/summer-a-2026/callowhill/bus/paddles/saturday-paddles#page=202.pdf,https://www4.septa.org/picking/pdf/summer-a-2026/callowhill/bus/trip-sheets/saturday-trip-sheets.pdf
CallowhillSaturday559,559,Callowhill,1 of 2,204,Saturday,https://www4.septa.org/picking/pdf/summer-a-2026/callowhill/bus/paddles/saturday-paddles.pdf#page=204,https://www4.septa.org/picking/pdf/summer-a-2026/callowhill/bus/paddles/saturday-paddles#page=204.pdf,https://www4.septa.org/picking/pdf/summer-a-2026/callowhill/bus/trip-sheets/saturday-trip-sheets.pdf
CallowhillSaturday560,560,Callowhill,1 of 2,206,Saturday,https://www4.septa.org/picking/pdf/summer-a-2026/callowhill/bus/paddles/saturday-paddles.pdf#page=206,https://www4.septa.org/picking/pdf/summer-a-2026/callowhill/bus/paddles/saturday-paddles#page=206.pdf,https://www4.septa.org/picking/pdf/summer-a-2026/callowhill/bus/trip-sheets/saturday-trip-sheets.pdf
CallowhillSaturday561,561,Callowhill,1 of 2,208,Saturday,https://www4.septa.org/picking/pdf/summer-a-2026/callowhill/bus/paddles/saturday-paddles.pdf#page=208,https://www4.septa.org/picking/pdf/summer-a-2026/callowhill/bus/paddles/saturday-paddles#page=208.pdf,https://www4.septa.org/picking/pdf/summer-a-2026/callowhill/bus/trip-sheets/saturday-trip-sheets.pdf
CallowhillSaturday651,651,Callowhill,1 of 2,210,Saturday,https://www4.septa.org/picking/pdf/summer-a-2026/callowhill/bus/paddles/saturday-paddles.pdf#page=210,https://www4.septa.org/picking/pdf/summer-a-2026/callowhill/bus/paddles/saturday-paddles#page=210.pdf,https://www4.septa.org/picking/pdf/summer-a-2026/callowhill/bus/trip-sheets/saturday-trip-sheets.pdf
CallowhillSaturday652,652,Callowhill,1 of 2,212,Saturday,https://www4.septa.org/picking/pdf/summer-a-2026/callowhill/bus/paddles/saturday-paddles.pdf#page=212,https://www4.septa.org/picking/pdf/summer-a-2026/callowhill/bus/paddles/saturday-paddles#page=212.pdf,https://www4.septa.org/picking/pdf/summer-a-2026/callowhill/bus/trip-sheets/saturday-trip-sheets.pdf
CallowhillSaturday653,653,Callowhill,1 of 2,214,Saturday,https://www4.septa.org/picking/pdf/summer-a-2026/callowhill/bus/paddles/saturday-paddles.pdf#page=214,https://www4.septa.org/picking/pdf/summer-a-2026/callowhill/bus/paddles/saturday-paddles#page=214.pdf,https://www4.septa.org/picking/pdf/summer-a-2026/callowhill/bus/trip-sheets/saturday-trip-sheets.pdf
CallowhillSaturday654,654,Callowhill,1 of 2,216,Saturday,https://www4.septa.org/picking/pdf/summer-a-2026/callowhill/bus/paddles/saturday-paddles.pdf#page=216,https://www4.septa.org/picking/pdf/summer-a-2026/callowhill/bus/paddles/saturday-paddles#page=216.pdf,https://www4.septa.org/picking/pdf/summer-a-2026/callowhill/bus/trip-sheets/saturday-trip-sheets.pdf
CallowhillSaturday655,655,Callowhill,1 of 2,218,Saturday,https://www4.septa.org/picking/pdf/summer-a-2026/callowhill/bus/paddles/saturday-paddles.pdf#page=218,https://www4.septa.org/picking/pdf/summer-a-2026/callowhill/bus/paddles/saturday-paddles#page=218.pdf,https://www4.septa.org/picking/pdf/summer-a-2026/callowhill/bus/trip-sheets/saturday-trip-sheets.pdf
CallowhillSaturday656,656,Callowhill,1 of 2,220,Saturday,https://www4.septa.org/picking/pdf/summer-a-2026/callowhill/bus/paddles/saturday-paddles.pdf#page=220,https://www4.septa.org/picking/pdf/summer-a-2026/callowhill/bus/paddles/saturday-paddles#page=220.pdf,https://www4.septa.org/picking/pdf/summer-a-2026/callowhill/bus/trip-sheets/saturday-trip-sheets.pdf
CallowhillSaturday657,657,Callowhill,1 of 2,222,Saturday,https://www4.septa.org/picking/pdf/summer-a-2026/callowhill/bus/paddles/saturday-paddles.pdf#page=222,https://www4.septa.org/picking/pdf/summer-a-2026/callowhill/bus/paddles/saturday-paddles#page=222.pdf,https://www4.septa.org/picking/pdf/summer-a-2026/callowhill/bus/trip-sheets/saturday-trip-sheets.pdf
CallowhillSaturday701,701,Callowhill,1 of 2,224,Saturday,https://www4.septa.org/picking/pdf/summer-a-2026/callowhill/bus/paddles/saturday-paddles.pdf#page=224,https://www4.septa.org/picking/pdf/summer-a-2026/callowhill/bus/paddles/saturday-paddles#page=224.pdf,https://www4.septa.org/picking/pdf/summer-a-2026/callowhill/bus/trip-sheets/saturday-trip-sheets.pdf
CallowhillSaturday702,702,Callowhill,1 of 3,226,Saturday,https://www4.septa.org/picking/pdf/summer-a-2026/callowhill/bus/paddles/saturday-paddles.pdf#page=226,https://www4.septa.org/picking/pdf/summer-a-2026/callowhill/bus/paddles/saturday-paddles#page=226.pdf,https://www4.septa.org/picking/pdf/summer-a-2026/callowhill/bus/trip-sheets/saturday-trip-sheets.pdf
CallowhillSaturday703,703,Callowhill,1 of 2,229,Saturday,https://www4.septa.org/picking/pdf/summer-a-2026/callowhill/bus/paddles/saturday-paddles.pdf#page=229,https://www4.septa.org/picking/pdf/summer-a-2026/callowhill/bus/paddles/saturday-paddles#page=229.pdf,https://www4.septa.org/picking/pdf/summer-a-2026/callowhill/bus/trip-sheets/saturday-trip-sheets.pdf
CallowhillSaturday704,704,Callowhill,1 of 2,231,Saturday,https://www4.septa.org/picking/pdf/summer-a-2026/callowhill/bus/paddles/saturday-paddles.pdf#page=231,https://www4.septa.org/picking/pdf/summer-a-2026/callowhill/bus/paddles/saturday-paddles#page=231.pdf,https://www4.septa.org/picking/pdf/summer-a-2026/callowhill/bus/trip-sheets/saturday-trip-sheets.pdf
CallowhillSaturday705,705,Callowhill,1 of 2,233,Saturday,https://www4.septa.org/picking/pdf/summer-a-2026/callowhill/bus/paddles/saturday-paddles.pdf#page=233,https://www4.septa.org/picking/pdf/summer-a-2026/callowhill/bus/paddles/saturday-paddles#page=233.pdf,https://www4.septa.org/picking/pdf/summer-a-2026/callowhill/bus/trip-sheets/saturday-trip-sheets.pdf
CallowhillSaturday706,706,Callowhill,1 of 2,235,Saturday,https://www4.septa.org/picking/pdf/summer-a-2026/callowhill/bus/paddles/saturday-paddles.pdf#page=235,https://www4.septa.org/picking/pdf/summer-a-2026/callowhill/bus/paddles/saturday-paddles#page=235.pdf,https://www4.septa.org/picking/pdf/summer-a-2026/callowhill/bus/trip-sheets/saturday-trip-sheets.pdf
CallowhillSaturday707,707,Callowhill,1 of 2,237,Saturday,https://www4.septa.org/picking/pdf/summer-a-2026/callowhill/bus/paddles/saturday-paddles.pdf#page=237,https://www4.septa.org/picking/pdf/summer-a-2026/callowhill/bus/paddles/saturday-paddles#page=237.pdf,https://www4.septa.org/picking/pdf/summer-a-2026/callowhill/bus/trip-sheets/saturday-trip-sheets.pdf
CallowhillSaturday708,708,Callowhill,1 of 2,239,Saturday,https://www4.septa.org/picking/pdf/summer-a-2026/callowhill/bus/paddles/saturday-paddles.pdf#page=239,https://www4.septa.org/picking/pdf/summer-a-2026/callowhill/bus/paddles/saturday-paddles#page=239.pdf,https://www4.septa.org/picking/pdf/summer-a-2026/callowhill/bus/trip-sheets/saturday-trip-sheets.pdf
CallowhillSunday51,51,Callowhill,1 of 2,1,Sunday,https://www4.septa.org/picking/pdf/summer-a-2026/callowhill/bus/paddles/sunday-paddles.pdf#page=1,https://www4.septa.org/picking/pdf/summer-a-2026/callowhill/bus/paddles/sunday-paddles#page=1.pdf,https://www4.septa.org/picking/pdf/summer-a-2026/callowhill/bus/trip-sheets/sunday-trip-sheets.pdf
CallowhillSunday52,52,Callowhill,1 of 2,3,Sunday,https://www4.septa.org/picking/pdf/summer-a-2026/callowhill/bus/paddles/sunday-paddles.pdf#page=3,https://www4.septa.org/picking/pdf/summer-a-2026/callowhill/bus/paddles/sunday-paddles#page=3.pdf,https://www4.septa.org/picking/pdf/summer-a-2026/callowhill/bus/trip-sheets/sunday-trip-sheets.pdf
CallowhillSunday53,53,Callowhill,1 of 2,5,Sunday,https://www4.septa.org/picking/pdf/summer-a-2026/callowhill/bus/paddles/sunday-paddles.pdf#page=5,https://www4.septa.org/picking/pdf/summer-a-2026/callowhill/bus/paddles/sunday-paddles#page=5.pdf,https://www4.septa.org/picking/pdf/summer-a-2026/callowhill/bus/trip-sheets/sunday-trip-sheets.pdf
CallowhillSunday54,54,Callowhill,1 of 2,7,Sunday,https://www4.septa.org/picking/pdf/summer-a-2026/callowhill/bus/paddles/sunday-paddles.pdf#page=7,https://www4.septa.org/picking/pdf/summer-a-2026/callowhill/bus/paddles/sunday-paddles#page=7.pdf,https://www4.septa.org/picking/pdf/summer-a-2026/callowhill/bus/trip-sheets/sunday-trip-sheets.pdf
CallowhillSunday101,101,Callowhill,1 of 2,9,Sunday,https://www4.septa.org/picking/pdf/summer-a-2026/callowhill/bus/paddles/sunday-paddles.pdf#page=9,https://www4.septa.org/picking/pdf/summer-a-2026/callowhill/bus/paddles/sunday-paddles#page=9.pdf,https://www4.septa.org/picking/pdf/summer-a-2026/callowhill/bus/trip-sheets/sunday-trip-sheets.pdf
CallowhillSunday102,102,Callowhill,1 of 2,11,Sunday,https://www4.septa.org/picking/pdf/summer-a-2026/callowhill/bus/paddles/sunday-paddles.pdf#page=11,https://www4.septa.org/picking/pdf/summer-a-2026/callowhill/bus/paddles/sunday-paddles#page=11.pdf,https://www4.septa.org/picking/pdf/summer-a-2026/callowhill/bus/trip-sheets/sunday-trip-sheets.pdf
CallowhillSunday103,103,Callowhill,1 of 2,13,Sunday,https://www4.septa.org/picking/pdf/summer-a-2026/callowhill/bus/paddles/sunday-paddles.pdf#page=13,https://www4.septa.org/picking/pdf/summer-a-2026/callowhill/bus/paddles/sunday-paddles#page=13.pdf,https://www4.septa.org/picking/pdf/summer-a-2026/callowhill/bus/trip-sheets/sunday-trip-sheets.pdf
CallowhillSunday104,104,Callowhill,1 of 2,15,Sunday,https://www4.septa.org/picking/pdf/summer-a-2026/callowhill/bus/paddles/sunday-paddles.pdf#page=15,https://www4.septa.org/picking/pdf/summer-a-2026/callowhill/bus/paddles/sunday-paddles#page=15.pdf,https://www4.septa.org/picking/pdf/summer-a-2026/callowhill/bus/trip-sheets/sunday-trip-sheets.pdf
CallowhillSunday105,105,Callowhill,1 of 2,17,Sunday,https://www4.septa.org/picking/pdf/summer-a-2026/callowhill/bus/paddles/sunday-paddles.pdf#page=17,https://www4.septa.org/picking/pdf/summer-a-2026/callowhill/bus/paddles/sunday-paddles#page=17.pdf,https://www4.septa.org/picking/pdf/summer-a-2026/callowhill/bus/trip-sheets/sunday-trip-sheets.pdf
CallowhillSunday106,106,Callowhill,1 of 2,19,Sunday,https://www4.septa.org/picking/pdf/summer-a-2026/callowhill/bus/paddles/sunday-paddles.pdf#page=19,https://www4.septa.org/picking/pdf/summer-a-2026/callowhill/bus/paddles/sunday-paddles#page=19.pdf,https://www4.septa.org/picking/pdf/summer-a-2026/callowhill/bus/trip-sheets/sunday-trip-sheets.pdf
CallowhillSunday107,107,Callowhill,1 of 2,21,Sunday,https://www4.septa.org/picking/pdf/summer-a-2026/callowhill/bus/paddles/sunday-paddles.pdf#page=21,https://www4.septa.org/picking/pdf/summer-a-2026/callowhill/bus/paddles/sunday-paddles#page=21.pdf,https://www4.septa.org/picking/pdf/summer-a-2026/callowhill/bus/trip-sheets/sunday-trip-sheets.pdf
CallowhillSunday108,108,Callowhill,1 of 2,23,Sunday,https://www4.septa.org/picking/pdf/summer-a-2026/callowhill/bus/paddles/sunday-paddles.pdf#page=23,https://www4.septa.org/picking/pdf/summer-a-2026/callowhill/bus/paddles/sunday-paddles#page=23.pdf,https://www4.septa.org/picking/pdf/summer-a-2026/callowhill/bus/trip-sheets/sunday-trip-sheets.pdf
CallowhillSunday109,109,Callowhill,1 of 2,25,Sunday,https://www4.septa.org/picking/pdf/summer-a-2026/callowhill/bus/paddles/sunday-paddles.pdf#page=25,https://www4.septa.org/picking/pdf/summer-a-2026/callowhill/bus/paddles/sunday-paddles#page=25.pdf,https://www4.septa.org/picking/pdf/summer-a-2026/callowhill/bus/trip-sheets/sunday-trip-sheets.pdf
CallowhillSunday110,110,Callowhill,1 of 2,27,Sunday,https://www4.septa.org/picking/pdf/summer-a-2026/callowhill/bus/paddles/sunday-paddles.pdf#page=27,https://www4.septa.org/picking/pdf/summer-a-2026/callowhill/bus/paddles/sunday-paddles#page=27.pdf,https://www4.septa.org/picking/pdf/summer-a-2026/callowhill/bus/trip-sheets/sunday-trip-sheets.pdf
CallowhillSunday111,111,Callowhill,1 of 2,29,Sunday,https://www4.septa.org/picking/pdf/summer-a-2026/callowhill/bus/paddles/sunday-paddles.pdf#page=29,https://www4.septa.org/picking/pdf/summer-a-2026/callowhill/bus/paddles/sunday-paddles#page=29.pdf,https://www4.septa.org/picking/pdf/summer-a-2026/callowhill/bus/trip-sheets/sunday-trip-sheets.pdf
CallowhillSunday112,112,Callowhill,1 of 2,31,Sunday,https://www4.septa.org/picking/pdf/summer-a-2026/callowhill/bus/paddles/sunday-paddles.pdf#page=31,https://www4.septa.org/picking/pdf/summer-a-2026/callowhill/bus/paddles/sunday-paddles#page=31.pdf,https://www4.septa.org/picking/pdf/summer-a-2026/callowhill/bus/trip-sheets/sunday-trip-sheets.pdf
CallowhillSunday113,113,Callowhill,1 of 2,33,Sunday,https://www4.septa.org/picking/pdf/summer-a-2026/callowhill/bus/paddles/sunday-paddles.pdf#page=33,https://www4.septa.org/picking/pdf/summer-a-2026/callowhill/bus/paddles/sunday-paddles#page=33.pdf,https://www4.septa.org/picking/pdf/summer-a-2026/callowhill/bus/trip-sheets/sunday-trip-sheets.pdf
CallowhillSunday114,114,Callowhill,1 of 2,35,Sunday,https://www4.septa.org/picking/pdf/summer-a-2026/callowhill/bus/paddles/sunday-paddles.pdf#page=35,https://www4.septa.org/picking/pdf/summer-a-2026/callowhill/bus/paddles/sunday-paddles#page=35.pdf,https://www4.septa.org/picking/pdf/summer-a-2026/callowhill/bus/trip-sheets/sunday-trip-sheets.pdf
CallowhillSunday115,115,Callowhill,1 of 2,37,Sunday,https://www4.septa.org/picking/pdf/summer-a-2026/callowhill/bus/paddles/sunday-paddles.pdf#page=37,https://www4.septa.org/picking/pdf/summer-a-2026/callowhill/bus/paddles/sunday-paddles#page=37.pdf,https://www4.septa.org/picking/pdf/summer-a-2026/callowhill/bus/trip-sheets/sunday-trip-sheets.pdf
CallowhillSunday116,116,Callowhill,1 of 2,39,Sunday,https://www4.septa.org/picking/pdf/summer-a-2026/callowhill/bus/paddles/sunday-paddles.pdf#page=39,https://www4.septa.org/picking/pdf/summer-a-2026/callowhill/bus/paddles/sunday-paddles#page=39.pdf,https://www4.septa.org/picking/pdf/summer-a-2026/callowhill/bus/trip-sheets/sunday-trip-sheets.pdf
CallowhillSunday117,117,Callowhill,1 of 2,41,Sunday,https://www4.septa.org/picking/pdf/summer-a-2026/callowhill/bus/paddles/sunday-paddles.pdf#page=41,https://www4.septa.org/picking/pdf/summer-a-2026/callowhill/bus/paddles/sunday-paddles#page=41.pdf,https://www4.septa.org/picking/pdf/summer-a-2026/callowhill/bus/trip-sheets/sunday-trip-sheets.pdf
CallowhillSunday118,118,Callowhill,1 of 2,43,Sunday,https://www4.septa.org/picking/pdf/summer-a-2026/callowhill/bus/paddles/sunday-paddles.pdf#page=43,https://www4.septa.org/picking/pdf/summer-a-2026/callowhill/bus/paddles/sunday-paddles#page=43.pdf,https://www4.septa.org/picking/pdf/summer-a-2026/callowhill/bus/trip-sheets/sunday-trip-sheets.pdf
CallowhillSunday119,119,Callowhill,1 of 2,45,Sunday,https://www4.septa.org/picking/pdf/summer-a-2026/callowhill/bus/paddles/sunday-paddles.pdf#page=45,https://www4.septa.org/picking/pdf/summer-a-2026/callowhill/bus/paddles/sunday-paddles#page=45.pdf,https://www4.septa.org/picking/pdf/summer-a-2026/callowhill/bus/trip-sheets/sunday-trip-sheets.pdf
CallowhillSunday120,120,Callowhill,1 of 2,47,Sunday,https://www4.septa.org/picking/pdf/summer-a-2026/callowhill/bus/paddles/sunday-paddles.pdf#page=47,https://www4.septa.org/picking/pdf/summer-a-2026/callowhill/bus/paddles/sunday-paddles#page=47.pdf,https://www4.septa.org/picking/pdf/summer-a-2026/callowhill/bus/trip-sheets/sunday-trip-sheets.pdf
CallowhillSunday121,121,Callowhill,1 of 2,49,Sunday,https://www4.septa.org/picking/pdf/summer-a-2026/callowhill/bus/paddles/sunday-paddles.pdf#page=49,https://www4.septa.org/picking/pdf/summer-a-2026/callowhill/bus/paddles/sunday-paddles#page=49.pdf,https://www4.septa.org/picking/pdf/summer-a-2026/callowhill/bus/trip-sheets/sunday-trip-sheets.pdf
CallowhillSunday122,122,Callowhill,1 of 2,51,Sunday,https://www4.septa.org/picking/pdf/summer-a-2026/callowhill/bus/paddles/sunday-paddles.pdf#page=51,https://www4.septa.org/picking/pdf/summer-a-2026/callowhill/bus/paddles/sunday-paddles#page=51.pdf,https://www4.septa.org/picking/pdf/summer-a-2026/callowhill/bus/trip-sheets/sunday-trip-sheets.pdf
CallowhillSunday123,123,Callowhill,1 of 2,53,Sunday,https://www4.septa.org/picking/pdf/summer-a-2026/callowhill/bus/paddles/sunday-paddles.pdf#page=53,https://www4.septa.org/picking/pdf/summer-a-2026/callowhill/bus/paddles/sunday-paddles#page=53.pdf,https://www4.septa.org/picking/pdf/summer-a-2026/callowhill/bus/trip-sheets/sunday-trip-sheets.pdf
CallowhillSunday124,124,Callowhill,1 of 2,55,Sunday,https://www4.septa.org/picking/pdf/summer-a-2026/callowhill/bus/paddles/sunday-paddles.pdf#page=55,https://www4.septa.org/picking/pdf/summer-a-2026/callowhill/bus/paddles/sunday-paddles#page=55.pdf,https://www4.septa.org/picking/pdf/summer-a-2026/callowhill/bus/trip-sheets/sunday-trip-sheets.pdf
CallowhillSunday125,125,Callowhill,1 of 2,57,Sunday,https://www4.septa.org/picking/pdf/summer-a-2026/callowhill/bus/paddles/sunday-paddles.pdf#page=57,https://www4.septa.org/picking/pdf/summer-a-2026/callowhill/bus/paddles/sunday-paddles#page=57.pdf,https://www4.septa.org/picking/pdf/summer-a-2026/callowhill/bus/trip-sheets/sunday-trip-sheets.pdf
CallowhillSunday126,126,Callowhill,1 of 2,59,Sunday,https://www4.septa.org/picking/pdf/summer-a-2026/callowhill/bus/paddles/sunday-paddles.pdf#page=59,https://www4.septa.org/picking/pdf/summer-a-2026/callowhill/bus/paddles/sunday-paddles#page=59.pdf,https://www4.septa.org/picking/pdf/summer-a-2026/callowhill/bus/trip-sheets/sunday-trip-sheets.pdf
CallowhillSunday201,201,Callowhill,1 of 2,61,Sunday,https://www4.septa.org/picking/pdf/summer-a-2026/callowhill/bus/paddles/sunday-paddles.pdf#page=61,https://www4.septa.org/picking/pdf/summer-a-2026/callowhill/bus/paddles/sunday-paddles#page=61.pdf,https://www4.septa.org/picking/pdf/summer-a-2026/callowhill/bus/trip-sheets/sunday-trip-sheets.pdf
CallowhillSunday202,202,Callowhill,1 of 2,63,Sunday,https://www4.septa.org/picking/pdf/summer-a-2026/callowhill/bus/paddles/sunday-paddles.pdf#page=63,https://www4.septa.org/picking/pdf/summer-a-2026/callowhill/bus/paddles/sunday-paddles#page=63.pdf,https://www4.septa.org/picking/pdf/summer-a-2026/callowhill/bus/trip-sheets/sunday-trip-sheets.pdf
CallowhillSunday203,203,Callowhill,1 of 3,65,Sunday,https://www4.septa.org/picking/pdf/summer-a-2026/callowhill/bus/paddles/sunday-paddles.pdf#page=65,https://www4.septa.org/picking/pdf/summer-a-2026/callowhill/bus/paddles/sunday-paddles#page=65.pdf,https://www4.septa.org/picking/pdf/summer-a-2026/callowhill/bus/trip-sheets/sunday-trip-sheets.pdf
CallowhillSunday204,204,Callowhill,1 of 2,68,Sunday,https://www4.septa.org/picking/pdf/summer-a-2026/callowhill/bus/paddles/sunday-paddles.pdf#page=68,https://www4.septa.org/picking/pdf/summer-a-2026/callowhill/bus/paddles/sunday-paddles#page=68.pdf,https://www4.septa.org/picking/pdf/summer-a-2026/callowhill/bus/trip-sheets/sunday-trip-sheets.pdf
CallowhillSunday205,205,Callowhill,1 of 3,70,Sunday,https://www4.septa.org/picking/pdf/summer-a-2026/callowhill/bus/paddles/sunday-paddles.pdf#page=70,https://www4.septa.org/picking/pdf/summer-a-2026/callowhill/bus/paddles/sunday-paddles#page=70.pdf,https://www4.septa.org/picking/pdf/summer-a-2026/callowhill/bus/trip-sheets/sunday-trip-sheets.pdf
CallowhillSunday301,301,Callowhill,1 of 2,73,Sunday,https://www4.septa.org/picking/pdf/summer-a-2026/callowhill/bus/paddles/sunday-paddles.pdf#page=73,https://www4.septa.org/picking/pdf/summer-a-2026/callowhill/bus/paddles/sunday-paddles#page=73.pdf,https://www4.septa.org/picking/pdf/summer-a-2026/callowhill/bus/trip-sheets/sunday-trip-sheets.pdf
CallowhillSunday302,302,Callowhill,1 of 2,75,Sunday,https://www4.septa.org/picking/pdf/summer-a-2026/callowhill/bus/paddles/sunday-paddles.pdf#page=75,https://www4.septa.org/picking/pdf/summer-a-2026/callowhill/bus/paddles/sunday-paddles#page=75.pdf,https://www4.septa.org/picking/pdf/summer-a-2026/callowhill/bus/trip-sheets/sunday-trip-sheets.pdf
CallowhillSunday303,303,Callowhill,1 of 2,77,Sunday,https://www4.septa.org/picking/pdf/summer-a-2026/callowhill/bus/paddles/sunday-paddles.pdf#page=77,https://www4.septa.org/picking/pdf/summer-a-2026/callowhill/bus/paddles/sunday-paddles#page=77.pdf,https://www4.septa.org/picking/pdf/summer-a-2026/callowhill/bus/trip-sheets/sunday-trip-sheets.pdf
CallowhillSunday304,304,Callowhill,1 of 2,79,Sunday,https://www4.septa.org/picking/pdf/summer-a-2026/callowhill/bus/paddles/sunday-paddles.pdf#page=79,https://www4.septa.org/picking/pdf/summer-a-2026/callowhill/bus/paddles/sunday-paddles#page=79.pdf,https://www4.septa.org/picking/pdf/summer-a-2026/callowhill/bus/trip-sheets/sunday-trip-sheets.pdf
CallowhillSunday305,305,Callowhill,1 of 2,81,Sunday,https://www4.septa.org/picking/pdf/summer-a-2026/callowhill/bus/paddles/sunday-paddles.pdf#page=81,https://www4.septa.org/picking/pdf/summer-a-2026/callowhill/bus/paddles/sunday-paddles#page=81.pdf,https://www4.septa.org/picking/pdf/summer-a-2026/callowhill/bus/trip-sheets/sunday-trip-sheets.pdf
CallowhillSunday306,306,Callowhill,1 of 2,83,Sunday,https://www4.septa.org/picking/pdf/summer-a-2026/callowhill/bus/paddles/sunday-paddles.pdf#page=83,https://www4.septa.org/picking/pdf/summer-a-2026/callowhill/bus/paddles/sunday-paddles#page=83.pdf,https://www4.septa.org/picking/pdf/summer-a-2026/callowhill/bus/trip-sheets/sunday-trip-sheets.pdf
CallowhillSunday307,307,Callowhill,1 of 2,85,Sunday,https://www4.septa.org/picking/pdf/summer-a-2026/callowhill/bus/paddles/sunday-paddles.pdf#page=85,https://www4.septa.org/picking/pdf/summer-a-2026/callowhill/bus/paddles/sunday-paddles#page=85.pdf,https://www4.septa.org/picking/pdf/summer-a-2026/callowhill/bus/trip-sheets/sunday-trip-sheets.pdf
CallowhillSunday308,308,Callowhill,1 of 2,87,Sunday,https://www4.septa.org/picking/pdf/summer-a-2026/callowhill/bus/paddles/sunday-paddles.pdf#page=87,https://www4.septa.org/picking/pdf/summer-a-2026/callowhill/bus/paddles/sunday-paddles#page=87.pdf,https://www4.septa.org/picking/pdf/summer-a-2026/callowhill/bus/trip-sheets/sunday-trip-sheets.pdf
CallowhillSunday309,309,Callowhill,1 of 2,89,Sunday,https://www4.septa.org/picking/pdf/summer-a-2026/callowhill/bus/paddles/sunday-paddles.pdf#page=89,https://www4.septa.org/picking/pdf/summer-a-2026/callowhill/bus/paddles/sunday-paddles#page=89.pdf,https://www4.septa.org/picking/pdf/summer-a-2026/callowhill/bus/trip-sheets/sunday-trip-sheets.pdf
CallowhillSunday310,310,Callowhill,1 of 2,91,Sunday,https://www4.septa.org/picking/pdf/summer-a-2026/callowhill/bus/paddles/sunday-paddles.pdf#page=91,https://www4.septa.org/picking/pdf/summer-a-2026/callowhill/bus/paddles/sunday-paddles#page=91.pdf,https://www4.septa.org/picking/pdf/summer-a-2026/callowhill/bus/trip-sheets/sunday-trip-sheets.pdf
CallowhillSunday351,351,Callowhill,1 of 2,93,Sunday,https://www4.septa.org/picking/pdf/summer-a-2026/callowhill/bus/paddles/sunday-paddles.pdf#page=93,https://www4.septa.org/picking/pdf/summer-a-2026/callowhill/bus/paddles/sunday-paddles#page=93.pdf,https://www4.septa.org/picking/pdf/summer-a-2026/callowhill/bus/trip-sheets/sunday-trip-sheets.pdf
CallowhillSunday352,352,Callowhill,1 of 2,95,Sunday,https://www4.septa.org/picking/pdf/summer-a-2026/callowhill/bus/paddles/sunday-paddles.pdf#page=95,https://www4.septa.org/picking/pdf/summer-a-2026/callowhill/bus/paddles/sunday-paddles#page=95.pdf,https://www4.septa.org/picking/pdf/summer-a-2026/callowhill/bus/trip-sheets/sunday-trip-sheets.pdf
CallowhillSunday353,353,Callowhill,1 of 2,97,Sunday,https://www4.septa.org/picking/pdf/summer-a-2026/callowhill/bus/paddles/sunday-paddles.pdf#page=97,https://www4.septa.org/picking/pdf/summer-a-2026/callowhill/bus/paddles/sunday-paddles#page=97.pdf,https://www4.septa.org/picking/pdf/summer-a-2026/callowhill/bus/trip-sheets/sunday-trip-sheets.pdf
CallowhillSunday401,401,Callowhill,1 of 2,99,Sunday,https://www4.septa.org/picking/pdf/summer-a-2026/callowhill/bus/paddles/sunday-paddles.pdf#page=99,https://www4.septa.org/picking/pdf/summer-a-2026/callowhill/bus/paddles/sunday-paddles#page=99.pdf,https://www4.septa.org/picking/pdf/summer-a-2026/callowhill/bus/trip-sheets/sunday-trip-sheets.pdf
CallowhillSunday402,402,Callowhill,1 of 2,101,Sunday,https://www4.septa.org/picking/pdf/summer-a-2026/callowhill/bus/paddles/sunday-paddles.pdf#page=101,https://www4.septa.org/picking/pdf/summer-a-2026/callowhill/bus/paddles/sunday-paddles#page=101.pdf,https://www4.septa.org/picking/pdf/summer-a-2026/callowhill/bus/trip-sheets/sunday-trip-sheets.pdf
CallowhillSunday403,403,Callowhill,1 of 2,103,Sunday,https://www4.septa.org/picking/pdf/summer-a-2026/callowhill/bus/paddles/sunday-paddles.pdf#page=103,https://www4.septa.org/picking/pdf/summer-a-2026/callowhill/bus/paddles/sunday-paddles#page=103.pdf,https://www4.septa.org/picking/pdf/summer-a-2026/callowhill/bus/trip-sheets/sunday-trip-sheets.pdf
CallowhillSunday404,404,Callowhill,1 of 2,105,Sunday,https://www4.septa.org/picking/pdf/summer-a-2026/callowhill/bus/paddles/sunday-paddles.pdf#page=105,https://www4.septa.org/picking/pdf/summer-a-2026/callowhill/bus/paddles/sunday-paddles#page=105.pdf,https://www4.septa.org/picking/pdf/summer-a-2026/callowhill/bus/trip-sheets/sunday-trip-sheets.pdf
CallowhillSunday405,405,Callowhill,1 of 2,107,Sunday,https://www4.septa.org/picking/pdf/summer-a-2026/callowhill/bus/paddles/sunday-paddles.pdf#page=107,https://www4.septa.org/picking/pdf/summer-a-2026/callowhill/bus/paddles/sunday-paddles#page=107.pdf,https://www4.septa.org/picking/pdf/summer-a-2026/callowhill/bus/trip-sheets/sunday-trip-sheets.pdf
CallowhillSunday406,406,Callowhill,1 of 2,109,Sunday,https://www4.septa.org/picking/pdf/summer-a-2026/callowhill/bus/paddles/sunday-paddles.pdf#page=109,https://www4.septa.org/picking/pdf/summer-a-2026/callowhill/bus/paddles/sunday-paddles#page=109.pdf,https://www4.septa.org/picking/pdf/summer-a-2026/callowhill/bus/trip-sheets/sunday-trip-sheets.pdf
CallowhillSunday407,407,Callowhill,1 of 2,111,Sunday,https://www4.septa.org/picking/pdf/summer-a-2026/callowhill/bus/paddles/sunday-paddles.pdf#page=111,https://www4.septa.org/picking/pdf/summer-a-2026/callowhill/bus/paddles/sunday-paddles#page=111.pdf,https://www4.septa.org/picking/pdf/summer-a-2026/callowhill/bus/trip-sheets/sunday-trip-sheets.pdf
CallowhillSunday408,408,Callowhill,1 of 2,113,Sunday,https://www4.septa.org/picking/pdf/summer-a-2026/callowhill/bus/paddles/sunday-paddles.pdf#page=113,https://www4.septa.org/picking/pdf/summer-a-2026/callowhill/bus/paddles/sunday-paddles#page=113.pdf,https://www4.septa.org/picking/pdf/summer-a-2026/callowhill/bus/trip-sheets/sunday-trip-sheets.pdf
CallowhillSunday409,409,Callowhill,1 of 2,115,Sunday,https://www4.septa.org/picking/pdf/summer-a-2026/callowhill/bus/paddles/sunday-paddles.pdf#page=115,https://www4.septa.org/picking/pdf/summer-a-2026/callowhill/bus/paddles/sunday-paddles#page=115.pdf,https://www4.septa.org/picking/pdf/summer-a-2026/callowhill/bus/trip-sheets/sunday-trip-sheets.pdf
CallowhillSunday410,410,Callowhill,1 of 2,117,Sunday,https://www4.septa.org/picking/pdf/summer-a-2026/callowhill/bus/paddles/sunday-paddles.pdf#page=117,https://www4.septa.org/picking/pdf/summer-a-2026/callowhill/bus/paddles/sunday-paddles#page=117.pdf,https://www4.septa.org/picking/pdf/summer-a-2026/callowhill/bus/trip-sheets/sunday-trip-sheets.pdf
CallowhillSunday411,411,Callowhill,1 of 2,119,Sunday,https://www4.septa.org/picking/pdf/summer-a-2026/callowhill/bus/paddles/sunday-paddles.pdf#page=119,https://www4.septa.org/picking/pdf/summer-a-2026/callowhill/bus/paddles/sunday-paddles#page=119.pdf,https://www4.septa.org/picking/pdf/summer-a-2026/callowhill/bus/trip-sheets/sunday-trip-sheets.pdf
CallowhillSunday412,412,Callowhill,1 of 2,121,Sunday,https://www4.septa.org/picking/pdf/summer-a-2026/callowhill/bus/paddles/sunday-paddles.pdf#page=121,https://www4.septa.org/picking/pdf/summer-a-2026/callowhill/bus/paddles/sunday-paddles#page=121.pdf,https://www4.septa.org/picking/pdf/summer-a-2026/callowhill/bus/trip-sheets/sunday-trip-sheets.pdf
CallowhillSunday413,413,Callowhill,1 of 2,123,Sunday,https://www4.septa.org/picking/pdf/summer-a-2026/callowhill/bus/paddles/sunday-paddles.pdf#page=123,https://www4.septa.org/picking/pdf/summer-a-2026/callowhill/bus/paddles/sunday-paddles#page=123.pdf,https://www4.septa.org/picking/pdf/summer-a-2026/callowhill/bus/trip-sheets/sunday-trip-sheets.pdf
CallowhillSunday414,414,Callowhill,1 of 2,125,Sunday,https://www4.septa.org/picking/pdf/summer-a-2026/callowhill/bus/paddles/sunday-paddles.pdf#page=125,https://www4.septa.org/picking/pdf/summer-a-2026/callowhill/bus/paddles/sunday-paddles#page=125.pdf,https://www4.septa.org/picking/pdf/summer-a-2026/callowhill/bus/trip-sheets/sunday-trip-sheets.pdf
CallowhillSunday415,415,Callowhill,1 of 2,127,Sunday,https://www4.septa.org/picking/pdf/summer-a-2026/callowhill/bus/paddles/sunday-paddles.pdf#page=127,https://www4.septa.org/picking/pdf/summer-a-2026/callowhill/bus/paddles/sunday-paddles#page=127.pdf,https://www4.septa.org/picking/pdf/summer-a-2026/callowhill/bus/trip-sheets/sunday-trip-sheets.pdf
CallowhillSunday416,416,Callowhill,1 of 2,129,Sunday,https://www4.septa.org/picking/pdf/summer-a-2026/callowhill/bus/paddles/sunday-paddles.pdf#page=129,https://www4.septa.org/picking/pdf/summer-a-2026/callowhill/bus/paddles/sunday-paddles#page=129.pdf,https://www4.septa.org/picking/pdf/summer-a-2026/callowhill/bus/trip-sheets/sunday-trip-sheets.pdf
CallowhillSunday417,417,Callowhill,1 of 2,131,Sunday,https://www4.septa.org/picking/pdf/summer-a-2026/callowhill/bus/paddles/sunday-paddles.pdf#page=131,https://www4.septa.org/picking/pdf/summer-a-2026/callowhill/bus/paddles/sunday-paddles#page=131.pdf,https://www4.septa.org/picking/pdf/summer-a-2026/callowhill/bus/trip-sheets/sunday-trip-sheets.pdf
CallowhillSunday418,418,Callowhill,1 of 2,133,Sunday,https://www4.septa.org/picking/pdf/summer-a-2026/callowhill/bus/paddles/sunday-paddles.pdf#page=133,https://www4.septa.org/picking/pdf/summer-a-2026/callowhill/bus/paddles/sunday-paddles#page=133.pdf,https://www4.septa.org/picking/pdf/summer-a-2026/callowhill/bus/trip-sheets/sunday-trip-sheets.pdf
CallowhillSunday419,419,Callowhill,1 of 2,135,Sunday,https://www4.septa.org/picking/pdf/summer-a-2026/callowhill/bus/paddles/sunday-paddles.pdf#page=135,https://www4.septa.org/picking/pdf/summer-a-2026/callowhill/bus/paddles/sunday-paddles#page=135.pdf,https://www4.septa.org/picking/pdf/summer-a-2026/callowhill/bus/trip-sheets/sunday-trip-sheets.pdf
CallowhillSunday420,420,Callowhill,1 of 2,137,Sunday,https://www4.septa.org/picking/pdf/summer-a-2026/callowhill/bus/paddles/sunday-paddles.pdf#page=137,https://www4.septa.org/picking/pdf/summer-a-2026/callowhill/bus/paddles/sunday-paddles#page=137.pdf,https://www4.septa.org/picking/pdf/summer-a-2026/callowhill/bus/trip-sheets/sunday-trip-sheets.pdf
CallowhillSunday421,421,Callowhill,1 of 2,139,Sunday,https://www4.septa.org/picking/pdf/summer-a-2026/callowhill/bus/paddles/sunday-paddles.pdf#page=139,https://www4.septa.org/picking/pdf/summer-a-2026/callowhill/bus/paddles/sunday-paddles#page=139.pdf,https://www4.septa.org/picking/pdf/summer-a-2026/callowhill/bus/trip-sheets/sunday-trip-sheets.pdf
CallowhillSunday451,451,Callowhill,1 of 2,141,Sunday,https://www4.septa.org/picking/pdf/summer-a-2026/callowhill/bus/paddles/sunday-paddles.pdf#page=141,https://www4.septa.org/picking/pdf/summer-a-2026/callowhill/bus/paddles/sunday-paddles#page=141.pdf,https://www4.septa.org/picking/pdf/summer-a-2026/callowhill/bus/trip-sheets/sunday-trip-sheets.pdf
CallowhillSunday452,452,Callowhill,1 of 2,143,Sunday,https://www4.septa.org/picking/pdf/summer-a-2026/callowhill/bus/paddles/sunday-paddles.pdf#page=143,https://www4.septa.org/picking/pdf/summer-a-2026/callowhill/bus/paddles/sunday-paddles#page=143.pdf,https://www4.septa.org/picking/pdf/summer-a-2026/callowhill/bus/trip-sheets/sunday-trip-sheets.pdf
CallowhillSunday453,453,Callowhill,1 of 2,145,Sunday,https://www4.septa.org/picking/pdf/summer-a-2026/callowhill/bus/paddles/sunday-paddles.pdf#page=145,https://www4.septa.org/picking/pdf/summer-a-2026/callowhill/bus/paddles/sunday-paddles#page=145.pdf,https://www4.septa.org/picking/pdf/summer-a-2026/callowhill/bus/trip-sheets/sunday-trip-sheets.pdf
CallowhillSunday454,454,Callowhill,1 of 2,147,Sunday,https://www4.septa.org/picking/pdf/summer-a-2026/callowhill/bus/paddles/sunday-paddles.pdf#page=147,https://www4.septa.org/picking/pdf/summer-a-2026/callowhill/bus/paddles/sunday-paddles#page=147.pdf,https://www4.septa.org/picking/pdf/summer-a-2026/callowhill/bus/trip-sheets/sunday-trip-sheets.pdf
CallowhillSunday501,501,Callowhill,1 of 2,149,Sunday,https://www4.septa.org/picking/pdf/summer-a-2026/callowhill/bus/paddles/sunday-paddles.pdf#page=149,https://www4.septa.org/picking/pdf/summer-a-2026/callowhill/bus/paddles/sunday-paddles#page=149.pdf,https://www4.septa.org/picking/pdf/summer-a-2026/callowhill/bus/trip-sheets/sunday-trip-sheets.pdf
CallowhillSunday502,502,Callowhill,1 of 2,151,Sunday,https://www4.septa.org/picking/pdf/summer-a-2026/callowhill/bus/paddles/sunday-paddles.pdf#page=151,https://www4.septa.org/picking/pdf/summer-a-2026/callowhill/bus/paddles/sunday-paddles#page=151.pdf,https://www4.septa.org/picking/pdf/summer-a-2026/callowhill/bus/trip-sheets/sunday-trip-sheets.pdf
CallowhillSunday503,503,Callowhill,1 of 1,153,Sunday,https://www4.septa.org/picking/pdf/summer-a-2026/callowhill/bus/paddles/sunday-paddles.pdf#page=153,https://www4.septa.org/picking/pdf/summer-a-2026/callowhill/bus/paddles/sunday-paddles#page=153.pdf,https://www4.septa.org/picking/pdf/summer-a-2026/callowhill/bus/trip-sheets/sunday-trip-sheets.pdf
CallowhillSunday504,504,Callowhill,1 of 1,154,Sunday,https://www4.septa.org/picking/pdf/summer-a-2026/callowhill/bus/paddles/sunday-paddles.pdf#page=154,https://www4.septa.org/picking/pdf/summer-a-2026/callowhill/bus/paddles/sunday-paddles#page=154.pdf,https://www4.septa.org/picking/pdf/summer-a-2026/callowhill/bus/trip-sheets/sunday-trip-sheets.pdf
CallowhillSunday505,505,Callowhill,1 of 2,155,Sunday,https://www4.septa.org/picking/pdf/summer-a-2026/callowhill/bus/paddles/sunday-paddles.pdf#page=155,https://www4.septa.org/picking/pdf/summer-a-2026/callowhill/bus/paddles/sunday-paddles#page=155.pdf,https://www4.septa.org/picking/pdf/summer-a-2026/callowhill/bus/trip-sheets/sunday-trip-sheets.pdf
CallowhillSunday551,551,Callowhill,1 of 2,157,Sunday,https://www4.septa.org/picking/pdf/summer-a-2026/callowhill/bus/paddles/sunday-paddles.pdf#page=157,https://www4.septa.org/picking/pdf/summer-a-2026/callowhill/bus/paddles/sunday-paddles#page=157.pdf,https://www4.septa.org/picking/pdf/summer-a-2026/callowhill/bus/trip-sheets/sunday-trip-sheets.pdf
CallowhillSunday552,552,Callowhill,1 of 2,159,Sunday,https://www4.septa.org/picking/pdf/summer-a-2026/callowhill/bus/paddles/sunday-paddles.pdf#page=159,https://www4.septa.org/picking/pdf/summer-a-2026/callowhill/bus/paddles/sunday-paddles#page=159.pdf,https://www4.septa.org/picking/pdf/summer-a-2026/callowhill/bus/trip-sheets/sunday-trip-sheets.pdf
CallowhillSunday553,553,Callowhill,1 of 2,161,Sunday,https://www4.septa.org/picking/pdf/summer-a-2026/callowhill/bus/paddles/sunday-paddles.pdf#page=161,https://www4.septa.org/picking/pdf/summer-a-2026/callowhill/bus/paddles/sunday-paddles#page=161.pdf,https://www4.septa.org/picking/pdf/summer-a-2026/callowhill/bus/trip-sheets/sunday-trip-sheets.pdf
CallowhillSunday554,554,Callowhill,1 of 2,163,Sunday,https://www4.septa.org/picking/pdf/summer-a-2026/callowhill/bus/paddles/sunday-paddles.pdf#page=163,https://www4.septa.org/picking/pdf/summer-a-2026/callowhill/bus/paddles/sunday-paddles#page=163.pdf,https://www4.septa.org/picking/pdf/summer-a-2026/callowhill/bus/trip-sheets/sunday-trip-sheets.pdf
CallowhillSunday555,555,Callowhill,1 of 2,165,Sunday,https://www4.septa.org/picking/pdf/summer-a-2026/callowhill/bus/paddles/sunday-paddles.pdf#page=165,https://www4.septa.org/picking/pdf/summer-a-2026/callowhill/bus/paddles/sunday-paddles#page=165.pdf,https://www4.septa.org/picking/pdf/summer-a-2026/callowhill/bus/trip-sheets/sunday-trip-sheets.pdf
CallowhillSunday556,556,Callowhill,1 of 2,167,Sunday,https://www4.septa.org/picking/pdf/summer-a-2026/callowhill/bus/paddles/sunday-paddles.pdf#page=167,https://www4.septa.org/picking/pdf/summer-a-2026/callowhill/bus/paddles/sunday-paddles#page=167.pdf,https://www4.septa.org/picking/pdf/summer-a-2026/callowhill/bus/trip-sheets/sunday-trip-sheets.pdf
CallowhillSunday557,557,Callowhill,1 of 2,169,Sunday,https://www4.septa.org/picking/pdf/summer-a-2026/callowhill/bus/paddles/sunday-paddles.pdf#page=169,https://www4.septa.org/picking/pdf/summer-a-2026/callowhill/bus/paddles/sunday-paddles#page=169.pdf,https://www4.septa.org/picking/pdf/summer-a-2026/callowhill/bus/trip-sheets/sunday-trip-sheets.pdf
CallowhillSunday558,558,Callowhill,1 of 2,171,Sunday,https://www4.septa.org/picking/pdf/summer-a-2026/callowhill/bus/paddles/sunday-paddles.pdf#page=171,https://www4.septa.org/picking/pdf/summer-a-2026/callowhill/bus/paddles/sunday-paddles#page=171.pdf,https://www4.septa.org/picking/pdf/summer-a-2026/callowhill/bus/trip-sheets/sunday-trip-sheets.pdf
CallowhillSunday559,559,Callowhill,1 of 2,173,Sunday,https://www4.septa.org/picking/pdf/summer-a-2026/callowhill/bus/paddles/sunday-paddles.pdf#page=173,https://www4.septa.org/picking/pdf/summer-a-2026/callowhill/bus/paddles/sunday-paddles#page=173.pdf,https://www4.septa.org/picking/pdf/summer-a-2026/callowhill/bus/trip-sheets/sunday-trip-sheets.pdf
CallowhillSunday651,651,Callowhill,1 of 2,175,Sunday,https://www4.septa.org/picking/pdf/summer-a-2026/callowhill/bus/paddles/sunday-paddles.pdf#page=175,https://www4.septa.org/picking/pdf/summer-a-2026/callowhill/bus/paddles/sunday-paddles#page=175.pdf,https://www4.septa.org/picking/pdf/summer-a-2026/callowhill/bus/trip-sheets/sunday-trip-sheets.pdf
CallowhillSunday652,652,Callowhill,1 of 2,177,Sunday,https://www4.septa.org/picking/pdf/summer-a-2026/callowhill/bus/paddles/sunday-paddles.pdf#page=177,https://www4.septa.org/picking/pdf/summer-a-2026/callowhill/bus/paddles/sunday-paddles#page=177.pdf,https://www4.septa.org/picking/pdf/summer-a-2026/callowhill/bus/trip-sheets/sunday-trip-sheets.pdf
CallowhillSunday653,653,Callowhill,1 of 2,179,Sunday,https://www4.septa.org/picking/pdf/summer-a-2026/callowhill/bus/paddles/sunday-paddles.pdf#page=179,https://www4.septa.org/picking/pdf/summer-a-2026/callowhill/bus/paddles/sunday-paddles#page=179.pdf,https://www4.septa.org/picking/pdf/summer-a-2026/callowhill/bus/trip-sheets/sunday-trip-sheets.pdf
CallowhillSunday654,654,Callowhill,1 of 2,181,Sunday,https://www4.septa.org/picking/pdf/summer-a-2026/callowhill/bus/paddles/sunday-paddles.pdf#page=181,https://www4.septa.org/picking/pdf/summer-a-2026/callowhill/bus/paddles/sunday-paddles#page=181.pdf,https://www4.septa.org/picking/pdf/summer-a-2026/callowhill/bus/trip-sheets/sunday-trip-sheets.pdf
CallowhillSunday701,701,Callowhill,1 of 2,183,Sunday,https://www4.septa.org/picking/pdf/summer-a-2026/callowhill/bus/paddles/sunday-paddles.pdf#page=183,https://www4.septa.org/picking/pdf/summer-a-2026/callowhill/bus/paddles/sunday-paddles#page=183.pdf,https://www4.septa.org/picking/pdf/summer-a-2026/callowhill/bus/trip-sheets/sunday-trip-sheets.pdf
CallowhillSunday702,702,Callowhill,1 of 2,185,Sunday,https://www4.septa.org/picking/pdf/summer-a-2026/callowhill/bus/paddles/sunday-paddles.pdf#page=185,https://www4.septa.org/picking/pdf/summer-a-2026/callowhill/bus/paddles/sunday-paddles#page=185.pdf,https://www4.septa.org/picking/pdf/summer-a-2026/callowhill/bus/trip-sheets/sunday-trip-sheets.pdf
CallowhillSunday703,703,Callowhill,1 of 2,187,Sunday,https://www4.septa.org/picking/pdf/summer-a-2026/callowhill/bus/paddles/sunday-paddles.pdf#page=187,https://www4.septa.org/picking/pdf/summer-a-2026/callowhill/bus/paddles/sunday-paddles#page=187.pdf,https://www4.septa.org/picking/pdf/summer-a-2026/callowhill/bus/trip-sheets/sunday-trip-sheets.pdf
CallowhillSunday704,704,Callowhill,1 of 2,189,Sunday,https://www4.septa.org/picking/pdf/summer-a-2026/callowhill/bus/paddles/sunday-paddles.pdf#page=189,https://www4.septa.org/picking/pdf/summer-a-2026/callowhill/bus/paddles/sunday-paddles#page=189.pdf,https://www4.septa.org/picking/pdf/summer-a-2026/callowhill/bus/trip-sheets/sunday-trip-sheets.pdf
CallowhillSunday705,705,Callowhill,1 of 2,191,Sunday,https://www4.septa.org/picking/pdf/summer-a-2026/callowhill/bus/paddles/sunday-paddles.pdf#page=191,https://www4.septa.org/picking/pdf/summer-a-2026/callowhill/bus/paddles/sunday-paddles#page=191.pdf,https://www4.septa.org/picking/pdf/summer-a-2026/callowhill/bus/trip-sheets/sunday-trip-sheets.pdf
