myid,runno,depot,page_1,page,day,moblink,pclink,Trip Sheet
SouthernWeekday1,1,Southern,1 of 2,1,Weekday,https://www4.septa.org/picking/pdf/summer-a-2026/southern/paddles/weekday-paddles.pdf#page=1,https://www4.septa.org/picking/pdf/summer-a-2026/southern/paddles/weekday-paddles#page=1.pdf,https://www4.septa.org/picking/pdf/summer-a-2026/southern/trip-sheets/weekday-trip-sheets.pdf
SouthernWeekday2,2,Southern,1 of 2,3,Weekday,https://www4.septa.org/picking/pdf/summer-a-2026/southern/paddles/weekday-paddles.pdf#page=3,https://www4.septa.org/picking/pdf/summer-a-2026/southern/paddles/weekday-paddles#page=3.pdf,https://www4.septa.org/picking/pdf/summer-a-2026/southern/trip-sheets/weekday-trip-sheets.pdf
SouthernWeekday3,3,Southern,1 of 2,5,Weekday,https://www4.septa.org/picking/pdf/summer-a-2026/southern/paddles/weekday-paddles.pdf#page=5,https://www4.septa.org/picking/pdf/summer-a-2026/southern/paddles/weekday-paddles#page=5.pdf,https://www4.septa.org/picking/pdf/summer-a-2026/southern/trip-sheets/weekday-trip-sheets.pdf
SouthernWeekday4,4,Southern,1 of 2,7,Weekday,https://www4.septa.org/picking/pdf/summer-a-2026/southern/paddles/weekday-paddles.pdf#page=7,https://www4.septa.org/picking/pdf/summer-a-2026/southern/paddles/weekday-paddles#page=7.pdf,https://www4.septa.org/picking/pdf/summer-a-2026/southern/trip-sheets/weekday-trip-sheets.pdf
SouthernWeekday5,5,Southern,1 of 2,9,Weekday,https://www4.septa.org/picking/pdf/summer-a-2026/southern/paddles/weekday-paddles.pdf#page=9,https://www4.septa.org/picking/pdf/summer-a-2026/southern/paddles/weekday-paddles#page=9.pdf,https://www4.septa.org/picking/pdf/summer-a-2026/southern/trip-sheets/weekday-trip-sheets.pdf
SouthernWeekday6,6,Southern,1 of 2,11,Weekday,https://www4.septa.org/picking/pdf/summer-a-2026/southern/paddles/weekday-paddles.pdf#page=11,https://www4.septa.org/picking/pdf/summer-a-2026/southern/paddles/weekday-paddles#page=11.pdf,https://www4.septa.org/picking/pdf/summer-a-2026/southern/trip-sheets/weekday-trip-sheets.pdf
SouthernWeekday7,7,Southern,1 of 3,13,Weekday,https://www4.septa.org/picking/pdf/summer-a-2026/southern/paddles/weekday-paddles.pdf#page=13,https://www4.septa.org/picking/pdf/summer-a-2026/southern/paddles/weekday-paddles#page=13.pdf,https://www4.septa.org/picking/pdf/summer-a-2026/southern/trip-sheets/weekday-trip-sheets.pdf
SouthernWeekday8,8,Southern,1 of 2,16,Weekday,https://www4.septa.org/picking/pdf/summer-a-2026/southern/paddles/weekday-paddles.pdf#page=16,https://www4.septa.org/picking/pdf/summer-a-2026/southern/paddles/weekday-paddles#page=16.pdf,https://www4.septa.org/picking/pdf/summer-a-2026/southern/trip-sheets/weekday-trip-sheets.pdf
SouthernWeekday9,9,Southern,1 of 2,18,Weekday,https://www4.septa.org/picking/pdf/summer-a-2026/southern/paddles/weekday-paddles.pdf#page=18,https://www4.septa.org/picking/pdf/summer-a-2026/southern/paddles/weekday-paddles#page=18.pdf,https://www4.septa.org/picking/pdf/summer-a-2026/southern/trip-sheets/weekday-trip-sheets.pdf
SouthernWeekday10,10,Southern,1 of 2,20,Weekday,https://www4.septa.org/picking/pdf/summer-a-2026/southern/paddles/weekday-paddles.pdf#page=20,https://www4.septa.org/picking/pdf/summer-a-2026/southern/paddles/weekday-paddles#page=20.pdf,https://www4.septa.org/picking/pdf/summer-a-2026/southern/trip-sheets/weekday-trip-sheets.pdf
SouthernWeekday11,11,Southern,1 of 2,22,Weekday,https://www4.septa.org/picking/pdf/summer-a-2026/southern/paddles/weekday-paddles.pdf#page=22,https://www4.septa.org/picking/pdf/summer-a-2026/southern/paddles/weekday-paddles#page=22.pdf,https://www4.septa.org/picking/pdf/summer-a-2026/southern/trip-sheets/weekday-trip-sheets.pdf
SouthernWeekday12,12,Southern,1 of 3,24,Weekday,https://www4.septa.org/picking/pdf/summer-a-2026/southern/paddles/weekday-paddles.pdf#page=24,https://www4.septa.org/picking/pdf/summer-a-2026/southern/paddles/weekday-paddles#page=24.pdf,https://www4.septa.org/picking/pdf/summer-a-2026/southern/trip-sheets/weekday-trip-sheets.pdf
SouthernWeekday13,13,Southern,1 of 2,27,Weekday,https://www4.septa.org/picking/pdf/summer-a-2026/southern/paddles/weekday-paddles.pdf#page=27,https://www4.septa.org/picking/pdf/summer-a-2026/southern/paddles/weekday-paddles#page=27.pdf,https://www4.septa.org/picking/pdf/summer-a-2026/southern/trip-sheets/weekday-trip-sheets.pdf
SouthernWeekday14,14,Southern,1 of 2,29,Weekday,https://www4.septa.org/picking/pdf/summer-a-2026/southern/paddles/weekday-paddles.pdf#page=29,https://www4.septa.org/picking/pdf/summer-a-2026/southern/paddles/weekday-paddles#page=29.pdf,https://www4.septa.org/picking/pdf/summer-a-2026/southern/trip-sheets/weekday-trip-sheets.pdf
SouthernWeekday51,51,Southern,1 of 3,31,Weekday,https://www4.septa.org/picking/pdf/summer-a-2026/southern/paddles/weekday-paddles.pdf#page=31,https://www4.septa.org/picking/pdf/summer-a-2026/southern/paddles/weekday-paddles#page=31.pdf,https://www4.septa.org/picking/pdf/summer-a-2026/southern/trip-sheets/weekday-trip-sheets.pdf
SouthernWeekday101,101,Southern,1 of 2,34,Weekday,https://www4.septa.org/picking/pdf/summer-a-2026/southern/paddles/weekday-paddles.pdf#page=34,https://www4.septa.org/picking/pdf/summer-a-2026/southern/paddles/weekday-paddles#page=34.pdf,https://www4.septa.org/picking/pdf/summer-a-2026/southern/trip-sheets/weekday-trip-sheets.pdf
SouthernWeekday102,102,Southern,1 of 1,36,Weekday,https://www4.septa.org/picking/pdf/summer-a-2026/southern/paddles/weekday-paddles.pdf#page=36,https://www4.septa.org/picking/pdf/summer-a-2026/southern/paddles/weekday-paddles#page=36.pdf,https://www4.septa.org/picking/pdf/summer-a-2026/southern/trip-sheets/weekday-trip-sheets.pdf
SouthernWeekday103,103,Southern,1 of 3,37,Weekday,https://www4.septa.org/picking/pdf/summer-a-2026/southern/paddles/weekday-paddles.pdf#page=37,https://www4.septa.org/picking/pdf/summer-a-2026/southern/paddles/weekday-paddles#page=37.pdf,https://www4.septa.org/picking/pdf/summer-a-2026/southern/trip-sheets/weekday-trip-sheets.pdf
SouthernWeekday104,104,Southern,1 of 2,40,Weekday,https://www4.septa.org/picking/pdf/summer-a-2026/southern/paddles/weekday-paddles.pdf#page=40,https://www4.septa.org/picking/pdf/summer-a-2026/southern/paddles/weekday-paddles#page=40.pdf,https://www4.septa.org/picking/pdf/summer-a-2026/southern/trip-sheets/weekday-trip-sheets.pdf
SouthernWeekday105,105,Southern,1 of 2,42,Weekday,https://www4.septa.org/picking/pdf/summer-a-2026/southern/paddles/weekday-paddles.pdf#page=42,https://www4.septa.org/picking/pdf/summer-a-2026/southern/paddles/weekday-paddles#page=42.pdf,https://www4.septa.org/picking/pdf/summer-a-2026/southern/trip-sheets/weekday-trip-sheets.pdf
SouthernWeekday106,106,Southern,1 of 3,44,Weekday,https://www4.septa.org/picking/pdf/summer-a-2026/southern/paddles/weekday-paddles.pdf#page=44,https://www4.septa.org/picking/pdf/summer-a-2026/southern/paddles/weekday-paddles#page=44.pdf,https://www4.septa.org/picking/pdf/summer-a-2026/southern/trip-sheets/weekday-trip-sheets.pdf
SouthernWeekday107,107,Southern,1 of 2,47,Weekday,https://www4.septa.org/picking/pdf/summer-a-2026/southern/paddles/weekday-paddles.pdf#page=47,https://www4.septa.org/picking/pdf/summer-a-2026/southern/paddles/weekday-paddles#page=47.pdf,https://www4.septa.org/picking/pdf/summer-a-2026/southern/trip-sheets/weekday-trip-sheets.pdf
SouthernWeekday108,108,Southern,1 of 1,49,Weekday,https://www4.septa.org/picking/pdf/summer-a-2026/southern/paddles/weekday-paddles.pdf#page=49,https://www4.septa.org/picking/pdf/summer-a-2026/southern/paddles/weekday-paddles#page=49.pdf,https://www4.septa.org/picking/pdf/summer-a-2026/southern/trip-sheets/weekday-trip-sheets.pdf
SouthernWeekday109,109,Southern,1 of 2,50,Weekday,https://www4.septa.org/picking/pdf/summer-a-2026/southern/paddles/weekday-paddles.pdf#page=50,https://www4.septa.org/picking/pdf/summer-a-2026/southern/paddles/weekday-paddles#page=50.pdf,https://www4.septa.org/picking/pdf/summer-a-2026/southern/trip-sheets/weekday-trip-sheets.pdf
SouthernWeekday201,201,Southern,1 of 2,52,Weekday,https://www4.septa.org/picking/pdf/summer-a-2026/southern/paddles/weekday-paddles.pdf#page=52,https://www4.septa.org/picking/pdf/summer-a-2026/southern/paddles/weekday-paddles#page=52.pdf,https://www4.septa.org/picking/pdf/summer-a-2026/southern/trip-sheets/weekday-trip-sheets.pdf
SouthernWeekday202,202,Southern,1 of 2,54,Weekday,https://www4.septa.org/picking/pdf/summer-a-2026/southern/paddles/weekday-paddles.pdf#page=54,https://www4.septa.org/picking/pdf/summer-a-2026/southern/paddles/weekday-paddles#page=54.pdf,https://www4.septa.org/picking/pdf/summer-a-2026/southern/trip-sheets/weekday-trip-sheets.pdf
SouthernWeekday203,203,Southern,1 of 2,56,Weekday,https://www4.septa.org/picking/pdf/summer-a-2026/southern/paddles/weekday-paddles.pdf#page=56,https://www4.septa.org/picking/pdf/summer-a-2026/southern/paddles/weekday-paddles#page=56.pdf,https://www4.septa.org/picking/pdf/summer-a-2026/southern/trip-sheets/weekday-trip-sheets.pdf
SouthernWeekday204,204,Southern,1 of 3,58,Weekday,https://www4.septa.org/picking/pdf/summer-a-2026/southern/paddles/weekday-paddles.pdf#page=58,https://www4.septa.org/picking/pdf/summer-a-2026/southern/paddles/weekday-paddles#page=58.pdf,https://www4.septa.org/picking/pdf/summer-a-2026/southern/trip-sheets/weekday-trip-sheets.pdf
SouthernWeekday205,205,Southern,1 of 2,61,Weekday,https://www4.septa.org/picking/pdf/summer-a-2026/southern/paddles/weekday-paddles.pdf#page=61,https://www4.septa.org/picking/pdf/summer-a-2026/southern/paddles/weekday-paddles#page=61.pdf,https://www4.septa.org/picking/pdf/summer-a-2026/southern/trip-sheets/weekday-trip-sheets.pdf
SouthernWeekday206,206,Southern,1 of 2,63,Weekday,https://www4.septa.org/picking/pdf/summer-a-2026/southern/paddles/weekday-paddles.pdf#page=63,https://www4.septa.org/picking/pdf/summer-a-2026/southern/paddles/weekday-paddles#page=63.pdf,https://www4.septa.org/picking/pdf/summer-a-2026/southern/trip-sheets/weekday-trip-sheets.pdf
SouthernWeekday207,207,Southern,1 of 2,65,Weekday,https://www4.septa.org/picking/pdf/summer-a-2026/southern/paddles/weekday-paddles.pdf#page=65,https://www4.septa.org/picking/pdf/summer-a-2026/southern/paddles/weekday-paddles#page=65.pdf,https://www4.septa.org/picking/pdf/summer-a-2026/southern/trip-sheets/weekday-trip-sheets.pdf
SouthernWeekday208,208,Southern,1 of 2,67,Weekday,https://www4.septa.org/picking/pdf/summer-a-2026/southern/paddles/weekday-paddles.pdf#page=67,https://www4.septa.org/picking/pdf/summer-a-2026/southern/paddles/weekday-paddles#page=67.pdf,https://www4.septa.org/picking/pdf/summer-a-2026/southern/trip-sheets/weekday-trip-sheets.pdf
SouthernWeekday209,209,Southern,1 of 2,69,Weekday,https://www4.septa.org/picking/pdf/summer-a-2026/southern/paddles/weekday-paddles.pdf#page=69,https://www4.septa.org/picking/pdf/summer-a-2026/southern/paddles/weekday-paddles#page=69.pdf,https://www4.septa.org/picking/pdf/summer-a-2026/southern/trip-sheets/weekday-trip-sheets.pdf
SouthernWeekday210,210,Southern,1 of 4,71,Weekday,https://www4.septa.org/picking/pdf/summer-a-2026/southern/paddles/weekday-paddles.pdf#page=71,https://www4.septa.org/picking/pdf/summer-a-2026/southern/paddles/weekday-paddles#page=71.pdf,https://www4.septa.org/picking/pdf/summer-a-2026/southern/trip-sheets/weekday-trip-sheets.pdf
SouthernWeekday211,211,Southern,1 of 2,75,Weekday,https://www4.septa.org/picking/pdf/summer-a-2026/southern/paddles/weekday-paddles.pdf#page=75,https://www4.septa.org/picking/pdf/summer-a-2026/southern/paddles/weekday-paddles#page=75.pdf,https://www4.septa.org/picking/pdf/summer-a-2026/southern/trip-sheets/weekday-trip-sheets.pdf
SouthernWeekday212,212,Southern,1 of 2,77,Weekday,https://www4.septa.org/picking/pdf/summer-a-2026/southern/paddles/weekday-paddles.pdf#page=77,https://www4.septa.org/picking/pdf/summer-a-2026/southern/paddles/weekday-paddles#page=77.pdf,https://www4.septa.org/picking/pdf/summer-a-2026/southern/trip-sheets/weekday-trip-sheets.pdf
SouthernWeekday213,213,Southern,1 of 1,79,Weekday,https://www4.septa.org/picking/pdf/summer-a-2026/southern/paddles/weekday-paddles.pdf#page=79,https://www4.septa.org/picking/pdf/summer-a-2026/southern/paddles/weekday-paddles#page=79.pdf,https://www4.septa.org/picking/pdf/summer-a-2026/southern/trip-sheets/weekday-trip-sheets.pdf
SouthernWeekday214,214,Southern,1 of 2,80,Weekday,https://www4.septa.org/picking/pdf/summer-a-2026/southern/paddles/weekday-paddles.pdf#page=80,https://www4.septa.org/picking/pdf/summer-a-2026/southern/paddles/weekday-paddles#page=80.pdf,https://www4.septa.org/picking/pdf/summer-a-2026/southern/trip-sheets/weekday-trip-sheets.pdf
SouthernWeekday215,215,Southern,1 of 2,82,Weekday,https://www4.septa.org/picking/pdf/summer-a-2026/southern/paddles/weekday-paddles.pdf#page=82,https://www4.septa.org/picking/pdf/summer-a-2026/southern/paddles/weekday-paddles#page=82.pdf,https://www4.septa.org/picking/pdf/summer-a-2026/southern/trip-sheets/weekday-trip-sheets.pdf
SouthernWeekday216,216,Southern,1 of 2,84,Weekday,https://www4.septa.org/picking/pdf/summer-a-2026/southern/paddles/weekday-paddles.pdf#page=84,https://www4.septa.org/picking/pdf/summer-a-2026/southern/paddles/weekday-paddles#page=84.pdf,https://www4.septa.org/picking/pdf/summer-a-2026/southern/trip-sheets/weekday-trip-sheets.pdf
SouthernWeekday217,217,Southern,1 of 2,86,Weekday,https://www4.septa.org/picking/pdf/summer-a-2026/southern/paddles/weekday-paddles.pdf#page=86,https://www4.septa.org/picking/pdf/summer-a-2026/southern/paddles/weekday-paddles#page=86.pdf,https://www4.septa.org/picking/pdf/summer-a-2026/southern/trip-sheets/weekday-trip-sheets.pdf
SouthernWeekday218,218,Southern,1 of 2,88,Weekday,https://www4.septa.org/picking/pdf/summer-a-2026/southern/paddles/weekday-paddles.pdf#page=88,https://www4.septa.org/picking/pdf/summer-a-2026/southern/paddles/weekday-paddles#page=88.pdf,https://www4.septa.org/picking/pdf/summer-a-2026/southern/trip-sheets/weekday-trip-sheets.pdf
SouthernWeekday275,275,Southern,1 of 3,90,Weekday,https://www4.septa.org/picking/pdf/summer-a-2026/southern/paddles/weekday-paddles.pdf#page=90,https://www4.septa.org/picking/pdf/summer-a-2026/southern/paddles/weekday-paddles#page=90.pdf,https://www4.septa.org/picking/pdf/summer-a-2026/southern/trip-sheets/weekday-trip-sheets.pdf
SouthernWeekday276,276,Southern,1 of 3,93,Weekday,https://www4.septa.org/picking/pdf/summer-a-2026/southern/paddles/weekday-paddles.pdf#page=93,https://www4.septa.org/picking/pdf/summer-a-2026/southern/paddles/weekday-paddles#page=93.pdf,https://www4.septa.org/picking/pdf/summer-a-2026/southern/trip-sheets/weekday-trip-sheets.pdf
SouthernWeekday277,277,Southern,1 of 3,96,Weekday,https://www4.septa.org/picking/pdf/summer-a-2026/southern/paddles/weekday-paddles.pdf#page=96,https://www4.septa.org/picking/pdf/summer-a-2026/southern/paddles/weekday-paddles#page=96.pdf,https://www4.septa.org/picking/pdf/summer-a-2026/southern/trip-sheets/weekday-trip-sheets.pdf
SouthernWeekday278,278,Southern,1 of 2,99,Weekday,https://www4.septa.org/picking/pdf/summer-a-2026/southern/paddles/weekday-paddles.pdf#page=99,https://www4.septa.org/picking/pdf/summer-a-2026/southern/paddles/weekday-paddles#page=99.pdf,https://www4.septa.org/picking/pdf/summer-a-2026/southern/trip-sheets/weekday-trip-sheets.pdf
SouthernWeekday279,279,Southern,1 of 3,101,Weekday,https://www4.septa.org/picking/pdf/summer-a-2026/southern/paddles/weekday-paddles.pdf#page=101,https://www4.septa.org/picking/pdf/summer-a-2026/southern/paddles/weekday-paddles#page=101.pdf,https://www4.septa.org/picking/pdf/summer-a-2026/southern/trip-sheets/weekday-trip-sheets.pdf
SouthernWeekday280,280,Southern,1 of 3,104,Weekday,https://www4.septa.org/picking/pdf/summer-a-2026/southern/paddles/weekday-paddles.pdf#page=104,https://www4.septa.org/picking/pdf/summer-a-2026/southern/paddles/weekday-paddles#page=104.pdf,https://www4.septa.org/picking/pdf/summer-a-2026/southern/trip-sheets/weekday-trip-sheets.pdf
SouthernWeekday281,281,Southern,1 of 3,107,Weekday,https://www4.septa.org/picking/pdf/summer-a-2026/southern/paddles/weekday-paddles.pdf#page=107,https://www4.septa.org/picking/pdf/summer-a-2026/southern/paddles/weekday-paddles#page=107.pdf,https://www4.septa.org/picking/pdf/summer-a-2026/southern/trip-sheets/weekday-trip-sheets.pdf
SouthernWeekday282,282,Southern,1 of 3,110,Weekday,https://www4.septa.org/picking/pdf/summer-a-2026/southern/paddles/weekday-paddles.pdf#page=110,https://www4.septa.org/picking/pdf/summer-a-2026/southern/paddles/weekday-paddles#page=110.pdf,https://www4.septa.org/picking/pdf/summer-a-2026/southern/trip-sheets/weekday-trip-sheets.pdf
SouthernWeekday283,283,Southern,1 of 3,113,Weekday,https://www4.septa.org/picking/pdf/summer-a-2026/southern/paddles/weekday-paddles.pdf#page=113,https://www4.septa.org/picking/pdf/summer-a-2026/southern/paddles/weekday-paddles#page=113.pdf,https://www4.septa.org/picking/pdf/summer-a-2026/southern/trip-sheets/weekday-trip-sheets.pdf
SouthernWeekday284,284,Southern,1 of 3,116,Weekday,https://www4.septa.org/picking/pdf/summer-a-2026/southern/paddles/weekday-paddles.pdf#page=116,https://www4.septa.org/picking/pdf/summer-a-2026/southern/paddles/weekday-paddles#page=116.pdf,https://www4.septa.org/picking/pdf/summer-a-2026/southern/trip-sheets/weekday-trip-sheets.pdf
SouthernWeekday285,285,Southern,1 of 3,119,Weekday,https://www4.septa.org/picking/pdf/summer-a-2026/southern/paddles/weekday-paddles.pdf#page=119,https://www4.septa.org/picking/pdf/summer-a-2026/southern/paddles/weekday-paddles#page=119.pdf,https://www4.septa.org/picking/pdf/summer-a-2026/southern/trip-sheets/weekday-trip-sheets.pdf
SouthernWeekday286,286,Southern,1 of 3,122,Weekday,https://www4.septa.org/picking/pdf/summer-a-2026/southern/paddles/weekday-paddles.pdf#page=122,https://www4.septa.org/picking/pdf/summer-a-2026/southern/paddles/weekday-paddles#page=122.pdf,https://www4.septa.org/picking/pdf/summer-a-2026/southern/trip-sheets/weekday-trip-sheets.pdf
SouthernWeekday287,287,Southern,1 of 4,125,Weekday,https://www4.septa.org/picking/pdf/summer-a-2026/southern/paddles/weekday-paddles.pdf#page=125,https://www4.septa.org/picking/pdf/summer-a-2026/southern/paddles/weekday-paddles#page=125.pdf,https://www4.septa.org/picking/pdf/summer-a-2026/southern/trip-sheets/weekday-trip-sheets.pdf
SouthernWeekday288,288,Southern,1 of 3,129,Weekday,https://www4.septa.org/picking/pdf/summer-a-2026/southern/paddles/weekday-paddles.pdf#page=129,https://www4.septa.org/picking/pdf/summer-a-2026/southern/paddles/weekday-paddles#page=129.pdf,https://www4.septa.org/picking/pdf/summer-a-2026/southern/trip-sheets/weekday-trip-sheets.pdf
SouthernWeekday289,289,Southern,1 of 3,132,Weekday,https://www4.septa.org/picking/pdf/summer-a-2026/southern/paddles/weekday-paddles.pdf#page=132,https://www4.septa.org/picking/pdf/summer-a-2026/southern/paddles/weekday-paddles#page=132.pdf,https://www4.septa.org/picking/pdf/summer-a-2026/southern/trip-sheets/weekday-trip-sheets.pdf
SouthernWeekday290,290,Southern,1 of 2,135,Weekday,https://www4.septa.org/picking/pdf/summer-a-2026/southern/paddles/weekday-paddles.pdf#page=135,https://www4.septa.org/picking/pdf/summer-a-2026/southern/paddles/weekday-paddles#page=135.pdf,https://www4.septa.org/picking/pdf/summer-a-2026/southern/trip-sheets/weekday-trip-sheets.pdf
SouthernWeekday291,291,Southern,1 of 2,137,Weekday,https://www4.septa.org/picking/pdf/summer-a-2026/southern/paddles/weekday-paddles.pdf#page=137,https://www4.septa.org/picking/pdf/summer-a-2026/southern/paddles/weekday-paddles#page=137.pdf,https://www4.septa.org/picking/pdf/summer-a-2026/southern/trip-sheets/weekday-trip-sheets.pdf
SouthernWeekday292,292,Southern,1 of 3,139,Weekday,https://www4.septa.org/picking/pdf/summer-a-2026/southern/paddles/weekday-paddles.pdf#page=139,https://www4.septa.org/picking/pdf/summer-a-2026/southern/paddles/weekday-paddles#page=139.pdf,https://www4.septa.org/picking/pdf/summer-a-2026/southern/trip-sheets/weekday-trip-sheets.pdf
SouthernWeekday301,301,Southern,1 of 2,142,Weekday,https://www4.septa.org/picking/pdf/summer-a-2026/southern/paddles/weekday-paddles.pdf#page=142,https://www4.septa.org/picking/pdf/summer-a-2026/southern/paddles/weekday-paddles#page=142.pdf,https://www4.septa.org/picking/pdf/summer-a-2026/southern/trip-sheets/weekday-trip-sheets.pdf
SouthernWeekday302,302,Southern,1 of 2,144,Weekday,https://www4.septa.org/picking/pdf/summer-a-2026/southern/paddles/weekday-paddles.pdf#page=144,https://www4.septa.org/picking/pdf/summer-a-2026/southern/paddles/weekday-paddles#page=144.pdf,https://www4.septa.org/picking/pdf/summer-a-2026/southern/trip-sheets/weekday-trip-sheets.pdf
SouthernWeekday303,303,Southern,1 of 2,146,Weekday,https://www4.septa.org/picking/pdf/summer-a-2026/southern/paddles/weekday-paddles.pdf#page=146,https://www4.septa.org/picking/pdf/summer-a-2026/southern/paddles/weekday-paddles#page=146.pdf,https://www4.septa.org/picking/pdf/summer-a-2026/southern/trip-sheets/weekday-trip-sheets.pdf
SouthernWeekday304,304,Southern,1 of 2,148,Weekday,https://www4.septa.org/picking/pdf/summer-a-2026/southern/paddles/weekday-paddles.pdf#page=148,https://www4.septa.org/picking/pdf/summer-a-2026/southern/paddles/weekday-paddles#page=148.pdf,https://www4.septa.org/picking/pdf/summer-a-2026/southern/trip-sheets/weekday-trip-sheets.pdf
SouthernWeekday305,305,Southern,1 of 2,150,Weekday,https://www4.septa.org/picking/pdf/summer-a-2026/southern/paddles/weekday-paddles.pdf#page=150,https://www4.septa.org/picking/pdf/summer-a-2026/southern/paddles/weekday-paddles#page=150.pdf,https://www4.septa.org/picking/pdf/summer-a-2026/southern/trip-sheets/weekday-trip-sheets.pdf
SouthernWeekday306,306,Southern,1 of 2,152,Weekday,https://www4.septa.org/picking/pdf/summer-a-2026/southern/paddles/weekday-paddles.pdf#page=152,https://www4.septa.org/picking/pdf/summer-a-2026/southern/paddles/weekday-paddles#page=152.pdf,https://www4.septa.org/picking/pdf/summer-a-2026/southern/trip-sheets/weekday-trip-sheets.pdf
SouthernWeekday307,307,Southern,1 of 2,154,Weekday,https://www4.septa.org/picking/pdf/summer-a-2026/southern/paddles/weekday-paddles.pdf#page=154,https://www4.septa.org/picking/pdf/summer-a-2026/southern/paddles/weekday-paddles#page=154.pdf,https://www4.septa.org/picking/pdf/summer-a-2026/southern/trip-sheets/weekday-trip-sheets.pdf
SouthernWeekday308,308,Southern,1 of 2,156,Weekday,https://www4.septa.org/picking/pdf/summer-a-2026/southern/paddles/weekday-paddles.pdf#page=156,https://www4.septa.org/picking/pdf/summer-a-2026/southern/paddles/weekday-paddles#page=156.pdf,https://www4.septa.org/picking/pdf/summer-a-2026/southern/trip-sheets/weekday-trip-sheets.pdf
SouthernWeekday309,309,Southern,1 of 2,158,Weekday,https://www4.septa.org/picking/pdf/summer-a-2026/southern/paddles/weekday-paddles.pdf#page=158,https://www4.septa.org/picking/pdf/summer-a-2026/southern/paddles/weekday-paddles#page=158.pdf,https://www4.septa.org/picking/pdf/summer-a-2026/southern/trip-sheets/weekday-trip-sheets.pdf
SouthernWeekday351,351,Southern,1 of 2,160,Weekday,https://www4.septa.org/picking/pdf/summer-a-2026/southern/paddles/weekday-paddles.pdf#page=160,https://www4.septa.org/picking/pdf/summer-a-2026/southern/paddles/weekday-paddles#page=160.pdf,https://www4.septa.org/picking/pdf/summer-a-2026/southern/trip-sheets/weekday-trip-sheets.pdf
SouthernWeekday352,352,Southern,1 of 2,162,Weekday,https://www4.septa.org/picking/pdf/summer-a-2026/southern/paddles/weekday-paddles.pdf#page=162,https://www4.septa.org/picking/pdf/summer-a-2026/southern/paddles/weekday-paddles#page=162.pdf,https://www4.septa.org/picking/pdf/summer-a-2026/southern/trip-sheets/weekday-trip-sheets.pdf
SouthernWeekday353,353,Southern,1 of 2,164,Weekday,https://www4.septa.org/picking/pdf/summer-a-2026/southern/paddles/weekday-paddles.pdf#page=164,https://www4.septa.org/picking/pdf/summer-a-2026/southern/paddles/weekday-paddles#page=164.pdf,https://www4.septa.org/picking/pdf/summer-a-2026/southern/trip-sheets/weekday-trip-sheets.pdf
SouthernWeekday354,354,Southern,1 of 2,166,Weekday,https://www4.septa.org/picking/pdf/summer-a-2026/southern/paddles/weekday-paddles.pdf#page=166,https://www4.septa.org/picking/pdf/summer-a-2026/southern/paddles/weekday-paddles#page=166.pdf,https://www4.septa.org/picking/pdf/summer-a-2026/southern/trip-sheets/weekday-trip-sheets.pdf
SouthernWeekday355,355,Southern,1 of 2,168,Weekday,https://www4.septa.org/picking/pdf/summer-a-2026/southern/paddles/weekday-paddles.pdf#page=168,https://www4.septa.org/picking/pdf/summer-a-2026/southern/paddles/weekday-paddles#page=168.pdf,https://www4.septa.org/picking/pdf/summer-a-2026/southern/trip-sheets/weekday-trip-sheets.pdf
SouthernWeekday356,356,Southern,1 of 2,170,Weekday,https://www4.septa.org/picking/pdf/summer-a-2026/southern/paddles/weekday-paddles.pdf#page=170,https://www4.septa.org/picking/pdf/summer-a-2026/southern/paddles/weekday-paddles#page=170.pdf,https://www4.septa.org/picking/pdf/summer-a-2026/southern/trip-sheets/weekday-trip-sheets.pdf
SouthernWeekday451,451,Southern,1 of 2,172,Weekday,https://www4.septa.org/picking/pdf/summer-a-2026/southern/paddles/weekday-paddles.pdf#page=172,https://www4.septa.org/picking/pdf/summer-a-2026/southern/paddles/weekday-paddles#page=172.pdf,https://www4.septa.org/picking/pdf/summer-a-2026/southern/trip-sheets/weekday-trip-sheets.pdf
SouthernWeekday452,452,Southern,1 of 2,174,Weekday,https://www4.septa.org/picking/pdf/summer-a-2026/southern/paddles/weekday-paddles.pdf#page=174,https://www4.septa.org/picking/pdf/summer-a-2026/southern/paddles/weekday-paddles#page=174.pdf,https://www4.septa.org/picking/pdf/summer-a-2026/southern/trip-sheets/weekday-trip-sheets.pdf
SouthernWeekday453,453,Southern,1 of 3,176,Weekday,https://www4.septa.org/picking/pdf/summer-a-2026/southern/paddles/weekday-paddles.pdf#page=176,https://www4.septa.org/picking/pdf/summer-a-2026/southern/paddles/weekday-paddles#page=176.pdf,https://www4.septa.org/picking/pdf/summer-a-2026/southern/trip-sheets/weekday-trip-sheets.pdf
SouthernWeekday454,454,Southern,1 of 2,179,Weekday,https://www4.septa.org/picking/pdf/summer-a-2026/southern/paddles/weekday-paddles.pdf#page=179,https://www4.septa.org/picking/pdf/summer-a-2026/southern/paddles/weekday-paddles#page=179.pdf,https://www4.septa.org/picking/pdf/summer-a-2026/southern/trip-sheets/weekday-trip-sheets.pdf
SouthernWeekday455,455,Southern,1 of 2,181,Weekday,https://www4.septa.org/picking/pdf/summer-a-2026/southern/paddles/weekday-paddles.pdf#page=181,https://www4.septa.org/picking/pdf/summer-a-2026/southern/paddles/weekday-paddles#page=181.pdf,https://www4.septa.org/picking/pdf/summer-a-2026/southern/trip-sheets/weekday-trip-sheets.pdf
SouthernWeekday456,456,Southern,1 of 3,183,Weekday,https://www4.septa.org/picking/pdf/summer-a-2026/southern/paddles/weekday-paddles.pdf#page=183,https://www4.septa.org/picking/pdf/summer-a-2026/southern/paddles/weekday-paddles#page=183.pdf,https://www4.septa.org/picking/pdf/summer-a-2026/southern/trip-sheets/weekday-trip-sheets.pdf
SouthernWeekday457,457,Southern,1 of 2,186,Weekday,https://www4.septa.org/picking/pdf/summer-a-2026/southern/paddles/weekday-paddles.pdf#page=186,https://www4.septa.org/picking/pdf/summer-a-2026/southern/paddles/weekday-paddles#page=186.pdf,https://www4.septa.org/picking/pdf/summer-a-2026/southern/trip-sheets/weekday-trip-sheets.pdf
SouthernWeekday458,458,Southern,1 of 2,188,Weekday,https://www4.septa.org/picking/pdf/summer-a-2026/southern/paddles/weekday-paddles.pdf#page=188,https://www4.septa.org/picking/pdf/summer-a-2026/southern/paddles/weekday-paddles#page=188.pdf,https://www4.septa.org/picking/pdf/summer-a-2026/southern/trip-sheets/weekday-trip-sheets.pdf
SouthernWeekday501,501,Southern,1 of 5,190,Weekday,https://www4.septa.org/picking/pdf/summer-a-2026/southern/paddles/weekday-paddles.pdf#page=190,https://www4.septa.org/picking/pdf/summer-a-2026/southern/paddles/weekday-paddles#page=190.pdf,https://www4.septa.org/picking/pdf/summer-a-2026/southern/trip-sheets/weekday-trip-sheets.pdf
SouthernWeekday502,502,Southern,1 of 4,195,Weekday,https://www4.septa.org/picking/pdf/summer-a-2026/southern/paddles/weekday-paddles.pdf#page=195,https://www4.septa.org/picking/pdf/summer-a-2026/southern/paddles/weekday-paddles#page=195.pdf,https://www4.septa.org/picking/pdf/summer-a-2026/southern/trip-sheets/weekday-trip-sheets.pdf
SouthernWeekday503,503,Southern,1 of 2,199,Weekday,https://www4.septa.org/picking/pdf/summer-a-2026/southern/paddles/weekday-paddles.pdf#page=199,https://www4.septa.org/picking/pdf/summer-a-2026/southern/paddles/weekday-paddles#page=199.pdf,https://www4.septa.org/picking/pdf/summer-a-2026/southern/trip-sheets/weekday-trip-sheets.pdf
SouthernWeekday504,504,Southern,1 of 2,201,Weekday,https://www4.septa.org/picking/pdf/summer-a-2026/southern/paddles/weekday-paddles.pdf#page=201,https://www4.septa.org/picking/pdf/summer-a-2026/southern/paddles/weekday-paddles#page=201.pdf,https://www4.septa.org/picking/pdf/summer-a-2026/southern/trip-sheets/weekday-trip-sheets.pdf
SouthernWeekday505,505,Southern,1 of 3,203,Weekday,https://www4.septa.org/picking/pdf/summer-a-2026/southern/paddles/weekday-paddles.pdf#page=203,https://www4.septa.org/picking/pdf/summer-a-2026/southern/paddles/weekday-paddles#page=203.pdf,https://www4.septa.org/picking/pdf/summer-a-2026/southern/trip-sheets/weekday-trip-sheets.pdf
SouthernWeekday506,506,Southern,1 of 3,206,Weekday,https://www4.septa.org/picking/pdf/summer-a-2026/southern/paddles/weekday-paddles.pdf#page=206,https://www4.septa.org/picking/pdf/summer-a-2026/southern/paddles/weekday-paddles#page=206.pdf,https://www4.septa.org/picking/pdf/summer-a-2026/southern/trip-sheets/weekday-trip-sheets.pdf
SouthernWeekday507,507,Southern,1 of 2,209,Weekday,https://www4.septa.org/picking/pdf/summer-a-2026/southern/paddles/weekday-paddles.pdf#page=209,https://www4.septa.org/picking/pdf/summer-a-2026/southern/paddles/weekday-paddles#page=209.pdf,https://www4.septa.org/picking/pdf/summer-a-2026/southern/trip-sheets/weekday-trip-sheets.pdf
SouthernWeekday508,508,Southern,1 of 3,211,Weekday,https://www4.septa.org/picking/pdf/summer-a-2026/southern/paddles/weekday-paddles.pdf#page=211,https://www4.septa.org/picking/pdf/summer-a-2026/southern/paddles/weekday-paddles#page=211.pdf,https://www4.septa.org/picking/pdf/summer-a-2026/southern/trip-sheets/weekday-trip-sheets.pdf
SouthernWeekday509,509,Southern,1 of 2,214,Weekday,https://www4.septa.org/picking/pdf/summer-a-2026/southern/paddles/weekday-paddles.pdf#page=214,https://www4.septa.org/picking/pdf/summer-a-2026/southern/paddles/weekday-paddles#page=214.pdf,https://www4.septa.org/picking/pdf/summer-a-2026/southern/trip-sheets/weekday-trip-sheets.pdf
SouthernWeekday510,510,Southern,1 of 2,216,Weekday,https://www4.septa.org/picking/pdf/summer-a-2026/southern/paddles/weekday-paddles.pdf#page=216,https://www4.septa.org/picking/pdf/summer-a-2026/southern/paddles/weekday-paddles#page=216.pdf,https://www4.septa.org/picking/pdf/summer-a-2026/southern/trip-sheets/weekday-trip-sheets.pdf
SouthernWeekday511,511,Southern,1 of 2,218,Weekday,https://www4.septa.org/picking/pdf/summer-a-2026/southern/paddles/weekday-paddles.pdf#page=218,https://www4.septa.org/picking/pdf/summer-a-2026/southern/paddles/weekday-paddles#page=218.pdf,https://www4.septa.org/picking/pdf/summer-a-2026/southern/trip-sheets/weekday-trip-sheets.pdf
SouthernWeekday601,601,Southern,1 of 3,220,Weekday,https://www4.septa.org/picking/pdf/summer-a-2026/southern/paddles/weekday-paddles.pdf#page=220,https://www4.septa.org/picking/pdf/summer-a-2026/southern/paddles/weekday-paddles#page=220.pdf,https://www4.septa.org/picking/pdf/summer-a-2026/southern/trip-sheets/weekday-trip-sheets.pdf
SouthernWeekday602,602,Southern,1 of 3,223,Weekday,https://www4.septa.org/picking/pdf/summer-a-2026/southern/paddles/weekday-paddles.pdf#page=223,https://www4.septa.org/picking/pdf/summer-a-2026/southern/paddles/weekday-paddles#page=223.pdf,https://www4.septa.org/picking/pdf/summer-a-2026/southern/trip-sheets/weekday-trip-sheets.pdf
SouthernWeekday603,603,Southern,1 of 3,226,Weekday,https://www4.septa.org/picking/pdf/summer-a-2026/southern/paddles/weekday-paddles.pdf#page=226,https://www4.septa.org/picking/pdf/summer-a-2026/southern/paddles/weekday-paddles#page=226.pdf,https://www4.septa.org/picking/pdf/summer-a-2026/southern/trip-sheets/weekday-trip-sheets.pdf
SouthernWeekday604,604,Southern,1 of 3,229,Weekday,https://www4.septa.org/picking/pdf/summer-a-2026/southern/paddles/weekday-paddles.pdf#page=229,https://www4.septa.org/picking/pdf/summer-a-2026/southern/paddles/weekday-paddles#page=229.pdf,https://www4.septa.org/picking/pdf/summer-a-2026/southern/trip-sheets/weekday-trip-sheets.pdf
SouthernWeekday605,605,Southern,1 of 2,232,Weekday,https://www4.septa.org/picking/pdf/summer-a-2026/southern/paddles/weekday-paddles.pdf#page=232,https://www4.septa.org/picking/pdf/summer-a-2026/southern/paddles/weekday-paddles#page=232.pdf,https://www4.septa.org/picking/pdf/summer-a-2026/southern/trip-sheets/weekday-trip-sheets.pdf
SouthernWeekday606,606,Southern,1 of 2,234,Weekday,https://www4.septa.org/picking/pdf/summer-a-2026/southern/paddles/weekday-paddles.pdf#page=234,https://www4.septa.org/picking/pdf/summer-a-2026/southern/paddles/weekday-paddles#page=234.pdf,https://www4.septa.org/picking/pdf/summer-a-2026/southern/trip-sheets/weekday-trip-sheets.pdf
SouthernWeekday607,607,Southern,1 of 3,236,Weekday,https://www4.septa.org/picking/pdf/summer-a-2026/southern/paddles/weekday-paddles.pdf#page=236,https://www4.septa.org/picking/pdf/summer-a-2026/southern/paddles/weekday-paddles#page=236.pdf,https://www4.septa.org/picking/pdf/summer-a-2026/southern/trip-sheets/weekday-trip-sheets.pdf
SouthernWeekday608,608,Southern,1 of 3,239,Weekday,https://www4.septa.org/picking/pdf/summer-a-2026/southern/paddles/weekday-paddles.pdf#page=239,https://www4.septa.org/picking/pdf/summer-a-2026/southern/paddles/weekday-paddles#page=239.pdf,https://www4.septa.org/picking/pdf/summer-a-2026/southern/trip-sheets/weekday-trip-sheets.pdf
SouthernWeekday609,609,Southern,1 of 3,242,Weekday,https://www4.septa.org/picking/pdf/summer-a-2026/southern/paddles/weekday-paddles.pdf#page=242,https://www4.septa.org/picking/pdf/summer-a-2026/southern/paddles/weekday-paddles#page=242.pdf,https://www4.septa.org/picking/pdf/summer-a-2026/southern/trip-sheets/weekday-trip-sheets.pdf
SouthernWeekday610,610,Southern,1 of 3,245,Weekday,https://www4.septa.org/picking/pdf/summer-a-2026/southern/paddles/weekday-paddles.pdf#page=245,https://www4.septa.org/picking/pdf/summer-a-2026/southern/paddles/weekday-paddles#page=245.pdf,https://www4.septa.org/picking/pdf/summer-a-2026/southern/trip-sheets/weekday-trip-sheets.pdf
SouthernWeekday611,611,Southern,1 of 2,248,Weekday,https://www4.septa.org/picking/pdf/summer-a-2026/southern/paddles/weekday-paddles.pdf#page=248,https://www4.septa.org/picking/pdf/summer-a-2026/southern/paddles/weekday-paddles#page=248.pdf,https://www4.septa.org/picking/pdf/summer-a-2026/southern/trip-sheets/weekday-trip-sheets.pdf
SouthernWeekday612,612,Southern,1 of 3,250,Weekday,https://www4.septa.org/picking/pdf/summer-a-2026/southern/paddles/weekday-paddles.pdf#page=250,https://www4.septa.org/picking/pdf/summer-a-2026/southern/paddles/weekday-paddles#page=250.pdf,https://www4.septa.org/picking/pdf/summer-a-2026/southern/trip-sheets/weekday-trip-sheets.pdf
SouthernWeekday613,613,Southern,1 of 3,253,Weekday,https://www4.septa.org/picking/pdf/summer-a-2026/southern/paddles/weekday-paddles.pdf#page=253,https://www4.septa.org/picking/pdf/summer-a-2026/southern/paddles/weekday-paddles#page=253.pdf,https://www4.septa.org/picking/pdf/summer-a-2026/southern/trip-sheets/weekday-trip-sheets.pdf
SouthernWeekday614,614,Southern,1 of 2,256,Weekday,https://www4.septa.org/picking/pdf/summer-a-2026/southern/paddles/weekday-paddles.pdf#page=256,https://www4.septa.org/picking/pdf/summer-a-2026/southern/paddles/weekday-paddles#page=256.pdf,https://www4.septa.org/picking/pdf/summer-a-2026/southern/trip-sheets/weekday-trip-sheets.pdf
SouthernWeekday615,615,Southern,1 of 3,258,Weekday,https://www4.septa.org/picking/pdf/summer-a-2026/southern/paddles/weekday-paddles.pdf#page=258,https://www4.septa.org/picking/pdf/summer-a-2026/southern/paddles/weekday-paddles#page=258.pdf,https://www4.septa.org/picking/pdf/summer-a-2026/southern/trip-sheets/weekday-trip-sheets.pdf
SouthernWeekday616,616,Southern,1 of 3,261,Weekday,https://www4.septa.org/picking/pdf/summer-a-2026/southern/paddles/weekday-paddles.pdf#page=261,https://www4.septa.org/picking/pdf/summer-a-2026/southern/paddles/weekday-paddles#page=261.pdf,https://www4.septa.org/picking/pdf/summer-a-2026/southern/trip-sheets/weekday-trip-sheets.pdf
SouthernWeekday617,617,Southern,1 of 2,264,Weekday,https://www4.septa.org/picking/pdf/summer-a-2026/southern/paddles/weekday-paddles.pdf#page=264,https://www4.septa.org/picking/pdf/summer-a-2026/southern/paddles/weekday-paddles#page=264.pdf,https://www4.septa.org/picking/pdf/summer-a-2026/southern/trip-sheets/weekday-trip-sheets.pdf
SouthernWeekday618,618,Southern,1 of 2,266,Weekday,https://www4.septa.org/picking/pdf/summer-a-2026/southern/paddles/weekday-paddles.pdf#page=266,https://www4.septa.org/picking/pdf/summer-a-2026/southern/paddles/weekday-paddles#page=266.pdf,https://www4.septa.org/picking/pdf/summer-a-2026/southern/trip-sheets/weekday-trip-sheets.pdf
SouthernWeekday619,619,Southern,1 of 3,268,Weekday,https://www4.septa.org/picking/pdf/summer-a-2026/southern/paddles/weekday-paddles.pdf#page=268,https://www4.septa.org/picking/pdf/summer-a-2026/southern/paddles/weekday-paddles#page=268.pdf,https://www4.septa.org/picking/pdf/summer-a-2026/southern/trip-sheets/weekday-trip-sheets.pdf
SouthernWeekday620,620,Southern,1 of 3,271,Weekday,https://www4.septa.org/picking/pdf/summer-a-2026/southern/paddles/weekday-paddles.pdf#page=271,https://www4.septa.org/picking/pdf/summer-a-2026/southern/paddles/weekday-paddles#page=271.pdf,https://www4.septa.org/picking/pdf/summer-a-2026/southern/trip-sheets/weekday-trip-sheets.pdf
SouthernWeekday621,621,Southern,1 of 2,274,Weekday,https://www4.septa.org/picking/pdf/summer-a-2026/southern/paddles/weekday-paddles.pdf#page=274,https://www4.septa.org/picking/pdf/summer-a-2026/southern/paddles/weekday-paddles#page=274.pdf,https://www4.septa.org/picking/pdf/summer-a-2026/southern/trip-sheets/weekday-trip-sheets.pdf
SouthernWeekday622,622,Southern,1 of 2,276,Weekday,https://www4.septa.org/picking/pdf/summer-a-2026/southern/paddles/weekday-paddles.pdf#page=276,https://www4.septa.org/picking/pdf/summer-a-2026/southern/paddles/weekday-paddles#page=276.pdf,https://www4.septa.org/picking/pdf/summer-a-2026/southern/trip-sheets/weekday-trip-sheets.pdf
SouthernWeekday623,623,Southern,1 of 3,278,Weekday,https://www4.septa.org/picking/pdf/summer-a-2026/southern/paddles/weekday-paddles.pdf#page=278,https://www4.septa.org/picking/pdf/summer-a-2026/southern/paddles/weekday-paddles#page=278.pdf,https://www4.septa.org/picking/pdf/summer-a-2026/southern/trip-sheets/weekday-trip-sheets.pdf
SouthernWeekday624,624,Southern,1 of 3,281,Weekday,https://www4.septa.org/picking/pdf/summer-a-2026/southern/paddles/weekday-paddles.pdf#page=281,https://www4.septa.org/picking/pdf/summer-a-2026/southern/paddles/weekday-paddles#page=281.pdf,https://www4.septa.org/picking/pdf/summer-a-2026/southern/trip-sheets/weekday-trip-sheets.pdf
SouthernWeekday625,625,Southern,1 of 3,284,Weekday,https://www4.septa.org/picking/pdf/summer-a-2026/southern/paddles/weekday-paddles.pdf#page=284,https://www4.septa.org/picking/pdf/summer-a-2026/southern/paddles/weekday-paddles#page=284.pdf,https://www4.septa.org/picking/pdf/summer-a-2026/southern/trip-sheets/weekday-trip-sheets.pdf
SouthernWeekday626,626,Southern,1 of 3,287,Weekday,https://www4.septa.org/picking/pdf/summer-a-2026/southern/paddles/weekday-paddles.pdf#page=287,https://www4.septa.org/picking/pdf/summer-a-2026/southern/paddles/weekday-paddles#page=287.pdf,https://www4.septa.org/picking/pdf/summer-a-2026/southern/trip-sheets/weekday-trip-sheets.pdf
SouthernWeekday701,701,Southern,1 of 2,290,Weekday,https://www4.septa.org/picking/pdf/summer-a-2026/southern/paddles/weekday-paddles.pdf#page=290,https://www4.septa.org/picking/pdf/summer-a-2026/southern/paddles/weekday-paddles#page=290.pdf,https://www4.septa.org/picking/pdf/summer-a-2026/southern/trip-sheets/weekday-trip-sheets.pdf
SouthernWeekday702,702,Southern,1 of 2,292,Weekday,https://www4.septa.org/picking/pdf/summer-a-2026/southern/paddles/weekday-paddles.pdf#page=292,https://www4.septa.org/picking/pdf/summer-a-2026/southern/paddles/weekday-paddles#page=292.pdf,https://www4.septa.org/picking/pdf/summer-a-2026/southern/trip-sheets/weekday-trip-sheets.pdf
SouthernWeekday703,703,Southern,1 of 2,294,Weekday,https://www4.septa.org/picking/pdf/summer-a-2026/southern/paddles/weekday-paddles.pdf#page=294,https://www4.septa.org/picking/pdf/summer-a-2026/southern/paddles/weekday-paddles#page=294.pdf,https://www4.septa.org/picking/pdf/summer-a-2026/southern/trip-sheets/weekday-trip-sheets.pdf
SouthernWeekday704,704,Southern,1 of 3,296,Weekday,https://www4.septa.org/picking/pdf/summer-a-2026/southern/paddles/weekday-paddles.pdf#page=296,https://www4.septa.org/picking/pdf/summer-a-2026/southern/paddles/weekday-paddles#page=296.pdf,https://www4.septa.org/picking/pdf/summer-a-2026/southern/trip-sheets/weekday-trip-sheets.pdf
SouthernWeekday705,705,Southern,1 of 2,299,Weekday,https://www4.septa.org/picking/pdf/summer-a-2026/southern/paddles/weekday-paddles.pdf#page=299,https://www4.septa.org/picking/pdf/summer-a-2026/southern/paddles/weekday-paddles#page=299.pdf,https://www4.septa.org/picking/pdf/summer-a-2026/southern/trip-sheets/weekday-trip-sheets.pdf
SouthernWeekday706,706,Southern,1 of 3,301,Weekday,https://www4.septa.org/picking/pdf/summer-a-2026/southern/paddles/weekday-paddles.pdf#page=301,https://www4.septa.org/picking/pdf/summer-a-2026/southern/paddles/weekday-paddles#page=301.pdf,https://www4.septa.org/picking/pdf/summer-a-2026/southern/trip-sheets/weekday-trip-sheets.pdf
SouthernWeekday707,707,Southern,1 of 2,304,Weekday,https://www4.septa.org/picking/pdf/summer-a-2026/southern/paddles/weekday-paddles.pdf#page=304,https://www4.septa.org/picking/pdf/summer-a-2026/southern/paddles/weekday-paddles#page=304.pdf,https://www4.septa.org/picking/pdf/summer-a-2026/southern/trip-sheets/weekday-trip-sheets.pdf
SouthernWeekday708,708,Southern,1 of 2,306,Weekday,https://www4.septa.org/picking/pdf/summer-a-2026/southern/paddles/weekday-paddles.pdf#page=306,https://www4.septa.org/picking/pdf/summer-a-2026/southern/paddles/weekday-paddles#page=306.pdf,https://www4.septa.org/picking/pdf/summer-a-2026/southern/trip-sheets/weekday-trip-sheets.pdf
SouthernWeekday709,709,Southern,1 of 4,308,Weekday,https://www4.septa.org/picking/pdf/summer-a-2026/southern/paddles/weekday-paddles.pdf#page=308,https://www4.septa.org/picking/pdf/summer-a-2026/southern/paddles/weekday-paddles#page=308.pdf,https://www4.septa.org/picking/pdf/summer-a-2026/southern/trip-sheets/weekday-trip-sheets.pdf
SouthernWeekday710,710,Southern,1 of 4,312,Weekday,https://www4.septa.org/picking/pdf/summer-a-2026/southern/paddles/weekday-paddles.pdf#page=312,https://www4.septa.org/picking/pdf/summer-a-2026/southern/paddles/weekday-paddles#page=312.pdf,https://www4.septa.org/picking/pdf/summer-a-2026/southern/trip-sheets/weekday-trip-sheets.pdf
SouthernWeekday711,711,Southern,1 of 2,316,Weekday,https://www4.septa.org/picking/pdf/summer-a-2026/southern/paddles/weekday-paddles.pdf#page=316,https://www4.septa.org/picking/pdf/summer-a-2026/southern/paddles/weekday-paddles#page=316.pdf,https://www4.septa.org/picking/pdf/summer-a-2026/southern/trip-sheets/weekday-trip-sheets.pdf
SouthernWeekday712,712,Southern,1 of 2,318,Weekday,https://www4.septa.org/picking/pdf/summer-a-2026/southern/paddles/weekday-paddles.pdf#page=318,https://www4.septa.org/picking/pdf/summer-a-2026/southern/paddles/weekday-paddles#page=318.pdf,https://www4.septa.org/picking/pdf/summer-a-2026/southern/trip-sheets/weekday-trip-sheets.pdf
SouthernWeekday713,713,Southern,1 of 2,320,Weekday,https://www4.septa.org/picking/pdf/summer-a-2026/southern/paddles/weekday-paddles.pdf#page=320,https://www4.septa.org/picking/pdf/summer-a-2026/southern/paddles/weekday-paddles#page=320.pdf,https://www4.septa.org/picking/pdf/summer-a-2026/southern/trip-sheets/weekday-trip-sheets.pdf
SouthernWeekday714,714,Southern,1 of 2,322,Weekday,https://www4.septa.org/picking/pdf/summer-a-2026/southern/paddles/weekday-paddles.pdf#page=322,https://www4.septa.org/picking/pdf/summer-a-2026/southern/paddles/weekday-paddles#page=322.pdf,https://www4.septa.org/picking/pdf/summer-a-2026/southern/trip-sheets/weekday-trip-sheets.pdf
SouthernWeekday715,715,Southern,1 of 3,324,Weekday,https://www4.septa.org/picking/pdf/summer-a-2026/southern/paddles/weekday-paddles.pdf#page=324,https://www4.septa.org/picking/pdf/summer-a-2026/southern/paddles/weekday-paddles#page=324.pdf,https://www4.septa.org/picking/pdf/summer-a-2026/southern/trip-sheets/weekday-trip-sheets.pdf
SouthernWeekday716,716,Southern,1 of 2,327,Weekday,https://www4.septa.org/picking/pdf/summer-a-2026/southern/paddles/weekday-paddles.pdf#page=327,https://www4.septa.org/picking/pdf/summer-a-2026/southern/paddles/weekday-paddles#page=327.pdf,https://www4.septa.org/picking/pdf/summer-a-2026/southern/trip-sheets/weekday-trip-sheets.pdf
SouthernWeekday751,751,Southern,1 of 2,329,Weekday,https://www4.septa.org/picking/pdf/summer-a-2026/southern/paddles/weekday-paddles.pdf#page=329,https://www4.septa.org/picking/pdf/summer-a-2026/southern/paddles/weekday-paddles#page=329.pdf,https://www4.septa.org/picking/pdf/summer-a-2026/southern/trip-sheets/weekday-trip-sheets.pdf
SouthernWeekday752,752,Southern,1 of 2,331,Weekday,https://www4.septa.org/picking/pdf/summer-a-2026/southern/paddles/weekday-paddles.pdf#page=331,https://www4.septa.org/picking/pdf/summer-a-2026/southern/paddles/weekday-paddles#page=331.pdf,https://www4.septa.org/picking/pdf/summer-a-2026/southern/trip-sheets/weekday-trip-sheets.pdf
SouthernWeekday753,753,Southern,1 of 2,333,Weekday,https://www4.septa.org/picking/pdf/summer-a-2026/southern/paddles/weekday-paddles.pdf#page=333,https://www4.septa.org/picking/pdf/summer-a-2026/southern/paddles/weekday-paddles#page=333.pdf,https://www4.septa.org/picking/pdf/summer-a-2026/southern/trip-sheets/weekday-trip-sheets.pdf
SouthernWeekday754,754,Southern,1 of 2,335,Weekday,https://www4.septa.org/picking/pdf/summer-a-2026/southern/paddles/weekday-paddles.pdf#page=335,https://www4.septa.org/picking/pdf/summer-a-2026/southern/paddles/weekday-paddles#page=335.pdf,https://www4.septa.org/picking/pdf/summer-a-2026/southern/trip-sheets/weekday-trip-sheets.pdf
SouthernWeekday755,755,Southern,1 of 2,337,Weekday,https://www4.septa.org/picking/pdf/summer-a-2026/southern/paddles/weekday-paddles.pdf#page=337,https://www4.septa.org/picking/pdf/summer-a-2026/southern/paddles/weekday-paddles#page=337.pdf,https://www4.septa.org/picking/pdf/summer-a-2026/southern/trip-sheets/weekday-trip-sheets.pdf
SouthernWeekday756,756,Southern,1 of 1,339,Weekday,https://www4.septa.org/picking/pdf/summer-a-2026/southern/paddles/weekday-paddles.pdf#page=339,https://www4.septa.org/picking/pdf/summer-a-2026/southern/paddles/weekday-paddles#page=339.pdf,https://www4.septa.org/picking/pdf/summer-a-2026/southern/trip-sheets/weekday-trip-sheets.pdf
SouthernWeekday757,757,Southern,1 of 3,340,Weekday,https://www4.septa.org/picking/pdf/summer-a-2026/southern/paddles/weekday-paddles.pdf#page=340,https://www4.septa.org/picking/pdf/summer-a-2026/southern/paddles/weekday-paddles#page=340.pdf,https://www4.septa.org/picking/pdf/summer-a-2026/southern/trip-sheets/weekday-trip-sheets.pdf
SouthernWeekday758,758,Southern,1 of 2,343,Weekday,https://www4.septa.org/picking/pdf/summer-a-2026/southern/paddles/weekday-paddles.pdf#page=343,https://www4.septa.org/picking/pdf/summer-a-2026/southern/paddles/weekday-paddles#page=343.pdf,https://www4.septa.org/picking/pdf/summer-a-2026/southern/trip-sheets/weekday-trip-sheets.pdf
SouthernWeekday759,759,Southern,1 of 2,345,Weekday,https://www4.septa.org/picking/pdf/summer-a-2026/southern/paddles/weekday-paddles.pdf#page=345,https://www4.septa.org/picking/pdf/summer-a-2026/southern/paddles/weekday-paddles#page=345.pdf,https://www4.septa.org/picking/pdf/summer-a-2026/southern/trip-sheets/weekday-trip-sheets.pdf
SouthernWeekday760,760,Southern,1 of 2,347,Weekday,https://www4.septa.org/picking/pdf/summer-a-2026/southern/paddles/weekday-paddles.pdf#page=347,https://www4.septa.org/picking/pdf/summer-a-2026/southern/paddles/weekday-paddles#page=347.pdf,https://www4.septa.org/picking/pdf/summer-a-2026/southern/trip-sheets/weekday-trip-sheets.pdf
SouthernWeekday761,761,Southern,1 of 2,349,Weekday,https://www4.septa.org/picking/pdf/summer-a-2026/southern/paddles/weekday-paddles.pdf#page=349,https://www4.septa.org/picking/pdf/summer-a-2026/southern/paddles/weekday-paddles#page=349.pdf,https://www4.septa.org/picking/pdf/summer-a-2026/southern/trip-sheets/weekday-trip-sheets.pdf
SouthernWeekday762,762,Southern,1 of 2,351,Weekday,https://www4.septa.org/picking/pdf/summer-a-2026/southern/paddles/weekday-paddles.pdf#page=351,https://www4.septa.org/picking/pdf/summer-a-2026/southern/paddles/weekday-paddles#page=351.pdf,https://www4.septa.org/picking/pdf/summer-a-2026/southern/trip-sheets/weekday-trip-sheets.pdf
SouthernWeekday763,763,Southern,1 of 2,353,Weekday,https://www4.septa.org/picking/pdf/summer-a-2026/southern/paddles/weekday-paddles.pdf#page=353,https://www4.septa.org/picking/pdf/summer-a-2026/southern/paddles/weekday-paddles#page=353.pdf,https://www4.septa.org/picking/pdf/summer-a-2026/southern/trip-sheets/weekday-trip-sheets.pdf
SouthernWeekday764,764,Southern,1 of 2,355,Weekday,https://www4.septa.org/picking/pdf/summer-a-2026/southern/paddles/weekday-paddles.pdf#page=355,https://www4.septa.org/picking/pdf/summer-a-2026/southern/paddles/weekday-paddles#page=355.pdf,https://www4.septa.org/picking/pdf/summer-a-2026/southern/trip-sheets/weekday-trip-sheets.pdf
SouthernWeekday765,765,Southern,1 of 2,357,Weekday,https://www4.septa.org/picking/pdf/summer-a-2026/southern/paddles/weekday-paddles.pdf#page=357,https://www4.septa.org/picking/pdf/summer-a-2026/southern/paddles/weekday-paddles#page=357.pdf,https://www4.septa.org/picking/pdf/summer-a-2026/southern/trip-sheets/weekday-trip-sheets.pdf
SouthernWeekday801,801,Southern,1 of 3,359,Weekday,https://www4.septa.org/picking/pdf/summer-a-2026/southern/paddles/weekday-paddles.pdf#page=359,https://www4.septa.org/picking/pdf/summer-a-2026/southern/paddles/weekday-paddles#page=359.pdf,https://www4.septa.org/picking/pdf/summer-a-2026/southern/trip-sheets/weekday-trip-sheets.pdf
SouthernWeekday802,802,Southern,1 of 3,362,Weekday,https://www4.septa.org/picking/pdf/summer-a-2026/southern/paddles/weekday-paddles.pdf#page=362,https://www4.septa.org/picking/pdf/summer-a-2026/southern/paddles/weekday-paddles#page=362.pdf,https://www4.septa.org/picking/pdf/summer-a-2026/southern/trip-sheets/weekday-trip-sheets.pdf
SouthernWeekday803,803,Southern,1 of 3,365,Weekday,https://www4.septa.org/picking/pdf/summer-a-2026/southern/paddles/weekday-paddles.pdf#page=365,https://www4.septa.org/picking/pdf/summer-a-2026/southern/paddles/weekday-paddles#page=365.pdf,https://www4.septa.org/picking/pdf/summer-a-2026/southern/trip-sheets/weekday-trip-sheets.pdf
SouthernWeekday804,804,Southern,1 of 3,368,Weekday,https://www4.septa.org/picking/pdf/summer-a-2026/southern/paddles/weekday-paddles.pdf#page=368,https://www4.septa.org/picking/pdf/summer-a-2026/southern/paddles/weekday-paddles#page=368.pdf,https://www4.septa.org/picking/pdf/summer-a-2026/southern/trip-sheets/weekday-trip-sheets.pdf
SouthernWeekday805,805,Southern,1 of 4,371,Weekday,https://www4.septa.org/picking/pdf/summer-a-2026/southern/paddles/weekday-paddles.pdf#page=371,https://www4.septa.org/picking/pdf/summer-a-2026/southern/paddles/weekday-paddles#page=371.pdf,https://www4.septa.org/picking/pdf/summer-a-2026/southern/trip-sheets/weekday-trip-sheets.pdf
SouthernWeekday806,806,Southern,1 of 4,375,Weekday,https://www4.septa.org/picking/pdf/summer-a-2026/southern/paddles/weekday-paddles.pdf#page=375,https://www4.septa.org/picking/pdf/summer-a-2026/southern/paddles/weekday-paddles#page=375.pdf,https://www4.septa.org/picking/pdf/summer-a-2026/southern/trip-sheets/weekday-trip-sheets.pdf
SouthernWeekday807,807,Southern,1 of 3,379,Weekday,https://www4.septa.org/picking/pdf/summer-a-2026/southern/paddles/weekday-paddles.pdf#page=379,https://www4.septa.org/picking/pdf/summer-a-2026/southern/paddles/weekday-paddles#page=379.pdf,https://www4.septa.org/picking/pdf/summer-a-2026/southern/trip-sheets/weekday-trip-sheets.pdf
SouthernWeekday808,808,Southern,1 of 4,382,Weekday,https://www4.septa.org/picking/pdf/summer-a-2026/southern/paddles/weekday-paddles.pdf#page=382,https://www4.septa.org/picking/pdf/summer-a-2026/southern/paddles/weekday-paddles#page=382.pdf,https://www4.septa.org/picking/pdf/summer-a-2026/southern/trip-sheets/weekday-trip-sheets.pdf
SouthernWeekday809,809,Southern,1 of 3,386,Weekday,https://www4.septa.org/picking/pdf/summer-a-2026/southern/paddles/weekday-paddles.pdf#page=386,https://www4.septa.org/picking/pdf/summer-a-2026/southern/paddles/weekday-paddles#page=386.pdf,https://www4.septa.org/picking/pdf/summer-a-2026/southern/trip-sheets/weekday-trip-sheets.pdf
SouthernWeekday810,810,Southern,1 of 2,389,Weekday,https://www4.septa.org/picking/pdf/summer-a-2026/southern/paddles/weekday-paddles.pdf#page=389,https://www4.septa.org/picking/pdf/summer-a-2026/southern/paddles/weekday-paddles#page=389.pdf,https://www4.septa.org/picking/pdf/summer-a-2026/southern/trip-sheets/weekday-trip-sheets.pdf
SouthernWeekday811,811,Southern,1 of 3,391,Weekday,https://www4.septa.org/picking/pdf/summer-a-2026/southern/paddles/weekday-paddles.pdf#page=391,https://www4.septa.org/picking/pdf/summer-a-2026/southern/paddles/weekday-paddles#page=391.pdf,https://www4.septa.org/picking/pdf/summer-a-2026/southern/trip-sheets/weekday-trip-sheets.pdf
SouthernWeekday812,812,Southern,1 of 3,394,Weekday,https://www4.septa.org/picking/pdf/summer-a-2026/southern/paddles/weekday-paddles.pdf#page=394,https://www4.septa.org/picking/pdf/summer-a-2026/southern/paddles/weekday-paddles#page=394.pdf,https://www4.septa.org/picking/pdf/summer-a-2026/southern/trip-sheets/weekday-trip-sheets.pdf
SouthernWeekday813,813,Southern,1 of 4,397,Weekday,https://www4.septa.org/picking/pdf/summer-a-2026/southern/paddles/weekday-paddles.pdf#page=397,https://www4.septa.org/picking/pdf/summer-a-2026/southern/paddles/weekday-paddles#page=397.pdf,https://www4.septa.org/picking/pdf/summer-a-2026/southern/trip-sheets/weekday-trip-sheets.pdf
SouthernWeekday814,814,Southern,1 of 2,401,Weekday,https://www4.septa.org/picking/pdf/summer-a-2026/southern/paddles/weekday-paddles.pdf#page=401,https://www4.septa.org/picking/pdf/summer-a-2026/southern/paddles/weekday-paddles#page=401.pdf,https://www4.septa.org/picking/pdf/summer-a-2026/southern/trip-sheets/weekday-trip-sheets.pdf
SouthernWeekday815,815,Southern,1 of 4,403,Weekday,https://www4.septa.org/picking/pdf/summer-a-2026/southern/paddles/weekday-paddles.pdf#page=403,https://www4.septa.org/picking/pdf/summer-a-2026/southern/paddles/weekday-paddles#page=403.pdf,https://www4.septa.org/picking/pdf/summer-a-2026/southern/trip-sheets/weekday-trip-sheets.pdf
SouthernWeekday816,816,Southern,1 of 2,407,Weekday,https://www4.septa.org/picking/pdf/summer-a-2026/southern/paddles/weekday-paddles.pdf#page=407,https://www4.septa.org/picking/pdf/summer-a-2026/southern/paddles/weekday-paddles#page=407.pdf,https://www4.septa.org/picking/pdf/summer-a-2026/southern/trip-sheets/weekday-trip-sheets.pdf
SouthernWeekday851,851,Southern,1 of 2,409,Weekday,https://www4.septa.org/picking/pdf/summer-a-2026/southern/paddles/weekday-paddles.pdf#page=409,https://www4.septa.org/picking/pdf/summer-a-2026/southern/paddles/weekday-paddles#page=409.pdf,https://www4.septa.org/picking/pdf/summer-a-2026/southern/trip-sheets/weekday-trip-sheets.pdf
SouthernWeekday852,852,Southern,1 of 2,411,Weekday,https://www4.septa.org/picking/pdf/summer-a-2026/southern/paddles/weekday-paddles.pdf#page=411,https://www4.septa.org/picking/pdf/summer-a-2026/southern/paddles/weekday-paddles#page=411.pdf,https://www4.septa.org/picking/pdf/summer-a-2026/southern/trip-sheets/weekday-trip-sheets.pdf
SouthernWeekday853,853,Southern,1 of 2,413,Weekday,https://www4.septa.org/picking/pdf/summer-a-2026/southern/paddles/weekday-paddles.pdf#page=413,https://www4.septa.org/picking/pdf/summer-a-2026/southern/paddles/weekday-paddles#page=413.pdf,https://www4.septa.org/picking/pdf/summer-a-2026/southern/trip-sheets/weekday-trip-sheets.pdf
SouthernWeekday854,854,Southern,1 of 2,415,Weekday,https://www4.septa.org/picking/pdf/summer-a-2026/southern/paddles/weekday-paddles.pdf#page=415,https://www4.septa.org/picking/pdf/summer-a-2026/southern/paddles/weekday-paddles#page=415.pdf,https://www4.septa.org/picking/pdf/summer-a-2026/southern/trip-sheets/weekday-trip-sheets.pdf
SouthernWeekday855,855,Southern,1 of 2,417,Weekday,https://www4.septa.org/picking/pdf/summer-a-2026/southern/paddles/weekday-paddles.pdf#page=417,https://www4.septa.org/picking/pdf/summer-a-2026/southern/paddles/weekday-paddles#page=417.pdf,https://www4.septa.org/picking/pdf/summer-a-2026/southern/trip-sheets/weekday-trip-sheets.pdf
SouthernWeekday856,856,Southern,1 of 2,419,Weekday,https://www4.septa.org/picking/pdf/summer-a-2026/southern/paddles/weekday-paddles.pdf#page=419,https://www4.septa.org/picking/pdf/summer-a-2026/southern/paddles/weekday-paddles#page=419.pdf,https://www4.septa.org/picking/pdf/summer-a-2026/southern/trip-sheets/weekday-trip-sheets.pdf
SouthernWeekday857,857,Southern,1 of 2,421,Weekday,https://www4.septa.org/picking/pdf/summer-a-2026/southern/paddles/weekday-paddles.pdf#page=421,https://www4.septa.org/picking/pdf/summer-a-2026/southern/paddles/weekday-paddles#page=421.pdf,https://www4.septa.org/picking/pdf/summer-a-2026/southern/trip-sheets/weekday-trip-sheets.pdf
SouthernWeekday858,858,Southern,1 of 3,423,Weekday,https://www4.septa.org/picking/pdf/summer-a-2026/southern/paddles/weekday-paddles.pdf#page=423,https://www4.septa.org/picking/pdf/summer-a-2026/southern/paddles/weekday-paddles#page=423.pdf,https://www4.septa.org/picking/pdf/summer-a-2026/southern/trip-sheets/weekday-trip-sheets.pdf
SouthernWeekday859,859,Southern,1 of 2,426,Weekday,https://www4.septa.org/picking/pdf/summer-a-2026/southern/paddles/weekday-paddles.pdf#page=426,https://www4.septa.org/picking/pdf/summer-a-2026/southern/paddles/weekday-paddles#page=426.pdf,https://www4.septa.org/picking/pdf/summer-a-2026/southern/trip-sheets/weekday-trip-sheets.pdf
SouthernWeekday860,860,Southern,1 of 2,428,Weekday,https://www4.septa.org/picking/pdf/summer-a-2026/southern/paddles/weekday-paddles.pdf#page=428,https://www4.septa.org/picking/pdf/summer-a-2026/southern/paddles/weekday-paddles#page=428.pdf,https://www4.septa.org/picking/pdf/summer-a-2026/southern/trip-sheets/weekday-trip-sheets.pdf
SouthernWeekday861,861,Southern,1 of 2,430,Weekday,https://www4.septa.org/picking/pdf/summer-a-2026/southern/paddles/weekday-paddles.pdf#page=430,https://www4.septa.org/picking/pdf/summer-a-2026/southern/paddles/weekday-paddles#page=430.pdf,https://www4.septa.org/picking/pdf/summer-a-2026/southern/trip-sheets/weekday-trip-sheets.pdf
SouthernWeekday862,862,Southern,1 of 2,432,Weekday,https://www4.septa.org/picking/pdf/summer-a-2026/southern/paddles/weekday-paddles.pdf#page=432,https://www4.septa.org/picking/pdf/summer-a-2026/southern/paddles/weekday-paddles#page=432.pdf,https://www4.septa.org/picking/pdf/summer-a-2026/southern/trip-sheets/weekday-trip-sheets.pdf
SouthernWeekday863,863,Southern,1 of 2,434,Weekday,https://www4.septa.org/picking/pdf/summer-a-2026/southern/paddles/weekday-paddles.pdf#page=434,https://www4.septa.org/picking/pdf/summer-a-2026/southern/paddles/weekday-paddles#page=434.pdf,https://www4.septa.org/picking/pdf/summer-a-2026/southern/trip-sheets/weekday-trip-sheets.pdf
SouthernWeekday864,864,Southern,1 of 2,436,Weekday,https://www4.septa.org/picking/pdf/summer-a-2026/southern/paddles/weekday-paddles.pdf#page=436,https://www4.septa.org/picking/pdf/summer-a-2026/southern/paddles/weekday-paddles#page=436.pdf,https://www4.septa.org/picking/pdf/summer-a-2026/southern/trip-sheets/weekday-trip-sheets.pdf
SouthernWeekday865,865,Southern,1 of 2,438,Weekday,https://www4.septa.org/picking/pdf/summer-a-2026/southern/paddles/weekday-paddles.pdf#page=438,https://www4.septa.org/picking/pdf/summer-a-2026/southern/paddles/weekday-paddles#page=438.pdf,https://www4.septa.org/picking/pdf/summer-a-2026/southern/trip-sheets/weekday-trip-sheets.pdf
SouthernWeekday866,866,Southern,1 of 2,440,Weekday,https://www4.septa.org/picking/pdf/summer-a-2026/southern/paddles/weekday-paddles.pdf#page=440,https://www4.septa.org/picking/pdf/summer-a-2026/southern/paddles/weekday-paddles#page=440.pdf,https://www4.septa.org/picking/pdf/summer-a-2026/southern/trip-sheets/weekday-trip-sheets.pdf
SouthernWeekday867,867,Southern,1 of 2,442,Weekday,https://www4.septa.org/picking/pdf/summer-a-2026/southern/paddles/weekday-paddles.pdf#page=442,https://www4.septa.org/picking/pdf/summer-a-2026/southern/paddles/weekday-paddles#page=442.pdf,https://www4.septa.org/picking/pdf/summer-a-2026/southern/trip-sheets/weekday-trip-sheets.pdf
SouthernWeekday868,868,Southern,1 of 2,444,Weekday,https://www4.septa.org/picking/pdf/summer-a-2026/southern/paddles/weekday-paddles.pdf#page=444,https://www4.septa.org/picking/pdf/summer-a-2026/southern/paddles/weekday-paddles#page=444.pdf,https://www4.septa.org/picking/pdf/summer-a-2026/southern/trip-sheets/weekday-trip-sheets.pdf
SouthernWeekday901,901,Southern,1 of 2,446,Weekday,https://www4.septa.org/picking/pdf/summer-a-2026/southern/paddles/weekday-paddles.pdf#page=446,https://www4.septa.org/picking/pdf/summer-a-2026/southern/paddles/weekday-paddles#page=446.pdf,https://www4.septa.org/picking/pdf/summer-a-2026/southern/trip-sheets/weekday-trip-sheets.pdf
SouthernWeekday902,902,Southern,1 of 2,448,Weekday,https://www4.septa.org/picking/pdf/summer-a-2026/southern/paddles/weekday-paddles.pdf#page=448,https://www4.septa.org/picking/pdf/summer-a-2026/southern/paddles/weekday-paddles#page=448.pdf,https://www4.septa.org/picking/pdf/summer-a-2026/southern/trip-sheets/weekday-trip-sheets.pdf
SouthernWeekday903,903,Southern,1 of 2,450,Weekday,https://www4.septa.org/picking/pdf/summer-a-2026/southern/paddles/weekday-paddles.pdf#page=450,https://www4.septa.org/picking/pdf/summer-a-2026/southern/paddles/weekday-paddles#page=450.pdf,https://www4.septa.org/picking/pdf/summer-a-2026/southern/trip-sheets/weekday-trip-sheets.pdf
SouthernWeekday904,904,Southern,1 of 2,452,Weekday,https://www4.septa.org/picking/pdf/summer-a-2026/southern/paddles/weekday-paddles.pdf#page=452,https://www4.septa.org/picking/pdf/summer-a-2026/southern/paddles/weekday-paddles#page=452.pdf,https://www4.septa.org/picking/pdf/summer-a-2026/southern/trip-sheets/weekday-trip-sheets.pdf
SouthernWeekday905,905,Southern,1 of 2,454,Weekday,https://www4.septa.org/picking/pdf/summer-a-2026/southern/paddles/weekday-paddles.pdf#page=454,https://www4.septa.org/picking/pdf/summer-a-2026/southern/paddles/weekday-paddles#page=454.pdf,https://www4.septa.org/picking/pdf/summer-a-2026/southern/trip-sheets/weekday-trip-sheets.pdf
SouthernWeekday906,906,Southern,1 of 2,456,Weekday,https://www4.septa.org/picking/pdf/summer-a-2026/southern/paddles/weekday-paddles.pdf#page=456,https://www4.septa.org/picking/pdf/summer-a-2026/southern/paddles/weekday-paddles#page=456.pdf,https://www4.septa.org/picking/pdf/summer-a-2026/southern/trip-sheets/weekday-trip-sheets.pdf
SouthernWeekday907,907,Southern,1 of 2,458,Weekday,https://www4.septa.org/picking/pdf/summer-a-2026/southern/paddles/weekday-paddles.pdf#page=458,https://www4.septa.org/picking/pdf/summer-a-2026/southern/paddles/weekday-paddles#page=458.pdf,https://www4.septa.org/picking/pdf/summer-a-2026/southern/trip-sheets/weekday-trip-sheets.pdf
SouthernWeekday951,951,Southern,1 of 2,460,Weekday,https://www4.septa.org/picking/pdf/summer-a-2026/southern/paddles/weekday-paddles.pdf#page=460,https://www4.septa.org/picking/pdf/summer-a-2026/southern/paddles/weekday-paddles#page=460.pdf,https://www4.septa.org/picking/pdf/summer-a-2026/southern/trip-sheets/weekday-trip-sheets.pdf
SouthernWeekday952,952,Southern,1 of 2,462,Weekday,https://www4.septa.org/picking/pdf/summer-a-2026/southern/paddles/weekday-paddles.pdf#page=462,https://www4.septa.org/picking/pdf/summer-a-2026/southern/paddles/weekday-paddles#page=462.pdf,https://www4.septa.org/picking/pdf/summer-a-2026/southern/trip-sheets/weekday-trip-sheets.pdf
SouthernWeekday953,953,Southern,1 of 2,464,Weekday,https://www4.septa.org/picking/pdf/summer-a-2026/southern/paddles/weekday-paddles.pdf#page=464,https://www4.septa.org/picking/pdf/summer-a-2026/southern/paddles/weekday-paddles#page=464.pdf,https://www4.septa.org/picking/pdf/summer-a-2026/southern/trip-sheets/weekday-trip-sheets.pdf
SouthernWeekday954,954,Southern,1 of 3,466,Weekday,https://www4.septa.org/picking/pdf/summer-a-2026/southern/paddles/weekday-paddles.pdf#page=466,https://www4.septa.org/picking/pdf/summer-a-2026/southern/paddles/weekday-paddles#page=466.pdf,https://www4.septa.org/picking/pdf/summer-a-2026/southern/trip-sheets/weekday-trip-sheets.pdf
SouthernWeekday955,955,Southern,1 of 2,469,Weekday,https://www4.septa.org/picking/pdf/summer-a-2026/southern/paddles/weekday-paddles.pdf#page=469,https://www4.septa.org/picking/pdf/summer-a-2026/southern/paddles/weekday-paddles#page=469.pdf,https://www4.septa.org/picking/pdf/summer-a-2026/southern/trip-sheets/weekday-trip-sheets.pdf
SouthernWeekday956,956,Southern,1 of 2,471,Weekday,https://www4.septa.org/picking/pdf/summer-a-2026/southern/paddles/weekday-paddles.pdf#page=471,https://www4.septa.org/picking/pdf/summer-a-2026/southern/paddles/weekday-paddles#page=471.pdf,https://www4.septa.org/picking/pdf/summer-a-2026/southern/trip-sheets/weekday-trip-sheets.pdf
SouthernWeekday957,957,Southern,1 of 2,473,Weekday,https://www4.septa.org/picking/pdf/summer-a-2026/southern/paddles/weekday-paddles.pdf#page=473,https://www4.septa.org/picking/pdf/summer-a-2026/southern/paddles/weekday-paddles#page=473.pdf,https://www4.septa.org/picking/pdf/summer-a-2026/southern/trip-sheets/weekday-trip-sheets.pdf
SouthernWeekday958,958,Southern,1 of 2,475,Weekday,https://www4.septa.org/picking/pdf/summer-a-2026/southern/paddles/weekday-paddles.pdf#page=475,https://www4.septa.org/picking/pdf/summer-a-2026/southern/paddles/weekday-paddles#page=475.pdf,https://www4.septa.org/picking/pdf/summer-a-2026/southern/trip-sheets/weekday-trip-sheets.pdf
SouthernWeekday959,959,Southern,1 of 2,477,Weekday,https://www4.septa.org/picking/pdf/summer-a-2026/southern/paddles/weekday-paddles.pdf#page=477,https://www4.septa.org/picking/pdf/summer-a-2026/southern/paddles/weekday-paddles#page=477.pdf,https://www4.septa.org/picking/pdf/summer-a-2026/southern/trip-sheets/weekday-trip-sheets.pdf
SouthernSaturday1,1,Southern,1 of 2,1,Saturday,https://www4.septa.org/picking/pdf/summer-a-2026/southern/paddles/saturday-paddles.pdf#page=1,https://www4.septa.org/picking/pdf/summer-a-2026/southern/paddles/saturday-paddles#page=1.pdf,https://www4.septa.org/picking/pdf/summer-a-2026/southern/trip-sheets/saturday-trip-sheets.pdf
SouthernSaturday2,2,Southern,1 of 2,3,Saturday,https://www4.septa.org/picking/pdf/summer-a-2026/southern/paddles/saturday-paddles.pdf#page=3,https://www4.septa.org/picking/pdf/summer-a-2026/southern/paddles/saturday-paddles#page=3.pdf,https://www4.septa.org/picking/pdf/summer-a-2026/southern/trip-sheets/saturday-trip-sheets.pdf
SouthernSaturday3,3,Southern,1 of 2,5,Saturday,https://www4.septa.org/picking/pdf/summer-a-2026/southern/paddles/saturday-paddles.pdf#page=5,https://www4.septa.org/picking/pdf/summer-a-2026/southern/paddles/saturday-paddles#page=5.pdf,https://www4.septa.org/picking/pdf/summer-a-2026/southern/trip-sheets/saturday-trip-sheets.pdf
SouthernSaturday4,4,Southern,1 of 2,7,Saturday,https://www4.septa.org/picking/pdf/summer-a-2026/southern/paddles/saturday-paddles.pdf#page=7,https://www4.septa.org/picking/pdf/summer-a-2026/southern/paddles/saturday-paddles#page=7.pdf,https://www4.septa.org/picking/pdf/summer-a-2026/southern/trip-sheets/saturday-trip-sheets.pdf
SouthernSaturday5,5,Southern,1 of 2,9,Saturday,https://www4.septa.org/picking/pdf/summer-a-2026/southern/paddles/saturday-paddles.pdf#page=9,https://www4.septa.org/picking/pdf/summer-a-2026/southern/paddles/saturday-paddles#page=9.pdf,https://www4.septa.org/picking/pdf/summer-a-2026/southern/trip-sheets/saturday-trip-sheets.pdf
SouthernSaturday6,6,Southern,1 of 2,11,Saturday,https://www4.septa.org/picking/pdf/summer-a-2026/southern/paddles/saturday-paddles.pdf#page=11,https://www4.septa.org/picking/pdf/summer-a-2026/southern/paddles/saturday-paddles#page=11.pdf,https://www4.septa.org/picking/pdf/summer-a-2026/southern/trip-sheets/saturday-trip-sheets.pdf
SouthernSaturday7,7,Southern,1 of 2,13,Saturday,https://www4.septa.org/picking/pdf/summer-a-2026/southern/paddles/saturday-paddles.pdf#page=13,https://www4.septa.org/picking/pdf/summer-a-2026/southern/paddles/saturday-paddles#page=13.pdf,https://www4.septa.org/picking/pdf/summer-a-2026/southern/trip-sheets/saturday-trip-sheets.pdf
SouthernSaturday8,8,Southern,1 of 2,15,Saturday,https://www4.septa.org/picking/pdf/summer-a-2026/southern/paddles/saturday-paddles.pdf#page=15,https://www4.septa.org/picking/pdf/summer-a-2026/southern/paddles/saturday-paddles#page=15.pdf,https://www4.septa.org/picking/pdf/summer-a-2026/southern/trip-sheets/saturday-trip-sheets.pdf
SouthernSaturday9,9,Southern,1 of 2,17,Saturday,https://www4.septa.org/picking/pdf/summer-a-2026/southern/paddles/saturday-paddles.pdf#page=17,https://www4.septa.org/picking/pdf/summer-a-2026/southern/paddles/saturday-paddles#page=17.pdf,https://www4.septa.org/picking/pdf/summer-a-2026/southern/trip-sheets/saturday-trip-sheets.pdf
SouthernSaturday10,10,Southern,1 of 2,19,Saturday,https://www4.septa.org/picking/pdf/summer-a-2026/southern/paddles/saturday-paddles.pdf#page=19,https://www4.septa.org/picking/pdf/summer-a-2026/southern/paddles/saturday-paddles#page=19.pdf,https://www4.septa.org/picking/pdf/summer-a-2026/southern/trip-sheets/saturday-trip-sheets.pdf
SouthernSaturday11,11,Southern,1 of 2,21,Saturday,https://www4.septa.org/picking/pdf/summer-a-2026/southern/paddles/saturday-paddles.pdf#page=21,https://www4.septa.org/picking/pdf/summer-a-2026/southern/paddles/saturday-paddles#page=21.pdf,https://www4.septa.org/picking/pdf/summer-a-2026/southern/trip-sheets/saturday-trip-sheets.pdf
SouthernSaturday12,12,Southern,1 of 3,23,Saturday,https://www4.septa.org/picking/pdf/summer-a-2026/southern/paddles/saturday-paddles.pdf#page=23,https://www4.septa.org/picking/pdf/summer-a-2026/southern/paddles/saturday-paddles#page=23.pdf,https://www4.septa.org/picking/pdf/summer-a-2026/southern/trip-sheets/saturday-trip-sheets.pdf
SouthernSaturday13,13,Southern,1 of 2,26,Saturday,https://www4.septa.org/picking/pdf/summer-a-2026/southern/paddles/saturday-paddles.pdf#page=26,https://www4.septa.org/picking/pdf/summer-a-2026/southern/paddles/saturday-paddles#page=26.pdf,https://www4.septa.org/picking/pdf/summer-a-2026/southern/trip-sheets/saturday-trip-sheets.pdf
SouthernSaturday14,14,Southern,1 of 2,28,Saturday,https://www4.septa.org/picking/pdf/summer-a-2026/southern/paddles/saturday-paddles.pdf#page=28,https://www4.septa.org/picking/pdf/summer-a-2026/southern/paddles/saturday-paddles#page=28.pdf,https://www4.septa.org/picking/pdf/summer-a-2026/southern/trip-sheets/saturday-trip-sheets.pdf
SouthernSaturday15,15,Southern,1 of 2,30,Saturday,https://www4.septa.org/picking/pdf/summer-a-2026/southern/paddles/saturday-paddles.pdf#page=30,https://www4.septa.org/picking/pdf/summer-a-2026/southern/paddles/saturday-paddles#page=30.pdf,https://www4.septa.org/picking/pdf/summer-a-2026/southern/trip-sheets/saturday-trip-sheets.pdf
SouthernSaturday51,51,Southern,1 of 2,32,Saturday,https://www4.septa.org/picking/pdf/summer-a-2026/southern/paddles/saturday-paddles.pdf#page=32,https://www4.septa.org/picking/pdf/summer-a-2026/southern/paddles/saturday-paddles#page=32.pdf,https://www4.septa.org/picking/pdf/summer-a-2026/southern/trip-sheets/saturday-trip-sheets.pdf
SouthernSaturday52,52,Southern,1 of 2,34,Saturday,https://www4.septa.org/picking/pdf/summer-a-2026/southern/paddles/saturday-paddles.pdf#page=34,https://www4.septa.org/picking/pdf/summer-a-2026/southern/paddles/saturday-paddles#page=34.pdf,https://www4.septa.org/picking/pdf/summer-a-2026/southern/trip-sheets/saturday-trip-sheets.pdf
SouthernSaturday101,101,Southern,1 of 2,36,Saturday,https://www4.septa.org/picking/pdf/summer-a-2026/southern/paddles/saturday-paddles.pdf#page=36,https://www4.septa.org/picking/pdf/summer-a-2026/southern/paddles/saturday-paddles#page=36.pdf,https://www4.septa.org/picking/pdf/summer-a-2026/southern/trip-sheets/saturday-trip-sheets.pdf
SouthernSaturday102,102,Southern,1 of 2,38,Saturday,https://www4.septa.org/picking/pdf/summer-a-2026/southern/paddles/saturday-paddles.pdf#page=38,https://www4.septa.org/picking/pdf/summer-a-2026/southern/paddles/saturday-paddles#page=38.pdf,https://www4.septa.org/picking/pdf/summer-a-2026/southern/trip-sheets/saturday-trip-sheets.pdf
SouthernSaturday103,103,Southern,1 of 2,40,Saturday,https://www4.septa.org/picking/pdf/summer-a-2026/southern/paddles/saturday-paddles.pdf#page=40,https://www4.septa.org/picking/pdf/summer-a-2026/southern/paddles/saturday-paddles#page=40.pdf,https://www4.septa.org/picking/pdf/summer-a-2026/southern/trip-sheets/saturday-trip-sheets.pdf
SouthernSaturday104,104,Southern,1 of 1,42,Saturday,https://www4.septa.org/picking/pdf/summer-a-2026/southern/paddles/saturday-paddles.pdf#page=42,https://www4.septa.org/picking/pdf/summer-a-2026/southern/paddles/saturday-paddles#page=42.pdf,https://www4.septa.org/picking/pdf/summer-a-2026/southern/trip-sheets/saturday-trip-sheets.pdf
SouthernSaturday105,105,Southern,1 of 2,43,Saturday,https://www4.septa.org/picking/pdf/summer-a-2026/southern/paddles/saturday-paddles.pdf#page=43,https://www4.septa.org/picking/pdf/summer-a-2026/southern/paddles/saturday-paddles#page=43.pdf,https://www4.septa.org/picking/pdf/summer-a-2026/southern/trip-sheets/saturday-trip-sheets.pdf
SouthernSaturday201,201,Southern,1 of 2,45,Saturday,https://www4.septa.org/picking/pdf/summer-a-2026/southern/paddles/saturday-paddles.pdf#page=45,https://www4.septa.org/picking/pdf/summer-a-2026/southern/paddles/saturday-paddles#page=45.pdf,https://www4.septa.org/picking/pdf/summer-a-2026/southern/trip-sheets/saturday-trip-sheets.pdf
SouthernSaturday202,202,Southern,1 of 2,47,Saturday,https://www4.septa.org/picking/pdf/summer-a-2026/southern/paddles/saturday-paddles.pdf#page=47,https://www4.septa.org/picking/pdf/summer-a-2026/southern/paddles/saturday-paddles#page=47.pdf,https://www4.septa.org/picking/pdf/summer-a-2026/southern/trip-sheets/saturday-trip-sheets.pdf
SouthernSaturday203,203,Southern,1 of 2,49,Saturday,https://www4.septa.org/picking/pdf/summer-a-2026/southern/paddles/saturday-paddles.pdf#page=49,https://www4.septa.org/picking/pdf/summer-a-2026/southern/paddles/saturday-paddles#page=49.pdf,https://www4.septa.org/picking/pdf/summer-a-2026/southern/trip-sheets/saturday-trip-sheets.pdf
SouthernSaturday204,204,Southern,1 of 2,51,Saturday,https://www4.septa.org/picking/pdf/summer-a-2026/southern/paddles/saturday-paddles.pdf#page=51,https://www4.septa.org/picking/pdf/summer-a-2026/southern/paddles/saturday-paddles#page=51.pdf,https://www4.septa.org/picking/pdf/summer-a-2026/southern/trip-sheets/saturday-trip-sheets.pdf
SouthernSaturday205,205,Southern,1 of 2,53,Saturday,https://www4.septa.org/picking/pdf/summer-a-2026/southern/paddles/saturday-paddles.pdf#page=53,https://www4.septa.org/picking/pdf/summer-a-2026/southern/paddles/saturday-paddles#page=53.pdf,https://www4.septa.org/picking/pdf/summer-a-2026/southern/trip-sheets/saturday-trip-sheets.pdf
SouthernSaturday206,206,Southern,1 of 2,55,Saturday,https://www4.septa.org/picking/pdf/summer-a-2026/southern/paddles/saturday-paddles.pdf#page=55,https://www4.septa.org/picking/pdf/summer-a-2026/southern/paddles/saturday-paddles#page=55.pdf,https://www4.septa.org/picking/pdf/summer-a-2026/southern/trip-sheets/saturday-trip-sheets.pdf
SouthernSaturday207,207,Southern,1 of 2,57,Saturday,https://www4.septa.org/picking/pdf/summer-a-2026/southern/paddles/saturday-paddles.pdf#page=57,https://www4.septa.org/picking/pdf/summer-a-2026/southern/paddles/saturday-paddles#page=57.pdf,https://www4.septa.org/picking/pdf/summer-a-2026/southern/trip-sheets/saturday-trip-sheets.pdf
SouthernSaturday208,208,Southern,1 of 2,59,Saturday,https://www4.septa.org/picking/pdf/summer-a-2026/southern/paddles/saturday-paddles.pdf#page=59,https://www4.septa.org/picking/pdf/summer-a-2026/southern/paddles/saturday-paddles#page=59.pdf,https://www4.septa.org/picking/pdf/summer-a-2026/southern/trip-sheets/saturday-trip-sheets.pdf
SouthernSaturday209,209,Southern,1 of 2,61,Saturday,https://www4.septa.org/picking/pdf/summer-a-2026/southern/paddles/saturday-paddles.pdf#page=61,https://www4.septa.org/picking/pdf/summer-a-2026/southern/paddles/saturday-paddles#page=61.pdf,https://www4.septa.org/picking/pdf/summer-a-2026/southern/trip-sheets/saturday-trip-sheets.pdf
SouthernSaturday210,210,Southern,1 of 2,63,Saturday,https://www4.septa.org/picking/pdf/summer-a-2026/southern/paddles/saturday-paddles.pdf#page=63,https://www4.septa.org/picking/pdf/summer-a-2026/southern/paddles/saturday-paddles#page=63.pdf,https://www4.septa.org/picking/pdf/summer-a-2026/southern/trip-sheets/saturday-trip-sheets.pdf
SouthernSaturday211,211,Southern,1 of 2,65,Saturday,https://www4.septa.org/picking/pdf/summer-a-2026/southern/paddles/saturday-paddles.pdf#page=65,https://www4.septa.org/picking/pdf/summer-a-2026/southern/paddles/saturday-paddles#page=65.pdf,https://www4.septa.org/picking/pdf/summer-a-2026/southern/trip-sheets/saturday-trip-sheets.pdf
SouthernSaturday212,212,Southern,1 of 1,67,Saturday,https://www4.septa.org/picking/pdf/summer-a-2026/southern/paddles/saturday-paddles.pdf#page=67,https://www4.septa.org/picking/pdf/summer-a-2026/southern/paddles/saturday-paddles#page=67.pdf,https://www4.septa.org/picking/pdf/summer-a-2026/southern/trip-sheets/saturday-trip-sheets.pdf
SouthernSaturday213,213,Southern,1 of 2,68,Saturday,https://www4.septa.org/picking/pdf/summer-a-2026/southern/paddles/saturday-paddles.pdf#page=68,https://www4.septa.org/picking/pdf/summer-a-2026/southern/paddles/saturday-paddles#page=68.pdf,https://www4.septa.org/picking/pdf/summer-a-2026/southern/trip-sheets/saturday-trip-sheets.pdf
SouthernSaturday275,275,Southern,1 of 3,70,Saturday,https://www4.septa.org/picking/pdf/summer-a-2026/southern/paddles/saturday-paddles.pdf#page=70,https://www4.septa.org/picking/pdf/summer-a-2026/southern/paddles/saturday-paddles#page=70.pdf,https://www4.septa.org/picking/pdf/summer-a-2026/southern/trip-sheets/saturday-trip-sheets.pdf
SouthernSaturday276,276,Southern,1 of 3,73,Saturday,https://www4.septa.org/picking/pdf/summer-a-2026/southern/paddles/saturday-paddles.pdf#page=73,https://www4.septa.org/picking/pdf/summer-a-2026/southern/paddles/saturday-paddles#page=73.pdf,https://www4.septa.org/picking/pdf/summer-a-2026/southern/trip-sheets/saturday-trip-sheets.pdf
SouthernSaturday277,277,Southern,1 of 3,76,Saturday,https://www4.septa.org/picking/pdf/summer-a-2026/southern/paddles/saturday-paddles.pdf#page=76,https://www4.septa.org/picking/pdf/summer-a-2026/southern/paddles/saturday-paddles#page=76.pdf,https://www4.septa.org/picking/pdf/summer-a-2026/southern/trip-sheets/saturday-trip-sheets.pdf
SouthernSaturday278,278,Southern,1 of 3,79,Saturday,https://www4.septa.org/picking/pdf/summer-a-2026/southern/paddles/saturday-paddles.pdf#page=79,https://www4.septa.org/picking/pdf/summer-a-2026/southern/paddles/saturday-paddles#page=79.pdf,https://www4.septa.org/picking/pdf/summer-a-2026/southern/trip-sheets/saturday-trip-sheets.pdf
SouthernSaturday279,279,Southern,1 of 3,82,Saturday,https://www4.septa.org/picking/pdf/summer-a-2026/southern/paddles/saturday-paddles.pdf#page=82,https://www4.septa.org/picking/pdf/summer-a-2026/southern/paddles/saturday-paddles#page=82.pdf,https://www4.septa.org/picking/pdf/summer-a-2026/southern/trip-sheets/saturday-trip-sheets.pdf
SouthernSaturday280,280,Southern,1 of 3,85,Saturday,https://www4.septa.org/picking/pdf/summer-a-2026/southern/paddles/saturday-paddles.pdf#page=85,https://www4.septa.org/picking/pdf/summer-a-2026/southern/paddles/saturday-paddles#page=85.pdf,https://www4.septa.org/picking/pdf/summer-a-2026/southern/trip-sheets/saturday-trip-sheets.pdf
SouthernSaturday301,301,Southern,1 of 2,88,Saturday,https://www4.septa.org/picking/pdf/summer-a-2026/southern/paddles/saturday-paddles.pdf#page=88,https://www4.septa.org/picking/pdf/summer-a-2026/southern/paddles/saturday-paddles#page=88.pdf,https://www4.septa.org/picking/pdf/summer-a-2026/southern/trip-sheets/saturday-trip-sheets.pdf
SouthernSaturday302,302,Southern,1 of 2,90,Saturday,https://www4.septa.org/picking/pdf/summer-a-2026/southern/paddles/saturday-paddles.pdf#page=90,https://www4.septa.org/picking/pdf/summer-a-2026/southern/paddles/saturday-paddles#page=90.pdf,https://www4.septa.org/picking/pdf/summer-a-2026/southern/trip-sheets/saturday-trip-sheets.pdf
SouthernSaturday303,303,Southern,1 of 2,92,Saturday,https://www4.septa.org/picking/pdf/summer-a-2026/southern/paddles/saturday-paddles.pdf#page=92,https://www4.septa.org/picking/pdf/summer-a-2026/southern/paddles/saturday-paddles#page=92.pdf,https://www4.septa.org/picking/pdf/summer-a-2026/southern/trip-sheets/saturday-trip-sheets.pdf
SouthernSaturday304,304,Southern,1 of 2,94,Saturday,https://www4.septa.org/picking/pdf/summer-a-2026/southern/paddles/saturday-paddles.pdf#page=94,https://www4.septa.org/picking/pdf/summer-a-2026/southern/paddles/saturday-paddles#page=94.pdf,https://www4.septa.org/picking/pdf/summer-a-2026/southern/trip-sheets/saturday-trip-sheets.pdf
SouthernSaturday351,351,Southern,1 of 1,96,Saturday,https://www4.septa.org/picking/pdf/summer-a-2026/southern/paddles/saturday-paddles.pdf#page=96,https://www4.septa.org/picking/pdf/summer-a-2026/southern/paddles/saturday-paddles#page=96.pdf,https://www4.septa.org/picking/pdf/summer-a-2026/southern/trip-sheets/saturday-trip-sheets.pdf
SouthernSaturday352,352,Southern,1 of 2,97,Saturday,https://www4.septa.org/picking/pdf/summer-a-2026/southern/paddles/saturday-paddles.pdf#page=97,https://www4.septa.org/picking/pdf/summer-a-2026/southern/paddles/saturday-paddles#page=97.pdf,https://www4.septa.org/picking/pdf/summer-a-2026/southern/trip-sheets/saturday-trip-sheets.pdf
SouthernSaturday353,353,Southern,1 of 2,99,Saturday,https://www4.septa.org/picking/pdf/summer-a-2026/southern/paddles/saturday-paddles.pdf#page=99,https://www4.septa.org/picking/pdf/summer-a-2026/southern/paddles/saturday-paddles#page=99.pdf,https://www4.septa.org/picking/pdf/summer-a-2026/southern/trip-sheets/saturday-trip-sheets.pdf
SouthernSaturday451,451,Southern,1 of 2,101,Saturday,https://www4.septa.org/picking/pdf/summer-a-2026/southern/paddles/saturday-paddles.pdf#page=101,https://www4.septa.org/picking/pdf/summer-a-2026/southern/paddles/saturday-paddles#page=101.pdf,https://www4.septa.org/picking/pdf/summer-a-2026/southern/trip-sheets/saturday-trip-sheets.pdf
SouthernSaturday452,452,Southern,1 of 2,103,Saturday,https://www4.septa.org/picking/pdf/summer-a-2026/southern/paddles/saturday-paddles.pdf#page=103,https://www4.septa.org/picking/pdf/summer-a-2026/southern/paddles/saturday-paddles#page=103.pdf,https://www4.septa.org/picking/pdf/summer-a-2026/southern/trip-sheets/saturday-trip-sheets.pdf
SouthernSaturday453,453,Southern,1 of 2,105,Saturday,https://www4.septa.org/picking/pdf/summer-a-2026/southern/paddles/saturday-paddles.pdf#page=105,https://www4.septa.org/picking/pdf/summer-a-2026/southern/paddles/saturday-paddles#page=105.pdf,https://www4.septa.org/picking/pdf/summer-a-2026/southern/trip-sheets/saturday-trip-sheets.pdf
SouthernSaturday454,454,Southern,1 of 2,107,Saturday,https://www4.septa.org/picking/pdf/summer-a-2026/southern/paddles/saturday-paddles.pdf#page=107,https://www4.septa.org/picking/pdf/summer-a-2026/southern/paddles/saturday-paddles#page=107.pdf,https://www4.septa.org/picking/pdf/summer-a-2026/southern/trip-sheets/saturday-trip-sheets.pdf
SouthernSaturday501,501,Southern,1 of 2,109,Saturday,https://www4.septa.org/picking/pdf/summer-a-2026/southern/paddles/saturday-paddles.pdf#page=109,https://www4.septa.org/picking/pdf/summer-a-2026/southern/paddles/saturday-paddles#page=109.pdf,https://www4.septa.org/picking/pdf/summer-a-2026/southern/trip-sheets/saturday-trip-sheets.pdf
SouthernSaturday502,502,Southern,1 of 3,111,Saturday,https://www4.septa.org/picking/pdf/summer-a-2026/southern/paddles/saturday-paddles.pdf#page=111,https://www4.septa.org/picking/pdf/summer-a-2026/southern/paddles/saturday-paddles#page=111.pdf,https://www4.septa.org/picking/pdf/summer-a-2026/southern/trip-sheets/saturday-trip-sheets.pdf
SouthernSaturday503,503,Southern,1 of 2,114,Saturday,https://www4.septa.org/picking/pdf/summer-a-2026/southern/paddles/saturday-paddles.pdf#page=114,https://www4.septa.org/picking/pdf/summer-a-2026/southern/paddles/saturday-paddles#page=114.pdf,https://www4.septa.org/picking/pdf/summer-a-2026/southern/trip-sheets/saturday-trip-sheets.pdf
SouthernSaturday504,504,Southern,1 of 2,116,Saturday,https://www4.septa.org/picking/pdf/summer-a-2026/southern/paddles/saturday-paddles.pdf#page=116,https://www4.septa.org/picking/pdf/summer-a-2026/southern/paddles/saturday-paddles#page=116.pdf,https://www4.septa.org/picking/pdf/summer-a-2026/southern/trip-sheets/saturday-trip-sheets.pdf
SouthernSaturday601,601,Southern,1 of 2,118,Saturday,https://www4.septa.org/picking/pdf/summer-a-2026/southern/paddles/saturday-paddles.pdf#page=118,https://www4.septa.org/picking/pdf/summer-a-2026/southern/paddles/saturday-paddles#page=118.pdf,https://www4.septa.org/picking/pdf/summer-a-2026/southern/trip-sheets/saturday-trip-sheets.pdf
SouthernSaturday602,602,Southern,1 of 3,120,Saturday,https://www4.septa.org/picking/pdf/summer-a-2026/southern/paddles/saturday-paddles.pdf#page=120,https://www4.septa.org/picking/pdf/summer-a-2026/southern/paddles/saturday-paddles#page=120.pdf,https://www4.septa.org/picking/pdf/summer-a-2026/southern/trip-sheets/saturday-trip-sheets.pdf
SouthernSaturday603,603,Southern,1 of 3,123,Saturday,https://www4.septa.org/picking/pdf/summer-a-2026/southern/paddles/saturday-paddles.pdf#page=123,https://www4.septa.org/picking/pdf/summer-a-2026/southern/paddles/saturday-paddles#page=123.pdf,https://www4.septa.org/picking/pdf/summer-a-2026/southern/trip-sheets/saturday-trip-sheets.pdf
SouthernSaturday604,604,Southern,1 of 3,126,Saturday,https://www4.septa.org/picking/pdf/summer-a-2026/southern/paddles/saturday-paddles.pdf#page=126,https://www4.septa.org/picking/pdf/summer-a-2026/southern/paddles/saturday-paddles#page=126.pdf,https://www4.septa.org/picking/pdf/summer-a-2026/southern/trip-sheets/saturday-trip-sheets.pdf
SouthernSaturday605,605,Southern,1 of 3,129,Saturday,https://www4.septa.org/picking/pdf/summer-a-2026/southern/paddles/saturday-paddles.pdf#page=129,https://www4.septa.org/picking/pdf/summer-a-2026/southern/paddles/saturday-paddles#page=129.pdf,https://www4.septa.org/picking/pdf/summer-a-2026/southern/trip-sheets/saturday-trip-sheets.pdf
SouthernSaturday606,606,Southern,1 of 2,132,Saturday,https://www4.septa.org/picking/pdf/summer-a-2026/southern/paddles/saturday-paddles.pdf#page=132,https://www4.septa.org/picking/pdf/summer-a-2026/southern/paddles/saturday-paddles#page=132.pdf,https://www4.septa.org/picking/pdf/summer-a-2026/southern/trip-sheets/saturday-trip-sheets.pdf
SouthernSaturday607,607,Southern,1 of 3,134,Saturday,https://www4.septa.org/picking/pdf/summer-a-2026/southern/paddles/saturday-paddles.pdf#page=134,https://www4.septa.org/picking/pdf/summer-a-2026/southern/paddles/saturday-paddles#page=134.pdf,https://www4.septa.org/picking/pdf/summer-a-2026/southern/trip-sheets/saturday-trip-sheets.pdf
SouthernSaturday608,608,Southern,1 of 3,137,Saturday,https://www4.septa.org/picking/pdf/summer-a-2026/southern/paddles/saturday-paddles.pdf#page=137,https://www4.septa.org/picking/pdf/summer-a-2026/southern/paddles/saturday-paddles#page=137.pdf,https://www4.septa.org/picking/pdf/summer-a-2026/southern/trip-sheets/saturday-trip-sheets.pdf
SouthernSaturday609,609,Southern,1 of 2,140,Saturday,https://www4.septa.org/picking/pdf/summer-a-2026/southern/paddles/saturday-paddles.pdf#page=140,https://www4.septa.org/picking/pdf/summer-a-2026/southern/paddles/saturday-paddles#page=140.pdf,https://www4.septa.org/picking/pdf/summer-a-2026/southern/trip-sheets/saturday-trip-sheets.pdf
SouthernSaturday610,610,Southern,1 of 3,142,Saturday,https://www4.septa.org/picking/pdf/summer-a-2026/southern/paddles/saturday-paddles.pdf#page=142,https://www4.septa.org/picking/pdf/summer-a-2026/southern/paddles/saturday-paddles#page=142.pdf,https://www4.septa.org/picking/pdf/summer-a-2026/southern/trip-sheets/saturday-trip-sheets.pdf
SouthernSaturday611,611,Southern,1 of 3,145,Saturday,https://www4.septa.org/picking/pdf/summer-a-2026/southern/paddles/saturday-paddles.pdf#page=145,https://www4.septa.org/picking/pdf/summer-a-2026/southern/paddles/saturday-paddles#page=145.pdf,https://www4.septa.org/picking/pdf/summer-a-2026/southern/trip-sheets/saturday-trip-sheets.pdf
SouthernSaturday612,612,Southern,1 of 3,148,Saturday,https://www4.septa.org/picking/pdf/summer-a-2026/southern/paddles/saturday-paddles.pdf#page=148,https://www4.septa.org/picking/pdf/summer-a-2026/southern/paddles/saturday-paddles#page=148.pdf,https://www4.septa.org/picking/pdf/summer-a-2026/southern/trip-sheets/saturday-trip-sheets.pdf
SouthernSaturday613,613,Southern,1 of 2,151,Saturday,https://www4.septa.org/picking/pdf/summer-a-2026/southern/paddles/saturday-paddles.pdf#page=151,https://www4.septa.org/picking/pdf/summer-a-2026/southern/paddles/saturday-paddles#page=151.pdf,https://www4.septa.org/picking/pdf/summer-a-2026/southern/trip-sheets/saturday-trip-sheets.pdf
SouthernSaturday614,614,Southern,1 of 2,153,Saturday,https://www4.septa.org/picking/pdf/summer-a-2026/southern/paddles/saturday-paddles.pdf#page=153,https://www4.septa.org/picking/pdf/summer-a-2026/southern/paddles/saturday-paddles#page=153.pdf,https://www4.septa.org/picking/pdf/summer-a-2026/southern/trip-sheets/saturday-trip-sheets.pdf
SouthernSaturday615,615,Southern,1 of 3,155,Saturday,https://www4.septa.org/picking/pdf/summer-a-2026/southern/paddles/saturday-paddles.pdf#page=155,https://www4.septa.org/picking/pdf/summer-a-2026/southern/paddles/saturday-paddles#page=155.pdf,https://www4.septa.org/picking/pdf/summer-a-2026/southern/trip-sheets/saturday-trip-sheets.pdf
SouthernSaturday616,616,Southern,1 of 3,158,Saturday,https://www4.septa.org/picking/pdf/summer-a-2026/southern/paddles/saturday-paddles.pdf#page=158,https://www4.septa.org/picking/pdf/summer-a-2026/southern/paddles/saturday-paddles#page=158.pdf,https://www4.septa.org/picking/pdf/summer-a-2026/southern/trip-sheets/saturday-trip-sheets.pdf
SouthernSaturday617,617,Southern,1 of 3,161,Saturday,https://www4.septa.org/picking/pdf/summer-a-2026/southern/paddles/saturday-paddles.pdf#page=161,https://www4.septa.org/picking/pdf/summer-a-2026/southern/paddles/saturday-paddles#page=161.pdf,https://www4.septa.org/picking/pdf/summer-a-2026/southern/trip-sheets/saturday-trip-sheets.pdf
SouthernSaturday618,618,Southern,1 of 3,164,Saturday,https://www4.septa.org/picking/pdf/summer-a-2026/southern/paddles/saturday-paddles.pdf#page=164,https://www4.septa.org/picking/pdf/summer-a-2026/southern/paddles/saturday-paddles#page=164.pdf,https://www4.septa.org/picking/pdf/summer-a-2026/southern/trip-sheets/saturday-trip-sheets.pdf
SouthernSaturday619,619,Southern,1 of 3,167,Saturday,https://www4.septa.org/picking/pdf/summer-a-2026/southern/paddles/saturday-paddles.pdf#page=167,https://www4.septa.org/picking/pdf/summer-a-2026/southern/paddles/saturday-paddles#page=167.pdf,https://www4.septa.org/picking/pdf/summer-a-2026/southern/trip-sheets/saturday-trip-sheets.pdf
SouthernSaturday620,620,Southern,1 of 3,170,Saturday,https://www4.septa.org/picking/pdf/summer-a-2026/southern/paddles/saturday-paddles.pdf#page=170,https://www4.septa.org/picking/pdf/summer-a-2026/southern/paddles/saturday-paddles#page=170.pdf,https://www4.septa.org/picking/pdf/summer-a-2026/southern/trip-sheets/saturday-trip-sheets.pdf
SouthernSaturday701,701,Southern,1 of 2,173,Saturday,https://www4.septa.org/picking/pdf/summer-a-2026/southern/paddles/saturday-paddles.pdf#page=173,https://www4.septa.org/picking/pdf/summer-a-2026/southern/paddles/saturday-paddles#page=173.pdf,https://www4.septa.org/picking/pdf/summer-a-2026/southern/trip-sheets/saturday-trip-sheets.pdf
SouthernSaturday702,702,Southern,1 of 2,175,Saturday,https://www4.septa.org/picking/pdf/summer-a-2026/southern/paddles/saturday-paddles.pdf#page=175,https://www4.septa.org/picking/pdf/summer-a-2026/southern/paddles/saturday-paddles#page=175.pdf,https://www4.septa.org/picking/pdf/summer-a-2026/southern/trip-sheets/saturday-trip-sheets.pdf
SouthernSaturday703,703,Southern,1 of 2,177,Saturday,https://www4.septa.org/picking/pdf/summer-a-2026/southern/paddles/saturday-paddles.pdf#page=177,https://www4.septa.org/picking/pdf/summer-a-2026/southern/paddles/saturday-paddles#page=177.pdf,https://www4.septa.org/picking/pdf/summer-a-2026/southern/trip-sheets/saturday-trip-sheets.pdf
SouthernSaturday704,704,Southern,1 of 2,179,Saturday,https://www4.septa.org/picking/pdf/summer-a-2026/southern/paddles/saturday-paddles.pdf#page=179,https://www4.septa.org/picking/pdf/summer-a-2026/southern/paddles/saturday-paddles#page=179.pdf,https://www4.septa.org/picking/pdf/summer-a-2026/southern/trip-sheets/saturday-trip-sheets.pdf
SouthernSaturday705,705,Southern,1 of 2,181,Saturday,https://www4.septa.org/picking/pdf/summer-a-2026/southern/paddles/saturday-paddles.pdf#page=181,https://www4.septa.org/picking/pdf/summer-a-2026/southern/paddles/saturday-paddles#page=181.pdf,https://www4.septa.org/picking/pdf/summer-a-2026/southern/trip-sheets/saturday-trip-sheets.pdf
SouthernSaturday706,706,Southern,1 of 2,183,Saturday,https://www4.septa.org/picking/pdf/summer-a-2026/southern/paddles/saturday-paddles.pdf#page=183,https://www4.septa.org/picking/pdf/summer-a-2026/southern/paddles/saturday-paddles#page=183.pdf,https://www4.septa.org/picking/pdf/summer-a-2026/southern/trip-sheets/saturday-trip-sheets.pdf
SouthernSaturday751,751,Southern,1 of 2,185,Saturday,https://www4.septa.org/picking/pdf/summer-a-2026/southern/paddles/saturday-paddles.pdf#page=185,https://www4.septa.org/picking/pdf/summer-a-2026/southern/paddles/saturday-paddles#page=185.pdf,https://www4.septa.org/picking/pdf/summer-a-2026/southern/trip-sheets/saturday-trip-sheets.pdf
SouthernSaturday752,752,Southern,1 of 2,187,Saturday,https://www4.septa.org/picking/pdf/summer-a-2026/southern/paddles/saturday-paddles.pdf#page=187,https://www4.septa.org/picking/pdf/summer-a-2026/southern/paddles/saturday-paddles#page=187.pdf,https://www4.septa.org/picking/pdf/summer-a-2026/southern/trip-sheets/saturday-trip-sheets.pdf
SouthernSaturday753,753,Southern,1 of 2,189,Saturday,https://www4.septa.org/picking/pdf/summer-a-2026/southern/paddles/saturday-paddles.pdf#page=189,https://www4.septa.org/picking/pdf/summer-a-2026/southern/paddles/saturday-paddles#page=189.pdf,https://www4.septa.org/picking/pdf/summer-a-2026/southern/trip-sheets/saturday-trip-sheets.pdf
SouthernSaturday754,754,Southern,1 of 2,191,Saturday,https://www4.septa.org/picking/pdf/summer-a-2026/southern/paddles/saturday-paddles.pdf#page=191,https://www4.septa.org/picking/pdf/summer-a-2026/southern/paddles/saturday-paddles#page=191.pdf,https://www4.septa.org/picking/pdf/summer-a-2026/southern/trip-sheets/saturday-trip-sheets.pdf
SouthernSaturday755,755,Southern,1 of 2,193,Saturday,https://www4.septa.org/picking/pdf/summer-a-2026/southern/paddles/saturday-paddles.pdf#page=193,https://www4.septa.org/picking/pdf/summer-a-2026/southern/paddles/saturday-paddles#page=193.pdf,https://www4.septa.org/picking/pdf/summer-a-2026/southern/trip-sheets/saturday-trip-sheets.pdf
SouthernSaturday756,756,Southern,1 of 1,195,Saturday,https://www4.septa.org/picking/pdf/summer-a-2026/southern/paddles/saturday-paddles.pdf#page=195,https://www4.septa.org/picking/pdf/summer-a-2026/southern/paddles/saturday-paddles#page=195.pdf,https://www4.septa.org/picking/pdf/summer-a-2026/southern/trip-sheets/saturday-trip-sheets.pdf
SouthernSaturday757,757,Southern,1 of 2,196,Saturday,https://www4.septa.org/picking/pdf/summer-a-2026/southern/paddles/saturday-paddles.pdf#page=196,https://www4.septa.org/picking/pdf/summer-a-2026/southern/paddles/saturday-paddles#page=196.pdf,https://www4.septa.org/picking/pdf/summer-a-2026/southern/trip-sheets/saturday-trip-sheets.pdf
SouthernSaturday758,758,Southern,1 of 2,198,Saturday,https://www4.septa.org/picking/pdf/summer-a-2026/southern/paddles/saturday-paddles.pdf#page=198,https://www4.septa.org/picking/pdf/summer-a-2026/southern/paddles/saturday-paddles#page=198.pdf,https://www4.septa.org/picking/pdf/summer-a-2026/southern/trip-sheets/saturday-trip-sheets.pdf
SouthernSaturday759,759,Southern,1 of 2,200,Saturday,https://www4.septa.org/picking/pdf/summer-a-2026/southern/paddles/saturday-paddles.pdf#page=200,https://www4.septa.org/picking/pdf/summer-a-2026/southern/paddles/saturday-paddles#page=200.pdf,https://www4.septa.org/picking/pdf/summer-a-2026/southern/trip-sheets/saturday-trip-sheets.pdf
SouthernSaturday760,760,Southern,1 of 2,202,Saturday,https://www4.septa.org/picking/pdf/summer-a-2026/southern/paddles/saturday-paddles.pdf#page=202,https://www4.septa.org/picking/pdf/summer-a-2026/southern/paddles/saturday-paddles#page=202.pdf,https://www4.septa.org/picking/pdf/summer-a-2026/southern/trip-sheets/saturday-trip-sheets.pdf
SouthernSaturday761,761,Southern,1 of 1,204,Saturday,https://www4.septa.org/picking/pdf/summer-a-2026/southern/paddles/saturday-paddles.pdf#page=204,https://www4.septa.org/picking/pdf/summer-a-2026/southern/paddles/saturday-paddles#page=204.pdf,https://www4.septa.org/picking/pdf/summer-a-2026/southern/trip-sheets/saturday-trip-sheets.pdf
SouthernSaturday762,762,Southern,1 of 1,205,Saturday,https://www4.septa.org/picking/pdf/summer-a-2026/southern/paddles/saturday-paddles.pdf#page=205,https://www4.septa.org/picking/pdf/summer-a-2026/southern/paddles/saturday-paddles#page=205.pdf,https://www4.septa.org/picking/pdf/summer-a-2026/southern/trip-sheets/saturday-trip-sheets.pdf
SouthernSaturday763,763,Southern,1 of 2,206,Saturday,https://www4.septa.org/picking/pdf/summer-a-2026/southern/paddles/saturday-paddles.pdf#page=206,https://www4.septa.org/picking/pdf/summer-a-2026/southern/paddles/saturday-paddles#page=206.pdf,https://www4.septa.org/picking/pdf/summer-a-2026/southern/trip-sheets/saturday-trip-sheets.pdf
SouthernSaturday801,801,Southern,1 of 3,208,Saturday,https://www4.septa.org/picking/pdf/summer-a-2026/southern/paddles/saturday-paddles.pdf#page=208,https://www4.septa.org/picking/pdf/summer-a-2026/southern/paddles/saturday-paddles#page=208.pdf,https://www4.septa.org/picking/pdf/summer-a-2026/southern/trip-sheets/saturday-trip-sheets.pdf
SouthernSaturday802,802,Southern,1 of 3,211,Saturday,https://www4.septa.org/picking/pdf/summer-a-2026/southern/paddles/saturday-paddles.pdf#page=211,https://www4.septa.org/picking/pdf/summer-a-2026/southern/paddles/saturday-paddles#page=211.pdf,https://www4.septa.org/picking/pdf/summer-a-2026/southern/trip-sheets/saturday-trip-sheets.pdf
SouthernSaturday803,803,Southern,1 of 2,214,Saturday,https://www4.septa.org/picking/pdf/summer-a-2026/southern/paddles/saturday-paddles.pdf#page=214,https://www4.septa.org/picking/pdf/summer-a-2026/southern/paddles/saturday-paddles#page=214.pdf,https://www4.septa.org/picking/pdf/summer-a-2026/southern/trip-sheets/saturday-trip-sheets.pdf
SouthernSaturday804,804,Southern,1 of 3,216,Saturday,https://www4.septa.org/picking/pdf/summer-a-2026/southern/paddles/saturday-paddles.pdf#page=216,https://www4.septa.org/picking/pdf/summer-a-2026/southern/paddles/saturday-paddles#page=216.pdf,https://www4.septa.org/picking/pdf/summer-a-2026/southern/trip-sheets/saturday-trip-sheets.pdf
SouthernSaturday805,805,Southern,1 of 2,219,Saturday,https://www4.septa.org/picking/pdf/summer-a-2026/southern/paddles/saturday-paddles.pdf#page=219,https://www4.septa.org/picking/pdf/summer-a-2026/southern/paddles/saturday-paddles#page=219.pdf,https://www4.septa.org/picking/pdf/summer-a-2026/southern/trip-sheets/saturday-trip-sheets.pdf
SouthernSaturday806,806,Southern,1 of 3,221,Saturday,https://www4.septa.org/picking/pdf/summer-a-2026/southern/paddles/saturday-paddles.pdf#page=221,https://www4.septa.org/picking/pdf/summer-a-2026/southern/paddles/saturday-paddles#page=221.pdf,https://www4.septa.org/picking/pdf/summer-a-2026/southern/trip-sheets/saturday-trip-sheets.pdf
SouthernSaturday807,807,Southern,1 of 2,224,Saturday,https://www4.septa.org/picking/pdf/summer-a-2026/southern/paddles/saturday-paddles.pdf#page=224,https://www4.septa.org/picking/pdf/summer-a-2026/southern/paddles/saturday-paddles#page=224.pdf,https://www4.septa.org/picking/pdf/summer-a-2026/southern/trip-sheets/saturday-trip-sheets.pdf
SouthernSaturday808,808,Southern,1 of 2,226,Saturday,https://www4.septa.org/picking/pdf/summer-a-2026/southern/paddles/saturday-paddles.pdf#page=226,https://www4.septa.org/picking/pdf/summer-a-2026/southern/paddles/saturday-paddles#page=226.pdf,https://www4.septa.org/picking/pdf/summer-a-2026/southern/trip-sheets/saturday-trip-sheets.pdf
SouthernSaturday809,809,Southern,1 of 2,228,Saturday,https://www4.septa.org/picking/pdf/summer-a-2026/southern/paddles/saturday-paddles.pdf#page=228,https://www4.septa.org/picking/pdf/summer-a-2026/southern/paddles/saturday-paddles#page=228.pdf,https://www4.septa.org/picking/pdf/summer-a-2026/southern/trip-sheets/saturday-trip-sheets.pdf
SouthernSaturday810,810,Southern,1 of 2,230,Saturday,https://www4.septa.org/picking/pdf/summer-a-2026/southern/paddles/saturday-paddles.pdf#page=230,https://www4.septa.org/picking/pdf/summer-a-2026/southern/paddles/saturday-paddles#page=230.pdf,https://www4.septa.org/picking/pdf/summer-a-2026/southern/trip-sheets/saturday-trip-sheets.pdf
SouthernSaturday851,851,Southern,1 of 2,232,Saturday,https://www4.septa.org/picking/pdf/summer-a-2026/southern/paddles/saturday-paddles.pdf#page=232,https://www4.septa.org/picking/pdf/summer-a-2026/southern/paddles/saturday-paddles#page=232.pdf,https://www4.septa.org/picking/pdf/summer-a-2026/southern/trip-sheets/saturday-trip-sheets.pdf
SouthernSaturday852,852,Southern,1 of 2,234,Saturday,https://www4.septa.org/picking/pdf/summer-a-2026/southern/paddles/saturday-paddles.pdf#page=234,https://www4.septa.org/picking/pdf/summer-a-2026/southern/paddles/saturday-paddles#page=234.pdf,https://www4.septa.org/picking/pdf/summer-a-2026/southern/trip-sheets/saturday-trip-sheets.pdf
SouthernSaturday853,853,Southern,1 of 2,236,Saturday,https://www4.septa.org/picking/pdf/summer-a-2026/southern/paddles/saturday-paddles.pdf#page=236,https://www4.septa.org/picking/pdf/summer-a-2026/southern/paddles/saturday-paddles#page=236.pdf,https://www4.septa.org/picking/pdf/summer-a-2026/southern/trip-sheets/saturday-trip-sheets.pdf
SouthernSaturday854,854,Southern,1 of 2,238,Saturday,https://www4.septa.org/picking/pdf/summer-a-2026/southern/paddles/saturday-paddles.pdf#page=238,https://www4.septa.org/picking/pdf/summer-a-2026/southern/paddles/saturday-paddles#page=238.pdf,https://www4.septa.org/picking/pdf/summer-a-2026/southern/trip-sheets/saturday-trip-sheets.pdf
SouthernSaturday855,855,Southern,1 of 2,240,Saturday,https://www4.septa.org/picking/pdf/summer-a-2026/southern/paddles/saturday-paddles.pdf#page=240,https://www4.septa.org/picking/pdf/summer-a-2026/southern/paddles/saturday-paddles#page=240.pdf,https://www4.septa.org/picking/pdf/summer-a-2026/southern/trip-sheets/saturday-trip-sheets.pdf
SouthernSaturday856,856,Southern,1 of 2,242,Saturday,https://www4.septa.org/picking/pdf/summer-a-2026/southern/paddles/saturday-paddles.pdf#page=242,https://www4.septa.org/picking/pdf/summer-a-2026/southern/paddles/saturday-paddles#page=242.pdf,https://www4.septa.org/picking/pdf/summer-a-2026/southern/trip-sheets/saturday-trip-sheets.pdf
SouthernSaturday857,857,Southern,1 of 2,244,Saturday,https://www4.septa.org/picking/pdf/summer-a-2026/southern/paddles/saturday-paddles.pdf#page=244,https://www4.septa.org/picking/pdf/summer-a-2026/southern/paddles/saturday-paddles#page=244.pdf,https://www4.septa.org/picking/pdf/summer-a-2026/southern/trip-sheets/saturday-trip-sheets.pdf
SouthernSaturday858,858,Southern,1 of 2,246,Saturday,https://www4.septa.org/picking/pdf/summer-a-2026/southern/paddles/saturday-paddles.pdf#page=246,https://www4.septa.org/picking/pdf/summer-a-2026/southern/paddles/saturday-paddles#page=246.pdf,https://www4.septa.org/picking/pdf/summer-a-2026/southern/trip-sheets/saturday-trip-sheets.pdf
SouthernSaturday859,859,Southern,1 of 2,248,Saturday,https://www4.septa.org/picking/pdf/summer-a-2026/southern/paddles/saturday-paddles.pdf#page=248,https://www4.septa.org/picking/pdf/summer-a-2026/southern/paddles/saturday-paddles#page=248.pdf,https://www4.septa.org/picking/pdf/summer-a-2026/southern/trip-sheets/saturday-trip-sheets.pdf
SouthernSaturday901,901,Southern,1 of 2,250,Saturday,https://www4.septa.org/picking/pdf/summer-a-2026/southern/paddles/saturday-paddles.pdf#page=250,https://www4.septa.org/picking/pdf/summer-a-2026/southern/paddles/saturday-paddles#page=250.pdf,https://www4.septa.org/picking/pdf/summer-a-2026/southern/trip-sheets/saturday-trip-sheets.pdf
SouthernSaturday902,902,Southern,1 of 2,252,Saturday,https://www4.septa.org/picking/pdf/summer-a-2026/southern/paddles/saturday-paddles.pdf#page=252,https://www4.septa.org/picking/pdf/summer-a-2026/southern/paddles/saturday-paddles#page=252.pdf,https://www4.septa.org/picking/pdf/summer-a-2026/southern/trip-sheets/saturday-trip-sheets.pdf
SouthernSaturday903,903,Southern,1 of 2,254,Saturday,https://www4.septa.org/picking/pdf/summer-a-2026/southern/paddles/saturday-paddles.pdf#page=254,https://www4.septa.org/picking/pdf/summer-a-2026/southern/paddles/saturday-paddles#page=254.pdf,https://www4.septa.org/picking/pdf/summer-a-2026/southern/trip-sheets/saturday-trip-sheets.pdf
SouthernSaturday904,904,Southern,1 of 2,256,Saturday,https://www4.septa.org/picking/pdf/summer-a-2026/southern/paddles/saturday-paddles.pdf#page=256,https://www4.septa.org/picking/pdf/summer-a-2026/southern/paddles/saturday-paddles#page=256.pdf,https://www4.septa.org/picking/pdf/summer-a-2026/southern/trip-sheets/saturday-trip-sheets.pdf
SouthernSaturday905,905,Southern,1 of 2,258,Saturday,https://www4.septa.org/picking/pdf/summer-a-2026/southern/paddles/saturday-paddles.pdf#page=258,https://www4.septa.org/picking/pdf/summer-a-2026/southern/paddles/saturday-paddles#page=258.pdf,https://www4.septa.org/picking/pdf/summer-a-2026/southern/trip-sheets/saturday-trip-sheets.pdf
SouthernSaturday951,951,Southern,1 of 2,260,Saturday,https://www4.septa.org/picking/pdf/summer-a-2026/southern/paddles/saturday-paddles.pdf#page=260,https://www4.septa.org/picking/pdf/summer-a-2026/southern/paddles/saturday-paddles#page=260.pdf,https://www4.septa.org/picking/pdf/summer-a-2026/southern/trip-sheets/saturday-trip-sheets.pdf
SouthernSaturday952,952,Southern,1 of 2,262,Saturday,https://www4.septa.org/picking/pdf/summer-a-2026/southern/paddles/saturday-paddles.pdf#page=262,https://www4.septa.org/picking/pdf/summer-a-2026/southern/paddles/saturday-paddles#page=262.pdf,https://www4.septa.org/picking/pdf/summer-a-2026/southern/trip-sheets/saturday-trip-sheets.pdf
SouthernSaturday953,953,Southern,1 of 2,264,Saturday,https://www4.septa.org/picking/pdf/summer-a-2026/southern/paddles/saturday-paddles.pdf#page=264,https://www4.septa.org/picking/pdf/summer-a-2026/southern/paddles/saturday-paddles#page=264.pdf,https://www4.septa.org/picking/pdf/summer-a-2026/southern/trip-sheets/saturday-trip-sheets.pdf
SouthernSaturday954,954,Southern,1 of 2,266,Saturday,https://www4.septa.org/picking/pdf/summer-a-2026/southern/paddles/saturday-paddles.pdf#page=266,https://www4.septa.org/picking/pdf/summer-a-2026/southern/paddles/saturday-paddles#page=266.pdf,https://www4.septa.org/picking/pdf/summer-a-2026/southern/trip-sheets/saturday-trip-sheets.pdf
SouthernSaturday955,955,Southern,1 of 2,268,Saturday,https://www4.septa.org/picking/pdf/summer-a-2026/southern/paddles/saturday-paddles.pdf#page=268,https://www4.septa.org/picking/pdf/summer-a-2026/southern/paddles/saturday-paddles#page=268.pdf,https://www4.septa.org/picking/pdf/summer-a-2026/southern/trip-sheets/saturday-trip-sheets.pdf
SouthernSaturday956,956,Southern,1 of 2,270,Saturday,https://www4.septa.org/picking/pdf/summer-a-2026/southern/paddles/saturday-paddles.pdf#page=270,https://www4.septa.org/picking/pdf/summer-a-2026/southern/paddles/saturday-paddles#page=270.pdf,https://www4.septa.org/picking/pdf/summer-a-2026/southern/trip-sheets/saturday-trip-sheets.pdf
SouthernSunday1,1,Southern,1 of 2,1,Sunday,https://www4.septa.org/picking/pdf/summer-a-2026/southern/paddles/sunday-paddles.pdf#page=1,https://www4.septa.org/picking/pdf/summer-a-2026/southern/paddles/sunday-paddles#page=1.pdf,https://www4.septa.org/picking/pdf/summer-a-2026/southern/trip-sheets/sunday-trip-sheets.pdf
SouthernSunday2,2,Southern,1 of 2,3,Sunday,https://www4.septa.org/picking/pdf/summer-a-2026/southern/paddles/sunday-paddles.pdf#page=3,https://www4.septa.org/picking/pdf/summer-a-2026/southern/paddles/sunday-paddles#page=3.pdf,https://www4.septa.org/picking/pdf/summer-a-2026/southern/trip-sheets/sunday-trip-sheets.pdf
SouthernSunday3,3,Southern,1 of 2,5,Sunday,https://www4.septa.org/picking/pdf/summer-a-2026/southern/paddles/sunday-paddles.pdf#page=5,https://www4.septa.org/picking/pdf/summer-a-2026/southern/paddles/sunday-paddles#page=5.pdf,https://www4.septa.org/picking/pdf/summer-a-2026/southern/trip-sheets/sunday-trip-sheets.pdf
SouthernSunday4,4,Southern,1 of 2,7,Sunday,https://www4.septa.org/picking/pdf/summer-a-2026/southern/paddles/sunday-paddles.pdf#page=7,https://www4.septa.org/picking/pdf/summer-a-2026/southern/paddles/sunday-paddles#page=7.pdf,https://www4.septa.org/picking/pdf/summer-a-2026/southern/trip-sheets/sunday-trip-sheets.pdf
SouthernSunday5,5,Southern,1 of 2,9,Sunday,https://www4.septa.org/picking/pdf/summer-a-2026/southern/paddles/sunday-paddles.pdf#page=9,https://www4.septa.org/picking/pdf/summer-a-2026/southern/paddles/sunday-paddles#page=9.pdf,https://www4.septa.org/picking/pdf/summer-a-2026/southern/trip-sheets/sunday-trip-sheets.pdf
SouthernSunday6,6,Southern,1 of 2,11,Sunday,https://www4.septa.org/picking/pdf/summer-a-2026/southern/paddles/sunday-paddles.pdf#page=11,https://www4.septa.org/picking/pdf/summer-a-2026/southern/paddles/sunday-paddles#page=11.pdf,https://www4.septa.org/picking/pdf/summer-a-2026/southern/trip-sheets/sunday-trip-sheets.pdf
SouthernSunday51,51,Southern,1 of 2,13,Sunday,https://www4.septa.org/picking/pdf/summer-a-2026/southern/paddles/sunday-paddles.pdf#page=13,https://www4.septa.org/picking/pdf/summer-a-2026/southern/paddles/sunday-paddles#page=13.pdf,https://www4.septa.org/picking/pdf/summer-a-2026/southern/trip-sheets/sunday-trip-sheets.pdf
SouthernSunday52,52,Southern,1 of 3,15,Sunday,https://www4.septa.org/picking/pdf/summer-a-2026/southern/paddles/sunday-paddles.pdf#page=15,https://www4.septa.org/picking/pdf/summer-a-2026/southern/paddles/sunday-paddles#page=15.pdf,https://www4.septa.org/picking/pdf/summer-a-2026/southern/trip-sheets/sunday-trip-sheets.pdf
SouthernSunday101,101,Southern,1 of 2,18,Sunday,https://www4.septa.org/picking/pdf/summer-a-2026/southern/paddles/sunday-paddles.pdf#page=18,https://www4.septa.org/picking/pdf/summer-a-2026/southern/paddles/sunday-paddles#page=18.pdf,https://www4.septa.org/picking/pdf/summer-a-2026/southern/trip-sheets/sunday-trip-sheets.pdf
SouthernSunday102,102,Southern,1 of 1,20,Sunday,https://www4.septa.org/picking/pdf/summer-a-2026/southern/paddles/sunday-paddles.pdf#page=20,https://www4.septa.org/picking/pdf/summer-a-2026/southern/paddles/sunday-paddles#page=20.pdf,https://www4.septa.org/picking/pdf/summer-a-2026/southern/trip-sheets/sunday-trip-sheets.pdf
SouthernSunday103,103,Southern,1 of 1,21,Sunday,https://www4.septa.org/picking/pdf/summer-a-2026/southern/paddles/sunday-paddles.pdf#page=21,https://www4.septa.org/picking/pdf/summer-a-2026/southern/paddles/sunday-paddles#page=21.pdf,https://www4.septa.org/picking/pdf/summer-a-2026/southern/trip-sheets/sunday-trip-sheets.pdf
SouthernSunday104,104,Southern,1 of 1,22,Sunday,https://www4.septa.org/picking/pdf/summer-a-2026/southern/paddles/sunday-paddles.pdf#page=22,https://www4.septa.org/picking/pdf/summer-a-2026/southern/paddles/sunday-paddles#page=22.pdf,https://www4.septa.org/picking/pdf/summer-a-2026/southern/trip-sheets/sunday-trip-sheets.pdf
SouthernSunday105,105,Southern,1 of 1,23,Sunday,https://www4.septa.org/picking/pdf/summer-a-2026/southern/paddles/sunday-paddles.pdf#page=23,https://www4.septa.org/picking/pdf/summer-a-2026/southern/paddles/sunday-paddles#page=23.pdf,https://www4.septa.org/picking/pdf/summer-a-2026/southern/trip-sheets/sunday-trip-sheets.pdf
SouthernSunday201,201,Southern,1 of 2,24,Sunday,https://www4.septa.org/picking/pdf/summer-a-2026/southern/paddles/sunday-paddles.pdf#page=24,https://www4.septa.org/picking/pdf/summer-a-2026/southern/paddles/sunday-paddles#page=24.pdf,https://www4.septa.org/picking/pdf/summer-a-2026/southern/trip-sheets/sunday-trip-sheets.pdf
SouthernSunday202,202,Southern,1 of 2,26,Sunday,https://www4.septa.org/picking/pdf/summer-a-2026/southern/paddles/sunday-paddles.pdf#page=26,https://www4.septa.org/picking/pdf/summer-a-2026/southern/paddles/sunday-paddles#page=26.pdf,https://www4.septa.org/picking/pdf/summer-a-2026/southern/trip-sheets/sunday-trip-sheets.pdf
SouthernSunday203,203,Southern,1 of 2,28,Sunday,https://www4.septa.org/picking/pdf/summer-a-2026/southern/paddles/sunday-paddles.pdf#page=28,https://www4.septa.org/picking/pdf/summer-a-2026/southern/paddles/sunday-paddles#page=28.pdf,https://www4.septa.org/picking/pdf/summer-a-2026/southern/trip-sheets/sunday-trip-sheets.pdf
SouthernSunday204,204,Southern,1 of 1,30,Sunday,https://www4.septa.org/picking/pdf/summer-a-2026/southern/paddles/sunday-paddles.pdf#page=30,https://www4.septa.org/picking/pdf/summer-a-2026/southern/paddles/sunday-paddles#page=30.pdf,https://www4.septa.org/picking/pdf/summer-a-2026/southern/trip-sheets/sunday-trip-sheets.pdf
SouthernSunday205,205,Southern,1 of 2,31,Sunday,https://www4.septa.org/picking/pdf/summer-a-2026/southern/paddles/sunday-paddles.pdf#page=31,https://www4.septa.org/picking/pdf/summer-a-2026/southern/paddles/sunday-paddles#page=31.pdf,https://www4.septa.org/picking/pdf/summer-a-2026/southern/trip-sheets/sunday-trip-sheets.pdf
SouthernSunday206,206,Southern,1 of 2,33,Sunday,https://www4.septa.org/picking/pdf/summer-a-2026/southern/paddles/sunday-paddles.pdf#page=33,https://www4.septa.org/picking/pdf/summer-a-2026/southern/paddles/sunday-paddles#page=33.pdf,https://www4.septa.org/picking/pdf/summer-a-2026/southern/trip-sheets/sunday-trip-sheets.pdf
SouthernSunday207,207,Southern,1 of 1,35,Sunday,https://www4.septa.org/picking/pdf/summer-a-2026/southern/paddles/sunday-paddles.pdf#page=35,https://www4.septa.org/picking/pdf/summer-a-2026/southern/paddles/sunday-paddles#page=35.pdf,https://www4.septa.org/picking/pdf/summer-a-2026/southern/trip-sheets/sunday-trip-sheets.pdf
SouthernSunday208,208,Southern,1 of 2,36,Sunday,https://www4.septa.org/picking/pdf/summer-a-2026/southern/paddles/sunday-paddles.pdf#page=36,https://www4.septa.org/picking/pdf/summer-a-2026/southern/paddles/sunday-paddles#page=36.pdf,https://www4.septa.org/picking/pdf/summer-a-2026/southern/trip-sheets/sunday-trip-sheets.pdf
SouthernSunday209,209,Southern,1 of 2,38,Sunday,https://www4.septa.org/picking/pdf/summer-a-2026/southern/paddles/sunday-paddles.pdf#page=38,https://www4.septa.org/picking/pdf/summer-a-2026/southern/paddles/sunday-paddles#page=38.pdf,https://www4.septa.org/picking/pdf/summer-a-2026/southern/trip-sheets/sunday-trip-sheets.pdf
SouthernSunday210,210,Southern,1 of 1,40,Sunday,https://www4.septa.org/picking/pdf/summer-a-2026/southern/paddles/sunday-paddles.pdf#page=40,https://www4.septa.org/picking/pdf/summer-a-2026/southern/paddles/sunday-paddles#page=40.pdf,https://www4.septa.org/picking/pdf/summer-a-2026/southern/trip-sheets/sunday-trip-sheets.pdf
SouthernSunday275,275,Southern,1 of 3,41,Sunday,https://www4.septa.org/picking/pdf/summer-a-2026/southern/paddles/sunday-paddles.pdf#page=41,https://www4.septa.org/picking/pdf/summer-a-2026/southern/paddles/sunday-paddles#page=41.pdf,https://www4.septa.org/picking/pdf/summer-a-2026/southern/trip-sheets/sunday-trip-sheets.pdf
SouthernSunday276,276,Southern,1 of 3,44,Sunday,https://www4.septa.org/picking/pdf/summer-a-2026/southern/paddles/sunday-paddles.pdf#page=44,https://www4.septa.org/picking/pdf/summer-a-2026/southern/paddles/sunday-paddles#page=44.pdf,https://www4.septa.org/picking/pdf/summer-a-2026/southern/trip-sheets/sunday-trip-sheets.pdf
SouthernSunday277,277,Southern,1 of 2,47,Sunday,https://www4.septa.org/picking/pdf/summer-a-2026/southern/paddles/sunday-paddles.pdf#page=47,https://www4.septa.org/picking/pdf/summer-a-2026/southern/paddles/sunday-paddles#page=47.pdf,https://www4.septa.org/picking/pdf/summer-a-2026/southern/trip-sheets/sunday-trip-sheets.pdf
SouthernSunday278,278,Southern,1 of 4,49,Sunday,https://www4.septa.org/picking/pdf/summer-a-2026/southern/paddles/sunday-paddles.pdf#page=49,https://www4.septa.org/picking/pdf/summer-a-2026/southern/paddles/sunday-paddles#page=49.pdf,https://www4.septa.org/picking/pdf/summer-a-2026/southern/trip-sheets/sunday-trip-sheets.pdf
SouthernSunday279,279,Southern,1 of 2,53,Sunday,https://www4.septa.org/picking/pdf/summer-a-2026/southern/paddles/sunday-paddles.pdf#page=53,https://www4.septa.org/picking/pdf/summer-a-2026/southern/paddles/sunday-paddles#page=53.pdf,https://www4.septa.org/picking/pdf/summer-a-2026/southern/trip-sheets/sunday-trip-sheets.pdf
SouthernSunday280,280,Southern,1 of 2,55,Sunday,https://www4.septa.org/picking/pdf/summer-a-2026/southern/paddles/sunday-paddles.pdf#page=55,https://www4.septa.org/picking/pdf/summer-a-2026/southern/paddles/sunday-paddles#page=55.pdf,https://www4.septa.org/picking/pdf/summer-a-2026/southern/trip-sheets/sunday-trip-sheets.pdf
SouthernSunday281,281,Southern,1 of 2,57,Sunday,https://www4.septa.org/picking/pdf/summer-a-2026/southern/paddles/sunday-paddles.pdf#page=57,https://www4.septa.org/picking/pdf/summer-a-2026/southern/paddles/sunday-paddles#page=57.pdf,https://www4.septa.org/picking/pdf/summer-a-2026/southern/trip-sheets/sunday-trip-sheets.pdf
SouthernSunday301,301,Southern,1 of 2,59,Sunday,https://www4.septa.org/picking/pdf/summer-a-2026/southern/paddles/sunday-paddles.pdf#page=59,https://www4.septa.org/picking/pdf/summer-a-2026/southern/paddles/sunday-paddles#page=59.pdf,https://www4.septa.org/picking/pdf/summer-a-2026/southern/trip-sheets/sunday-trip-sheets.pdf
SouthernSunday302,302,Southern,1 of 2,61,Sunday,https://www4.septa.org/picking/pdf/summer-a-2026/southern/paddles/sunday-paddles.pdf#page=61,https://www4.septa.org/picking/pdf/summer-a-2026/southern/paddles/sunday-paddles#page=61.pdf,https://www4.septa.org/picking/pdf/summer-a-2026/southern/trip-sheets/sunday-trip-sheets.pdf
SouthernSunday303,303,Southern,1 of 2,63,Sunday,https://www4.septa.org/picking/pdf/summer-a-2026/southern/paddles/sunday-paddles.pdf#page=63,https://www4.septa.org/picking/pdf/summer-a-2026/southern/paddles/sunday-paddles#page=63.pdf,https://www4.septa.org/picking/pdf/summer-a-2026/southern/trip-sheets/sunday-trip-sheets.pdf
SouthernSunday304,304,Southern,1 of 2,65,Sunday,https://www4.septa.org/picking/pdf/summer-a-2026/southern/paddles/sunday-paddles.pdf#page=65,https://www4.septa.org/picking/pdf/summer-a-2026/southern/paddles/sunday-paddles#page=65.pdf,https://www4.septa.org/picking/pdf/summer-a-2026/southern/trip-sheets/sunday-trip-sheets.pdf
SouthernSunday305,305,Southern,1 of 2,67,Sunday,https://www4.septa.org/picking/pdf/summer-a-2026/southern/paddles/sunday-paddles.pdf#page=67,https://www4.septa.org/picking/pdf/summer-a-2026/southern/paddles/sunday-paddles#page=67.pdf,https://www4.septa.org/picking/pdf/summer-a-2026/southern/trip-sheets/sunday-trip-sheets.pdf
SouthernSunday306,306,Southern,1 of 2,69,Sunday,https://www4.septa.org/picking/pdf/summer-a-2026/southern/paddles/sunday-paddles.pdf#page=69,https://www4.septa.org/picking/pdf/summer-a-2026/southern/paddles/sunday-paddles#page=69.pdf,https://www4.septa.org/picking/pdf/summer-a-2026/southern/trip-sheets/sunday-trip-sheets.pdf
SouthernSunday307,307,Southern,1 of 2,71,Sunday,https://www4.septa.org/picking/pdf/summer-a-2026/southern/paddles/sunday-paddles.pdf#page=71,https://www4.septa.org/picking/pdf/summer-a-2026/southern/paddles/sunday-paddles#page=71.pdf,https://www4.septa.org/picking/pdf/summer-a-2026/southern/trip-sheets/sunday-trip-sheets.pdf
SouthernSunday351,351,Southern,1 of 2,73,Sunday,https://www4.septa.org/picking/pdf/summer-a-2026/southern/paddles/sunday-paddles.pdf#page=73,https://www4.septa.org/picking/pdf/summer-a-2026/southern/paddles/sunday-paddles#page=73.pdf,https://www4.septa.org/picking/pdf/summer-a-2026/southern/trip-sheets/sunday-trip-sheets.pdf
SouthernSunday352,352,Southern,1 of 1,75,Sunday,https://www4.septa.org/picking/pdf/summer-a-2026/southern/paddles/sunday-paddles.pdf#page=75,https://www4.septa.org/picking/pdf/summer-a-2026/southern/paddles/sunday-paddles#page=75.pdf,https://www4.septa.org/picking/pdf/summer-a-2026/southern/trip-sheets/sunday-trip-sheets.pdf
SouthernSunday353,353,Southern,1 of 2,76,Sunday,https://www4.septa.org/picking/pdf/summer-a-2026/southern/paddles/sunday-paddles.pdf#page=76,https://www4.septa.org/picking/pdf/summer-a-2026/southern/paddles/sunday-paddles#page=76.pdf,https://www4.septa.org/picking/pdf/summer-a-2026/southern/trip-sheets/sunday-trip-sheets.pdf
SouthernSunday354,354,Southern,1 of 2,78,Sunday,https://www4.septa.org/picking/pdf/summer-a-2026/southern/paddles/sunday-paddles.pdf#page=78,https://www4.septa.org/picking/pdf/summer-a-2026/southern/paddles/sunday-paddles#page=78.pdf,https://www4.septa.org/picking/pdf/summer-a-2026/southern/trip-sheets/sunday-trip-sheets.pdf
SouthernSunday451,451,Southern,1 of 2,80,Sunday,https://www4.septa.org/picking/pdf/summer-a-2026/southern/paddles/sunday-paddles.pdf#page=80,https://www4.septa.org/picking/pdf/summer-a-2026/southern/paddles/sunday-paddles#page=80.pdf,https://www4.septa.org/picking/pdf/summer-a-2026/southern/trip-sheets/sunday-trip-sheets.pdf
SouthernSunday452,452,Southern,1 of 2,82,Sunday,https://www4.septa.org/picking/pdf/summer-a-2026/southern/paddles/sunday-paddles.pdf#page=82,https://www4.septa.org/picking/pdf/summer-a-2026/southern/paddles/sunday-paddles#page=82.pdf,https://www4.septa.org/picking/pdf/summer-a-2026/southern/trip-sheets/sunday-trip-sheets.pdf
SouthernSunday453,453,Southern,1 of 2,84,Sunday,https://www4.septa.org/picking/pdf/summer-a-2026/southern/paddles/sunday-paddles.pdf#page=84,https://www4.septa.org/picking/pdf/summer-a-2026/southern/paddles/sunday-paddles#page=84.pdf,https://www4.septa.org/picking/pdf/summer-a-2026/southern/trip-sheets/sunday-trip-sheets.pdf
SouthernSunday454,454,Southern,1 of 3,86,Sunday,https://www4.septa.org/picking/pdf/summer-a-2026/southern/paddles/sunday-paddles.pdf#page=86,https://www4.septa.org/picking/pdf/summer-a-2026/southern/paddles/sunday-paddles#page=86.pdf,https://www4.septa.org/picking/pdf/summer-a-2026/southern/trip-sheets/sunday-trip-sheets.pdf
SouthernSunday501,501,Southern,1 of 2,89,Sunday,https://www4.septa.org/picking/pdf/summer-a-2026/southern/paddles/sunday-paddles.pdf#page=89,https://www4.septa.org/picking/pdf/summer-a-2026/southern/paddles/sunday-paddles#page=89.pdf,https://www4.septa.org/picking/pdf/summer-a-2026/southern/trip-sheets/sunday-trip-sheets.pdf
SouthernSunday502,502,Southern,1 of 2,91,Sunday,https://www4.septa.org/picking/pdf/summer-a-2026/southern/paddles/sunday-paddles.pdf#page=91,https://www4.septa.org/picking/pdf/summer-a-2026/southern/paddles/sunday-paddles#page=91.pdf,https://www4.septa.org/picking/pdf/summer-a-2026/southern/trip-sheets/sunday-trip-sheets.pdf
SouthernSunday601,601,Southern,1 of 3,93,Sunday,https://www4.septa.org/picking/pdf/summer-a-2026/southern/paddles/sunday-paddles.pdf#page=93,https://www4.septa.org/picking/pdf/summer-a-2026/southern/paddles/sunday-paddles#page=93.pdf,https://www4.septa.org/picking/pdf/summer-a-2026/southern/trip-sheets/sunday-trip-sheets.pdf
SouthernSunday602,602,Southern,1 of 3,96,Sunday,https://www4.septa.org/picking/pdf/summer-a-2026/southern/paddles/sunday-paddles.pdf#page=96,https://www4.septa.org/picking/pdf/summer-a-2026/southern/paddles/sunday-paddles#page=96.pdf,https://www4.septa.org/picking/pdf/summer-a-2026/southern/trip-sheets/sunday-trip-sheets.pdf
SouthernSunday603,603,Southern,1 of 2,99,Sunday,https://www4.septa.org/picking/pdf/summer-a-2026/southern/paddles/sunday-paddles.pdf#page=99,https://www4.septa.org/picking/pdf/summer-a-2026/southern/paddles/sunday-paddles#page=99.pdf,https://www4.septa.org/picking/pdf/summer-a-2026/southern/trip-sheets/sunday-trip-sheets.pdf
SouthernSunday604,604,Southern,1 of 3,101,Sunday,https://www4.septa.org/picking/pdf/summer-a-2026/southern/paddles/sunday-paddles.pdf#page=101,https://www4.septa.org/picking/pdf/summer-a-2026/southern/paddles/sunday-paddles#page=101.pdf,https://www4.septa.org/picking/pdf/summer-a-2026/southern/trip-sheets/sunday-trip-sheets.pdf
SouthernSunday605,605,Southern,1 of 3,104,Sunday,https://www4.septa.org/picking/pdf/summer-a-2026/southern/paddles/sunday-paddles.pdf#page=104,https://www4.septa.org/picking/pdf/summer-a-2026/southern/paddles/sunday-paddles#page=104.pdf,https://www4.septa.org/picking/pdf/summer-a-2026/southern/trip-sheets/sunday-trip-sheets.pdf
SouthernSunday606,606,Southern,1 of 3,107,Sunday,https://www4.septa.org/picking/pdf/summer-a-2026/southern/paddles/sunday-paddles.pdf#page=107,https://www4.septa.org/picking/pdf/summer-a-2026/southern/paddles/sunday-paddles#page=107.pdf,https://www4.septa.org/picking/pdf/summer-a-2026/southern/trip-sheets/sunday-trip-sheets.pdf
SouthernSunday607,607,Southern,1 of 3,110,Sunday,https://www4.septa.org/picking/pdf/summer-a-2026/southern/paddles/sunday-paddles.pdf#page=110,https://www4.septa.org/picking/pdf/summer-a-2026/southern/paddles/sunday-paddles#page=110.pdf,https://www4.septa.org/picking/pdf/summer-a-2026/southern/trip-sheets/sunday-trip-sheets.pdf
SouthernSunday608,608,Southern,1 of 3,113,Sunday,https://www4.septa.org/picking/pdf/summer-a-2026/southern/paddles/sunday-paddles.pdf#page=113,https://www4.septa.org/picking/pdf/summer-a-2026/southern/paddles/sunday-paddles#page=113.pdf,https://www4.septa.org/picking/pdf/summer-a-2026/southern/trip-sheets/sunday-trip-sheets.pdf
SouthernSunday609,609,Southern,1 of 3,116,Sunday,https://www4.septa.org/picking/pdf/summer-a-2026/southern/paddles/sunday-paddles.pdf#page=116,https://www4.septa.org/picking/pdf/summer-a-2026/southern/paddles/sunday-paddles#page=116.pdf,https://www4.septa.org/picking/pdf/summer-a-2026/southern/trip-sheets/sunday-trip-sheets.pdf
SouthernSunday610,610,Southern,1 of 3,119,Sunday,https://www4.septa.org/picking/pdf/summer-a-2026/southern/paddles/sunday-paddles.pdf#page=119,https://www4.septa.org/picking/pdf/summer-a-2026/southern/paddles/sunday-paddles#page=119.pdf,https://www4.septa.org/picking/pdf/summer-a-2026/southern/trip-sheets/sunday-trip-sheets.pdf
SouthernSunday701,701,Southern,1 of 2,122,Sunday,https://www4.septa.org/picking/pdf/summer-a-2026/southern/paddles/sunday-paddles.pdf#page=122,https://www4.septa.org/picking/pdf/summer-a-2026/southern/paddles/sunday-paddles#page=122.pdf,https://www4.septa.org/picking/pdf/summer-a-2026/southern/trip-sheets/sunday-trip-sheets.pdf
SouthernSunday702,702,Southern,1 of 2,124,Sunday,https://www4.septa.org/picking/pdf/summer-a-2026/southern/paddles/sunday-paddles.pdf#page=124,https://www4.septa.org/picking/pdf/summer-a-2026/southern/paddles/sunday-paddles#page=124.pdf,https://www4.septa.org/picking/pdf/summer-a-2026/southern/trip-sheets/sunday-trip-sheets.pdf
SouthernSunday703,703,Southern,1 of 2,126,Sunday,https://www4.septa.org/picking/pdf/summer-a-2026/southern/paddles/sunday-paddles.pdf#page=126,https://www4.septa.org/picking/pdf/summer-a-2026/southern/paddles/sunday-paddles#page=126.pdf,https://www4.septa.org/picking/pdf/summer-a-2026/southern/trip-sheets/sunday-trip-sheets.pdf
SouthernSunday704,704,Southern,1 of 2,128,Sunday,https://www4.septa.org/picking/pdf/summer-a-2026/southern/paddles/sunday-paddles.pdf#page=128,https://www4.septa.org/picking/pdf/summer-a-2026/southern/paddles/sunday-paddles#page=128.pdf,https://www4.septa.org/picking/pdf/summer-a-2026/southern/trip-sheets/sunday-trip-sheets.pdf
SouthernSunday705,705,Southern,1 of 2,130,Sunday,https://www4.septa.org/picking/pdf/summer-a-2026/southern/paddles/sunday-paddles.pdf#page=130,https://www4.septa.org/picking/pdf/summer-a-2026/southern/paddles/sunday-paddles#page=130.pdf,https://www4.septa.org/picking/pdf/summer-a-2026/southern/trip-sheets/sunday-trip-sheets.pdf
SouthernSunday706,706,Southern,1 of 2,132,Sunday,https://www4.septa.org/picking/pdf/summer-a-2026/southern/paddles/sunday-paddles.pdf#page=132,https://www4.septa.org/picking/pdf/summer-a-2026/southern/paddles/sunday-paddles#page=132.pdf,https://www4.septa.org/picking/pdf/summer-a-2026/southern/trip-sheets/sunday-trip-sheets.pdf
SouthernSunday707,707,Southern,1 of 4,134,Sunday,https://www4.septa.org/picking/pdf/summer-a-2026/southern/paddles/sunday-paddles.pdf#page=134,https://www4.septa.org/picking/pdf/summer-a-2026/southern/paddles/sunday-paddles#page=134.pdf,https://www4.septa.org/picking/pdf/summer-a-2026/southern/trip-sheets/sunday-trip-sheets.pdf
SouthernSunday708,708,Southern,1 of 2,138,Sunday,https://www4.septa.org/picking/pdf/summer-a-2026/southern/paddles/sunday-paddles.pdf#page=138,https://www4.septa.org/picking/pdf/summer-a-2026/southern/paddles/sunday-paddles#page=138.pdf,https://www4.septa.org/picking/pdf/summer-a-2026/southern/trip-sheets/sunday-trip-sheets.pdf
SouthernSunday751,751,Southern,1 of 2,140,Sunday,https://www4.septa.org/picking/pdf/summer-a-2026/southern/paddles/sunday-paddles.pdf#page=140,https://www4.septa.org/picking/pdf/summer-a-2026/southern/paddles/sunday-paddles#page=140.pdf,https://www4.septa.org/picking/pdf/summer-a-2026/southern/trip-sheets/sunday-trip-sheets.pdf
SouthernSunday752,752,Southern,1 of 2,142,Sunday,https://www4.septa.org/picking/pdf/summer-a-2026/southern/paddles/sunday-paddles.pdf#page=142,https://www4.septa.org/picking/pdf/summer-a-2026/southern/paddles/sunday-paddles#page=142.pdf,https://www4.septa.org/picking/pdf/summer-a-2026/southern/trip-sheets/sunday-trip-sheets.pdf
SouthernSunday753,753,Southern,1 of 2,144,Sunday,https://www4.septa.org/picking/pdf/summer-a-2026/southern/paddles/sunday-paddles.pdf#page=144,https://www4.septa.org/picking/pdf/summer-a-2026/southern/paddles/sunday-paddles#page=144.pdf,https://www4.septa.org/picking/pdf/summer-a-2026/southern/trip-sheets/sunday-trip-sheets.pdf
SouthernSunday754,754,Southern,1 of 3,146,Sunday,https://www4.septa.org/picking/pdf/summer-a-2026/southern/paddles/sunday-paddles.pdf#page=146,https://www4.septa.org/picking/pdf/summer-a-2026/southern/paddles/sunday-paddles#page=146.pdf,https://www4.septa.org/picking/pdf/summer-a-2026/southern/trip-sheets/sunday-trip-sheets.pdf
SouthernSunday755,755,Southern,1 of 2,149,Sunday,https://www4.septa.org/picking/pdf/summer-a-2026/southern/paddles/sunday-paddles.pdf#page=149,https://www4.septa.org/picking/pdf/summer-a-2026/southern/paddles/sunday-paddles#page=149.pdf,https://www4.septa.org/picking/pdf/summer-a-2026/southern/trip-sheets/sunday-trip-sheets.pdf
SouthernSunday756,756,Southern,1 of 2,151,Sunday,https://www4.septa.org/picking/pdf/summer-a-2026/southern/paddles/sunday-paddles.pdf#page=151,https://www4.septa.org/picking/pdf/summer-a-2026/southern/paddles/sunday-paddles#page=151.pdf,https://www4.septa.org/picking/pdf/summer-a-2026/southern/trip-sheets/sunday-trip-sheets.pdf
SouthernSunday757,757,Southern,1 of 3,153,Sunday,https://www4.septa.org/picking/pdf/summer-a-2026/southern/paddles/sunday-paddles.pdf#page=153,https://www4.septa.org/picking/pdf/summer-a-2026/southern/paddles/sunday-paddles#page=153.pdf,https://www4.septa.org/picking/pdf/summer-a-2026/southern/trip-sheets/sunday-trip-sheets.pdf
SouthernSunday758,758,Southern,1 of 2,156,Sunday,https://www4.septa.org/picking/pdf/summer-a-2026/southern/paddles/sunday-paddles.pdf#page=156,https://www4.septa.org/picking/pdf/summer-a-2026/southern/paddles/sunday-paddles#page=156.pdf,https://www4.septa.org/picking/pdf/summer-a-2026/southern/trip-sheets/sunday-trip-sheets.pdf
SouthernSunday759,759,Southern,1 of 3,158,Sunday,https://www4.septa.org/picking/pdf/summer-a-2026/southern/paddles/sunday-paddles.pdf#page=158,https://www4.septa.org/picking/pdf/summer-a-2026/southern/paddles/sunday-paddles#page=158.pdf,https://www4.septa.org/picking/pdf/summer-a-2026/southern/trip-sheets/sunday-trip-sheets.pdf
SouthernSunday760,760,Southern,1 of 2,161,Sunday,https://www4.septa.org/picking/pdf/summer-a-2026/southern/paddles/sunday-paddles.pdf#page=161,https://www4.septa.org/picking/pdf/summer-a-2026/southern/paddles/sunday-paddles#page=161.pdf,https://www4.septa.org/picking/pdf/summer-a-2026/southern/trip-sheets/sunday-trip-sheets.pdf
SouthernSunday761,761,Southern,1 of 2,163,Sunday,https://www4.septa.org/picking/pdf/summer-a-2026/southern/paddles/sunday-paddles.pdf#page=163,https://www4.septa.org/picking/pdf/summer-a-2026/southern/paddles/sunday-paddles#page=163.pdf,https://www4.septa.org/picking/pdf/summer-a-2026/southern/trip-sheets/sunday-trip-sheets.pdf
SouthernSunday762,762,Southern,1 of 2,165,Sunday,https://www4.septa.org/picking/pdf/summer-a-2026/southern/paddles/sunday-paddles.pdf#page=165,https://www4.septa.org/picking/pdf/summer-a-2026/southern/paddles/sunday-paddles#page=165.pdf,https://www4.septa.org/picking/pdf/summer-a-2026/southern/trip-sheets/sunday-trip-sheets.pdf
SouthernSunday763,763,Southern,1 of 2,167,Sunday,https://www4.septa.org/picking/pdf/summer-a-2026/southern/paddles/sunday-paddles.pdf#page=167,https://www4.septa.org/picking/pdf/summer-a-2026/southern/paddles/sunday-paddles#page=167.pdf,https://www4.septa.org/picking/pdf/summer-a-2026/southern/trip-sheets/sunday-trip-sheets.pdf
SouthernSunday801,801,Southern,1 of 3,169,Sunday,https://www4.septa.org/picking/pdf/summer-a-2026/southern/paddles/sunday-paddles.pdf#page=169,https://www4.septa.org/picking/pdf/summer-a-2026/southern/paddles/sunday-paddles#page=169.pdf,https://www4.septa.org/picking/pdf/summer-a-2026/southern/trip-sheets/sunday-trip-sheets.pdf
SouthernSunday802,802,Southern,1 of 4,172,Sunday,https://www4.septa.org/picking/pdf/summer-a-2026/southern/paddles/sunday-paddles.pdf#page=172,https://www4.septa.org/picking/pdf/summer-a-2026/southern/paddles/sunday-paddles#page=172.pdf,https://www4.septa.org/picking/pdf/summer-a-2026/southern/trip-sheets/sunday-trip-sheets.pdf
SouthernSunday803,803,Southern,1 of 2,176,Sunday,https://www4.septa.org/picking/pdf/summer-a-2026/southern/paddles/sunday-paddles.pdf#page=176,https://www4.septa.org/picking/pdf/summer-a-2026/southern/paddles/sunday-paddles#page=176.pdf,https://www4.septa.org/picking/pdf/summer-a-2026/southern/trip-sheets/sunday-trip-sheets.pdf
SouthernSunday804,804,Southern,1 of 2,178,Sunday,https://www4.septa.org/picking/pdf/summer-a-2026/southern/paddles/sunday-paddles.pdf#page=178,https://www4.septa.org/picking/pdf/summer-a-2026/southern/paddles/sunday-paddles#page=178.pdf,https://www4.septa.org/picking/pdf/summer-a-2026/southern/trip-sheets/sunday-trip-sheets.pdf
SouthernSunday805,805,Southern,1 of 2,180,Sunday,https://www4.septa.org/picking/pdf/summer-a-2026/southern/paddles/sunday-paddles.pdf#page=180,https://www4.septa.org/picking/pdf/summer-a-2026/southern/paddles/sunday-paddles#page=180.pdf,https://www4.septa.org/picking/pdf/summer-a-2026/southern/trip-sheets/sunday-trip-sheets.pdf
SouthernSunday806,806,Southern,1 of 2,182,Sunday,https://www4.septa.org/picking/pdf/summer-a-2026/southern/paddles/sunday-paddles.pdf#page=182,https://www4.septa.org/picking/pdf/summer-a-2026/southern/paddles/sunday-paddles#page=182.pdf,https://www4.septa.org/picking/pdf/summer-a-2026/southern/trip-sheets/sunday-trip-sheets.pdf
SouthernSunday807,807,Southern,1 of 2,184,Sunday,https://www4.septa.org/picking/pdf/summer-a-2026/southern/paddles/sunday-paddles.pdf#page=184,https://www4.septa.org/picking/pdf/summer-a-2026/southern/paddles/sunday-paddles#page=184.pdf,https://www4.septa.org/picking/pdf/summer-a-2026/southern/trip-sheets/sunday-trip-sheets.pdf
SouthernSunday808,808,Southern,1 of 2,186,Sunday,https://www4.septa.org/picking/pdf/summer-a-2026/southern/paddles/sunday-paddles.pdf#page=186,https://www4.septa.org/picking/pdf/summer-a-2026/southern/paddles/sunday-paddles#page=186.pdf,https://www4.septa.org/picking/pdf/summer-a-2026/southern/trip-sheets/sunday-trip-sheets.pdf
SouthernSunday809,809,Southern,1 of 2,188,Sunday,https://www4.septa.org/picking/pdf/summer-a-2026/southern/paddles/sunday-paddles.pdf#page=188,https://www4.septa.org/picking/pdf/summer-a-2026/southern/paddles/sunday-paddles#page=188.pdf,https://www4.septa.org/picking/pdf/summer-a-2026/southern/trip-sheets/sunday-trip-sheets.pdf
SouthernSunday851,851,Southern,1 of 2,190,Sunday,https://www4.septa.org/picking/pdf/summer-a-2026/southern/paddles/sunday-paddles.pdf#page=190,https://www4.septa.org/picking/pdf/summer-a-2026/southern/paddles/sunday-paddles#page=190.pdf,https://www4.septa.org/picking/pdf/summer-a-2026/southern/trip-sheets/sunday-trip-sheets.pdf
SouthernSunday852,852,Southern,1 of 2,192,Sunday,https://www4.septa.org/picking/pdf/summer-a-2026/southern/paddles/sunday-paddles.pdf#page=192,https://www4.septa.org/picking/pdf/summer-a-2026/southern/paddles/sunday-paddles#page=192.pdf,https://www4.septa.org/picking/pdf/summer-a-2026/southern/trip-sheets/sunday-trip-sheets.pdf
SouthernSunday853,853,Southern,1 of 2,194,Sunday,https://www4.septa.org/picking/pdf/summer-a-2026/southern/paddles/sunday-paddles.pdf#page=194,https://www4.septa.org/picking/pdf/summer-a-2026/southern/paddles/sunday-paddles#page=194.pdf,https://www4.septa.org/picking/pdf/summer-a-2026/southern/trip-sheets/sunday-trip-sheets.pdf
SouthernSunday854,854,Southern,1 of 3,196,Sunday,https://www4.septa.org/picking/pdf/summer-a-2026/southern/paddles/sunday-paddles.pdf#page=196,https://www4.septa.org/picking/pdf/summer-a-2026/southern/paddles/sunday-paddles#page=196.pdf,https://www4.septa.org/picking/pdf/summer-a-2026/southern/trip-sheets/sunday-trip-sheets.pdf
SouthernSunday855,855,Southern,1 of 2,199,Sunday,https://www4.septa.org/picking/pdf/summer-a-2026/southern/paddles/sunday-paddles.pdf#page=199,https://www4.septa.org/picking/pdf/summer-a-2026/southern/paddles/sunday-paddles#page=199.pdf,https://www4.septa.org/picking/pdf/summer-a-2026/southern/trip-sheets/sunday-trip-sheets.pdf
SouthernSunday856,856,Southern,1 of 2,201,Sunday,https://www4.septa.org/picking/pdf/summer-a-2026/southern/paddles/sunday-paddles.pdf#page=201,https://www4.septa.org/picking/pdf/summer-a-2026/southern/paddles/sunday-paddles#page=201.pdf,https://www4.septa.org/picking/pdf/summer-a-2026/southern/trip-sheets/sunday-trip-sheets.pdf
SouthernSunday857,857,Southern,1 of 2,203,Sunday,https://www4.septa.org/picking/pdf/summer-a-2026/southern/paddles/sunday-paddles.pdf#page=203,https://www4.septa.org/picking/pdf/summer-a-2026/southern/paddles/sunday-paddles#page=203.pdf,https://www4.septa.org/picking/pdf/summer-a-2026/southern/trip-sheets/sunday-trip-sheets.pdf
SouthernSunday858,858,Southern,1 of 2,205,Sunday,https://www4.septa.org/picking/pdf/summer-a-2026/southern/paddles/sunday-paddles.pdf#page=205,https://www4.septa.org/picking/pdf/summer-a-2026/southern/paddles/sunday-paddles#page=205.pdf,https://www4.septa.org/picking/pdf/summer-a-2026/southern/trip-sheets/sunday-trip-sheets.pdf
SouthernSunday901,901,Southern,1 of 2,207,Sunday,https://www4.septa.org/picking/pdf/summer-a-2026/southern/paddles/sunday-paddles.pdf#page=207,https://www4.septa.org/picking/pdf/summer-a-2026/southern/paddles/sunday-paddles#page=207.pdf,https://www4.septa.org/picking/pdf/summer-a-2026/southern/trip-sheets/sunday-trip-sheets.pdf
SouthernSunday902,902,Southern,1 of 2,209,Sunday,https://www4.septa.org/picking/pdf/summer-a-2026/southern/paddles/sunday-paddles.pdf#page=209,https://www4.septa.org/picking/pdf/summer-a-2026/southern/paddles/sunday-paddles#page=209.pdf,https://www4.septa.org/picking/pdf/summer-a-2026/southern/trip-sheets/sunday-trip-sheets.pdf
SouthernSunday903,903,Southern,1 of 2,211,Sunday,https://www4.septa.org/picking/pdf/summer-a-2026/southern/paddles/sunday-paddles.pdf#page=211,https://www4.septa.org/picking/pdf/summer-a-2026/southern/paddles/sunday-paddles#page=211.pdf,https://www4.septa.org/picking/pdf/summer-a-2026/southern/trip-sheets/sunday-trip-sheets.pdf
SouthernSunday904,904,Southern,1 of 2,213,Sunday,https://www4.septa.org/picking/pdf/summer-a-2026/southern/paddles/sunday-paddles.pdf#page=213,https://www4.septa.org/picking/pdf/summer-a-2026/southern/paddles/sunday-paddles#page=213.pdf,https://www4.septa.org/picking/pdf/summer-a-2026/southern/trip-sheets/sunday-trip-sheets.pdf
SouthernSunday905,905,Southern,1 of 2,215,Sunday,https://www4.septa.org/picking/pdf/summer-a-2026/southern/paddles/sunday-paddles.pdf#page=215,https://www4.septa.org/picking/pdf/summer-a-2026/southern/paddles/sunday-paddles#page=215.pdf,https://www4.septa.org/picking/pdf/summer-a-2026/southern/trip-sheets/sunday-trip-sheets.pdf
SouthernSunday906,906,Southern,1 of 2,217,Sunday,https://www4.septa.org/picking/pdf/summer-a-2026/southern/paddles/sunday-paddles.pdf#page=217,https://www4.septa.org/picking/pdf/summer-a-2026/southern/paddles/sunday-paddles#page=217.pdf,https://www4.septa.org/picking/pdf/summer-a-2026/southern/trip-sheets/sunday-trip-sheets.pdf
SouthernSunday907,907,Southern,1 of 2,219,Sunday,https://www4.septa.org/picking/pdf/summer-a-2026/southern/paddles/sunday-paddles.pdf#page=219,https://www4.septa.org/picking/pdf/summer-a-2026/southern/paddles/sunday-paddles#page=219.pdf,https://www4.septa.org/picking/pdf/summer-a-2026/southern/trip-sheets/sunday-trip-sheets.pdf
SouthernSunday951,951,Southern,1 of 2,221,Sunday,https://www4.septa.org/picking/pdf/summer-a-2026/southern/paddles/sunday-paddles.pdf#page=221,https://www4.septa.org/picking/pdf/summer-a-2026/southern/paddles/sunday-paddles#page=221.pdf,https://www4.septa.org/picking/pdf/summer-a-2026/southern/trip-sheets/sunday-trip-sheets.pdf
SouthernSunday952,952,Southern,1 of 2,223,Sunday,https://www4.septa.org/picking/pdf/summer-a-2026/southern/paddles/sunday-paddles.pdf#page=223,https://www4.septa.org/picking/pdf/summer-a-2026/southern/paddles/sunday-paddles#page=223.pdf,https://www4.septa.org/picking/pdf/summer-a-2026/southern/trip-sheets/sunday-trip-sheets.pdf
SouthernSunday953,953,Southern,1 of 2,225,Sunday,https://www4.septa.org/picking/pdf/summer-a-2026/southern/paddles/sunday-paddles.pdf#page=225,https://www4.septa.org/picking/pdf/summer-a-2026/southern/paddles/sunday-paddles#page=225.pdf,https://www4.septa.org/picking/pdf/summer-a-2026/southern/trip-sheets/sunday-trip-sheets.pdf
SouthernSunday954,954,Southern,1 of 2,227,Sunday,https://www4.septa.org/picking/pdf/summer-a-2026/southern/paddles/sunday-paddles.pdf#page=227,https://www4.septa.org/picking/pdf/summer-a-2026/southern/paddles/sunday-paddles#page=227.pdf,https://www4.septa.org/picking/pdf/summer-a-2026/southern/trip-sheets/sunday-trip-sheets.pdf
