myid,runno,depot,page_1,page,day,moblink,pclink,Trip Sheet
ComlyWeekday1,1,Comly,1 of 3,1,Weekday,https://www4.septa.org/picking/pdf/summer-a-2026/comly/paddles/weekday-paddles.pdf#page=1,https://www4.septa.org/picking/pdf/summer-a-2026/comly/paddles/weekday-paddles#page=1.pdf,https://www4.septa.org/picking/pdf/summer-a-2026/comly/trip-sheets/weekday-trip-sheets.pdf
ComlyWeekday2,2,Comly,1 of 3,4,Weekday,https://www4.septa.org/picking/pdf/summer-a-2026/comly/paddles/weekday-paddles.pdf#page=4,https://www4.septa.org/picking/pdf/summer-a-2026/comly/paddles/weekday-paddles#page=4.pdf,https://www4.septa.org/picking/pdf/summer-a-2026/comly/trip-sheets/weekday-trip-sheets.pdf
ComlyWeekday3,3,Comly,1 of 3,7,Weekday,https://www4.septa.org/picking/pdf/summer-a-2026/comly/paddles/weekday-paddles.pdf#page=7,https://www4.septa.org/picking/pdf/summer-a-2026/comly/paddles/weekday-paddles#page=7.pdf,https://www4.septa.org/picking/pdf/summer-a-2026/comly/trip-sheets/weekday-trip-sheets.pdf
ComlyWeekday4,4,Comly,1 of 3,10,Weekday,https://www4.septa.org/picking/pdf/summer-a-2026/comly/paddles/weekday-paddles.pdf#page=10,https://www4.septa.org/picking/pdf/summer-a-2026/comly/paddles/weekday-paddles#page=10.pdf,https://www4.septa.org/picking/pdf/summer-a-2026/comly/trip-sheets/weekday-trip-sheets.pdf
ComlyWeekday5,5,Comly,1 of 3,13,Weekday,https://www4.septa.org/picking/pdf/summer-a-2026/comly/paddles/weekday-paddles.pdf#page=13,https://www4.septa.org/picking/pdf/summer-a-2026/comly/paddles/weekday-paddles#page=13.pdf,https://www4.septa.org/picking/pdf/summer-a-2026/comly/trip-sheets/weekday-trip-sheets.pdf
ComlyWeekday6,6,Comly,1 of 3,16,Weekday,https://www4.septa.org/picking/pdf/summer-a-2026/comly/paddles/weekday-paddles.pdf#page=16,https://www4.septa.org/picking/pdf/summer-a-2026/comly/paddles/weekday-paddles#page=16.pdf,https://www4.septa.org/picking/pdf/summer-a-2026/comly/trip-sheets/weekday-trip-sheets.pdf
ComlyWeekday7,7,Comly,1 of 3,19,Weekday,https://www4.septa.org/picking/pdf/summer-a-2026/comly/paddles/weekday-paddles.pdf#page=19,https://www4.septa.org/picking/pdf/summer-a-2026/comly/paddles/weekday-paddles#page=19.pdf,https://www4.septa.org/picking/pdf/summer-a-2026/comly/trip-sheets/weekday-trip-sheets.pdf
ComlyWeekday8,8,Comly,1 of 3,22,Weekday,https://www4.septa.org/picking/pdf/summer-a-2026/comly/paddles/weekday-paddles.pdf#page=22,https://www4.septa.org/picking/pdf/summer-a-2026/comly/paddles/weekday-paddles#page=22.pdf,https://www4.septa.org/picking/pdf/summer-a-2026/comly/trip-sheets/weekday-trip-sheets.pdf
ComlyWeekday9,9,Comly,1 of 3,25,Weekday,https://www4.septa.org/picking/pdf/summer-a-2026/comly/paddles/weekday-paddles.pdf#page=25,https://www4.septa.org/picking/pdf/summer-a-2026/comly/paddles/weekday-paddles#page=25.pdf,https://www4.septa.org/picking/pdf/summer-a-2026/comly/trip-sheets/weekday-trip-sheets.pdf
ComlyWeekday10,10,Comly,1 of 3,28,Weekday,https://www4.septa.org/picking/pdf/summer-a-2026/comly/paddles/weekday-paddles.pdf#page=28,https://www4.septa.org/picking/pdf/summer-a-2026/comly/paddles/weekday-paddles#page=28.pdf,https://www4.septa.org/picking/pdf/summer-a-2026/comly/trip-sheets/weekday-trip-sheets.pdf
ComlyWeekday11,11,Comly,1 of 6,31,Weekday,https://www4.septa.org/picking/pdf/summer-a-2026/comly/paddles/weekday-paddles.pdf#page=31,https://www4.septa.org/picking/pdf/summer-a-2026/comly/paddles/weekday-paddles#page=31.pdf,https://www4.septa.org/picking/pdf/summer-a-2026/comly/trip-sheets/weekday-trip-sheets.pdf
ComlyWeekday12,12,Comly,1 of 3,37,Weekday,https://www4.septa.org/picking/pdf/summer-a-2026/comly/paddles/weekday-paddles.pdf#page=37,https://www4.septa.org/picking/pdf/summer-a-2026/comly/paddles/weekday-paddles#page=37.pdf,https://www4.septa.org/picking/pdf/summer-a-2026/comly/trip-sheets/weekday-trip-sheets.pdf
ComlyWeekday13,13,Comly,1 of 3,40,Weekday,https://www4.septa.org/picking/pdf/summer-a-2026/comly/paddles/weekday-paddles.pdf#page=40,https://www4.septa.org/picking/pdf/summer-a-2026/comly/paddles/weekday-paddles#page=40.pdf,https://www4.septa.org/picking/pdf/summer-a-2026/comly/trip-sheets/weekday-trip-sheets.pdf
ComlyWeekday14,14,Comly,1 of 3,43,Weekday,https://www4.septa.org/picking/pdf/summer-a-2026/comly/paddles/weekday-paddles.pdf#page=43,https://www4.septa.org/picking/pdf/summer-a-2026/comly/paddles/weekday-paddles#page=43.pdf,https://www4.septa.org/picking/pdf/summer-a-2026/comly/trip-sheets/weekday-trip-sheets.pdf
ComlyWeekday15,15,Comly,1 of 3,46,Weekday,https://www4.septa.org/picking/pdf/summer-a-2026/comly/paddles/weekday-paddles.pdf#page=46,https://www4.septa.org/picking/pdf/summer-a-2026/comly/paddles/weekday-paddles#page=46.pdf,https://www4.septa.org/picking/pdf/summer-a-2026/comly/trip-sheets/weekday-trip-sheets.pdf
ComlyWeekday16,16,Comly,1 of 3,49,Weekday,https://www4.septa.org/picking/pdf/summer-a-2026/comly/paddles/weekday-paddles.pdf#page=49,https://www4.septa.org/picking/pdf/summer-a-2026/comly/paddles/weekday-paddles#page=49.pdf,https://www4.septa.org/picking/pdf/summer-a-2026/comly/trip-sheets/weekday-trip-sheets.pdf
ComlyWeekday17,17,Comly,1 of 2,52,Weekday,https://www4.septa.org/picking/pdf/summer-a-2026/comly/paddles/weekday-paddles.pdf#page=52,https://www4.septa.org/picking/pdf/summer-a-2026/comly/paddles/weekday-paddles#page=52.pdf,https://www4.septa.org/picking/pdf/summer-a-2026/comly/trip-sheets/weekday-trip-sheets.pdf
ComlyWeekday18,18,Comly,1 of 3,54,Weekday,https://www4.septa.org/picking/pdf/summer-a-2026/comly/paddles/weekday-paddles.pdf#page=54,https://www4.septa.org/picking/pdf/summer-a-2026/comly/paddles/weekday-paddles#page=54.pdf,https://www4.septa.org/picking/pdf/summer-a-2026/comly/trip-sheets/weekday-trip-sheets.pdf
ComlyWeekday19,19,Comly,1 of 3,57,Weekday,https://www4.septa.org/picking/pdf/summer-a-2026/comly/paddles/weekday-paddles.pdf#page=57,https://www4.septa.org/picking/pdf/summer-a-2026/comly/paddles/weekday-paddles#page=57.pdf,https://www4.septa.org/picking/pdf/summer-a-2026/comly/trip-sheets/weekday-trip-sheets.pdf
ComlyWeekday20,20,Comly,1 of 3,60,Weekday,https://www4.septa.org/picking/pdf/summer-a-2026/comly/paddles/weekday-paddles.pdf#page=60,https://www4.septa.org/picking/pdf/summer-a-2026/comly/paddles/weekday-paddles#page=60.pdf,https://www4.septa.org/picking/pdf/summer-a-2026/comly/trip-sheets/weekday-trip-sheets.pdf
ComlyWeekday51,51,Comly,1 of 2,63,Weekday,https://www4.septa.org/picking/pdf/summer-a-2026/comly/paddles/weekday-paddles.pdf#page=63,https://www4.septa.org/picking/pdf/summer-a-2026/comly/paddles/weekday-paddles#page=63.pdf,https://www4.septa.org/picking/pdf/summer-a-2026/comly/trip-sheets/weekday-trip-sheets.pdf
ComlyWeekday52,52,Comly,1 of 3,65,Weekday,https://www4.septa.org/picking/pdf/summer-a-2026/comly/paddles/weekday-paddles.pdf#page=65,https://www4.septa.org/picking/pdf/summer-a-2026/comly/paddles/weekday-paddles#page=65.pdf,https://www4.septa.org/picking/pdf/summer-a-2026/comly/trip-sheets/weekday-trip-sheets.pdf
ComlyWeekday53,53,Comly,1 of 2,68,Weekday,https://www4.septa.org/picking/pdf/summer-a-2026/comly/paddles/weekday-paddles.pdf#page=68,https://www4.septa.org/picking/pdf/summer-a-2026/comly/paddles/weekday-paddles#page=68.pdf,https://www4.septa.org/picking/pdf/summer-a-2026/comly/trip-sheets/weekday-trip-sheets.pdf
ComlyWeekday54,54,Comly,1 of 2,70,Weekday,https://www4.septa.org/picking/pdf/summer-a-2026/comly/paddles/weekday-paddles.pdf#page=70,https://www4.septa.org/picking/pdf/summer-a-2026/comly/paddles/weekday-paddles#page=70.pdf,https://www4.septa.org/picking/pdf/summer-a-2026/comly/trip-sheets/weekday-trip-sheets.pdf
ComlyWeekday55,55,Comly,1 of 2,72,Weekday,https://www4.septa.org/picking/pdf/summer-a-2026/comly/paddles/weekday-paddles.pdf#page=72,https://www4.septa.org/picking/pdf/summer-a-2026/comly/paddles/weekday-paddles#page=72.pdf,https://www4.septa.org/picking/pdf/summer-a-2026/comly/trip-sheets/weekday-trip-sheets.pdf
ComlyWeekday56,56,Comly,1 of 2,74,Weekday,https://www4.septa.org/picking/pdf/summer-a-2026/comly/paddles/weekday-paddles.pdf#page=74,https://www4.septa.org/picking/pdf/summer-a-2026/comly/paddles/weekday-paddles#page=74.pdf,https://www4.septa.org/picking/pdf/summer-a-2026/comly/trip-sheets/weekday-trip-sheets.pdf
ComlyWeekday57,57,Comly,1 of 3,76,Weekday,https://www4.septa.org/picking/pdf/summer-a-2026/comly/paddles/weekday-paddles.pdf#page=76,https://www4.septa.org/picking/pdf/summer-a-2026/comly/paddles/weekday-paddles#page=76.pdf,https://www4.septa.org/picking/pdf/summer-a-2026/comly/trip-sheets/weekday-trip-sheets.pdf
ComlyWeekday58,58,Comly,1 of 2,79,Weekday,https://www4.septa.org/picking/pdf/summer-a-2026/comly/paddles/weekday-paddles.pdf#page=79,https://www4.septa.org/picking/pdf/summer-a-2026/comly/paddles/weekday-paddles#page=79.pdf,https://www4.septa.org/picking/pdf/summer-a-2026/comly/trip-sheets/weekday-trip-sheets.pdf
ComlyWeekday59,59,Comly,1 of 2,81,Weekday,https://www4.septa.org/picking/pdf/summer-a-2026/comly/paddles/weekday-paddles.pdf#page=81,https://www4.septa.org/picking/pdf/summer-a-2026/comly/paddles/weekday-paddles#page=81.pdf,https://www4.septa.org/picking/pdf/summer-a-2026/comly/trip-sheets/weekday-trip-sheets.pdf
ComlyWeekday60,60,Comly,1 of 2,83,Weekday,https://www4.septa.org/picking/pdf/summer-a-2026/comly/paddles/weekday-paddles.pdf#page=83,https://www4.septa.org/picking/pdf/summer-a-2026/comly/paddles/weekday-paddles#page=83.pdf,https://www4.septa.org/picking/pdf/summer-a-2026/comly/trip-sheets/weekday-trip-sheets.pdf
ComlyWeekday61,61,Comly,1 of 2,85,Weekday,https://www4.septa.org/picking/pdf/summer-a-2026/comly/paddles/weekday-paddles.pdf#page=85,https://www4.septa.org/picking/pdf/summer-a-2026/comly/paddles/weekday-paddles#page=85.pdf,https://www4.septa.org/picking/pdf/summer-a-2026/comly/trip-sheets/weekday-trip-sheets.pdf
ComlyWeekday62,62,Comly,1 of 2,87,Weekday,https://www4.septa.org/picking/pdf/summer-a-2026/comly/paddles/weekday-paddles.pdf#page=87,https://www4.septa.org/picking/pdf/summer-a-2026/comly/paddles/weekday-paddles#page=87.pdf,https://www4.septa.org/picking/pdf/summer-a-2026/comly/trip-sheets/weekday-trip-sheets.pdf
ComlyWeekday63,63,Comly,1 of 2,89,Weekday,https://www4.septa.org/picking/pdf/summer-a-2026/comly/paddles/weekday-paddles.pdf#page=89,https://www4.septa.org/picking/pdf/summer-a-2026/comly/paddles/weekday-paddles#page=89.pdf,https://www4.septa.org/picking/pdf/summer-a-2026/comly/trip-sheets/weekday-trip-sheets.pdf
ComlyWeekday201,201,Comly,1 of 2,91,Weekday,https://www4.septa.org/picking/pdf/summer-a-2026/comly/paddles/weekday-paddles.pdf#page=91,https://www4.septa.org/picking/pdf/summer-a-2026/comly/paddles/weekday-paddles#page=91.pdf,https://www4.septa.org/picking/pdf/summer-a-2026/comly/trip-sheets/weekday-trip-sheets.pdf
ComlyWeekday202,202,Comly,1 of 3,93,Weekday,https://www4.septa.org/picking/pdf/summer-a-2026/comly/paddles/weekday-paddles.pdf#page=93,https://www4.septa.org/picking/pdf/summer-a-2026/comly/paddles/weekday-paddles#page=93.pdf,https://www4.septa.org/picking/pdf/summer-a-2026/comly/trip-sheets/weekday-trip-sheets.pdf
ComlyWeekday203,203,Comly,1 of 3,96,Weekday,https://www4.septa.org/picking/pdf/summer-a-2026/comly/paddles/weekday-paddles.pdf#page=96,https://www4.septa.org/picking/pdf/summer-a-2026/comly/paddles/weekday-paddles#page=96.pdf,https://www4.septa.org/picking/pdf/summer-a-2026/comly/trip-sheets/weekday-trip-sheets.pdf
ComlyWeekday204,204,Comly,1 of 3,99,Weekday,https://www4.septa.org/picking/pdf/summer-a-2026/comly/paddles/weekday-paddles.pdf#page=99,https://www4.septa.org/picking/pdf/summer-a-2026/comly/paddles/weekday-paddles#page=99.pdf,https://www4.septa.org/picking/pdf/summer-a-2026/comly/trip-sheets/weekday-trip-sheets.pdf
ComlyWeekday205,205,Comly,1 of 2,102,Weekday,https://www4.septa.org/picking/pdf/summer-a-2026/comly/paddles/weekday-paddles.pdf#page=102,https://www4.septa.org/picking/pdf/summer-a-2026/comly/paddles/weekday-paddles#page=102.pdf,https://www4.septa.org/picking/pdf/summer-a-2026/comly/trip-sheets/weekday-trip-sheets.pdf
ComlyWeekday206,206,Comly,1 of 2,104,Weekday,https://www4.septa.org/picking/pdf/summer-a-2026/comly/paddles/weekday-paddles.pdf#page=104,https://www4.septa.org/picking/pdf/summer-a-2026/comly/paddles/weekday-paddles#page=104.pdf,https://www4.septa.org/picking/pdf/summer-a-2026/comly/trip-sheets/weekday-trip-sheets.pdf
ComlyWeekday207,207,Comly,1 of 2,106,Weekday,https://www4.septa.org/picking/pdf/summer-a-2026/comly/paddles/weekday-paddles.pdf#page=106,https://www4.septa.org/picking/pdf/summer-a-2026/comly/paddles/weekday-paddles#page=106.pdf,https://www4.septa.org/picking/pdf/summer-a-2026/comly/trip-sheets/weekday-trip-sheets.pdf
ComlyWeekday208,208,Comly,1 of 3,108,Weekday,https://www4.septa.org/picking/pdf/summer-a-2026/comly/paddles/weekday-paddles.pdf#page=108,https://www4.septa.org/picking/pdf/summer-a-2026/comly/paddles/weekday-paddles#page=108.pdf,https://www4.septa.org/picking/pdf/summer-a-2026/comly/trip-sheets/weekday-trip-sheets.pdf
ComlyWeekday251,251,Comly,1 of 3,111,Weekday,https://www4.septa.org/picking/pdf/summer-a-2026/comly/paddles/weekday-paddles.pdf#page=111,https://www4.septa.org/picking/pdf/summer-a-2026/comly/paddles/weekday-paddles#page=111.pdf,https://www4.septa.org/picking/pdf/summer-a-2026/comly/trip-sheets/weekday-trip-sheets.pdf
ComlyWeekday252,252,Comly,1 of 3,114,Weekday,https://www4.septa.org/picking/pdf/summer-a-2026/comly/paddles/weekday-paddles.pdf#page=114,https://www4.septa.org/picking/pdf/summer-a-2026/comly/paddles/weekday-paddles#page=114.pdf,https://www4.septa.org/picking/pdf/summer-a-2026/comly/trip-sheets/weekday-trip-sheets.pdf
ComlyWeekday253,253,Comly,1 of 3,117,Weekday,https://www4.septa.org/picking/pdf/summer-a-2026/comly/paddles/weekday-paddles.pdf#page=117,https://www4.septa.org/picking/pdf/summer-a-2026/comly/paddles/weekday-paddles#page=117.pdf,https://www4.septa.org/picking/pdf/summer-a-2026/comly/trip-sheets/weekday-trip-sheets.pdf
ComlyWeekday254,254,Comly,1 of 3,120,Weekday,https://www4.septa.org/picking/pdf/summer-a-2026/comly/paddles/weekday-paddles.pdf#page=120,https://www4.septa.org/picking/pdf/summer-a-2026/comly/paddles/weekday-paddles#page=120.pdf,https://www4.septa.org/picking/pdf/summer-a-2026/comly/trip-sheets/weekday-trip-sheets.pdf
ComlyWeekday255,255,Comly,1 of 3,123,Weekday,https://www4.septa.org/picking/pdf/summer-a-2026/comly/paddles/weekday-paddles.pdf#page=123,https://www4.septa.org/picking/pdf/summer-a-2026/comly/paddles/weekday-paddles#page=123.pdf,https://www4.septa.org/picking/pdf/summer-a-2026/comly/trip-sheets/weekday-trip-sheets.pdf
ComlyWeekday256,256,Comly,1 of 2,126,Weekday,https://www4.septa.org/picking/pdf/summer-a-2026/comly/paddles/weekday-paddles.pdf#page=126,https://www4.septa.org/picking/pdf/summer-a-2026/comly/paddles/weekday-paddles#page=126.pdf,https://www4.septa.org/picking/pdf/summer-a-2026/comly/trip-sheets/weekday-trip-sheets.pdf
ComlyWeekday301,301,Comly,1 of 2,128,Weekday,https://www4.septa.org/picking/pdf/summer-a-2026/comly/paddles/weekday-paddles.pdf#page=128,https://www4.septa.org/picking/pdf/summer-a-2026/comly/paddles/weekday-paddles#page=128.pdf,https://www4.septa.org/picking/pdf/summer-a-2026/comly/trip-sheets/weekday-trip-sheets.pdf
ComlyWeekday302,302,Comly,1 of 2,130,Weekday,https://www4.septa.org/picking/pdf/summer-a-2026/comly/paddles/weekday-paddles.pdf#page=130,https://www4.septa.org/picking/pdf/summer-a-2026/comly/paddles/weekday-paddles#page=130.pdf,https://www4.septa.org/picking/pdf/summer-a-2026/comly/trip-sheets/weekday-trip-sheets.pdf
ComlyWeekday303,303,Comly,1 of 2,132,Weekday,https://www4.septa.org/picking/pdf/summer-a-2026/comly/paddles/weekday-paddles.pdf#page=132,https://www4.septa.org/picking/pdf/summer-a-2026/comly/paddles/weekday-paddles#page=132.pdf,https://www4.septa.org/picking/pdf/summer-a-2026/comly/trip-sheets/weekday-trip-sheets.pdf
ComlyWeekday401,401,Comly,1 of 3,134,Weekday,https://www4.septa.org/picking/pdf/summer-a-2026/comly/paddles/weekday-paddles.pdf#page=134,https://www4.septa.org/picking/pdf/summer-a-2026/comly/paddles/weekday-paddles#page=134.pdf,https://www4.septa.org/picking/pdf/summer-a-2026/comly/trip-sheets/weekday-trip-sheets.pdf
ComlyWeekday402,402,Comly,1 of 3,137,Weekday,https://www4.septa.org/picking/pdf/summer-a-2026/comly/paddles/weekday-paddles.pdf#page=137,https://www4.septa.org/picking/pdf/summer-a-2026/comly/paddles/weekday-paddles#page=137.pdf,https://www4.septa.org/picking/pdf/summer-a-2026/comly/trip-sheets/weekday-trip-sheets.pdf
ComlyWeekday403,403,Comly,1 of 3,140,Weekday,https://www4.septa.org/picking/pdf/summer-a-2026/comly/paddles/weekday-paddles.pdf#page=140,https://www4.septa.org/picking/pdf/summer-a-2026/comly/paddles/weekday-paddles#page=140.pdf,https://www4.septa.org/picking/pdf/summer-a-2026/comly/trip-sheets/weekday-trip-sheets.pdf
ComlyWeekday404,404,Comly,1 of 3,143,Weekday,https://www4.septa.org/picking/pdf/summer-a-2026/comly/paddles/weekday-paddles.pdf#page=143,https://www4.septa.org/picking/pdf/summer-a-2026/comly/paddles/weekday-paddles#page=143.pdf,https://www4.septa.org/picking/pdf/summer-a-2026/comly/trip-sheets/weekday-trip-sheets.pdf
ComlyWeekday405,405,Comly,1 of 3,146,Weekday,https://www4.septa.org/picking/pdf/summer-a-2026/comly/paddles/weekday-paddles.pdf#page=146,https://www4.septa.org/picking/pdf/summer-a-2026/comly/paddles/weekday-paddles#page=146.pdf,https://www4.septa.org/picking/pdf/summer-a-2026/comly/trip-sheets/weekday-trip-sheets.pdf
ComlyWeekday406,406,Comly,1 of 3,149,Weekday,https://www4.septa.org/picking/pdf/summer-a-2026/comly/paddles/weekday-paddles.pdf#page=149,https://www4.septa.org/picking/pdf/summer-a-2026/comly/paddles/weekday-paddles#page=149.pdf,https://www4.septa.org/picking/pdf/summer-a-2026/comly/trip-sheets/weekday-trip-sheets.pdf
ComlyWeekday407,407,Comly,1 of 2,152,Weekday,https://www4.septa.org/picking/pdf/summer-a-2026/comly/paddles/weekday-paddles.pdf#page=152,https://www4.septa.org/picking/pdf/summer-a-2026/comly/paddles/weekday-paddles#page=152.pdf,https://www4.septa.org/picking/pdf/summer-a-2026/comly/trip-sheets/weekday-trip-sheets.pdf
ComlyWeekday408,408,Comly,1 of 3,154,Weekday,https://www4.septa.org/picking/pdf/summer-a-2026/comly/paddles/weekday-paddles.pdf#page=154,https://www4.septa.org/picking/pdf/summer-a-2026/comly/paddles/weekday-paddles#page=154.pdf,https://www4.septa.org/picking/pdf/summer-a-2026/comly/trip-sheets/weekday-trip-sheets.pdf
ComlyWeekday409,409,Comly,1 of 3,157,Weekday,https://www4.septa.org/picking/pdf/summer-a-2026/comly/paddles/weekday-paddles.pdf#page=157,https://www4.septa.org/picking/pdf/summer-a-2026/comly/paddles/weekday-paddles#page=157.pdf,https://www4.septa.org/picking/pdf/summer-a-2026/comly/trip-sheets/weekday-trip-sheets.pdf
ComlyWeekday410,410,Comly,1 of 3,160,Weekday,https://www4.septa.org/picking/pdf/summer-a-2026/comly/paddles/weekday-paddles.pdf#page=160,https://www4.septa.org/picking/pdf/summer-a-2026/comly/paddles/weekday-paddles#page=160.pdf,https://www4.septa.org/picking/pdf/summer-a-2026/comly/trip-sheets/weekday-trip-sheets.pdf
ComlyWeekday411,411,Comly,1 of 3,163,Weekday,https://www4.septa.org/picking/pdf/summer-a-2026/comly/paddles/weekday-paddles.pdf#page=163,https://www4.septa.org/picking/pdf/summer-a-2026/comly/paddles/weekday-paddles#page=163.pdf,https://www4.septa.org/picking/pdf/summer-a-2026/comly/trip-sheets/weekday-trip-sheets.pdf
ComlyWeekday412,412,Comly,1 of 3,166,Weekday,https://www4.septa.org/picking/pdf/summer-a-2026/comly/paddles/weekday-paddles.pdf#page=166,https://www4.septa.org/picking/pdf/summer-a-2026/comly/paddles/weekday-paddles#page=166.pdf,https://www4.septa.org/picking/pdf/summer-a-2026/comly/trip-sheets/weekday-trip-sheets.pdf
ComlyWeekday413,413,Comly,1 of 3,169,Weekday,https://www4.septa.org/picking/pdf/summer-a-2026/comly/paddles/weekday-paddles.pdf#page=169,https://www4.septa.org/picking/pdf/summer-a-2026/comly/paddles/weekday-paddles#page=169.pdf,https://www4.septa.org/picking/pdf/summer-a-2026/comly/trip-sheets/weekday-trip-sheets.pdf
ComlyWeekday414,414,Comly,1 of 2,172,Weekday,https://www4.septa.org/picking/pdf/summer-a-2026/comly/paddles/weekday-paddles.pdf#page=172,https://www4.septa.org/picking/pdf/summer-a-2026/comly/paddles/weekday-paddles#page=172.pdf,https://www4.septa.org/picking/pdf/summer-a-2026/comly/trip-sheets/weekday-trip-sheets.pdf
ComlyWeekday415,415,Comly,1 of 2,174,Weekday,https://www4.septa.org/picking/pdf/summer-a-2026/comly/paddles/weekday-paddles.pdf#page=174,https://www4.septa.org/picking/pdf/summer-a-2026/comly/paddles/weekday-paddles#page=174.pdf,https://www4.septa.org/picking/pdf/summer-a-2026/comly/trip-sheets/weekday-trip-sheets.pdf
ComlyWeekday416,416,Comly,1 of 2,176,Weekday,https://www4.septa.org/picking/pdf/summer-a-2026/comly/paddles/weekday-paddles.pdf#page=176,https://www4.septa.org/picking/pdf/summer-a-2026/comly/paddles/weekday-paddles#page=176.pdf,https://www4.septa.org/picking/pdf/summer-a-2026/comly/trip-sheets/weekday-trip-sheets.pdf
ComlyWeekday417,417,Comly,1 of 3,178,Weekday,https://www4.septa.org/picking/pdf/summer-a-2026/comly/paddles/weekday-paddles.pdf#page=178,https://www4.septa.org/picking/pdf/summer-a-2026/comly/paddles/weekday-paddles#page=178.pdf,https://www4.septa.org/picking/pdf/summer-a-2026/comly/trip-sheets/weekday-trip-sheets.pdf
ComlyWeekday418,418,Comly,1 of 3,181,Weekday,https://www4.septa.org/picking/pdf/summer-a-2026/comly/paddles/weekday-paddles.pdf#page=181,https://www4.septa.org/picking/pdf/summer-a-2026/comly/paddles/weekday-paddles#page=181.pdf,https://www4.septa.org/picking/pdf/summer-a-2026/comly/trip-sheets/weekday-trip-sheets.pdf
ComlyWeekday419,419,Comly,1 of 3,184,Weekday,https://www4.septa.org/picking/pdf/summer-a-2026/comly/paddles/weekday-paddles.pdf#page=184,https://www4.septa.org/picking/pdf/summer-a-2026/comly/paddles/weekday-paddles#page=184.pdf,https://www4.septa.org/picking/pdf/summer-a-2026/comly/trip-sheets/weekday-trip-sheets.pdf
ComlyWeekday420,420,Comly,1 of 4,187,Weekday,https://www4.septa.org/picking/pdf/summer-a-2026/comly/paddles/weekday-paddles.pdf#page=187,https://www4.septa.org/picking/pdf/summer-a-2026/comly/paddles/weekday-paddles#page=187.pdf,https://www4.septa.org/picking/pdf/summer-a-2026/comly/trip-sheets/weekday-trip-sheets.pdf
ComlyWeekday421,421,Comly,1 of 3,191,Weekday,https://www4.septa.org/picking/pdf/summer-a-2026/comly/paddles/weekday-paddles.pdf#page=191,https://www4.septa.org/picking/pdf/summer-a-2026/comly/paddles/weekday-paddles#page=191.pdf,https://www4.septa.org/picking/pdf/summer-a-2026/comly/trip-sheets/weekday-trip-sheets.pdf
ComlyWeekday501,501,Comly,1 of 2,194,Weekday,https://www4.septa.org/picking/pdf/summer-a-2026/comly/paddles/weekday-paddles.pdf#page=194,https://www4.septa.org/picking/pdf/summer-a-2026/comly/paddles/weekday-paddles#page=194.pdf,https://www4.septa.org/picking/pdf/summer-a-2026/comly/trip-sheets/weekday-trip-sheets.pdf
ComlyWeekday502,502,Comly,1 of 2,196,Weekday,https://www4.septa.org/picking/pdf/summer-a-2026/comly/paddles/weekday-paddles.pdf#page=196,https://www4.septa.org/picking/pdf/summer-a-2026/comly/paddles/weekday-paddles#page=196.pdf,https://www4.septa.org/picking/pdf/summer-a-2026/comly/trip-sheets/weekday-trip-sheets.pdf
ComlyWeekday503,503,Comly,1 of 3,198,Weekday,https://www4.septa.org/picking/pdf/summer-a-2026/comly/paddles/weekday-paddles.pdf#page=198,https://www4.septa.org/picking/pdf/summer-a-2026/comly/paddles/weekday-paddles#page=198.pdf,https://www4.septa.org/picking/pdf/summer-a-2026/comly/trip-sheets/weekday-trip-sheets.pdf
ComlyWeekday504,504,Comly,1 of 2,201,Weekday,https://www4.septa.org/picking/pdf/summer-a-2026/comly/paddles/weekday-paddles.pdf#page=201,https://www4.septa.org/picking/pdf/summer-a-2026/comly/paddles/weekday-paddles#page=201.pdf,https://www4.septa.org/picking/pdf/summer-a-2026/comly/trip-sheets/weekday-trip-sheets.pdf
ComlyWeekday505,505,Comly,1 of 3,203,Weekday,https://www4.septa.org/picking/pdf/summer-a-2026/comly/paddles/weekday-paddles.pdf#page=203,https://www4.septa.org/picking/pdf/summer-a-2026/comly/paddles/weekday-paddles#page=203.pdf,https://www4.septa.org/picking/pdf/summer-a-2026/comly/trip-sheets/weekday-trip-sheets.pdf
ComlyWeekday506,506,Comly,1 of 3,206,Weekday,https://www4.septa.org/picking/pdf/summer-a-2026/comly/paddles/weekday-paddles.pdf#page=206,https://www4.septa.org/picking/pdf/summer-a-2026/comly/paddles/weekday-paddles#page=206.pdf,https://www4.septa.org/picking/pdf/summer-a-2026/comly/trip-sheets/weekday-trip-sheets.pdf
ComlyWeekday507,507,Comly,1 of 2,209,Weekday,https://www4.septa.org/picking/pdf/summer-a-2026/comly/paddles/weekday-paddles.pdf#page=209,https://www4.septa.org/picking/pdf/summer-a-2026/comly/paddles/weekday-paddles#page=209.pdf,https://www4.septa.org/picking/pdf/summer-a-2026/comly/trip-sheets/weekday-trip-sheets.pdf
ComlyWeekday508,508,Comly,1 of 2,211,Weekday,https://www4.septa.org/picking/pdf/summer-a-2026/comly/paddles/weekday-paddles.pdf#page=211,https://www4.septa.org/picking/pdf/summer-a-2026/comly/paddles/weekday-paddles#page=211.pdf,https://www4.septa.org/picking/pdf/summer-a-2026/comly/trip-sheets/weekday-trip-sheets.pdf
ComlyWeekday509,509,Comly,1 of 2,213,Weekday,https://www4.septa.org/picking/pdf/summer-a-2026/comly/paddles/weekday-paddles.pdf#page=213,https://www4.septa.org/picking/pdf/summer-a-2026/comly/paddles/weekday-paddles#page=213.pdf,https://www4.septa.org/picking/pdf/summer-a-2026/comly/trip-sheets/weekday-trip-sheets.pdf
ComlyWeekday551,551,Comly,1 of 3,215,Weekday,https://www4.septa.org/picking/pdf/summer-a-2026/comly/paddles/weekday-paddles.pdf#page=215,https://www4.septa.org/picking/pdf/summer-a-2026/comly/paddles/weekday-paddles#page=215.pdf,https://www4.septa.org/picking/pdf/summer-a-2026/comly/trip-sheets/weekday-trip-sheets.pdf
ComlyWeekday552,552,Comly,1 of 2,218,Weekday,https://www4.septa.org/picking/pdf/summer-a-2026/comly/paddles/weekday-paddles.pdf#page=218,https://www4.septa.org/picking/pdf/summer-a-2026/comly/paddles/weekday-paddles#page=218.pdf,https://www4.septa.org/picking/pdf/summer-a-2026/comly/trip-sheets/weekday-trip-sheets.pdf
ComlyWeekday553,553,Comly,1 of 2,220,Weekday,https://www4.septa.org/picking/pdf/summer-a-2026/comly/paddles/weekday-paddles.pdf#page=220,https://www4.septa.org/picking/pdf/summer-a-2026/comly/paddles/weekday-paddles#page=220.pdf,https://www4.septa.org/picking/pdf/summer-a-2026/comly/trip-sheets/weekday-trip-sheets.pdf
ComlyWeekday554,554,Comly,1 of 3,222,Weekday,https://www4.septa.org/picking/pdf/summer-a-2026/comly/paddles/weekday-paddles.pdf#page=222,https://www4.septa.org/picking/pdf/summer-a-2026/comly/paddles/weekday-paddles#page=222.pdf,https://www4.septa.org/picking/pdf/summer-a-2026/comly/trip-sheets/weekday-trip-sheets.pdf
ComlyWeekday555,555,Comly,1 of 2,225,Weekday,https://www4.septa.org/picking/pdf/summer-a-2026/comly/paddles/weekday-paddles.pdf#page=225,https://www4.septa.org/picking/pdf/summer-a-2026/comly/paddles/weekday-paddles#page=225.pdf,https://www4.septa.org/picking/pdf/summer-a-2026/comly/trip-sheets/weekday-trip-sheets.pdf
ComlyWeekday601,601,Comly,1 of 2,227,Weekday,https://www4.septa.org/picking/pdf/summer-a-2026/comly/paddles/weekday-paddles.pdf#page=227,https://www4.septa.org/picking/pdf/summer-a-2026/comly/paddles/weekday-paddles#page=227.pdf,https://www4.septa.org/picking/pdf/summer-a-2026/comly/trip-sheets/weekday-trip-sheets.pdf
ComlyWeekday602,602,Comly,1 of 2,229,Weekday,https://www4.septa.org/picking/pdf/summer-a-2026/comly/paddles/weekday-paddles.pdf#page=229,https://www4.septa.org/picking/pdf/summer-a-2026/comly/paddles/weekday-paddles#page=229.pdf,https://www4.septa.org/picking/pdf/summer-a-2026/comly/trip-sheets/weekday-trip-sheets.pdf
ComlyWeekday603,603,Comly,1 of 2,231,Weekday,https://www4.septa.org/picking/pdf/summer-a-2026/comly/paddles/weekday-paddles.pdf#page=231,https://www4.septa.org/picking/pdf/summer-a-2026/comly/paddles/weekday-paddles#page=231.pdf,https://www4.septa.org/picking/pdf/summer-a-2026/comly/trip-sheets/weekday-trip-sheets.pdf
ComlyWeekday604,604,Comly,1 of 3,233,Weekday,https://www4.septa.org/picking/pdf/summer-a-2026/comly/paddles/weekday-paddles.pdf#page=233,https://www4.septa.org/picking/pdf/summer-a-2026/comly/paddles/weekday-paddles#page=233.pdf,https://www4.septa.org/picking/pdf/summer-a-2026/comly/trip-sheets/weekday-trip-sheets.pdf
ComlyWeekday605,605,Comly,1 of 2,236,Weekday,https://www4.septa.org/picking/pdf/summer-a-2026/comly/paddles/weekday-paddles.pdf#page=236,https://www4.septa.org/picking/pdf/summer-a-2026/comly/paddles/weekday-paddles#page=236.pdf,https://www4.septa.org/picking/pdf/summer-a-2026/comly/trip-sheets/weekday-trip-sheets.pdf
ComlyWeekday606,606,Comly,1 of 2,238,Weekday,https://www4.septa.org/picking/pdf/summer-a-2026/comly/paddles/weekday-paddles.pdf#page=238,https://www4.septa.org/picking/pdf/summer-a-2026/comly/paddles/weekday-paddles#page=238.pdf,https://www4.septa.org/picking/pdf/summer-a-2026/comly/trip-sheets/weekday-trip-sheets.pdf
ComlyWeekday607,607,Comly,1 of 3,240,Weekday,https://www4.septa.org/picking/pdf/summer-a-2026/comly/paddles/weekday-paddles.pdf#page=240,https://www4.septa.org/picking/pdf/summer-a-2026/comly/paddles/weekday-paddles#page=240.pdf,https://www4.septa.org/picking/pdf/summer-a-2026/comly/trip-sheets/weekday-trip-sheets.pdf
ComlyWeekday608,608,Comly,1 of 3,243,Weekday,https://www4.septa.org/picking/pdf/summer-a-2026/comly/paddles/weekday-paddles.pdf#page=243,https://www4.septa.org/picking/pdf/summer-a-2026/comly/paddles/weekday-paddles#page=243.pdf,https://www4.septa.org/picking/pdf/summer-a-2026/comly/trip-sheets/weekday-trip-sheets.pdf
ComlyWeekday609,609,Comly,1 of 2,246,Weekday,https://www4.septa.org/picking/pdf/summer-a-2026/comly/paddles/weekday-paddles.pdf#page=246,https://www4.septa.org/picking/pdf/summer-a-2026/comly/paddles/weekday-paddles#page=246.pdf,https://www4.septa.org/picking/pdf/summer-a-2026/comly/trip-sheets/weekday-trip-sheets.pdf
ComlyWeekday610,610,Comly,1 of 2,248,Weekday,https://www4.septa.org/picking/pdf/summer-a-2026/comly/paddles/weekday-paddles.pdf#page=248,https://www4.septa.org/picking/pdf/summer-a-2026/comly/paddles/weekday-paddles#page=248.pdf,https://www4.septa.org/picking/pdf/summer-a-2026/comly/trip-sheets/weekday-trip-sheets.pdf
ComlyWeekday611,611,Comly,1 of 2,250,Weekday,https://www4.septa.org/picking/pdf/summer-a-2026/comly/paddles/weekday-paddles.pdf#page=250,https://www4.septa.org/picking/pdf/summer-a-2026/comly/paddles/weekday-paddles#page=250.pdf,https://www4.septa.org/picking/pdf/summer-a-2026/comly/trip-sheets/weekday-trip-sheets.pdf
ComlyWeekday612,612,Comly,1 of 2,252,Weekday,https://www4.septa.org/picking/pdf/summer-a-2026/comly/paddles/weekday-paddles.pdf#page=252,https://www4.septa.org/picking/pdf/summer-a-2026/comly/paddles/weekday-paddles#page=252.pdf,https://www4.septa.org/picking/pdf/summer-a-2026/comly/trip-sheets/weekday-trip-sheets.pdf
ComlyWeekday613,613,Comly,1 of 2,254,Weekday,https://www4.septa.org/picking/pdf/summer-a-2026/comly/paddles/weekday-paddles.pdf#page=254,https://www4.septa.org/picking/pdf/summer-a-2026/comly/paddles/weekday-paddles#page=254.pdf,https://www4.septa.org/picking/pdf/summer-a-2026/comly/trip-sheets/weekday-trip-sheets.pdf
ComlyWeekday614,614,Comly,1 of 2,256,Weekday,https://www4.septa.org/picking/pdf/summer-a-2026/comly/paddles/weekday-paddles.pdf#page=256,https://www4.septa.org/picking/pdf/summer-a-2026/comly/paddles/weekday-paddles#page=256.pdf,https://www4.septa.org/picking/pdf/summer-a-2026/comly/trip-sheets/weekday-trip-sheets.pdf
ComlyWeekday615,615,Comly,1 of 2,258,Weekday,https://www4.septa.org/picking/pdf/summer-a-2026/comly/paddles/weekday-paddles.pdf#page=258,https://www4.septa.org/picking/pdf/summer-a-2026/comly/paddles/weekday-paddles#page=258.pdf,https://www4.septa.org/picking/pdf/summer-a-2026/comly/trip-sheets/weekday-trip-sheets.pdf
ComlyWeekday616,616,Comly,1 of 2,260,Weekday,https://www4.septa.org/picking/pdf/summer-a-2026/comly/paddles/weekday-paddles.pdf#page=260,https://www4.septa.org/picking/pdf/summer-a-2026/comly/paddles/weekday-paddles#page=260.pdf,https://www4.septa.org/picking/pdf/summer-a-2026/comly/trip-sheets/weekday-trip-sheets.pdf
ComlyWeekday617,617,Comly,1 of 2,262,Weekday,https://www4.septa.org/picking/pdf/summer-a-2026/comly/paddles/weekday-paddles.pdf#page=262,https://www4.septa.org/picking/pdf/summer-a-2026/comly/paddles/weekday-paddles#page=262.pdf,https://www4.septa.org/picking/pdf/summer-a-2026/comly/trip-sheets/weekday-trip-sheets.pdf
ComlyWeekday618,618,Comly,1 of 2,264,Weekday,https://www4.septa.org/picking/pdf/summer-a-2026/comly/paddles/weekday-paddles.pdf#page=264,https://www4.septa.org/picking/pdf/summer-a-2026/comly/paddles/weekday-paddles#page=264.pdf,https://www4.septa.org/picking/pdf/summer-a-2026/comly/trip-sheets/weekday-trip-sheets.pdf
ComlyWeekday701,701,Comly,1 of 3,266,Weekday,https://www4.septa.org/picking/pdf/summer-a-2026/comly/paddles/weekday-paddles.pdf#page=266,https://www4.septa.org/picking/pdf/summer-a-2026/comly/paddles/weekday-paddles#page=266.pdf,https://www4.septa.org/picking/pdf/summer-a-2026/comly/trip-sheets/weekday-trip-sheets.pdf
ComlyWeekday702,702,Comly,1 of 3,269,Weekday,https://www4.septa.org/picking/pdf/summer-a-2026/comly/paddles/weekday-paddles.pdf#page=269,https://www4.septa.org/picking/pdf/summer-a-2026/comly/paddles/weekday-paddles#page=269.pdf,https://www4.septa.org/picking/pdf/summer-a-2026/comly/trip-sheets/weekday-trip-sheets.pdf
ComlyWeekday703,703,Comly,1 of 3,272,Weekday,https://www4.septa.org/picking/pdf/summer-a-2026/comly/paddles/weekday-paddles.pdf#page=272,https://www4.septa.org/picking/pdf/summer-a-2026/comly/paddles/weekday-paddles#page=272.pdf,https://www4.septa.org/picking/pdf/summer-a-2026/comly/trip-sheets/weekday-trip-sheets.pdf
ComlyWeekday704,704,Comly,1 of 2,275,Weekday,https://www4.septa.org/picking/pdf/summer-a-2026/comly/paddles/weekday-paddles.pdf#page=275,https://www4.septa.org/picking/pdf/summer-a-2026/comly/paddles/weekday-paddles#page=275.pdf,https://www4.septa.org/picking/pdf/summer-a-2026/comly/trip-sheets/weekday-trip-sheets.pdf
ComlyWeekday705,705,Comly,1 of 3,277,Weekday,https://www4.septa.org/picking/pdf/summer-a-2026/comly/paddles/weekday-paddles.pdf#page=277,https://www4.septa.org/picking/pdf/summer-a-2026/comly/paddles/weekday-paddles#page=277.pdf,https://www4.septa.org/picking/pdf/summer-a-2026/comly/trip-sheets/weekday-trip-sheets.pdf
ComlyWeekday706,706,Comly,1 of 2,280,Weekday,https://www4.septa.org/picking/pdf/summer-a-2026/comly/paddles/weekday-paddles.pdf#page=280,https://www4.septa.org/picking/pdf/summer-a-2026/comly/paddles/weekday-paddles#page=280.pdf,https://www4.septa.org/picking/pdf/summer-a-2026/comly/trip-sheets/weekday-trip-sheets.pdf
ComlyWeekday707,707,Comly,1 of 3,282,Weekday,https://www4.septa.org/picking/pdf/summer-a-2026/comly/paddles/weekday-paddles.pdf#page=282,https://www4.septa.org/picking/pdf/summer-a-2026/comly/paddles/weekday-paddles#page=282.pdf,https://www4.septa.org/picking/pdf/summer-a-2026/comly/trip-sheets/weekday-trip-sheets.pdf
ComlyWeekday708,708,Comly,1 of 3,285,Weekday,https://www4.septa.org/picking/pdf/summer-a-2026/comly/paddles/weekday-paddles.pdf#page=285,https://www4.septa.org/picking/pdf/summer-a-2026/comly/paddles/weekday-paddles#page=285.pdf,https://www4.septa.org/picking/pdf/summer-a-2026/comly/trip-sheets/weekday-trip-sheets.pdf
ComlyWeekday709,709,Comly,1 of 2,288,Weekday,https://www4.septa.org/picking/pdf/summer-a-2026/comly/paddles/weekday-paddles.pdf#page=288,https://www4.septa.org/picking/pdf/summer-a-2026/comly/paddles/weekday-paddles#page=288.pdf,https://www4.septa.org/picking/pdf/summer-a-2026/comly/trip-sheets/weekday-trip-sheets.pdf
ComlyWeekday710,710,Comly,1 of 3,290,Weekday,https://www4.septa.org/picking/pdf/summer-a-2026/comly/paddles/weekday-paddles.pdf#page=290,https://www4.septa.org/picking/pdf/summer-a-2026/comly/paddles/weekday-paddles#page=290.pdf,https://www4.septa.org/picking/pdf/summer-a-2026/comly/trip-sheets/weekday-trip-sheets.pdf
ComlyWeekday711,711,Comly,1 of 3,293,Weekday,https://www4.septa.org/picking/pdf/summer-a-2026/comly/paddles/weekday-paddles.pdf#page=293,https://www4.septa.org/picking/pdf/summer-a-2026/comly/paddles/weekday-paddles#page=293.pdf,https://www4.septa.org/picking/pdf/summer-a-2026/comly/trip-sheets/weekday-trip-sheets.pdf
ComlyWeekday712,712,Comly,1 of 3,296,Weekday,https://www4.septa.org/picking/pdf/summer-a-2026/comly/paddles/weekday-paddles.pdf#page=296,https://www4.septa.org/picking/pdf/summer-a-2026/comly/paddles/weekday-paddles#page=296.pdf,https://www4.septa.org/picking/pdf/summer-a-2026/comly/trip-sheets/weekday-trip-sheets.pdf
ComlyWeekday713,713,Comly,1 of 2,299,Weekday,https://www4.septa.org/picking/pdf/summer-a-2026/comly/paddles/weekday-paddles.pdf#page=299,https://www4.septa.org/picking/pdf/summer-a-2026/comly/paddles/weekday-paddles#page=299.pdf,https://www4.septa.org/picking/pdf/summer-a-2026/comly/trip-sheets/weekday-trip-sheets.pdf
ComlyWeekday714,714,Comly,1 of 2,301,Weekday,https://www4.septa.org/picking/pdf/summer-a-2026/comly/paddles/weekday-paddles.pdf#page=301,https://www4.septa.org/picking/pdf/summer-a-2026/comly/paddles/weekday-paddles#page=301.pdf,https://www4.septa.org/picking/pdf/summer-a-2026/comly/trip-sheets/weekday-trip-sheets.pdf
ComlyWeekday715,715,Comly,1 of 2,303,Weekday,https://www4.septa.org/picking/pdf/summer-a-2026/comly/paddles/weekday-paddles.pdf#page=303,https://www4.septa.org/picking/pdf/summer-a-2026/comly/paddles/weekday-paddles#page=303.pdf,https://www4.septa.org/picking/pdf/summer-a-2026/comly/trip-sheets/weekday-trip-sheets.pdf
ComlyWeekday716,716,Comly,1 of 2,305,Weekday,https://www4.septa.org/picking/pdf/summer-a-2026/comly/paddles/weekday-paddles.pdf#page=305,https://www4.septa.org/picking/pdf/summer-a-2026/comly/paddles/weekday-paddles#page=305.pdf,https://www4.septa.org/picking/pdf/summer-a-2026/comly/trip-sheets/weekday-trip-sheets.pdf
ComlyWeekday717,717,Comly,1 of 2,307,Weekday,https://www4.septa.org/picking/pdf/summer-a-2026/comly/paddles/weekday-paddles.pdf#page=307,https://www4.septa.org/picking/pdf/summer-a-2026/comly/paddles/weekday-paddles#page=307.pdf,https://www4.septa.org/picking/pdf/summer-a-2026/comly/trip-sheets/weekday-trip-sheets.pdf
ComlyWeekday718,718,Comly,1 of 2,309,Weekday,https://www4.septa.org/picking/pdf/summer-a-2026/comly/paddles/weekday-paddles.pdf#page=309,https://www4.septa.org/picking/pdf/summer-a-2026/comly/paddles/weekday-paddles#page=309.pdf,https://www4.septa.org/picking/pdf/summer-a-2026/comly/trip-sheets/weekday-trip-sheets.pdf
ComlyWeekday719,719,Comly,1 of 2,311,Weekday,https://www4.septa.org/picking/pdf/summer-a-2026/comly/paddles/weekday-paddles.pdf#page=311,https://www4.septa.org/picking/pdf/summer-a-2026/comly/paddles/weekday-paddles#page=311.pdf,https://www4.septa.org/picking/pdf/summer-a-2026/comly/trip-sheets/weekday-trip-sheets.pdf
ComlyWeekday720,720,Comly,1 of 2,313,Weekday,https://www4.septa.org/picking/pdf/summer-a-2026/comly/paddles/weekday-paddles.pdf#page=313,https://www4.septa.org/picking/pdf/summer-a-2026/comly/paddles/weekday-paddles#page=313.pdf,https://www4.septa.org/picking/pdf/summer-a-2026/comly/trip-sheets/weekday-trip-sheets.pdf
ComlyWeekday721,721,Comly,1 of 2,315,Weekday,https://www4.septa.org/picking/pdf/summer-a-2026/comly/paddles/weekday-paddles.pdf#page=315,https://www4.septa.org/picking/pdf/summer-a-2026/comly/paddles/weekday-paddles#page=315.pdf,https://www4.septa.org/picking/pdf/summer-a-2026/comly/trip-sheets/weekday-trip-sheets.pdf
ComlyWeekday801,801,Comly,1 of 2,317,Weekday,https://www4.septa.org/picking/pdf/summer-a-2026/comly/paddles/weekday-paddles.pdf#page=317,https://www4.septa.org/picking/pdf/summer-a-2026/comly/paddles/weekday-paddles#page=317.pdf,https://www4.septa.org/picking/pdf/summer-a-2026/comly/trip-sheets/weekday-trip-sheets.pdf
ComlyWeekday802,802,Comly,1 of 2,319,Weekday,https://www4.septa.org/picking/pdf/summer-a-2026/comly/paddles/weekday-paddles.pdf#page=319,https://www4.septa.org/picking/pdf/summer-a-2026/comly/paddles/weekday-paddles#page=319.pdf,https://www4.septa.org/picking/pdf/summer-a-2026/comly/trip-sheets/weekday-trip-sheets.pdf
ComlyWeekday803,803,Comly,1 of 3,321,Weekday,https://www4.septa.org/picking/pdf/summer-a-2026/comly/paddles/weekday-paddles.pdf#page=321,https://www4.septa.org/picking/pdf/summer-a-2026/comly/paddles/weekday-paddles#page=321.pdf,https://www4.septa.org/picking/pdf/summer-a-2026/comly/trip-sheets/weekday-trip-sheets.pdf
ComlyWeekday804,804,Comly,1 of 2,324,Weekday,https://www4.septa.org/picking/pdf/summer-a-2026/comly/paddles/weekday-paddles.pdf#page=324,https://www4.septa.org/picking/pdf/summer-a-2026/comly/paddles/weekday-paddles#page=324.pdf,https://www4.septa.org/picking/pdf/summer-a-2026/comly/trip-sheets/weekday-trip-sheets.pdf
ComlyWeekday805,805,Comly,1 of 2,326,Weekday,https://www4.septa.org/picking/pdf/summer-a-2026/comly/paddles/weekday-paddles.pdf#page=326,https://www4.septa.org/picking/pdf/summer-a-2026/comly/paddles/weekday-paddles#page=326.pdf,https://www4.septa.org/picking/pdf/summer-a-2026/comly/trip-sheets/weekday-trip-sheets.pdf
ComlyWeekday806,806,Comly,1 of 2,328,Weekday,https://www4.septa.org/picking/pdf/summer-a-2026/comly/paddles/weekday-paddles.pdf#page=328,https://www4.septa.org/picking/pdf/summer-a-2026/comly/paddles/weekday-paddles#page=328.pdf,https://www4.septa.org/picking/pdf/summer-a-2026/comly/trip-sheets/weekday-trip-sheets.pdf
ComlyWeekday807,807,Comly,1 of 2,330,Weekday,https://www4.septa.org/picking/pdf/summer-a-2026/comly/paddles/weekday-paddles.pdf#page=330,https://www4.septa.org/picking/pdf/summer-a-2026/comly/paddles/weekday-paddles#page=330.pdf,https://www4.septa.org/picking/pdf/summer-a-2026/comly/trip-sheets/weekday-trip-sheets.pdf
ComlyWeekday808,808,Comly,1 of 2,332,Weekday,https://www4.septa.org/picking/pdf/summer-a-2026/comly/paddles/weekday-paddles.pdf#page=332,https://www4.septa.org/picking/pdf/summer-a-2026/comly/paddles/weekday-paddles#page=332.pdf,https://www4.septa.org/picking/pdf/summer-a-2026/comly/trip-sheets/weekday-trip-sheets.pdf
ComlyWeekday901,901,Comly,1 of 3,334,Weekday,https://www4.septa.org/picking/pdf/summer-a-2026/comly/paddles/weekday-paddles.pdf#page=334,https://www4.septa.org/picking/pdf/summer-a-2026/comly/paddles/weekday-paddles#page=334.pdf,https://www4.septa.org/picking/pdf/summer-a-2026/comly/trip-sheets/weekday-trip-sheets.pdf
ComlyWeekday951,951,Comly,1 of 3,337,Weekday,https://www4.septa.org/picking/pdf/summer-a-2026/comly/paddles/weekday-paddles.pdf#page=337,https://www4.septa.org/picking/pdf/summer-a-2026/comly/paddles/weekday-paddles#page=337.pdf,https://www4.septa.org/picking/pdf/summer-a-2026/comly/trip-sheets/weekday-trip-sheets.pdf
ComlyWeekday952,952,Comly,1 of 2,340,Weekday,https://www4.septa.org/picking/pdf/summer-a-2026/comly/paddles/weekday-paddles.pdf#page=340,https://www4.septa.org/picking/pdf/summer-a-2026/comly/paddles/weekday-paddles#page=340.pdf,https://www4.septa.org/picking/pdf/summer-a-2026/comly/trip-sheets/weekday-trip-sheets.pdf
ComlyWeekday953,953,Comly,1 of 2,342,Weekday,https://www4.septa.org/picking/pdf/summer-a-2026/comly/paddles/weekday-paddles.pdf#page=342,https://www4.septa.org/picking/pdf/summer-a-2026/comly/paddles/weekday-paddles#page=342.pdf,https://www4.septa.org/picking/pdf/summer-a-2026/comly/trip-sheets/weekday-trip-sheets.pdf
ComlyWeekday954,954,Comly,1 of 2,344,Weekday,https://www4.septa.org/picking/pdf/summer-a-2026/comly/paddles/weekday-paddles.pdf#page=344,https://www4.septa.org/picking/pdf/summer-a-2026/comly/paddles/weekday-paddles#page=344.pdf,https://www4.septa.org/picking/pdf/summer-a-2026/comly/trip-sheets/weekday-trip-sheets.pdf
ComlyWeekday955,955,Comly,1 of 3,346,Weekday,https://www4.septa.org/picking/pdf/summer-a-2026/comly/paddles/weekday-paddles.pdf#page=346,https://www4.septa.org/picking/pdf/summer-a-2026/comly/paddles/weekday-paddles#page=346.pdf,https://www4.septa.org/picking/pdf/summer-a-2026/comly/trip-sheets/weekday-trip-sheets.pdf
ComlyWeekday956,956,Comly,1 of 3,349,Weekday,https://www4.septa.org/picking/pdf/summer-a-2026/comly/paddles/weekday-paddles.pdf#page=349,https://www4.septa.org/picking/pdf/summer-a-2026/comly/paddles/weekday-paddles#page=349.pdf,https://www4.septa.org/picking/pdf/summer-a-2026/comly/trip-sheets/weekday-trip-sheets.pdf
ComlyWeekday957,957,Comly,1 of 2,352,Weekday,https://www4.septa.org/picking/pdf/summer-a-2026/comly/paddles/weekday-paddles.pdf#page=352,https://www4.septa.org/picking/pdf/summer-a-2026/comly/paddles/weekday-paddles#page=352.pdf,https://www4.septa.org/picking/pdf/summer-a-2026/comly/trip-sheets/weekday-trip-sheets.pdf
ComlyWeekday958,958,Comly,1 of 2,354,Weekday,https://www4.septa.org/picking/pdf/summer-a-2026/comly/paddles/weekday-paddles.pdf#page=354,https://www4.septa.org/picking/pdf/summer-a-2026/comly/paddles/weekday-paddles#page=354.pdf,https://www4.septa.org/picking/pdf/summer-a-2026/comly/trip-sheets/weekday-trip-sheets.pdf
ComlyWeekday959,959,Comly,1 of 3,356,Weekday,https://www4.septa.org/picking/pdf/summer-a-2026/comly/paddles/weekday-paddles.pdf#page=356,https://www4.septa.org/picking/pdf/summer-a-2026/comly/paddles/weekday-paddles#page=356.pdf,https://www4.septa.org/picking/pdf/summer-a-2026/comly/trip-sheets/weekday-trip-sheets.pdf
ComlyWeekday960,960,Comly,1 of 2,359,Weekday,https://www4.septa.org/picking/pdf/summer-a-2026/comly/paddles/weekday-paddles.pdf#page=359,https://www4.septa.org/picking/pdf/summer-a-2026/comly/paddles/weekday-paddles#page=359.pdf,https://www4.septa.org/picking/pdf/summer-a-2026/comly/trip-sheets/weekday-trip-sheets.pdf
ComlyWeekday961,961,Comly,1 of 2,361,Weekday,https://www4.septa.org/picking/pdf/summer-a-2026/comly/paddles/weekday-paddles.pdf#page=361,https://www4.septa.org/picking/pdf/summer-a-2026/comly/paddles/weekday-paddles#page=361.pdf,https://www4.septa.org/picking/pdf/summer-a-2026/comly/trip-sheets/weekday-trip-sheets.pdf
ComlySaturday1,1,Comly,1 of 2,1,Saturday,https://www4.septa.org/picking/pdf/summer-a-2026/comly/paddles/saturday-paddles.pdf#page=1,https://www4.septa.org/picking/pdf/summer-a-2026/comly/paddles/saturday-paddles#page=1.pdf,https://www4.septa.org/picking/pdf/summer-a-2026/comly/trip-sheets/saturday-trip-sheets.pdf
ComlySaturday2,2,Comly,1 of 2,3,Saturday,https://www4.septa.org/picking/pdf/summer-a-2026/comly/paddles/saturday-paddles.pdf#page=3,https://www4.septa.org/picking/pdf/summer-a-2026/comly/paddles/saturday-paddles#page=3.pdf,https://www4.septa.org/picking/pdf/summer-a-2026/comly/trip-sheets/saturday-trip-sheets.pdf
ComlySaturday3,3,Comly,1 of 3,5,Saturday,https://www4.septa.org/picking/pdf/summer-a-2026/comly/paddles/saturday-paddles.pdf#page=5,https://www4.septa.org/picking/pdf/summer-a-2026/comly/paddles/saturday-paddles#page=5.pdf,https://www4.septa.org/picking/pdf/summer-a-2026/comly/trip-sheets/saturday-trip-sheets.pdf
ComlySaturday4,4,Comly,1 of 2,8,Saturday,https://www4.septa.org/picking/pdf/summer-a-2026/comly/paddles/saturday-paddles.pdf#page=8,https://www4.septa.org/picking/pdf/summer-a-2026/comly/paddles/saturday-paddles#page=8.pdf,https://www4.septa.org/picking/pdf/summer-a-2026/comly/trip-sheets/saturday-trip-sheets.pdf
ComlySaturday5,5,Comly,1 of 3,10,Saturday,https://www4.septa.org/picking/pdf/summer-a-2026/comly/paddles/saturday-paddles.pdf#page=10,https://www4.septa.org/picking/pdf/summer-a-2026/comly/paddles/saturday-paddles#page=10.pdf,https://www4.septa.org/picking/pdf/summer-a-2026/comly/trip-sheets/saturday-trip-sheets.pdf
ComlySaturday6,6,Comly,1 of 2,13,Saturday,https://www4.septa.org/picking/pdf/summer-a-2026/comly/paddles/saturday-paddles.pdf#page=13,https://www4.septa.org/picking/pdf/summer-a-2026/comly/paddles/saturday-paddles#page=13.pdf,https://www4.septa.org/picking/pdf/summer-a-2026/comly/trip-sheets/saturday-trip-sheets.pdf
ComlySaturday7,7,Comly,1 of 3,15,Saturday,https://www4.septa.org/picking/pdf/summer-a-2026/comly/paddles/saturday-paddles.pdf#page=15,https://www4.septa.org/picking/pdf/summer-a-2026/comly/paddles/saturday-paddles#page=15.pdf,https://www4.septa.org/picking/pdf/summer-a-2026/comly/trip-sheets/saturday-trip-sheets.pdf
ComlySaturday8,8,Comly,1 of 3,18,Saturday,https://www4.septa.org/picking/pdf/summer-a-2026/comly/paddles/saturday-paddles.pdf#page=18,https://www4.septa.org/picking/pdf/summer-a-2026/comly/paddles/saturday-paddles#page=18.pdf,https://www4.septa.org/picking/pdf/summer-a-2026/comly/trip-sheets/saturday-trip-sheets.pdf
ComlySaturday9,9,Comly,1 of 3,21,Saturday,https://www4.septa.org/picking/pdf/summer-a-2026/comly/paddles/saturday-paddles.pdf#page=21,https://www4.septa.org/picking/pdf/summer-a-2026/comly/paddles/saturday-paddles#page=21.pdf,https://www4.septa.org/picking/pdf/summer-a-2026/comly/trip-sheets/saturday-trip-sheets.pdf
ComlySaturday10,10,Comly,1 of 2,24,Saturday,https://www4.septa.org/picking/pdf/summer-a-2026/comly/paddles/saturday-paddles.pdf#page=24,https://www4.septa.org/picking/pdf/summer-a-2026/comly/paddles/saturday-paddles#page=24.pdf,https://www4.septa.org/picking/pdf/summer-a-2026/comly/trip-sheets/saturday-trip-sheets.pdf
ComlySaturday11,11,Comly,1 of 3,26,Saturday,https://www4.septa.org/picking/pdf/summer-a-2026/comly/paddles/saturday-paddles.pdf#page=26,https://www4.septa.org/picking/pdf/summer-a-2026/comly/paddles/saturday-paddles#page=26.pdf,https://www4.septa.org/picking/pdf/summer-a-2026/comly/trip-sheets/saturday-trip-sheets.pdf
ComlySaturday12,12,Comly,1 of 2,29,Saturday,https://www4.septa.org/picking/pdf/summer-a-2026/comly/paddles/saturday-paddles.pdf#page=29,https://www4.septa.org/picking/pdf/summer-a-2026/comly/paddles/saturday-paddles#page=29.pdf,https://www4.septa.org/picking/pdf/summer-a-2026/comly/trip-sheets/saturday-trip-sheets.pdf
ComlySaturday13,13,Comly,1 of 3,31,Saturday,https://www4.septa.org/picking/pdf/summer-a-2026/comly/paddles/saturday-paddles.pdf#page=31,https://www4.septa.org/picking/pdf/summer-a-2026/comly/paddles/saturday-paddles#page=31.pdf,https://www4.septa.org/picking/pdf/summer-a-2026/comly/trip-sheets/saturday-trip-sheets.pdf
ComlySaturday51,51,Comly,1 of 2,34,Saturday,https://www4.septa.org/picking/pdf/summer-a-2026/comly/paddles/saturday-paddles.pdf#page=34,https://www4.septa.org/picking/pdf/summer-a-2026/comly/paddles/saturday-paddles#page=34.pdf,https://www4.septa.org/picking/pdf/summer-a-2026/comly/trip-sheets/saturday-trip-sheets.pdf
ComlySaturday52,52,Comly,1 of 2,36,Saturday,https://www4.septa.org/picking/pdf/summer-a-2026/comly/paddles/saturday-paddles.pdf#page=36,https://www4.septa.org/picking/pdf/summer-a-2026/comly/paddles/saturday-paddles#page=36.pdf,https://www4.septa.org/picking/pdf/summer-a-2026/comly/trip-sheets/saturday-trip-sheets.pdf
ComlySaturday53,53,Comly,1 of 2,38,Saturday,https://www4.septa.org/picking/pdf/summer-a-2026/comly/paddles/saturday-paddles.pdf#page=38,https://www4.septa.org/picking/pdf/summer-a-2026/comly/paddles/saturday-paddles#page=38.pdf,https://www4.septa.org/picking/pdf/summer-a-2026/comly/trip-sheets/saturday-trip-sheets.pdf
ComlySaturday54,54,Comly,1 of 2,40,Saturday,https://www4.septa.org/picking/pdf/summer-a-2026/comly/paddles/saturday-paddles.pdf#page=40,https://www4.septa.org/picking/pdf/summer-a-2026/comly/paddles/saturday-paddles#page=40.pdf,https://www4.septa.org/picking/pdf/summer-a-2026/comly/trip-sheets/saturday-trip-sheets.pdf
ComlySaturday55,55,Comly,1 of 3,42,Saturday,https://www4.septa.org/picking/pdf/summer-a-2026/comly/paddles/saturday-paddles.pdf#page=42,https://www4.septa.org/picking/pdf/summer-a-2026/comly/paddles/saturday-paddles#page=42.pdf,https://www4.septa.org/picking/pdf/summer-a-2026/comly/trip-sheets/saturday-trip-sheets.pdf
ComlySaturday56,56,Comly,1 of 2,45,Saturday,https://www4.septa.org/picking/pdf/summer-a-2026/comly/paddles/saturday-paddles.pdf#page=45,https://www4.septa.org/picking/pdf/summer-a-2026/comly/paddles/saturday-paddles#page=45.pdf,https://www4.septa.org/picking/pdf/summer-a-2026/comly/trip-sheets/saturday-trip-sheets.pdf
ComlySaturday57,57,Comly,1 of 3,47,Saturday,https://www4.septa.org/picking/pdf/summer-a-2026/comly/paddles/saturday-paddles.pdf#page=47,https://www4.septa.org/picking/pdf/summer-a-2026/comly/paddles/saturday-paddles#page=47.pdf,https://www4.septa.org/picking/pdf/summer-a-2026/comly/trip-sheets/saturday-trip-sheets.pdf
ComlySaturday58,58,Comly,1 of 2,50,Saturday,https://www4.septa.org/picking/pdf/summer-a-2026/comly/paddles/saturday-paddles.pdf#page=50,https://www4.septa.org/picking/pdf/summer-a-2026/comly/paddles/saturday-paddles#page=50.pdf,https://www4.septa.org/picking/pdf/summer-a-2026/comly/trip-sheets/saturday-trip-sheets.pdf
ComlySaturday59,59,Comly,1 of 2,52,Saturday,https://www4.septa.org/picking/pdf/summer-a-2026/comly/paddles/saturday-paddles.pdf#page=52,https://www4.septa.org/picking/pdf/summer-a-2026/comly/paddles/saturday-paddles#page=52.pdf,https://www4.septa.org/picking/pdf/summer-a-2026/comly/trip-sheets/saturday-trip-sheets.pdf
ComlySaturday60,60,Comly,1 of 2,54,Saturday,https://www4.septa.org/picking/pdf/summer-a-2026/comly/paddles/saturday-paddles.pdf#page=54,https://www4.septa.org/picking/pdf/summer-a-2026/comly/paddles/saturday-paddles#page=54.pdf,https://www4.septa.org/picking/pdf/summer-a-2026/comly/trip-sheets/saturday-trip-sheets.pdf
ComlySaturday61,61,Comly,1 of 2,56,Saturday,https://www4.septa.org/picking/pdf/summer-a-2026/comly/paddles/saturday-paddles.pdf#page=56,https://www4.septa.org/picking/pdf/summer-a-2026/comly/paddles/saturday-paddles#page=56.pdf,https://www4.septa.org/picking/pdf/summer-a-2026/comly/trip-sheets/saturday-trip-sheets.pdf
ComlySaturday62,62,Comly,1 of 2,58,Saturday,https://www4.septa.org/picking/pdf/summer-a-2026/comly/paddles/saturday-paddles.pdf#page=58,https://www4.septa.org/picking/pdf/summer-a-2026/comly/paddles/saturday-paddles#page=58.pdf,https://www4.septa.org/picking/pdf/summer-a-2026/comly/trip-sheets/saturday-trip-sheets.pdf
ComlySaturday63,63,Comly,1 of 3,60,Saturday,https://www4.septa.org/picking/pdf/summer-a-2026/comly/paddles/saturday-paddles.pdf#page=60,https://www4.septa.org/picking/pdf/summer-a-2026/comly/paddles/saturday-paddles#page=60.pdf,https://www4.septa.org/picking/pdf/summer-a-2026/comly/trip-sheets/saturday-trip-sheets.pdf
ComlySaturday201,201,Comly,1 of 2,63,Saturday,https://www4.septa.org/picking/pdf/summer-a-2026/comly/paddles/saturday-paddles.pdf#page=63,https://www4.septa.org/picking/pdf/summer-a-2026/comly/paddles/saturday-paddles#page=63.pdf,https://www4.septa.org/picking/pdf/summer-a-2026/comly/trip-sheets/saturday-trip-sheets.pdf
ComlySaturday202,202,Comly,1 of 3,65,Saturday,https://www4.septa.org/picking/pdf/summer-a-2026/comly/paddles/saturday-paddles.pdf#page=65,https://www4.septa.org/picking/pdf/summer-a-2026/comly/paddles/saturday-paddles#page=65.pdf,https://www4.septa.org/picking/pdf/summer-a-2026/comly/trip-sheets/saturday-trip-sheets.pdf
ComlySaturday203,203,Comly,1 of 2,68,Saturday,https://www4.septa.org/picking/pdf/summer-a-2026/comly/paddles/saturday-paddles.pdf#page=68,https://www4.septa.org/picking/pdf/summer-a-2026/comly/paddles/saturday-paddles#page=68.pdf,https://www4.septa.org/picking/pdf/summer-a-2026/comly/trip-sheets/saturday-trip-sheets.pdf
ComlySaturday204,204,Comly,1 of 2,70,Saturday,https://www4.septa.org/picking/pdf/summer-a-2026/comly/paddles/saturday-paddles.pdf#page=70,https://www4.septa.org/picking/pdf/summer-a-2026/comly/paddles/saturday-paddles#page=70.pdf,https://www4.septa.org/picking/pdf/summer-a-2026/comly/trip-sheets/saturday-trip-sheets.pdf
ComlySaturday205,205,Comly,1 of 2,72,Saturday,https://www4.septa.org/picking/pdf/summer-a-2026/comly/paddles/saturday-paddles.pdf#page=72,https://www4.septa.org/picking/pdf/summer-a-2026/comly/paddles/saturday-paddles#page=72.pdf,https://www4.septa.org/picking/pdf/summer-a-2026/comly/trip-sheets/saturday-trip-sheets.pdf
ComlySaturday206,206,Comly,1 of 2,74,Saturday,https://www4.septa.org/picking/pdf/summer-a-2026/comly/paddles/saturday-paddles.pdf#page=74,https://www4.septa.org/picking/pdf/summer-a-2026/comly/paddles/saturday-paddles#page=74.pdf,https://www4.septa.org/picking/pdf/summer-a-2026/comly/trip-sheets/saturday-trip-sheets.pdf
ComlySaturday207,207,Comly,1 of 3,76,Saturday,https://www4.septa.org/picking/pdf/summer-a-2026/comly/paddles/saturday-paddles.pdf#page=76,https://www4.septa.org/picking/pdf/summer-a-2026/comly/paddles/saturday-paddles#page=76.pdf,https://www4.septa.org/picking/pdf/summer-a-2026/comly/trip-sheets/saturday-trip-sheets.pdf
ComlySaturday251,251,Comly,1 of 2,79,Saturday,https://www4.septa.org/picking/pdf/summer-a-2026/comly/paddles/saturday-paddles.pdf#page=79,https://www4.septa.org/picking/pdf/summer-a-2026/comly/paddles/saturday-paddles#page=79.pdf,https://www4.septa.org/picking/pdf/summer-a-2026/comly/trip-sheets/saturday-trip-sheets.pdf
ComlySaturday252,252,Comly,1 of 2,81,Saturday,https://www4.septa.org/picking/pdf/summer-a-2026/comly/paddles/saturday-paddles.pdf#page=81,https://www4.septa.org/picking/pdf/summer-a-2026/comly/paddles/saturday-paddles#page=81.pdf,https://www4.septa.org/picking/pdf/summer-a-2026/comly/trip-sheets/saturday-trip-sheets.pdf
ComlySaturday253,253,Comly,1 of 3,83,Saturday,https://www4.septa.org/picking/pdf/summer-a-2026/comly/paddles/saturday-paddles.pdf#page=83,https://www4.septa.org/picking/pdf/summer-a-2026/comly/paddles/saturday-paddles#page=83.pdf,https://www4.septa.org/picking/pdf/summer-a-2026/comly/trip-sheets/saturday-trip-sheets.pdf
ComlySaturday254,254,Comly,1 of 3,86,Saturday,https://www4.septa.org/picking/pdf/summer-a-2026/comly/paddles/saturday-paddles.pdf#page=86,https://www4.septa.org/picking/pdf/summer-a-2026/comly/paddles/saturday-paddles#page=86.pdf,https://www4.septa.org/picking/pdf/summer-a-2026/comly/trip-sheets/saturday-trip-sheets.pdf
ComlySaturday301,301,Comly,1 of 3,89,Saturday,https://www4.septa.org/picking/pdf/summer-a-2026/comly/paddles/saturday-paddles.pdf#page=89,https://www4.septa.org/picking/pdf/summer-a-2026/comly/paddles/saturday-paddles#page=89.pdf,https://www4.septa.org/picking/pdf/summer-a-2026/comly/trip-sheets/saturday-trip-sheets.pdf
ComlySaturday302,302,Comly,1 of 2,92,Saturday,https://www4.septa.org/picking/pdf/summer-a-2026/comly/paddles/saturday-paddles.pdf#page=92,https://www4.septa.org/picking/pdf/summer-a-2026/comly/paddles/saturday-paddles#page=92.pdf,https://www4.septa.org/picking/pdf/summer-a-2026/comly/trip-sheets/saturday-trip-sheets.pdf
ComlySaturday303,303,Comly,1 of 3,94,Saturday,https://www4.septa.org/picking/pdf/summer-a-2026/comly/paddles/saturday-paddles.pdf#page=94,https://www4.septa.org/picking/pdf/summer-a-2026/comly/paddles/saturday-paddles#page=94.pdf,https://www4.septa.org/picking/pdf/summer-a-2026/comly/trip-sheets/saturday-trip-sheets.pdf
ComlySaturday401,401,Comly,1 of 3,97,Saturday,https://www4.septa.org/picking/pdf/summer-a-2026/comly/paddles/saturday-paddles.pdf#page=97,https://www4.septa.org/picking/pdf/summer-a-2026/comly/paddles/saturday-paddles#page=97.pdf,https://www4.septa.org/picking/pdf/summer-a-2026/comly/trip-sheets/saturday-trip-sheets.pdf
ComlySaturday402,402,Comly,1 of 3,100,Saturday,https://www4.septa.org/picking/pdf/summer-a-2026/comly/paddles/saturday-paddles.pdf#page=100,https://www4.septa.org/picking/pdf/summer-a-2026/comly/paddles/saturday-paddles#page=100.pdf,https://www4.septa.org/picking/pdf/summer-a-2026/comly/trip-sheets/saturday-trip-sheets.pdf
ComlySaturday403,403,Comly,1 of 2,103,Saturday,https://www4.septa.org/picking/pdf/summer-a-2026/comly/paddles/saturday-paddles.pdf#page=103,https://www4.septa.org/picking/pdf/summer-a-2026/comly/paddles/saturday-paddles#page=103.pdf,https://www4.septa.org/picking/pdf/summer-a-2026/comly/trip-sheets/saturday-trip-sheets.pdf
ComlySaturday404,404,Comly,1 of 3,105,Saturday,https://www4.septa.org/picking/pdf/summer-a-2026/comly/paddles/saturday-paddles.pdf#page=105,https://www4.septa.org/picking/pdf/summer-a-2026/comly/paddles/saturday-paddles#page=105.pdf,https://www4.septa.org/picking/pdf/summer-a-2026/comly/trip-sheets/saturday-trip-sheets.pdf
ComlySaturday405,405,Comly,1 of 2,108,Saturday,https://www4.septa.org/picking/pdf/summer-a-2026/comly/paddles/saturday-paddles.pdf#page=108,https://www4.septa.org/picking/pdf/summer-a-2026/comly/paddles/saturday-paddles#page=108.pdf,https://www4.septa.org/picking/pdf/summer-a-2026/comly/trip-sheets/saturday-trip-sheets.pdf
ComlySaturday406,406,Comly,1 of 3,110,Saturday,https://www4.septa.org/picking/pdf/summer-a-2026/comly/paddles/saturday-paddles.pdf#page=110,https://www4.septa.org/picking/pdf/summer-a-2026/comly/paddles/saturday-paddles#page=110.pdf,https://www4.septa.org/picking/pdf/summer-a-2026/comly/trip-sheets/saturday-trip-sheets.pdf
ComlySaturday407,407,Comly,1 of 3,113,Saturday,https://www4.septa.org/picking/pdf/summer-a-2026/comly/paddles/saturday-paddles.pdf#page=113,https://www4.septa.org/picking/pdf/summer-a-2026/comly/paddles/saturday-paddles#page=113.pdf,https://www4.septa.org/picking/pdf/summer-a-2026/comly/trip-sheets/saturday-trip-sheets.pdf
ComlySaturday408,408,Comly,1 of 2,116,Saturday,https://www4.septa.org/picking/pdf/summer-a-2026/comly/paddles/saturday-paddles.pdf#page=116,https://www4.septa.org/picking/pdf/summer-a-2026/comly/paddles/saturday-paddles#page=116.pdf,https://www4.septa.org/picking/pdf/summer-a-2026/comly/trip-sheets/saturday-trip-sheets.pdf
ComlySaturday409,409,Comly,1 of 3,118,Saturday,https://www4.septa.org/picking/pdf/summer-a-2026/comly/paddles/saturday-paddles.pdf#page=118,https://www4.septa.org/picking/pdf/summer-a-2026/comly/paddles/saturday-paddles#page=118.pdf,https://www4.septa.org/picking/pdf/summer-a-2026/comly/trip-sheets/saturday-trip-sheets.pdf
ComlySaturday410,410,Comly,1 of 3,121,Saturday,https://www4.septa.org/picking/pdf/summer-a-2026/comly/paddles/saturday-paddles.pdf#page=121,https://www4.septa.org/picking/pdf/summer-a-2026/comly/paddles/saturday-paddles#page=121.pdf,https://www4.septa.org/picking/pdf/summer-a-2026/comly/trip-sheets/saturday-trip-sheets.pdf
ComlySaturday411,411,Comly,1 of 2,124,Saturday,https://www4.septa.org/picking/pdf/summer-a-2026/comly/paddles/saturday-paddles.pdf#page=124,https://www4.septa.org/picking/pdf/summer-a-2026/comly/paddles/saturday-paddles#page=124.pdf,https://www4.septa.org/picking/pdf/summer-a-2026/comly/trip-sheets/saturday-trip-sheets.pdf
ComlySaturday412,412,Comly,1 of 2,126,Saturday,https://www4.septa.org/picking/pdf/summer-a-2026/comly/paddles/saturday-paddles.pdf#page=126,https://www4.septa.org/picking/pdf/summer-a-2026/comly/paddles/saturday-paddles#page=126.pdf,https://www4.septa.org/picking/pdf/summer-a-2026/comly/trip-sheets/saturday-trip-sheets.pdf
ComlySaturday413,413,Comly,1 of 3,128,Saturday,https://www4.septa.org/picking/pdf/summer-a-2026/comly/paddles/saturday-paddles.pdf#page=128,https://www4.septa.org/picking/pdf/summer-a-2026/comly/paddles/saturday-paddles#page=128.pdf,https://www4.septa.org/picking/pdf/summer-a-2026/comly/trip-sheets/saturday-trip-sheets.pdf
ComlySaturday414,414,Comly,1 of 3,131,Saturday,https://www4.septa.org/picking/pdf/summer-a-2026/comly/paddles/saturday-paddles.pdf#page=131,https://www4.septa.org/picking/pdf/summer-a-2026/comly/paddles/saturday-paddles#page=131.pdf,https://www4.septa.org/picking/pdf/summer-a-2026/comly/trip-sheets/saturday-trip-sheets.pdf
ComlySaturday415,415,Comly,1 of 2,134,Saturday,https://www4.septa.org/picking/pdf/summer-a-2026/comly/paddles/saturday-paddles.pdf#page=134,https://www4.septa.org/picking/pdf/summer-a-2026/comly/paddles/saturday-paddles#page=134.pdf,https://www4.septa.org/picking/pdf/summer-a-2026/comly/trip-sheets/saturday-trip-sheets.pdf
ComlySaturday416,416,Comly,1 of 3,136,Saturday,https://www4.septa.org/picking/pdf/summer-a-2026/comly/paddles/saturday-paddles.pdf#page=136,https://www4.septa.org/picking/pdf/summer-a-2026/comly/paddles/saturday-paddles#page=136.pdf,https://www4.septa.org/picking/pdf/summer-a-2026/comly/trip-sheets/saturday-trip-sheets.pdf
ComlySaturday417,417,Comly,1 of 2,139,Saturday,https://www4.septa.org/picking/pdf/summer-a-2026/comly/paddles/saturday-paddles.pdf#page=139,https://www4.septa.org/picking/pdf/summer-a-2026/comly/paddles/saturday-paddles#page=139.pdf,https://www4.septa.org/picking/pdf/summer-a-2026/comly/trip-sheets/saturday-trip-sheets.pdf
ComlySaturday418,418,Comly,1 of 3,141,Saturday,https://www4.septa.org/picking/pdf/summer-a-2026/comly/paddles/saturday-paddles.pdf#page=141,https://www4.septa.org/picking/pdf/summer-a-2026/comly/paddles/saturday-paddles#page=141.pdf,https://www4.septa.org/picking/pdf/summer-a-2026/comly/trip-sheets/saturday-trip-sheets.pdf
ComlySaturday419,419,Comly,1 of 3,144,Saturday,https://www4.septa.org/picking/pdf/summer-a-2026/comly/paddles/saturday-paddles.pdf#page=144,https://www4.septa.org/picking/pdf/summer-a-2026/comly/paddles/saturday-paddles#page=144.pdf,https://www4.septa.org/picking/pdf/summer-a-2026/comly/trip-sheets/saturday-trip-sheets.pdf
ComlySaturday420,420,Comly,1 of 3,147,Saturday,https://www4.septa.org/picking/pdf/summer-a-2026/comly/paddles/saturday-paddles.pdf#page=147,https://www4.septa.org/picking/pdf/summer-a-2026/comly/paddles/saturday-paddles#page=147.pdf,https://www4.septa.org/picking/pdf/summer-a-2026/comly/trip-sheets/saturday-trip-sheets.pdf
ComlySaturday421,421,Comly,1 of 3,150,Saturday,https://www4.septa.org/picking/pdf/summer-a-2026/comly/paddles/saturday-paddles.pdf#page=150,https://www4.septa.org/picking/pdf/summer-a-2026/comly/paddles/saturday-paddles#page=150.pdf,https://www4.septa.org/picking/pdf/summer-a-2026/comly/trip-sheets/saturday-trip-sheets.pdf
ComlySaturday422,422,Comly,1 of 3,153,Saturday,https://www4.septa.org/picking/pdf/summer-a-2026/comly/paddles/saturday-paddles.pdf#page=153,https://www4.septa.org/picking/pdf/summer-a-2026/comly/paddles/saturday-paddles#page=153.pdf,https://www4.septa.org/picking/pdf/summer-a-2026/comly/trip-sheets/saturday-trip-sheets.pdf
ComlySaturday501,501,Comly,1 of 2,156,Saturday,https://www4.septa.org/picking/pdf/summer-a-2026/comly/paddles/saturday-paddles.pdf#page=156,https://www4.septa.org/picking/pdf/summer-a-2026/comly/paddles/saturday-paddles#page=156.pdf,https://www4.septa.org/picking/pdf/summer-a-2026/comly/trip-sheets/saturday-trip-sheets.pdf
ComlySaturday502,502,Comly,1 of 3,158,Saturday,https://www4.septa.org/picking/pdf/summer-a-2026/comly/paddles/saturday-paddles.pdf#page=158,https://www4.septa.org/picking/pdf/summer-a-2026/comly/paddles/saturday-paddles#page=158.pdf,https://www4.septa.org/picking/pdf/summer-a-2026/comly/trip-sheets/saturday-trip-sheets.pdf
ComlySaturday503,503,Comly,1 of 2,161,Saturday,https://www4.septa.org/picking/pdf/summer-a-2026/comly/paddles/saturday-paddles.pdf#page=161,https://www4.septa.org/picking/pdf/summer-a-2026/comly/paddles/saturday-paddles#page=161.pdf,https://www4.septa.org/picking/pdf/summer-a-2026/comly/trip-sheets/saturday-trip-sheets.pdf
ComlySaturday551,551,Comly,1 of 2,163,Saturday,https://www4.septa.org/picking/pdf/summer-a-2026/comly/paddles/saturday-paddles.pdf#page=163,https://www4.septa.org/picking/pdf/summer-a-2026/comly/paddles/saturday-paddles#page=163.pdf,https://www4.septa.org/picking/pdf/summer-a-2026/comly/trip-sheets/saturday-trip-sheets.pdf
ComlySaturday552,552,Comly,1 of 2,165,Saturday,https://www4.septa.org/picking/pdf/summer-a-2026/comly/paddles/saturday-paddles.pdf#page=165,https://www4.septa.org/picking/pdf/summer-a-2026/comly/paddles/saturday-paddles#page=165.pdf,https://www4.septa.org/picking/pdf/summer-a-2026/comly/trip-sheets/saturday-trip-sheets.pdf
ComlySaturday601,601,Comly,1 of 2,167,Saturday,https://www4.septa.org/picking/pdf/summer-a-2026/comly/paddles/saturday-paddles.pdf#page=167,https://www4.septa.org/picking/pdf/summer-a-2026/comly/paddles/saturday-paddles#page=167.pdf,https://www4.septa.org/picking/pdf/summer-a-2026/comly/trip-sheets/saturday-trip-sheets.pdf
ComlySaturday602,602,Comly,1 of 2,169,Saturday,https://www4.septa.org/picking/pdf/summer-a-2026/comly/paddles/saturday-paddles.pdf#page=169,https://www4.septa.org/picking/pdf/summer-a-2026/comly/paddles/saturday-paddles#page=169.pdf,https://www4.septa.org/picking/pdf/summer-a-2026/comly/trip-sheets/saturday-trip-sheets.pdf
ComlySaturday603,603,Comly,1 of 2,171,Saturday,https://www4.septa.org/picking/pdf/summer-a-2026/comly/paddles/saturday-paddles.pdf#page=171,https://www4.septa.org/picking/pdf/summer-a-2026/comly/paddles/saturday-paddles#page=171.pdf,https://www4.septa.org/picking/pdf/summer-a-2026/comly/trip-sheets/saturday-trip-sheets.pdf
ComlySaturday604,604,Comly,1 of 2,173,Saturday,https://www4.septa.org/picking/pdf/summer-a-2026/comly/paddles/saturday-paddles.pdf#page=173,https://www4.septa.org/picking/pdf/summer-a-2026/comly/paddles/saturday-paddles#page=173.pdf,https://www4.septa.org/picking/pdf/summer-a-2026/comly/trip-sheets/saturday-trip-sheets.pdf
ComlySaturday605,605,Comly,1 of 2,175,Saturday,https://www4.septa.org/picking/pdf/summer-a-2026/comly/paddles/saturday-paddles.pdf#page=175,https://www4.septa.org/picking/pdf/summer-a-2026/comly/paddles/saturday-paddles#page=175.pdf,https://www4.septa.org/picking/pdf/summer-a-2026/comly/trip-sheets/saturday-trip-sheets.pdf
ComlySaturday606,606,Comly,1 of 2,177,Saturday,https://www4.septa.org/picking/pdf/summer-a-2026/comly/paddles/saturday-paddles.pdf#page=177,https://www4.septa.org/picking/pdf/summer-a-2026/comly/paddles/saturday-paddles#page=177.pdf,https://www4.septa.org/picking/pdf/summer-a-2026/comly/trip-sheets/saturday-trip-sheets.pdf
ComlySaturday607,607,Comly,1 of 2,179,Saturday,https://www4.septa.org/picking/pdf/summer-a-2026/comly/paddles/saturday-paddles.pdf#page=179,https://www4.septa.org/picking/pdf/summer-a-2026/comly/paddles/saturday-paddles#page=179.pdf,https://www4.septa.org/picking/pdf/summer-a-2026/comly/trip-sheets/saturday-trip-sheets.pdf
ComlySaturday608,608,Comly,1 of 3,181,Saturday,https://www4.septa.org/picking/pdf/summer-a-2026/comly/paddles/saturday-paddles.pdf#page=181,https://www4.septa.org/picking/pdf/summer-a-2026/comly/paddles/saturday-paddles#page=181.pdf,https://www4.septa.org/picking/pdf/summer-a-2026/comly/trip-sheets/saturday-trip-sheets.pdf
ComlySaturday609,609,Comly,1 of 2,184,Saturday,https://www4.septa.org/picking/pdf/summer-a-2026/comly/paddles/saturday-paddles.pdf#page=184,https://www4.septa.org/picking/pdf/summer-a-2026/comly/paddles/saturday-paddles#page=184.pdf,https://www4.septa.org/picking/pdf/summer-a-2026/comly/trip-sheets/saturday-trip-sheets.pdf
ComlySaturday610,610,Comly,1 of 2,186,Saturday,https://www4.septa.org/picking/pdf/summer-a-2026/comly/paddles/saturday-paddles.pdf#page=186,https://www4.septa.org/picking/pdf/summer-a-2026/comly/paddles/saturday-paddles#page=186.pdf,https://www4.septa.org/picking/pdf/summer-a-2026/comly/trip-sheets/saturday-trip-sheets.pdf
ComlySaturday611,611,Comly,1 of 2,188,Saturday,https://www4.septa.org/picking/pdf/summer-a-2026/comly/paddles/saturday-paddles.pdf#page=188,https://www4.septa.org/picking/pdf/summer-a-2026/comly/paddles/saturday-paddles#page=188.pdf,https://www4.septa.org/picking/pdf/summer-a-2026/comly/trip-sheets/saturday-trip-sheets.pdf
ComlySaturday612,612,Comly,1 of 2,190,Saturday,https://www4.septa.org/picking/pdf/summer-a-2026/comly/paddles/saturday-paddles.pdf#page=190,https://www4.septa.org/picking/pdf/summer-a-2026/comly/paddles/saturday-paddles#page=190.pdf,https://www4.septa.org/picking/pdf/summer-a-2026/comly/trip-sheets/saturday-trip-sheets.pdf
ComlySaturday613,613,Comly,1 of 2,192,Saturday,https://www4.septa.org/picking/pdf/summer-a-2026/comly/paddles/saturday-paddles.pdf#page=192,https://www4.septa.org/picking/pdf/summer-a-2026/comly/paddles/saturday-paddles#page=192.pdf,https://www4.septa.org/picking/pdf/summer-a-2026/comly/trip-sheets/saturday-trip-sheets.pdf
ComlySaturday701,701,Comly,1 of 2,194,Saturday,https://www4.septa.org/picking/pdf/summer-a-2026/comly/paddles/saturday-paddles.pdf#page=194,https://www4.septa.org/picking/pdf/summer-a-2026/comly/paddles/saturday-paddles#page=194.pdf,https://www4.septa.org/picking/pdf/summer-a-2026/comly/trip-sheets/saturday-trip-sheets.pdf
ComlySaturday702,702,Comly,1 of 2,196,Saturday,https://www4.septa.org/picking/pdf/summer-a-2026/comly/paddles/saturday-paddles.pdf#page=196,https://www4.septa.org/picking/pdf/summer-a-2026/comly/paddles/saturday-paddles#page=196.pdf,https://www4.septa.org/picking/pdf/summer-a-2026/comly/trip-sheets/saturday-trip-sheets.pdf
ComlySaturday703,703,Comly,1 of 2,198,Saturday,https://www4.septa.org/picking/pdf/summer-a-2026/comly/paddles/saturday-paddles.pdf#page=198,https://www4.septa.org/picking/pdf/summer-a-2026/comly/paddles/saturday-paddles#page=198.pdf,https://www4.septa.org/picking/pdf/summer-a-2026/comly/trip-sheets/saturday-trip-sheets.pdf
ComlySaturday704,704,Comly,1 of 2,200,Saturday,https://www4.septa.org/picking/pdf/summer-a-2026/comly/paddles/saturday-paddles.pdf#page=200,https://www4.septa.org/picking/pdf/summer-a-2026/comly/paddles/saturday-paddles#page=200.pdf,https://www4.septa.org/picking/pdf/summer-a-2026/comly/trip-sheets/saturday-trip-sheets.pdf
ComlySaturday705,705,Comly,1 of 2,202,Saturday,https://www4.septa.org/picking/pdf/summer-a-2026/comly/paddles/saturday-paddles.pdf#page=202,https://www4.septa.org/picking/pdf/summer-a-2026/comly/paddles/saturday-paddles#page=202.pdf,https://www4.septa.org/picking/pdf/summer-a-2026/comly/trip-sheets/saturday-trip-sheets.pdf
ComlySaturday706,706,Comly,1 of 2,204,Saturday,https://www4.septa.org/picking/pdf/summer-a-2026/comly/paddles/saturday-paddles.pdf#page=204,https://www4.septa.org/picking/pdf/summer-a-2026/comly/paddles/saturday-paddles#page=204.pdf,https://www4.septa.org/picking/pdf/summer-a-2026/comly/trip-sheets/saturday-trip-sheets.pdf
ComlySaturday707,707,Comly,1 of 2,206,Saturday,https://www4.septa.org/picking/pdf/summer-a-2026/comly/paddles/saturday-paddles.pdf#page=206,https://www4.septa.org/picking/pdf/summer-a-2026/comly/paddles/saturday-paddles#page=206.pdf,https://www4.septa.org/picking/pdf/summer-a-2026/comly/trip-sheets/saturday-trip-sheets.pdf
ComlySaturday708,708,Comly,1 of 3,208,Saturday,https://www4.septa.org/picking/pdf/summer-a-2026/comly/paddles/saturday-paddles.pdf#page=208,https://www4.septa.org/picking/pdf/summer-a-2026/comly/paddles/saturday-paddles#page=208.pdf,https://www4.septa.org/picking/pdf/summer-a-2026/comly/trip-sheets/saturday-trip-sheets.pdf
ComlySaturday709,709,Comly,1 of 2,211,Saturday,https://www4.septa.org/picking/pdf/summer-a-2026/comly/paddles/saturday-paddles.pdf#page=211,https://www4.septa.org/picking/pdf/summer-a-2026/comly/paddles/saturday-paddles#page=211.pdf,https://www4.septa.org/picking/pdf/summer-a-2026/comly/trip-sheets/saturday-trip-sheets.pdf
ComlySaturday710,710,Comly,1 of 2,213,Saturday,https://www4.septa.org/picking/pdf/summer-a-2026/comly/paddles/saturday-paddles.pdf#page=213,https://www4.septa.org/picking/pdf/summer-a-2026/comly/paddles/saturday-paddles#page=213.pdf,https://www4.septa.org/picking/pdf/summer-a-2026/comly/trip-sheets/saturday-trip-sheets.pdf
ComlySaturday711,711,Comly,1 of 2,215,Saturday,https://www4.septa.org/picking/pdf/summer-a-2026/comly/paddles/saturday-paddles.pdf#page=215,https://www4.septa.org/picking/pdf/summer-a-2026/comly/paddles/saturday-paddles#page=215.pdf,https://www4.septa.org/picking/pdf/summer-a-2026/comly/trip-sheets/saturday-trip-sheets.pdf
ComlySaturday712,712,Comly,1 of 2,217,Saturday,https://www4.septa.org/picking/pdf/summer-a-2026/comly/paddles/saturday-paddles.pdf#page=217,https://www4.septa.org/picking/pdf/summer-a-2026/comly/paddles/saturday-paddles#page=217.pdf,https://www4.septa.org/picking/pdf/summer-a-2026/comly/trip-sheets/saturday-trip-sheets.pdf
ComlySaturday713,713,Comly,1 of 2,219,Saturday,https://www4.septa.org/picking/pdf/summer-a-2026/comly/paddles/saturday-paddles.pdf#page=219,https://www4.septa.org/picking/pdf/summer-a-2026/comly/paddles/saturday-paddles#page=219.pdf,https://www4.septa.org/picking/pdf/summer-a-2026/comly/trip-sheets/saturday-trip-sheets.pdf
ComlySaturday714,714,Comly,1 of 2,221,Saturday,https://www4.septa.org/picking/pdf/summer-a-2026/comly/paddles/saturday-paddles.pdf#page=221,https://www4.septa.org/picking/pdf/summer-a-2026/comly/paddles/saturday-paddles#page=221.pdf,https://www4.septa.org/picking/pdf/summer-a-2026/comly/trip-sheets/saturday-trip-sheets.pdf
ComlySaturday715,715,Comly,1 of 2,223,Saturday,https://www4.septa.org/picking/pdf/summer-a-2026/comly/paddles/saturday-paddles.pdf#page=223,https://www4.septa.org/picking/pdf/summer-a-2026/comly/paddles/saturday-paddles#page=223.pdf,https://www4.septa.org/picking/pdf/summer-a-2026/comly/trip-sheets/saturday-trip-sheets.pdf
ComlySaturday801,801,Comly,1 of 2,225,Saturday,https://www4.septa.org/picking/pdf/summer-a-2026/comly/paddles/saturday-paddles.pdf#page=225,https://www4.septa.org/picking/pdf/summer-a-2026/comly/paddles/saturday-paddles#page=225.pdf,https://www4.septa.org/picking/pdf/summer-a-2026/comly/trip-sheets/saturday-trip-sheets.pdf
ComlySaturday802,802,Comly,1 of 2,227,Saturday,https://www4.septa.org/picking/pdf/summer-a-2026/comly/paddles/saturday-paddles.pdf#page=227,https://www4.septa.org/picking/pdf/summer-a-2026/comly/paddles/saturday-paddles#page=227.pdf,https://www4.septa.org/picking/pdf/summer-a-2026/comly/trip-sheets/saturday-trip-sheets.pdf
ComlySaturday951,951,Comly,1 of 2,229,Saturday,https://www4.septa.org/picking/pdf/summer-a-2026/comly/paddles/saturday-paddles.pdf#page=229,https://www4.septa.org/picking/pdf/summer-a-2026/comly/paddles/saturday-paddles#page=229.pdf,https://www4.septa.org/picking/pdf/summer-a-2026/comly/trip-sheets/saturday-trip-sheets.pdf
ComlySaturday952,952,Comly,1 of 2,231,Saturday,https://www4.septa.org/picking/pdf/summer-a-2026/comly/paddles/saturday-paddles.pdf#page=231,https://www4.septa.org/picking/pdf/summer-a-2026/comly/paddles/saturday-paddles#page=231.pdf,https://www4.septa.org/picking/pdf/summer-a-2026/comly/trip-sheets/saturday-trip-sheets.pdf
ComlySaturday953,953,Comly,1 of 2,233,Saturday,https://www4.septa.org/picking/pdf/summer-a-2026/comly/paddles/saturday-paddles.pdf#page=233,https://www4.septa.org/picking/pdf/summer-a-2026/comly/paddles/saturday-paddles#page=233.pdf,https://www4.septa.org/picking/pdf/summer-a-2026/comly/trip-sheets/saturday-trip-sheets.pdf
ComlySaturday954,954,Comly,1 of 2,235,Saturday,https://www4.septa.org/picking/pdf/summer-a-2026/comly/paddles/saturday-paddles.pdf#page=235,https://www4.septa.org/picking/pdf/summer-a-2026/comly/paddles/saturday-paddles#page=235.pdf,https://www4.septa.org/picking/pdf/summer-a-2026/comly/trip-sheets/saturday-trip-sheets.pdf
ComlySaturday955,955,Comly,1 of 2,237,Saturday,https://www4.septa.org/picking/pdf/summer-a-2026/comly/paddles/saturday-paddles.pdf#page=237,https://www4.septa.org/picking/pdf/summer-a-2026/comly/paddles/saturday-paddles#page=237.pdf,https://www4.septa.org/picking/pdf/summer-a-2026/comly/trip-sheets/saturday-trip-sheets.pdf
ComlySunday1,1,Comly,1 of 3,1,Sunday,https://www4.septa.org/picking/pdf/summer-a-2026/comly/paddles/sunday-paddles.pdf#page=1,https://www4.septa.org/picking/pdf/summer-a-2026/comly/paddles/sunday-paddles#page=1.pdf,https://www4.septa.org/picking/pdf/summer-a-2026/comly/trip-sheets/sunday-trip-sheets.pdf
ComlySunday2,2,Comly,1 of 3,4,Sunday,https://www4.septa.org/picking/pdf/summer-a-2026/comly/paddles/sunday-paddles.pdf#page=4,https://www4.septa.org/picking/pdf/summer-a-2026/comly/paddles/sunday-paddles#page=4.pdf,https://www4.septa.org/picking/pdf/summer-a-2026/comly/trip-sheets/sunday-trip-sheets.pdf
ComlySunday3,3,Comly,1 of 3,7,Sunday,https://www4.septa.org/picking/pdf/summer-a-2026/comly/paddles/sunday-paddles.pdf#page=7,https://www4.septa.org/picking/pdf/summer-a-2026/comly/paddles/sunday-paddles#page=7.pdf,https://www4.septa.org/picking/pdf/summer-a-2026/comly/trip-sheets/sunday-trip-sheets.pdf
ComlySunday4,4,Comly,1 of 3,10,Sunday,https://www4.septa.org/picking/pdf/summer-a-2026/comly/paddles/sunday-paddles.pdf#page=10,https://www4.septa.org/picking/pdf/summer-a-2026/comly/paddles/sunday-paddles#page=10.pdf,https://www4.septa.org/picking/pdf/summer-a-2026/comly/trip-sheets/sunday-trip-sheets.pdf
ComlySunday5,5,Comly,1 of 2,13,Sunday,https://www4.septa.org/picking/pdf/summer-a-2026/comly/paddles/sunday-paddles.pdf#page=13,https://www4.septa.org/picking/pdf/summer-a-2026/comly/paddles/sunday-paddles#page=13.pdf,https://www4.septa.org/picking/pdf/summer-a-2026/comly/trip-sheets/sunday-trip-sheets.pdf
ComlySunday6,6,Comly,1 of 2,15,Sunday,https://www4.septa.org/picking/pdf/summer-a-2026/comly/paddles/sunday-paddles.pdf#page=15,https://www4.septa.org/picking/pdf/summer-a-2026/comly/paddles/sunday-paddles#page=15.pdf,https://www4.septa.org/picking/pdf/summer-a-2026/comly/trip-sheets/sunday-trip-sheets.pdf
ComlySunday7,7,Comly,1 of 2,17,Sunday,https://www4.septa.org/picking/pdf/summer-a-2026/comly/paddles/sunday-paddles.pdf#page=17,https://www4.septa.org/picking/pdf/summer-a-2026/comly/paddles/sunday-paddles#page=17.pdf,https://www4.septa.org/picking/pdf/summer-a-2026/comly/trip-sheets/sunday-trip-sheets.pdf
ComlySunday8,8,Comly,1 of 2,19,Sunday,https://www4.septa.org/picking/pdf/summer-a-2026/comly/paddles/sunday-paddles.pdf#page=19,https://www4.septa.org/picking/pdf/summer-a-2026/comly/paddles/sunday-paddles#page=19.pdf,https://www4.septa.org/picking/pdf/summer-a-2026/comly/trip-sheets/sunday-trip-sheets.pdf
ComlySunday9,9,Comly,1 of 3,21,Sunday,https://www4.septa.org/picking/pdf/summer-a-2026/comly/paddles/sunday-paddles.pdf#page=21,https://www4.septa.org/picking/pdf/summer-a-2026/comly/paddles/sunday-paddles#page=21.pdf,https://www4.septa.org/picking/pdf/summer-a-2026/comly/trip-sheets/sunday-trip-sheets.pdf
ComlySunday10,10,Comly,1 of 2,24,Sunday,https://www4.septa.org/picking/pdf/summer-a-2026/comly/paddles/sunday-paddles.pdf#page=24,https://www4.septa.org/picking/pdf/summer-a-2026/comly/paddles/sunday-paddles#page=24.pdf,https://www4.septa.org/picking/pdf/summer-a-2026/comly/trip-sheets/sunday-trip-sheets.pdf
ComlySunday11,11,Comly,1 of 3,26,Sunday,https://www4.septa.org/picking/pdf/summer-a-2026/comly/paddles/sunday-paddles.pdf#page=26,https://www4.septa.org/picking/pdf/summer-a-2026/comly/paddles/sunday-paddles#page=26.pdf,https://www4.septa.org/picking/pdf/summer-a-2026/comly/trip-sheets/sunday-trip-sheets.pdf
ComlySunday12,12,Comly,1 of 2,29,Sunday,https://www4.septa.org/picking/pdf/summer-a-2026/comly/paddles/sunday-paddles.pdf#page=29,https://www4.septa.org/picking/pdf/summer-a-2026/comly/paddles/sunday-paddles#page=29.pdf,https://www4.septa.org/picking/pdf/summer-a-2026/comly/trip-sheets/sunday-trip-sheets.pdf
ComlySunday51,51,Comly,1 of 2,31,Sunday,https://www4.septa.org/picking/pdf/summer-a-2026/comly/paddles/sunday-paddles.pdf#page=31,https://www4.septa.org/picking/pdf/summer-a-2026/comly/paddles/sunday-paddles#page=31.pdf,https://www4.septa.org/picking/pdf/summer-a-2026/comly/trip-sheets/sunday-trip-sheets.pdf
ComlySunday52,52,Comly,1 of 2,33,Sunday,https://www4.septa.org/picking/pdf/summer-a-2026/comly/paddles/sunday-paddles.pdf#page=33,https://www4.septa.org/picking/pdf/summer-a-2026/comly/paddles/sunday-paddles#page=33.pdf,https://www4.septa.org/picking/pdf/summer-a-2026/comly/trip-sheets/sunday-trip-sheets.pdf
ComlySunday53,53,Comly,1 of 2,35,Sunday,https://www4.septa.org/picking/pdf/summer-a-2026/comly/paddles/sunday-paddles.pdf#page=35,https://www4.septa.org/picking/pdf/summer-a-2026/comly/paddles/sunday-paddles#page=35.pdf,https://www4.septa.org/picking/pdf/summer-a-2026/comly/trip-sheets/sunday-trip-sheets.pdf
ComlySunday54,54,Comly,1 of 2,37,Sunday,https://www4.septa.org/picking/pdf/summer-a-2026/comly/paddles/sunday-paddles.pdf#page=37,https://www4.septa.org/picking/pdf/summer-a-2026/comly/paddles/sunday-paddles#page=37.pdf,https://www4.septa.org/picking/pdf/summer-a-2026/comly/trip-sheets/sunday-trip-sheets.pdf
ComlySunday55,55,Comly,1 of 3,39,Sunday,https://www4.septa.org/picking/pdf/summer-a-2026/comly/paddles/sunday-paddles.pdf#page=39,https://www4.septa.org/picking/pdf/summer-a-2026/comly/paddles/sunday-paddles#page=39.pdf,https://www4.septa.org/picking/pdf/summer-a-2026/comly/trip-sheets/sunday-trip-sheets.pdf
ComlySunday56,56,Comly,1 of 2,42,Sunday,https://www4.septa.org/picking/pdf/summer-a-2026/comly/paddles/sunday-paddles.pdf#page=42,https://www4.septa.org/picking/pdf/summer-a-2026/comly/paddles/sunday-paddles#page=42.pdf,https://www4.septa.org/picking/pdf/summer-a-2026/comly/trip-sheets/sunday-trip-sheets.pdf
ComlySunday57,57,Comly,1 of 3,44,Sunday,https://www4.septa.org/picking/pdf/summer-a-2026/comly/paddles/sunday-paddles.pdf#page=44,https://www4.septa.org/picking/pdf/summer-a-2026/comly/paddles/sunday-paddles#page=44.pdf,https://www4.septa.org/picking/pdf/summer-a-2026/comly/trip-sheets/sunday-trip-sheets.pdf
ComlySunday58,58,Comly,1 of 2,47,Sunday,https://www4.septa.org/picking/pdf/summer-a-2026/comly/paddles/sunday-paddles.pdf#page=47,https://www4.septa.org/picking/pdf/summer-a-2026/comly/paddles/sunday-paddles#page=47.pdf,https://www4.septa.org/picking/pdf/summer-a-2026/comly/trip-sheets/sunday-trip-sheets.pdf
ComlySunday59,59,Comly,1 of 2,49,Sunday,https://www4.septa.org/picking/pdf/summer-a-2026/comly/paddles/sunday-paddles.pdf#page=49,https://www4.septa.org/picking/pdf/summer-a-2026/comly/paddles/sunday-paddles#page=49.pdf,https://www4.septa.org/picking/pdf/summer-a-2026/comly/trip-sheets/sunday-trip-sheets.pdf
ComlySunday60,60,Comly,1 of 2,51,Sunday,https://www4.septa.org/picking/pdf/summer-a-2026/comly/paddles/sunday-paddles.pdf#page=51,https://www4.septa.org/picking/pdf/summer-a-2026/comly/paddles/sunday-paddles#page=51.pdf,https://www4.septa.org/picking/pdf/summer-a-2026/comly/trip-sheets/sunday-trip-sheets.pdf
ComlySunday61,61,Comly,1 of 2,53,Sunday,https://www4.septa.org/picking/pdf/summer-a-2026/comly/paddles/sunday-paddles.pdf#page=53,https://www4.septa.org/picking/pdf/summer-a-2026/comly/paddles/sunday-paddles#page=53.pdf,https://www4.septa.org/picking/pdf/summer-a-2026/comly/trip-sheets/sunday-trip-sheets.pdf
ComlySunday62,62,Comly,1 of 2,55,Sunday,https://www4.septa.org/picking/pdf/summer-a-2026/comly/paddles/sunday-paddles.pdf#page=55,https://www4.septa.org/picking/pdf/summer-a-2026/comly/paddles/sunday-paddles#page=55.pdf,https://www4.septa.org/picking/pdf/summer-a-2026/comly/trip-sheets/sunday-trip-sheets.pdf
ComlySunday63,63,Comly,1 of 3,57,Sunday,https://www4.septa.org/picking/pdf/summer-a-2026/comly/paddles/sunday-paddles.pdf#page=57,https://www4.septa.org/picking/pdf/summer-a-2026/comly/paddles/sunday-paddles#page=57.pdf,https://www4.septa.org/picking/pdf/summer-a-2026/comly/trip-sheets/sunday-trip-sheets.pdf
ComlySunday64,64,Comly,1 of 3,60,Sunday,https://www4.septa.org/picking/pdf/summer-a-2026/comly/paddles/sunday-paddles.pdf#page=60,https://www4.septa.org/picking/pdf/summer-a-2026/comly/paddles/sunday-paddles#page=60.pdf,https://www4.septa.org/picking/pdf/summer-a-2026/comly/trip-sheets/sunday-trip-sheets.pdf
ComlySunday201,201,Comly,1 of 2,63,Sunday,https://www4.septa.org/picking/pdf/summer-a-2026/comly/paddles/sunday-paddles.pdf#page=63,https://www4.septa.org/picking/pdf/summer-a-2026/comly/paddles/sunday-paddles#page=63.pdf,https://www4.septa.org/picking/pdf/summer-a-2026/comly/trip-sheets/sunday-trip-sheets.pdf
ComlySunday202,202,Comly,1 of 2,65,Sunday,https://www4.septa.org/picking/pdf/summer-a-2026/comly/paddles/sunday-paddles.pdf#page=65,https://www4.septa.org/picking/pdf/summer-a-2026/comly/paddles/sunday-paddles#page=65.pdf,https://www4.septa.org/picking/pdf/summer-a-2026/comly/trip-sheets/sunday-trip-sheets.pdf
ComlySunday203,203,Comly,1 of 3,67,Sunday,https://www4.septa.org/picking/pdf/summer-a-2026/comly/paddles/sunday-paddles.pdf#page=67,https://www4.septa.org/picking/pdf/summer-a-2026/comly/paddles/sunday-paddles#page=67.pdf,https://www4.septa.org/picking/pdf/summer-a-2026/comly/trip-sheets/sunday-trip-sheets.pdf
ComlySunday204,204,Comly,1 of 2,70,Sunday,https://www4.septa.org/picking/pdf/summer-a-2026/comly/paddles/sunday-paddles.pdf#page=70,https://www4.septa.org/picking/pdf/summer-a-2026/comly/paddles/sunday-paddles#page=70.pdf,https://www4.septa.org/picking/pdf/summer-a-2026/comly/trip-sheets/sunday-trip-sheets.pdf
ComlySunday301,301,Comly,1 of 2,72,Sunday,https://www4.septa.org/picking/pdf/summer-a-2026/comly/paddles/sunday-paddles.pdf#page=72,https://www4.septa.org/picking/pdf/summer-a-2026/comly/paddles/sunday-paddles#page=72.pdf,https://www4.septa.org/picking/pdf/summer-a-2026/comly/trip-sheets/sunday-trip-sheets.pdf
ComlySunday302,302,Comly,1 of 3,74,Sunday,https://www4.septa.org/picking/pdf/summer-a-2026/comly/paddles/sunday-paddles.pdf#page=74,https://www4.septa.org/picking/pdf/summer-a-2026/comly/paddles/sunday-paddles#page=74.pdf,https://www4.septa.org/picking/pdf/summer-a-2026/comly/trip-sheets/sunday-trip-sheets.pdf
ComlySunday303,303,Comly,1 of 2,77,Sunday,https://www4.septa.org/picking/pdf/summer-a-2026/comly/paddles/sunday-paddles.pdf#page=77,https://www4.septa.org/picking/pdf/summer-a-2026/comly/paddles/sunday-paddles#page=77.pdf,https://www4.septa.org/picking/pdf/summer-a-2026/comly/trip-sheets/sunday-trip-sheets.pdf
ComlySunday401,401,Comly,1 of 3,79,Sunday,https://www4.septa.org/picking/pdf/summer-a-2026/comly/paddles/sunday-paddles.pdf#page=79,https://www4.septa.org/picking/pdf/summer-a-2026/comly/paddles/sunday-paddles#page=79.pdf,https://www4.septa.org/picking/pdf/summer-a-2026/comly/trip-sheets/sunday-trip-sheets.pdf
ComlySunday402,402,Comly,1 of 3,82,Sunday,https://www4.septa.org/picking/pdf/summer-a-2026/comly/paddles/sunday-paddles.pdf#page=82,https://www4.septa.org/picking/pdf/summer-a-2026/comly/paddles/sunday-paddles#page=82.pdf,https://www4.septa.org/picking/pdf/summer-a-2026/comly/trip-sheets/sunday-trip-sheets.pdf
ComlySunday403,403,Comly,1 of 3,85,Sunday,https://www4.septa.org/picking/pdf/summer-a-2026/comly/paddles/sunday-paddles.pdf#page=85,https://www4.septa.org/picking/pdf/summer-a-2026/comly/paddles/sunday-paddles#page=85.pdf,https://www4.septa.org/picking/pdf/summer-a-2026/comly/trip-sheets/sunday-trip-sheets.pdf
ComlySunday404,404,Comly,1 of 2,88,Sunday,https://www4.septa.org/picking/pdf/summer-a-2026/comly/paddles/sunday-paddles.pdf#page=88,https://www4.septa.org/picking/pdf/summer-a-2026/comly/paddles/sunday-paddles#page=88.pdf,https://www4.septa.org/picking/pdf/summer-a-2026/comly/trip-sheets/sunday-trip-sheets.pdf
ComlySunday405,405,Comly,1 of 3,90,Sunday,https://www4.septa.org/picking/pdf/summer-a-2026/comly/paddles/sunday-paddles.pdf#page=90,https://www4.septa.org/picking/pdf/summer-a-2026/comly/paddles/sunday-paddles#page=90.pdf,https://www4.septa.org/picking/pdf/summer-a-2026/comly/trip-sheets/sunday-trip-sheets.pdf
ComlySunday406,406,Comly,1 of 3,93,Sunday,https://www4.septa.org/picking/pdf/summer-a-2026/comly/paddles/sunday-paddles.pdf#page=93,https://www4.septa.org/picking/pdf/summer-a-2026/comly/paddles/sunday-paddles#page=93.pdf,https://www4.septa.org/picking/pdf/summer-a-2026/comly/trip-sheets/sunday-trip-sheets.pdf
ComlySunday407,407,Comly,1 of 3,96,Sunday,https://www4.septa.org/picking/pdf/summer-a-2026/comly/paddles/sunday-paddles.pdf#page=96,https://www4.septa.org/picking/pdf/summer-a-2026/comly/paddles/sunday-paddles#page=96.pdf,https://www4.septa.org/picking/pdf/summer-a-2026/comly/trip-sheets/sunday-trip-sheets.pdf
ComlySunday408,408,Comly,1 of 2,99,Sunday,https://www4.septa.org/picking/pdf/summer-a-2026/comly/paddles/sunday-paddles.pdf#page=99,https://www4.septa.org/picking/pdf/summer-a-2026/comly/paddles/sunday-paddles#page=99.pdf,https://www4.septa.org/picking/pdf/summer-a-2026/comly/trip-sheets/sunday-trip-sheets.pdf
ComlySunday409,409,Comly,1 of 3,101,Sunday,https://www4.septa.org/picking/pdf/summer-a-2026/comly/paddles/sunday-paddles.pdf#page=101,https://www4.septa.org/picking/pdf/summer-a-2026/comly/paddles/sunday-paddles#page=101.pdf,https://www4.septa.org/picking/pdf/summer-a-2026/comly/trip-sheets/sunday-trip-sheets.pdf
ComlySunday410,410,Comly,1 of 2,104,Sunday,https://www4.septa.org/picking/pdf/summer-a-2026/comly/paddles/sunday-paddles.pdf#page=104,https://www4.septa.org/picking/pdf/summer-a-2026/comly/paddles/sunday-paddles#page=104.pdf,https://www4.septa.org/picking/pdf/summer-a-2026/comly/trip-sheets/sunday-trip-sheets.pdf
ComlySunday411,411,Comly,1 of 2,106,Sunday,https://www4.septa.org/picking/pdf/summer-a-2026/comly/paddles/sunday-paddles.pdf#page=106,https://www4.septa.org/picking/pdf/summer-a-2026/comly/paddles/sunday-paddles#page=106.pdf,https://www4.septa.org/picking/pdf/summer-a-2026/comly/trip-sheets/sunday-trip-sheets.pdf
ComlySunday412,412,Comly,1 of 3,108,Sunday,https://www4.septa.org/picking/pdf/summer-a-2026/comly/paddles/sunday-paddles.pdf#page=108,https://www4.septa.org/picking/pdf/summer-a-2026/comly/paddles/sunday-paddles#page=108.pdf,https://www4.septa.org/picking/pdf/summer-a-2026/comly/trip-sheets/sunday-trip-sheets.pdf
ComlySunday413,413,Comly,1 of 2,111,Sunday,https://www4.septa.org/picking/pdf/summer-a-2026/comly/paddles/sunday-paddles.pdf#page=111,https://www4.septa.org/picking/pdf/summer-a-2026/comly/paddles/sunday-paddles#page=111.pdf,https://www4.septa.org/picking/pdf/summer-a-2026/comly/trip-sheets/sunday-trip-sheets.pdf
ComlySunday414,414,Comly,1 of 3,113,Sunday,https://www4.septa.org/picking/pdf/summer-a-2026/comly/paddles/sunday-paddles.pdf#page=113,https://www4.septa.org/picking/pdf/summer-a-2026/comly/paddles/sunday-paddles#page=113.pdf,https://www4.septa.org/picking/pdf/summer-a-2026/comly/trip-sheets/sunday-trip-sheets.pdf
ComlySunday415,415,Comly,1 of 2,116,Sunday,https://www4.septa.org/picking/pdf/summer-a-2026/comly/paddles/sunday-paddles.pdf#page=116,https://www4.septa.org/picking/pdf/summer-a-2026/comly/paddles/sunday-paddles#page=116.pdf,https://www4.septa.org/picking/pdf/summer-a-2026/comly/trip-sheets/sunday-trip-sheets.pdf
ComlySunday416,416,Comly,1 of 2,118,Sunday,https://www4.septa.org/picking/pdf/summer-a-2026/comly/paddles/sunday-paddles.pdf#page=118,https://www4.septa.org/picking/pdf/summer-a-2026/comly/paddles/sunday-paddles#page=118.pdf,https://www4.septa.org/picking/pdf/summer-a-2026/comly/trip-sheets/sunday-trip-sheets.pdf
ComlySunday417,417,Comly,1 of 3,120,Sunday,https://www4.septa.org/picking/pdf/summer-a-2026/comly/paddles/sunday-paddles.pdf#page=120,https://www4.septa.org/picking/pdf/summer-a-2026/comly/paddles/sunday-paddles#page=120.pdf,https://www4.septa.org/picking/pdf/summer-a-2026/comly/trip-sheets/sunday-trip-sheets.pdf
ComlySunday418,418,Comly,1 of 2,123,Sunday,https://www4.septa.org/picking/pdf/summer-a-2026/comly/paddles/sunday-paddles.pdf#page=123,https://www4.septa.org/picking/pdf/summer-a-2026/comly/paddles/sunday-paddles#page=123.pdf,https://www4.septa.org/picking/pdf/summer-a-2026/comly/trip-sheets/sunday-trip-sheets.pdf
ComlySunday419,419,Comly,1 of 3,125,Sunday,https://www4.septa.org/picking/pdf/summer-a-2026/comly/paddles/sunday-paddles.pdf#page=125,https://www4.septa.org/picking/pdf/summer-a-2026/comly/paddles/sunday-paddles#page=125.pdf,https://www4.septa.org/picking/pdf/summer-a-2026/comly/trip-sheets/sunday-trip-sheets.pdf
ComlySunday501,501,Comly,1 of 2,128,Sunday,https://www4.septa.org/picking/pdf/summer-a-2026/comly/paddles/sunday-paddles.pdf#page=128,https://www4.septa.org/picking/pdf/summer-a-2026/comly/paddles/sunday-paddles#page=128.pdf,https://www4.septa.org/picking/pdf/summer-a-2026/comly/trip-sheets/sunday-trip-sheets.pdf
ComlySunday502,502,Comly,1 of 2,130,Sunday,https://www4.septa.org/picking/pdf/summer-a-2026/comly/paddles/sunday-paddles.pdf#page=130,https://www4.septa.org/picking/pdf/summer-a-2026/comly/paddles/sunday-paddles#page=130.pdf,https://www4.septa.org/picking/pdf/summer-a-2026/comly/trip-sheets/sunday-trip-sheets.pdf
ComlySunday503,503,Comly,1 of 2,132,Sunday,https://www4.septa.org/picking/pdf/summer-a-2026/comly/paddles/sunday-paddles.pdf#page=132,https://www4.septa.org/picking/pdf/summer-a-2026/comly/paddles/sunday-paddles#page=132.pdf,https://www4.septa.org/picking/pdf/summer-a-2026/comly/trip-sheets/sunday-trip-sheets.pdf
ComlySunday504,504,Comly,1 of 2,134,Sunday,https://www4.septa.org/picking/pdf/summer-a-2026/comly/paddles/sunday-paddles.pdf#page=134,https://www4.septa.org/picking/pdf/summer-a-2026/comly/paddles/sunday-paddles#page=134.pdf,https://www4.septa.org/picking/pdf/summer-a-2026/comly/trip-sheets/sunday-trip-sheets.pdf
ComlySunday505,505,Comly,1 of 2,136,Sunday,https://www4.septa.org/picking/pdf/summer-a-2026/comly/paddles/sunday-paddles.pdf#page=136,https://www4.septa.org/picking/pdf/summer-a-2026/comly/paddles/sunday-paddles#page=136.pdf,https://www4.septa.org/picking/pdf/summer-a-2026/comly/trip-sheets/sunday-trip-sheets.pdf
ComlySunday601,601,Comly,1 of 2,138,Sunday,https://www4.septa.org/picking/pdf/summer-a-2026/comly/paddles/sunday-paddles.pdf#page=138,https://www4.septa.org/picking/pdf/summer-a-2026/comly/paddles/sunday-paddles#page=138.pdf,https://www4.septa.org/picking/pdf/summer-a-2026/comly/trip-sheets/sunday-trip-sheets.pdf
ComlySunday602,602,Comly,1 of 2,140,Sunday,https://www4.septa.org/picking/pdf/summer-a-2026/comly/paddles/sunday-paddles.pdf#page=140,https://www4.septa.org/picking/pdf/summer-a-2026/comly/paddles/sunday-paddles#page=140.pdf,https://www4.septa.org/picking/pdf/summer-a-2026/comly/trip-sheets/sunday-trip-sheets.pdf
ComlySunday603,603,Comly,1 of 2,142,Sunday,https://www4.septa.org/picking/pdf/summer-a-2026/comly/paddles/sunday-paddles.pdf#page=142,https://www4.septa.org/picking/pdf/summer-a-2026/comly/paddles/sunday-paddles#page=142.pdf,https://www4.septa.org/picking/pdf/summer-a-2026/comly/trip-sheets/sunday-trip-sheets.pdf
ComlySunday604,604,Comly,1 of 2,144,Sunday,https://www4.septa.org/picking/pdf/summer-a-2026/comly/paddles/sunday-paddles.pdf#page=144,https://www4.septa.org/picking/pdf/summer-a-2026/comly/paddles/sunday-paddles#page=144.pdf,https://www4.septa.org/picking/pdf/summer-a-2026/comly/trip-sheets/sunday-trip-sheets.pdf
ComlySunday605,605,Comly,1 of 2,146,Sunday,https://www4.septa.org/picking/pdf/summer-a-2026/comly/paddles/sunday-paddles.pdf#page=146,https://www4.septa.org/picking/pdf/summer-a-2026/comly/paddles/sunday-paddles#page=146.pdf,https://www4.septa.org/picking/pdf/summer-a-2026/comly/trip-sheets/sunday-trip-sheets.pdf
ComlySunday606,606,Comly,1 of 2,148,Sunday,https://www4.septa.org/picking/pdf/summer-a-2026/comly/paddles/sunday-paddles.pdf#page=148,https://www4.septa.org/picking/pdf/summer-a-2026/comly/paddles/sunday-paddles#page=148.pdf,https://www4.septa.org/picking/pdf/summer-a-2026/comly/trip-sheets/sunday-trip-sheets.pdf
ComlySunday607,607,Comly,1 of 2,150,Sunday,https://www4.septa.org/picking/pdf/summer-a-2026/comly/paddles/sunday-paddles.pdf#page=150,https://www4.septa.org/picking/pdf/summer-a-2026/comly/paddles/sunday-paddles#page=150.pdf,https://www4.septa.org/picking/pdf/summer-a-2026/comly/trip-sheets/sunday-trip-sheets.pdf
ComlySunday608,608,Comly,1 of 2,152,Sunday,https://www4.septa.org/picking/pdf/summer-a-2026/comly/paddles/sunday-paddles.pdf#page=152,https://www4.septa.org/picking/pdf/summer-a-2026/comly/paddles/sunday-paddles#page=152.pdf,https://www4.septa.org/picking/pdf/summer-a-2026/comly/trip-sheets/sunday-trip-sheets.pdf
ComlySunday609,609,Comly,1 of 2,154,Sunday,https://www4.septa.org/picking/pdf/summer-a-2026/comly/paddles/sunday-paddles.pdf#page=154,https://www4.septa.org/picking/pdf/summer-a-2026/comly/paddles/sunday-paddles#page=154.pdf,https://www4.septa.org/picking/pdf/summer-a-2026/comly/trip-sheets/sunday-trip-sheets.pdf
ComlySunday701,701,Comly,1 of 2,156,Sunday,https://www4.septa.org/picking/pdf/summer-a-2026/comly/paddles/sunday-paddles.pdf#page=156,https://www4.septa.org/picking/pdf/summer-a-2026/comly/paddles/sunday-paddles#page=156.pdf,https://www4.septa.org/picking/pdf/summer-a-2026/comly/trip-sheets/sunday-trip-sheets.pdf
ComlySunday702,702,Comly,1 of 2,158,Sunday,https://www4.septa.org/picking/pdf/summer-a-2026/comly/paddles/sunday-paddles.pdf#page=158,https://www4.septa.org/picking/pdf/summer-a-2026/comly/paddles/sunday-paddles#page=158.pdf,https://www4.septa.org/picking/pdf/summer-a-2026/comly/trip-sheets/sunday-trip-sheets.pdf
ComlySunday703,703,Comly,1 of 2,160,Sunday,https://www4.septa.org/picking/pdf/summer-a-2026/comly/paddles/sunday-paddles.pdf#page=160,https://www4.septa.org/picking/pdf/summer-a-2026/comly/paddles/sunday-paddles#page=160.pdf,https://www4.septa.org/picking/pdf/summer-a-2026/comly/trip-sheets/sunday-trip-sheets.pdf
ComlySunday704,704,Comly,1 of 2,162,Sunday,https://www4.septa.org/picking/pdf/summer-a-2026/comly/paddles/sunday-paddles.pdf#page=162,https://www4.septa.org/picking/pdf/summer-a-2026/comly/paddles/sunday-paddles#page=162.pdf,https://www4.septa.org/picking/pdf/summer-a-2026/comly/trip-sheets/sunday-trip-sheets.pdf
ComlySunday705,705,Comly,1 of 3,164,Sunday,https://www4.septa.org/picking/pdf/summer-a-2026/comly/paddles/sunday-paddles.pdf#page=164,https://www4.septa.org/picking/pdf/summer-a-2026/comly/paddles/sunday-paddles#page=164.pdf,https://www4.septa.org/picking/pdf/summer-a-2026/comly/trip-sheets/sunday-trip-sheets.pdf
ComlySunday706,706,Comly,1 of 2,167,Sunday,https://www4.septa.org/picking/pdf/summer-a-2026/comly/paddles/sunday-paddles.pdf#page=167,https://www4.septa.org/picking/pdf/summer-a-2026/comly/paddles/sunday-paddles#page=167.pdf,https://www4.septa.org/picking/pdf/summer-a-2026/comly/trip-sheets/sunday-trip-sheets.pdf
ComlySunday707,707,Comly,1 of 3,169,Sunday,https://www4.septa.org/picking/pdf/summer-a-2026/comly/paddles/sunday-paddles.pdf#page=169,https://www4.septa.org/picking/pdf/summer-a-2026/comly/paddles/sunday-paddles#page=169.pdf,https://www4.septa.org/picking/pdf/summer-a-2026/comly/trip-sheets/sunday-trip-sheets.pdf
ComlySunday708,708,Comly,1 of 2,172,Sunday,https://www4.septa.org/picking/pdf/summer-a-2026/comly/paddles/sunday-paddles.pdf#page=172,https://www4.septa.org/picking/pdf/summer-a-2026/comly/paddles/sunday-paddles#page=172.pdf,https://www4.septa.org/picking/pdf/summer-a-2026/comly/trip-sheets/sunday-trip-sheets.pdf
ComlySunday709,709,Comly,1 of 4,174,Sunday,https://www4.septa.org/picking/pdf/summer-a-2026/comly/paddles/sunday-paddles.pdf#page=174,https://www4.septa.org/picking/pdf/summer-a-2026/comly/paddles/sunday-paddles#page=174.pdf,https://www4.septa.org/picking/pdf/summer-a-2026/comly/trip-sheets/sunday-trip-sheets.pdf
ComlySunday710,710,Comly,1 of 2,178,Sunday,https://www4.septa.org/picking/pdf/summer-a-2026/comly/paddles/sunday-paddles.pdf#page=178,https://www4.septa.org/picking/pdf/summer-a-2026/comly/paddles/sunday-paddles#page=178.pdf,https://www4.septa.org/picking/pdf/summer-a-2026/comly/trip-sheets/sunday-trip-sheets.pdf
ComlySunday801,801,Comly,1 of 2,180,Sunday,https://www4.septa.org/picking/pdf/summer-a-2026/comly/paddles/sunday-paddles.pdf#page=180,https://www4.septa.org/picking/pdf/summer-a-2026/comly/paddles/sunday-paddles#page=180.pdf,https://www4.septa.org/picking/pdf/summer-a-2026/comly/trip-sheets/sunday-trip-sheets.pdf
ComlySunday802,802,Comly,1 of 2,182,Sunday,https://www4.septa.org/picking/pdf/summer-a-2026/comly/paddles/sunday-paddles.pdf#page=182,https://www4.septa.org/picking/pdf/summer-a-2026/comly/paddles/sunday-paddles#page=182.pdf,https://www4.septa.org/picking/pdf/summer-a-2026/comly/trip-sheets/sunday-trip-sheets.pdf
ComlySunday951,951,Comly,1 of 2,184,Sunday,https://www4.septa.org/picking/pdf/summer-a-2026/comly/paddles/sunday-paddles.pdf#page=184,https://www4.septa.org/picking/pdf/summer-a-2026/comly/paddles/sunday-paddles#page=184.pdf,https://www4.septa.org/picking/pdf/summer-a-2026/comly/trip-sheets/sunday-trip-sheets.pdf
ComlySunday952,952,Comly,1 of 2,186,Sunday,https://www4.septa.org/picking/pdf/summer-a-2026/comly/paddles/sunday-paddles.pdf#page=186,https://www4.septa.org/picking/pdf/summer-a-2026/comly/paddles/sunday-paddles#page=186.pdf,https://www4.septa.org/picking/pdf/summer-a-2026/comly/trip-sheets/sunday-trip-sheets.pdf
ComlySunday953,953,Comly,1 of 2,188,Sunday,https://www4.septa.org/picking/pdf/summer-a-2026/comly/paddles/sunday-paddles.pdf#page=188,https://www4.septa.org/picking/pdf/summer-a-2026/comly/paddles/sunday-paddles#page=188.pdf,https://www4.septa.org/picking/pdf/summer-a-2026/comly/trip-sheets/sunday-trip-sheets.pdf
ComlySunday954,954,Comly,1 of 2,190,Sunday,https://www4.septa.org/picking/pdf/summer-a-2026/comly/paddles/sunday-paddles.pdf#page=190,https://www4.septa.org/picking/pdf/summer-a-2026/comly/paddles/sunday-paddles#page=190.pdf,https://www4.septa.org/picking/pdf/summer-a-2026/comly/trip-sheets/sunday-trip-sheets.pdf
ComlySunday955,955,Comly,1 of 2,192,Sunday,https://www4.septa.org/picking/pdf/summer-a-2026/comly/paddles/sunday-paddles.pdf#page=192,https://www4.septa.org/picking/pdf/summer-a-2026/comly/paddles/sunday-paddles#page=192.pdf,https://www4.septa.org/picking/pdf/summer-a-2026/comly/trip-sheets/sunday-trip-sheets.pdf
