myid,runno,depot,page_1,page,day,moblink,pclink,Trip Sheet
MidvaleWeekday1,1,Midvale,1 of 2,1,Weekday,https://www4.septa.org/picking/pdf/spring-a-2026/midvale/paddles/weekday-paddles.pdf#page=1,https://www4.septa.org/picking/pdf/spring-a-2026/midvale/paddles/weekday-paddles#page=1.pdf,https://www4.septa.org/picking/pdf/spring-a-2026/midvale/trip-sheets/weekday-trip-sheets.pdf
MidvaleWeekday2,2,Midvale,1 of 2,3,Weekday,https://www4.septa.org/picking/pdf/spring-a-2026/midvale/paddles/weekday-paddles.pdf#page=3,https://www4.septa.org/picking/pdf/spring-a-2026/midvale/paddles/weekday-paddles#page=3.pdf,https://www4.septa.org/picking/pdf/spring-a-2026/midvale/trip-sheets/weekday-trip-sheets.pdf
MidvaleWeekday3,3,Midvale,1 of 4,5,Weekday,https://www4.septa.org/picking/pdf/spring-a-2026/midvale/paddles/weekday-paddles.pdf#page=5,https://www4.septa.org/picking/pdf/spring-a-2026/midvale/paddles/weekday-paddles#page=5.pdf,https://www4.septa.org/picking/pdf/spring-a-2026/midvale/trip-sheets/weekday-trip-sheets.pdf
MidvaleWeekday4,4,Midvale,1 of 2,9,Weekday,https://www4.septa.org/picking/pdf/spring-a-2026/midvale/paddles/weekday-paddles.pdf#page=9,https://www4.septa.org/picking/pdf/spring-a-2026/midvale/paddles/weekday-paddles#page=9.pdf,https://www4.septa.org/picking/pdf/spring-a-2026/midvale/trip-sheets/weekday-trip-sheets.pdf
MidvaleWeekday5,5,Midvale,1 of 2,11,Weekday,https://www4.septa.org/picking/pdf/spring-a-2026/midvale/paddles/weekday-paddles.pdf#page=11,https://www4.septa.org/picking/pdf/spring-a-2026/midvale/paddles/weekday-paddles#page=11.pdf,https://www4.septa.org/picking/pdf/spring-a-2026/midvale/trip-sheets/weekday-trip-sheets.pdf
MidvaleWeekday6,6,Midvale,1 of 2,13,Weekday,https://www4.septa.org/picking/pdf/spring-a-2026/midvale/paddles/weekday-paddles.pdf#page=13,https://www4.septa.org/picking/pdf/spring-a-2026/midvale/paddles/weekday-paddles#page=13.pdf,https://www4.septa.org/picking/pdf/spring-a-2026/midvale/trip-sheets/weekday-trip-sheets.pdf
MidvaleWeekday7,7,Midvale,1 of 2,15,Weekday,https://www4.septa.org/picking/pdf/spring-a-2026/midvale/paddles/weekday-paddles.pdf#page=15,https://www4.septa.org/picking/pdf/spring-a-2026/midvale/paddles/weekday-paddles#page=15.pdf,https://www4.septa.org/picking/pdf/spring-a-2026/midvale/trip-sheets/weekday-trip-sheets.pdf
MidvaleWeekday8,8,Midvale,1 of 2,17,Weekday,https://www4.septa.org/picking/pdf/spring-a-2026/midvale/paddles/weekday-paddles.pdf#page=17,https://www4.septa.org/picking/pdf/spring-a-2026/midvale/paddles/weekday-paddles#page=17.pdf,https://www4.septa.org/picking/pdf/spring-a-2026/midvale/trip-sheets/weekday-trip-sheets.pdf
MidvaleWeekday9,9,Midvale,1 of 2,19,Weekday,https://www4.septa.org/picking/pdf/spring-a-2026/midvale/paddles/weekday-paddles.pdf#page=19,https://www4.septa.org/picking/pdf/spring-a-2026/midvale/paddles/weekday-paddles#page=19.pdf,https://www4.septa.org/picking/pdf/spring-a-2026/midvale/trip-sheets/weekday-trip-sheets.pdf
MidvaleWeekday10,10,Midvale,1 of 2,21,Weekday,https://www4.septa.org/picking/pdf/spring-a-2026/midvale/paddles/weekday-paddles.pdf#page=21,https://www4.septa.org/picking/pdf/spring-a-2026/midvale/paddles/weekday-paddles#page=21.pdf,https://www4.septa.org/picking/pdf/spring-a-2026/midvale/trip-sheets/weekday-trip-sheets.pdf
MidvaleWeekday11,11,Midvale,1 of 2,23,Weekday,https://www4.septa.org/picking/pdf/spring-a-2026/midvale/paddles/weekday-paddles.pdf#page=23,https://www4.septa.org/picking/pdf/spring-a-2026/midvale/paddles/weekday-paddles#page=23.pdf,https://www4.septa.org/picking/pdf/spring-a-2026/midvale/trip-sheets/weekday-trip-sheets.pdf
MidvaleWeekday12,12,Midvale,1 of 2,25,Weekday,https://www4.septa.org/picking/pdf/spring-a-2026/midvale/paddles/weekday-paddles.pdf#page=25,https://www4.septa.org/picking/pdf/spring-a-2026/midvale/paddles/weekday-paddles#page=25.pdf,https://www4.septa.org/picking/pdf/spring-a-2026/midvale/trip-sheets/weekday-trip-sheets.pdf
MidvaleWeekday13,13,Midvale,1 of 2,27,Weekday,https://www4.septa.org/picking/pdf/spring-a-2026/midvale/paddles/weekday-paddles.pdf#page=27,https://www4.septa.org/picking/pdf/spring-a-2026/midvale/paddles/weekday-paddles#page=27.pdf,https://www4.septa.org/picking/pdf/spring-a-2026/midvale/trip-sheets/weekday-trip-sheets.pdf
MidvaleWeekday14,14,Midvale,1 of 2,29,Weekday,https://www4.septa.org/picking/pdf/spring-a-2026/midvale/paddles/weekday-paddles.pdf#page=29,https://www4.septa.org/picking/pdf/spring-a-2026/midvale/paddles/weekday-paddles#page=29.pdf,https://www4.septa.org/picking/pdf/spring-a-2026/midvale/trip-sheets/weekday-trip-sheets.pdf
MidvaleWeekday15,15,Midvale,1 of 1,31,Weekday,https://www4.septa.org/picking/pdf/spring-a-2026/midvale/paddles/weekday-paddles.pdf#page=31,https://www4.septa.org/picking/pdf/spring-a-2026/midvale/paddles/weekday-paddles#page=31.pdf,https://www4.septa.org/picking/pdf/spring-a-2026/midvale/trip-sheets/weekday-trip-sheets.pdf
MidvaleWeekday16,16,Midvale,1 of 3,32,Weekday,https://www4.septa.org/picking/pdf/spring-a-2026/midvale/paddles/weekday-paddles.pdf#page=32,https://www4.septa.org/picking/pdf/spring-a-2026/midvale/paddles/weekday-paddles#page=32.pdf,https://www4.septa.org/picking/pdf/spring-a-2026/midvale/trip-sheets/weekday-trip-sheets.pdf
MidvaleWeekday17,17,Midvale,1 of 2,35,Weekday,https://www4.septa.org/picking/pdf/spring-a-2026/midvale/paddles/weekday-paddles.pdf#page=35,https://www4.septa.org/picking/pdf/spring-a-2026/midvale/paddles/weekday-paddles#page=35.pdf,https://www4.septa.org/picking/pdf/spring-a-2026/midvale/trip-sheets/weekday-trip-sheets.pdf
MidvaleWeekday18,18,Midvale,1 of 2,37,Weekday,https://www4.septa.org/picking/pdf/spring-a-2026/midvale/paddles/weekday-paddles.pdf#page=37,https://www4.septa.org/picking/pdf/spring-a-2026/midvale/paddles/weekday-paddles#page=37.pdf,https://www4.septa.org/picking/pdf/spring-a-2026/midvale/trip-sheets/weekday-trip-sheets.pdf
MidvaleWeekday19,19,Midvale,1 of 2,39,Weekday,https://www4.septa.org/picking/pdf/spring-a-2026/midvale/paddles/weekday-paddles.pdf#page=39,https://www4.septa.org/picking/pdf/spring-a-2026/midvale/paddles/weekday-paddles#page=39.pdf,https://www4.septa.org/picking/pdf/spring-a-2026/midvale/trip-sheets/weekday-trip-sheets.pdf
MidvaleWeekday20,20,Midvale,1 of 2,41,Weekday,https://www4.septa.org/picking/pdf/spring-a-2026/midvale/paddles/weekday-paddles.pdf#page=41,https://www4.septa.org/picking/pdf/spring-a-2026/midvale/paddles/weekday-paddles#page=41.pdf,https://www4.septa.org/picking/pdf/spring-a-2026/midvale/trip-sheets/weekday-trip-sheets.pdf
MidvaleWeekday21,21,Midvale,1 of 2,43,Weekday,https://www4.septa.org/picking/pdf/spring-a-2026/midvale/paddles/weekday-paddles.pdf#page=43,https://www4.septa.org/picking/pdf/spring-a-2026/midvale/paddles/weekday-paddles#page=43.pdf,https://www4.septa.org/picking/pdf/spring-a-2026/midvale/trip-sheets/weekday-trip-sheets.pdf
MidvaleWeekday22,22,Midvale,1 of 2,45,Weekday,https://www4.septa.org/picking/pdf/spring-a-2026/midvale/paddles/weekday-paddles.pdf#page=45,https://www4.septa.org/picking/pdf/spring-a-2026/midvale/paddles/weekday-paddles#page=45.pdf,https://www4.septa.org/picking/pdf/spring-a-2026/midvale/trip-sheets/weekday-trip-sheets.pdf
MidvaleWeekday23,23,Midvale,1 of 2,47,Weekday,https://www4.septa.org/picking/pdf/spring-a-2026/midvale/paddles/weekday-paddles.pdf#page=47,https://www4.septa.org/picking/pdf/spring-a-2026/midvale/paddles/weekday-paddles#page=47.pdf,https://www4.septa.org/picking/pdf/spring-a-2026/midvale/trip-sheets/weekday-trip-sheets.pdf
MidvaleWeekday24,24,Midvale,1 of 2,49,Weekday,https://www4.septa.org/picking/pdf/spring-a-2026/midvale/paddles/weekday-paddles.pdf#page=49,https://www4.septa.org/picking/pdf/spring-a-2026/midvale/paddles/weekday-paddles#page=49.pdf,https://www4.septa.org/picking/pdf/spring-a-2026/midvale/trip-sheets/weekday-trip-sheets.pdf
MidvaleWeekday25,25,Midvale,1 of 2,51,Weekday,https://www4.septa.org/picking/pdf/spring-a-2026/midvale/paddles/weekday-paddles.pdf#page=51,https://www4.septa.org/picking/pdf/spring-a-2026/midvale/paddles/weekday-paddles#page=51.pdf,https://www4.septa.org/picking/pdf/spring-a-2026/midvale/trip-sheets/weekday-trip-sheets.pdf
MidvaleWeekday26,26,Midvale,1 of 2,53,Weekday,https://www4.septa.org/picking/pdf/spring-a-2026/midvale/paddles/weekday-paddles.pdf#page=53,https://www4.septa.org/picking/pdf/spring-a-2026/midvale/paddles/weekday-paddles#page=53.pdf,https://www4.septa.org/picking/pdf/spring-a-2026/midvale/trip-sheets/weekday-trip-sheets.pdf
MidvaleWeekday27,27,Midvale,1 of 2,55,Weekday,https://www4.septa.org/picking/pdf/spring-a-2026/midvale/paddles/weekday-paddles.pdf#page=55,https://www4.septa.org/picking/pdf/spring-a-2026/midvale/paddles/weekday-paddles#page=55.pdf,https://www4.septa.org/picking/pdf/spring-a-2026/midvale/trip-sheets/weekday-trip-sheets.pdf
MidvaleWeekday28,28,Midvale,1 of 2,57,Weekday,https://www4.septa.org/picking/pdf/spring-a-2026/midvale/paddles/weekday-paddles.pdf#page=57,https://www4.septa.org/picking/pdf/spring-a-2026/midvale/paddles/weekday-paddles#page=57.pdf,https://www4.septa.org/picking/pdf/spring-a-2026/midvale/trip-sheets/weekday-trip-sheets.pdf
MidvaleWeekday29,29,Midvale,1 of 2,59,Weekday,https://www4.septa.org/picking/pdf/spring-a-2026/midvale/paddles/weekday-paddles.pdf#page=59,https://www4.septa.org/picking/pdf/spring-a-2026/midvale/paddles/weekday-paddles#page=59.pdf,https://www4.septa.org/picking/pdf/spring-a-2026/midvale/trip-sheets/weekday-trip-sheets.pdf
MidvaleWeekday30,30,Midvale,1 of 2,61,Weekday,https://www4.septa.org/picking/pdf/spring-a-2026/midvale/paddles/weekday-paddles.pdf#page=61,https://www4.septa.org/picking/pdf/spring-a-2026/midvale/paddles/weekday-paddles#page=61.pdf,https://www4.septa.org/picking/pdf/spring-a-2026/midvale/trip-sheets/weekday-trip-sheets.pdf
MidvaleWeekday31,31,Midvale,1 of 2,63,Weekday,https://www4.septa.org/picking/pdf/spring-a-2026/midvale/paddles/weekday-paddles.pdf#page=63,https://www4.septa.org/picking/pdf/spring-a-2026/midvale/paddles/weekday-paddles#page=63.pdf,https://www4.septa.org/picking/pdf/spring-a-2026/midvale/trip-sheets/weekday-trip-sheets.pdf
MidvaleWeekday61,61,Midvale,1 of 2,65,Weekday,https://www4.septa.org/picking/pdf/spring-a-2026/midvale/paddles/weekday-paddles.pdf#page=65,https://www4.septa.org/picking/pdf/spring-a-2026/midvale/paddles/weekday-paddles#page=65.pdf,https://www4.septa.org/picking/pdf/spring-a-2026/midvale/trip-sheets/weekday-trip-sheets.pdf
MidvaleWeekday62,62,Midvale,1 of 2,67,Weekday,https://www4.septa.org/picking/pdf/spring-a-2026/midvale/paddles/weekday-paddles.pdf#page=67,https://www4.septa.org/picking/pdf/spring-a-2026/midvale/paddles/weekday-paddles#page=67.pdf,https://www4.septa.org/picking/pdf/spring-a-2026/midvale/trip-sheets/weekday-trip-sheets.pdf
MidvaleWeekday63,63,Midvale,1 of 2,69,Weekday,https://www4.septa.org/picking/pdf/spring-a-2026/midvale/paddles/weekday-paddles.pdf#page=69,https://www4.septa.org/picking/pdf/spring-a-2026/midvale/paddles/weekday-paddles#page=69.pdf,https://www4.septa.org/picking/pdf/spring-a-2026/midvale/trip-sheets/weekday-trip-sheets.pdf
MidvaleWeekday64,64,Midvale,1 of 2,71,Weekday,https://www4.septa.org/picking/pdf/spring-a-2026/midvale/paddles/weekday-paddles.pdf#page=71,https://www4.septa.org/picking/pdf/spring-a-2026/midvale/paddles/weekday-paddles#page=71.pdf,https://www4.septa.org/picking/pdf/spring-a-2026/midvale/trip-sheets/weekday-trip-sheets.pdf
MidvaleWeekday65,65,Midvale,1 of 2,73,Weekday,https://www4.septa.org/picking/pdf/spring-a-2026/midvale/paddles/weekday-paddles.pdf#page=73,https://www4.septa.org/picking/pdf/spring-a-2026/midvale/paddles/weekday-paddles#page=73.pdf,https://www4.septa.org/picking/pdf/spring-a-2026/midvale/trip-sheets/weekday-trip-sheets.pdf
MidvaleWeekday66,66,Midvale,1 of 2,75,Weekday,https://www4.septa.org/picking/pdf/spring-a-2026/midvale/paddles/weekday-paddles.pdf#page=75,https://www4.septa.org/picking/pdf/spring-a-2026/midvale/paddles/weekday-paddles#page=75.pdf,https://www4.septa.org/picking/pdf/spring-a-2026/midvale/trip-sheets/weekday-trip-sheets.pdf
MidvaleWeekday67,67,Midvale,1 of 3,77,Weekday,https://www4.septa.org/picking/pdf/spring-a-2026/midvale/paddles/weekday-paddles.pdf#page=77,https://www4.septa.org/picking/pdf/spring-a-2026/midvale/paddles/weekday-paddles#page=77.pdf,https://www4.septa.org/picking/pdf/spring-a-2026/midvale/trip-sheets/weekday-trip-sheets.pdf
MidvaleWeekday68,68,Midvale,1 of 2,80,Weekday,https://www4.septa.org/picking/pdf/spring-a-2026/midvale/paddles/weekday-paddles.pdf#page=80,https://www4.septa.org/picking/pdf/spring-a-2026/midvale/paddles/weekday-paddles#page=80.pdf,https://www4.septa.org/picking/pdf/spring-a-2026/midvale/trip-sheets/weekday-trip-sheets.pdf
MidvaleWeekday69,69,Midvale,1 of 3,82,Weekday,https://www4.septa.org/picking/pdf/spring-a-2026/midvale/paddles/weekday-paddles.pdf#page=82,https://www4.septa.org/picking/pdf/spring-a-2026/midvale/paddles/weekday-paddles#page=82.pdf,https://www4.septa.org/picking/pdf/spring-a-2026/midvale/trip-sheets/weekday-trip-sheets.pdf
MidvaleWeekday70,70,Midvale,1 of 2,85,Weekday,https://www4.septa.org/picking/pdf/spring-a-2026/midvale/paddles/weekday-paddles.pdf#page=85,https://www4.septa.org/picking/pdf/spring-a-2026/midvale/paddles/weekday-paddles#page=85.pdf,https://www4.septa.org/picking/pdf/spring-a-2026/midvale/trip-sheets/weekday-trip-sheets.pdf
MidvaleWeekday71,71,Midvale,1 of 2,87,Weekday,https://www4.septa.org/picking/pdf/spring-a-2026/midvale/paddles/weekday-paddles.pdf#page=87,https://www4.septa.org/picking/pdf/spring-a-2026/midvale/paddles/weekday-paddles#page=87.pdf,https://www4.septa.org/picking/pdf/spring-a-2026/midvale/trip-sheets/weekday-trip-sheets.pdf
MidvaleWeekday72,72,Midvale,1 of 2,89,Weekday,https://www4.septa.org/picking/pdf/spring-a-2026/midvale/paddles/weekday-paddles.pdf#page=89,https://www4.septa.org/picking/pdf/spring-a-2026/midvale/paddles/weekday-paddles#page=89.pdf,https://www4.septa.org/picking/pdf/spring-a-2026/midvale/trip-sheets/weekday-trip-sheets.pdf
MidvaleWeekday73,73,Midvale,1 of 2,91,Weekday,https://www4.septa.org/picking/pdf/spring-a-2026/midvale/paddles/weekday-paddles.pdf#page=91,https://www4.septa.org/picking/pdf/spring-a-2026/midvale/paddles/weekday-paddles#page=91.pdf,https://www4.septa.org/picking/pdf/spring-a-2026/midvale/trip-sheets/weekday-trip-sheets.pdf
MidvaleWeekday74,74,Midvale,1 of 2,93,Weekday,https://www4.septa.org/picking/pdf/spring-a-2026/midvale/paddles/weekday-paddles.pdf#page=93,https://www4.septa.org/picking/pdf/spring-a-2026/midvale/paddles/weekday-paddles#page=93.pdf,https://www4.septa.org/picking/pdf/spring-a-2026/midvale/trip-sheets/weekday-trip-sheets.pdf
MidvaleWeekday75,75,Midvale,1 of 3,95,Weekday,https://www4.septa.org/picking/pdf/spring-a-2026/midvale/paddles/weekday-paddles.pdf#page=95,https://www4.septa.org/picking/pdf/spring-a-2026/midvale/paddles/weekday-paddles#page=95.pdf,https://www4.septa.org/picking/pdf/spring-a-2026/midvale/trip-sheets/weekday-trip-sheets.pdf
MidvaleWeekday76,76,Midvale,1 of 2,98,Weekday,https://www4.septa.org/picking/pdf/spring-a-2026/midvale/paddles/weekday-paddles.pdf#page=98,https://www4.septa.org/picking/pdf/spring-a-2026/midvale/paddles/weekday-paddles#page=98.pdf,https://www4.septa.org/picking/pdf/spring-a-2026/midvale/trip-sheets/weekday-trip-sheets.pdf
MidvaleWeekday77,77,Midvale,1 of 2,100,Weekday,https://www4.septa.org/picking/pdf/spring-a-2026/midvale/paddles/weekday-paddles.pdf#page=100,https://www4.septa.org/picking/pdf/spring-a-2026/midvale/paddles/weekday-paddles#page=100.pdf,https://www4.septa.org/picking/pdf/spring-a-2026/midvale/trip-sheets/weekday-trip-sheets.pdf
MidvaleWeekday78,78,Midvale,1 of 2,102,Weekday,https://www4.septa.org/picking/pdf/spring-a-2026/midvale/paddles/weekday-paddles.pdf#page=102,https://www4.septa.org/picking/pdf/spring-a-2026/midvale/paddles/weekday-paddles#page=102.pdf,https://www4.septa.org/picking/pdf/spring-a-2026/midvale/trip-sheets/weekday-trip-sheets.pdf
MidvaleWeekday79,79,Midvale,1 of 2,104,Weekday,https://www4.septa.org/picking/pdf/spring-a-2026/midvale/paddles/weekday-paddles.pdf#page=104,https://www4.septa.org/picking/pdf/spring-a-2026/midvale/paddles/weekday-paddles#page=104.pdf,https://www4.septa.org/picking/pdf/spring-a-2026/midvale/trip-sheets/weekday-trip-sheets.pdf
MidvaleWeekday80,80,Midvale,1 of 2,106,Weekday,https://www4.septa.org/picking/pdf/spring-a-2026/midvale/paddles/weekday-paddles.pdf#page=106,https://www4.septa.org/picking/pdf/spring-a-2026/midvale/paddles/weekday-paddles#page=106.pdf,https://www4.septa.org/picking/pdf/spring-a-2026/midvale/trip-sheets/weekday-trip-sheets.pdf
MidvaleWeekday81,81,Midvale,1 of 2,108,Weekday,https://www4.septa.org/picking/pdf/spring-a-2026/midvale/paddles/weekday-paddles.pdf#page=108,https://www4.septa.org/picking/pdf/spring-a-2026/midvale/paddles/weekday-paddles#page=108.pdf,https://www4.septa.org/picking/pdf/spring-a-2026/midvale/trip-sheets/weekday-trip-sheets.pdf
MidvaleWeekday82,82,Midvale,1 of 2,110,Weekday,https://www4.septa.org/picking/pdf/spring-a-2026/midvale/paddles/weekday-paddles.pdf#page=110,https://www4.septa.org/picking/pdf/spring-a-2026/midvale/paddles/weekday-paddles#page=110.pdf,https://www4.septa.org/picking/pdf/spring-a-2026/midvale/trip-sheets/weekday-trip-sheets.pdf
MidvaleWeekday101,101,Midvale,1 of 2,112,Weekday,https://www4.septa.org/picking/pdf/spring-a-2026/midvale/paddles/weekday-paddles.pdf#page=112,https://www4.septa.org/picking/pdf/spring-a-2026/midvale/paddles/weekday-paddles#page=112.pdf,https://www4.septa.org/picking/pdf/spring-a-2026/midvale/trip-sheets/weekday-trip-sheets.pdf
MidvaleWeekday102,102,Midvale,1 of 2,114,Weekday,https://www4.septa.org/picking/pdf/spring-a-2026/midvale/paddles/weekday-paddles.pdf#page=114,https://www4.septa.org/picking/pdf/spring-a-2026/midvale/paddles/weekday-paddles#page=114.pdf,https://www4.septa.org/picking/pdf/spring-a-2026/midvale/trip-sheets/weekday-trip-sheets.pdf
MidvaleWeekday103,103,Midvale,1 of 3,116,Weekday,https://www4.septa.org/picking/pdf/spring-a-2026/midvale/paddles/weekday-paddles.pdf#page=116,https://www4.septa.org/picking/pdf/spring-a-2026/midvale/paddles/weekday-paddles#page=116.pdf,https://www4.septa.org/picking/pdf/spring-a-2026/midvale/trip-sheets/weekday-trip-sheets.pdf
MidvaleWeekday104,104,Midvale,1 of 2,119,Weekday,https://www4.septa.org/picking/pdf/spring-a-2026/midvale/paddles/weekday-paddles.pdf#page=119,https://www4.septa.org/picking/pdf/spring-a-2026/midvale/paddles/weekday-paddles#page=119.pdf,https://www4.septa.org/picking/pdf/spring-a-2026/midvale/trip-sheets/weekday-trip-sheets.pdf
MidvaleWeekday105,105,Midvale,1 of 2,121,Weekday,https://www4.septa.org/picking/pdf/spring-a-2026/midvale/paddles/weekday-paddles.pdf#page=121,https://www4.septa.org/picking/pdf/spring-a-2026/midvale/paddles/weekday-paddles#page=121.pdf,https://www4.septa.org/picking/pdf/spring-a-2026/midvale/trip-sheets/weekday-trip-sheets.pdf
MidvaleWeekday106,106,Midvale,1 of 2,123,Weekday,https://www4.septa.org/picking/pdf/spring-a-2026/midvale/paddles/weekday-paddles.pdf#page=123,https://www4.septa.org/picking/pdf/spring-a-2026/midvale/paddles/weekday-paddles#page=123.pdf,https://www4.septa.org/picking/pdf/spring-a-2026/midvale/trip-sheets/weekday-trip-sheets.pdf
MidvaleWeekday107,107,Midvale,1 of 2,125,Weekday,https://www4.septa.org/picking/pdf/spring-a-2026/midvale/paddles/weekday-paddles.pdf#page=125,https://www4.septa.org/picking/pdf/spring-a-2026/midvale/paddles/weekday-paddles#page=125.pdf,https://www4.septa.org/picking/pdf/spring-a-2026/midvale/trip-sheets/weekday-trip-sheets.pdf
MidvaleWeekday108,108,Midvale,1 of 2,127,Weekday,https://www4.septa.org/picking/pdf/spring-a-2026/midvale/paddles/weekday-paddles.pdf#page=127,https://www4.septa.org/picking/pdf/spring-a-2026/midvale/paddles/weekday-paddles#page=127.pdf,https://www4.septa.org/picking/pdf/spring-a-2026/midvale/trip-sheets/weekday-trip-sheets.pdf
MidvaleWeekday109,109,Midvale,1 of 2,129,Weekday,https://www4.septa.org/picking/pdf/spring-a-2026/midvale/paddles/weekday-paddles.pdf#page=129,https://www4.septa.org/picking/pdf/spring-a-2026/midvale/paddles/weekday-paddles#page=129.pdf,https://www4.septa.org/picking/pdf/spring-a-2026/midvale/trip-sheets/weekday-trip-sheets.pdf
MidvaleWeekday110,110,Midvale,1 of 1,131,Weekday,https://www4.septa.org/picking/pdf/spring-a-2026/midvale/paddles/weekday-paddles.pdf#page=131,https://www4.septa.org/picking/pdf/spring-a-2026/midvale/paddles/weekday-paddles#page=131.pdf,https://www4.septa.org/picking/pdf/spring-a-2026/midvale/trip-sheets/weekday-trip-sheets.pdf
MidvaleWeekday201,201,Midvale,1 of 2,132,Weekday,https://www4.septa.org/picking/pdf/spring-a-2026/midvale/paddles/weekday-paddles.pdf#page=132,https://www4.septa.org/picking/pdf/spring-a-2026/midvale/paddles/weekday-paddles#page=132.pdf,https://www4.septa.org/picking/pdf/spring-a-2026/midvale/trip-sheets/weekday-trip-sheets.pdf
MidvaleWeekday202,202,Midvale,1 of 2,134,Weekday,https://www4.septa.org/picking/pdf/spring-a-2026/midvale/paddles/weekday-paddles.pdf#page=134,https://www4.septa.org/picking/pdf/spring-a-2026/midvale/paddles/weekday-paddles#page=134.pdf,https://www4.septa.org/picking/pdf/spring-a-2026/midvale/trip-sheets/weekday-trip-sheets.pdf
MidvaleWeekday203,203,Midvale,1 of 3,136,Weekday,https://www4.septa.org/picking/pdf/spring-a-2026/midvale/paddles/weekday-paddles.pdf#page=136,https://www4.septa.org/picking/pdf/spring-a-2026/midvale/paddles/weekday-paddles#page=136.pdf,https://www4.septa.org/picking/pdf/spring-a-2026/midvale/trip-sheets/weekday-trip-sheets.pdf
MidvaleWeekday204,204,Midvale,1 of 3,139,Weekday,https://www4.septa.org/picking/pdf/spring-a-2026/midvale/paddles/weekday-paddles.pdf#page=139,https://www4.septa.org/picking/pdf/spring-a-2026/midvale/paddles/weekday-paddles#page=139.pdf,https://www4.septa.org/picking/pdf/spring-a-2026/midvale/trip-sheets/weekday-trip-sheets.pdf
MidvaleWeekday205,205,Midvale,1 of 3,142,Weekday,https://www4.septa.org/picking/pdf/spring-a-2026/midvale/paddles/weekday-paddles.pdf#page=142,https://www4.septa.org/picking/pdf/spring-a-2026/midvale/paddles/weekday-paddles#page=142.pdf,https://www4.septa.org/picking/pdf/spring-a-2026/midvale/trip-sheets/weekday-trip-sheets.pdf
MidvaleWeekday206,206,Midvale,1 of 2,145,Weekday,https://www4.septa.org/picking/pdf/spring-a-2026/midvale/paddles/weekday-paddles.pdf#page=145,https://www4.septa.org/picking/pdf/spring-a-2026/midvale/paddles/weekday-paddles#page=145.pdf,https://www4.septa.org/picking/pdf/spring-a-2026/midvale/trip-sheets/weekday-trip-sheets.pdf
MidvaleWeekday207,207,Midvale,1 of 3,147,Weekday,https://www4.septa.org/picking/pdf/spring-a-2026/midvale/paddles/weekday-paddles.pdf#page=147,https://www4.septa.org/picking/pdf/spring-a-2026/midvale/paddles/weekday-paddles#page=147.pdf,https://www4.septa.org/picking/pdf/spring-a-2026/midvale/trip-sheets/weekday-trip-sheets.pdf
MidvaleWeekday208,208,Midvale,1 of 2,150,Weekday,https://www4.septa.org/picking/pdf/spring-a-2026/midvale/paddles/weekday-paddles.pdf#page=150,https://www4.septa.org/picking/pdf/spring-a-2026/midvale/paddles/weekday-paddles#page=150.pdf,https://www4.septa.org/picking/pdf/spring-a-2026/midvale/trip-sheets/weekday-trip-sheets.pdf
MidvaleWeekday209,209,Midvale,1 of 2,152,Weekday,https://www4.septa.org/picking/pdf/spring-a-2026/midvale/paddles/weekday-paddles.pdf#page=152,https://www4.septa.org/picking/pdf/spring-a-2026/midvale/paddles/weekday-paddles#page=152.pdf,https://www4.septa.org/picking/pdf/spring-a-2026/midvale/trip-sheets/weekday-trip-sheets.pdf
MidvaleWeekday210,210,Midvale,1 of 2,154,Weekday,https://www4.septa.org/picking/pdf/spring-a-2026/midvale/paddles/weekday-paddles.pdf#page=154,https://www4.septa.org/picking/pdf/spring-a-2026/midvale/paddles/weekday-paddles#page=154.pdf,https://www4.septa.org/picking/pdf/spring-a-2026/midvale/trip-sheets/weekday-trip-sheets.pdf
MidvaleWeekday211,211,Midvale,1 of 3,156,Weekday,https://www4.septa.org/picking/pdf/spring-a-2026/midvale/paddles/weekday-paddles.pdf#page=156,https://www4.septa.org/picking/pdf/spring-a-2026/midvale/paddles/weekday-paddles#page=156.pdf,https://www4.septa.org/picking/pdf/spring-a-2026/midvale/trip-sheets/weekday-trip-sheets.pdf
MidvaleWeekday212,212,Midvale,1 of 3,159,Weekday,https://www4.septa.org/picking/pdf/spring-a-2026/midvale/paddles/weekday-paddles.pdf#page=159,https://www4.septa.org/picking/pdf/spring-a-2026/midvale/paddles/weekday-paddles#page=159.pdf,https://www4.septa.org/picking/pdf/spring-a-2026/midvale/trip-sheets/weekday-trip-sheets.pdf
MidvaleWeekday213,213,Midvale,1 of 6,162,Weekday,https://www4.septa.org/picking/pdf/spring-a-2026/midvale/paddles/weekday-paddles.pdf#page=162,https://www4.septa.org/picking/pdf/spring-a-2026/midvale/paddles/weekday-paddles#page=162.pdf,https://www4.septa.org/picking/pdf/spring-a-2026/midvale/trip-sheets/weekday-trip-sheets.pdf
MidvaleWeekday214,214,Midvale,1 of 2,168,Weekday,https://www4.septa.org/picking/pdf/spring-a-2026/midvale/paddles/weekday-paddles.pdf#page=168,https://www4.septa.org/picking/pdf/spring-a-2026/midvale/paddles/weekday-paddles#page=168.pdf,https://www4.septa.org/picking/pdf/spring-a-2026/midvale/trip-sheets/weekday-trip-sheets.pdf
MidvaleWeekday215,215,Midvale,1 of 2,170,Weekday,https://www4.septa.org/picking/pdf/spring-a-2026/midvale/paddles/weekday-paddles.pdf#page=170,https://www4.septa.org/picking/pdf/spring-a-2026/midvale/paddles/weekday-paddles#page=170.pdf,https://www4.septa.org/picking/pdf/spring-a-2026/midvale/trip-sheets/weekday-trip-sheets.pdf
MidvaleWeekday216,216,Midvale,1 of 2,172,Weekday,https://www4.septa.org/picking/pdf/spring-a-2026/midvale/paddles/weekday-paddles.pdf#page=172,https://www4.septa.org/picking/pdf/spring-a-2026/midvale/paddles/weekday-paddles#page=172.pdf,https://www4.septa.org/picking/pdf/spring-a-2026/midvale/trip-sheets/weekday-trip-sheets.pdf
MidvaleWeekday217,217,Midvale,1 of 2,174,Weekday,https://www4.septa.org/picking/pdf/spring-a-2026/midvale/paddles/weekday-paddles.pdf#page=174,https://www4.septa.org/picking/pdf/spring-a-2026/midvale/paddles/weekday-paddles#page=174.pdf,https://www4.septa.org/picking/pdf/spring-a-2026/midvale/trip-sheets/weekday-trip-sheets.pdf
MidvaleWeekday218,218,Midvale,1 of 3,176,Weekday,https://www4.septa.org/picking/pdf/spring-a-2026/midvale/paddles/weekday-paddles.pdf#page=176,https://www4.septa.org/picking/pdf/spring-a-2026/midvale/paddles/weekday-paddles#page=176.pdf,https://www4.septa.org/picking/pdf/spring-a-2026/midvale/trip-sheets/weekday-trip-sheets.pdf
MidvaleWeekday219,219,Midvale,1 of 2,179,Weekday,https://www4.septa.org/picking/pdf/spring-a-2026/midvale/paddles/weekday-paddles.pdf#page=179,https://www4.septa.org/picking/pdf/spring-a-2026/midvale/paddles/weekday-paddles#page=179.pdf,https://www4.septa.org/picking/pdf/spring-a-2026/midvale/trip-sheets/weekday-trip-sheets.pdf
MidvaleWeekday220,220,Midvale,1 of 2,181,Weekday,https://www4.septa.org/picking/pdf/spring-a-2026/midvale/paddles/weekday-paddles.pdf#page=181,https://www4.septa.org/picking/pdf/spring-a-2026/midvale/paddles/weekday-paddles#page=181.pdf,https://www4.septa.org/picking/pdf/spring-a-2026/midvale/trip-sheets/weekday-trip-sheets.pdf
MidvaleWeekday221,221,Midvale,1 of 2,183,Weekday,https://www4.septa.org/picking/pdf/spring-a-2026/midvale/paddles/weekday-paddles.pdf#page=183,https://www4.septa.org/picking/pdf/spring-a-2026/midvale/paddles/weekday-paddles#page=183.pdf,https://www4.septa.org/picking/pdf/spring-a-2026/midvale/trip-sheets/weekday-trip-sheets.pdf
MidvaleWeekday251,251,Midvale,1 of 2,185,Weekday,https://www4.septa.org/picking/pdf/spring-a-2026/midvale/paddles/weekday-paddles.pdf#page=185,https://www4.septa.org/picking/pdf/spring-a-2026/midvale/paddles/weekday-paddles#page=185.pdf,https://www4.septa.org/picking/pdf/spring-a-2026/midvale/trip-sheets/weekday-trip-sheets.pdf
MidvaleWeekday252,252,Midvale,1 of 2,187,Weekday,https://www4.septa.org/picking/pdf/spring-a-2026/midvale/paddles/weekday-paddles.pdf#page=187,https://www4.septa.org/picking/pdf/spring-a-2026/midvale/paddles/weekday-paddles#page=187.pdf,https://www4.septa.org/picking/pdf/spring-a-2026/midvale/trip-sheets/weekday-trip-sheets.pdf
MidvaleWeekday253,253,Midvale,1 of 2,189,Weekday,https://www4.septa.org/picking/pdf/spring-a-2026/midvale/paddles/weekday-paddles.pdf#page=189,https://www4.septa.org/picking/pdf/spring-a-2026/midvale/paddles/weekday-paddles#page=189.pdf,https://www4.septa.org/picking/pdf/spring-a-2026/midvale/trip-sheets/weekday-trip-sheets.pdf
MidvaleWeekday254,254,Midvale,1 of 3,191,Weekday,https://www4.septa.org/picking/pdf/spring-a-2026/midvale/paddles/weekday-paddles.pdf#page=191,https://www4.septa.org/picking/pdf/spring-a-2026/midvale/paddles/weekday-paddles#page=191.pdf,https://www4.septa.org/picking/pdf/spring-a-2026/midvale/trip-sheets/weekday-trip-sheets.pdf
MidvaleWeekday255,255,Midvale,1 of 3,194,Weekday,https://www4.septa.org/picking/pdf/spring-a-2026/midvale/paddles/weekday-paddles.pdf#page=194,https://www4.septa.org/picking/pdf/spring-a-2026/midvale/paddles/weekday-paddles#page=194.pdf,https://www4.septa.org/picking/pdf/spring-a-2026/midvale/trip-sheets/weekday-trip-sheets.pdf
MidvaleWeekday256,256,Midvale,1 of 3,197,Weekday,https://www4.septa.org/picking/pdf/spring-a-2026/midvale/paddles/weekday-paddles.pdf#page=197,https://www4.septa.org/picking/pdf/spring-a-2026/midvale/paddles/weekday-paddles#page=197.pdf,https://www4.septa.org/picking/pdf/spring-a-2026/midvale/trip-sheets/weekday-trip-sheets.pdf
MidvaleWeekday257,257,Midvale,1 of 2,200,Weekday,https://www4.septa.org/picking/pdf/spring-a-2026/midvale/paddles/weekday-paddles.pdf#page=200,https://www4.septa.org/picking/pdf/spring-a-2026/midvale/paddles/weekday-paddles#page=200.pdf,https://www4.septa.org/picking/pdf/spring-a-2026/midvale/trip-sheets/weekday-trip-sheets.pdf
MidvaleWeekday258,258,Midvale,1 of 3,202,Weekday,https://www4.septa.org/picking/pdf/spring-a-2026/midvale/paddles/weekday-paddles.pdf#page=202,https://www4.septa.org/picking/pdf/spring-a-2026/midvale/paddles/weekday-paddles#page=202.pdf,https://www4.septa.org/picking/pdf/spring-a-2026/midvale/trip-sheets/weekday-trip-sheets.pdf
MidvaleWeekday259,259,Midvale,1 of 2,205,Weekday,https://www4.septa.org/picking/pdf/spring-a-2026/midvale/paddles/weekday-paddles.pdf#page=205,https://www4.septa.org/picking/pdf/spring-a-2026/midvale/paddles/weekday-paddles#page=205.pdf,https://www4.septa.org/picking/pdf/spring-a-2026/midvale/trip-sheets/weekday-trip-sheets.pdf
MidvaleWeekday260,260,Midvale,1 of 2,207,Weekday,https://www4.septa.org/picking/pdf/spring-a-2026/midvale/paddles/weekday-paddles.pdf#page=207,https://www4.septa.org/picking/pdf/spring-a-2026/midvale/paddles/weekday-paddles#page=207.pdf,https://www4.septa.org/picking/pdf/spring-a-2026/midvale/trip-sheets/weekday-trip-sheets.pdf
MidvaleWeekday261,261,Midvale,1 of 2,209,Weekday,https://www4.septa.org/picking/pdf/spring-a-2026/midvale/paddles/weekday-paddles.pdf#page=209,https://www4.septa.org/picking/pdf/spring-a-2026/midvale/paddles/weekday-paddles#page=209.pdf,https://www4.septa.org/picking/pdf/spring-a-2026/midvale/trip-sheets/weekday-trip-sheets.pdf
MidvaleWeekday262,262,Midvale,1 of 3,211,Weekday,https://www4.septa.org/picking/pdf/spring-a-2026/midvale/paddles/weekday-paddles.pdf#page=211,https://www4.septa.org/picking/pdf/spring-a-2026/midvale/paddles/weekday-paddles#page=211.pdf,https://www4.septa.org/picking/pdf/spring-a-2026/midvale/trip-sheets/weekday-trip-sheets.pdf
MidvaleWeekday263,263,Midvale,1 of 2,214,Weekday,https://www4.septa.org/picking/pdf/spring-a-2026/midvale/paddles/weekday-paddles.pdf#page=214,https://www4.septa.org/picking/pdf/spring-a-2026/midvale/paddles/weekday-paddles#page=214.pdf,https://www4.septa.org/picking/pdf/spring-a-2026/midvale/trip-sheets/weekday-trip-sheets.pdf
MidvaleWeekday301,301,Midvale,1 of 2,216,Weekday,https://www4.septa.org/picking/pdf/spring-a-2026/midvale/paddles/weekday-paddles.pdf#page=216,https://www4.septa.org/picking/pdf/spring-a-2026/midvale/paddles/weekday-paddles#page=216.pdf,https://www4.septa.org/picking/pdf/spring-a-2026/midvale/trip-sheets/weekday-trip-sheets.pdf
MidvaleWeekday302,302,Midvale,1 of 2,218,Weekday,https://www4.septa.org/picking/pdf/spring-a-2026/midvale/paddles/weekday-paddles.pdf#page=218,https://www4.septa.org/picking/pdf/spring-a-2026/midvale/paddles/weekday-paddles#page=218.pdf,https://www4.septa.org/picking/pdf/spring-a-2026/midvale/trip-sheets/weekday-trip-sheets.pdf
MidvaleWeekday303,303,Midvale,1 of 2,220,Weekday,https://www4.septa.org/picking/pdf/spring-a-2026/midvale/paddles/weekday-paddles.pdf#page=220,https://www4.septa.org/picking/pdf/spring-a-2026/midvale/paddles/weekday-paddles#page=220.pdf,https://www4.septa.org/picking/pdf/spring-a-2026/midvale/trip-sheets/weekday-trip-sheets.pdf
MidvaleWeekday304,304,Midvale,1 of 2,222,Weekday,https://www4.septa.org/picking/pdf/spring-a-2026/midvale/paddles/weekday-paddles.pdf#page=222,https://www4.septa.org/picking/pdf/spring-a-2026/midvale/paddles/weekday-paddles#page=222.pdf,https://www4.septa.org/picking/pdf/spring-a-2026/midvale/trip-sheets/weekday-trip-sheets.pdf
MidvaleWeekday305,305,Midvale,1 of 2,224,Weekday,https://www4.septa.org/picking/pdf/spring-a-2026/midvale/paddles/weekday-paddles.pdf#page=224,https://www4.septa.org/picking/pdf/spring-a-2026/midvale/paddles/weekday-paddles#page=224.pdf,https://www4.septa.org/picking/pdf/spring-a-2026/midvale/trip-sheets/weekday-trip-sheets.pdf
MidvaleWeekday306,306,Midvale,1 of 2,226,Weekday,https://www4.septa.org/picking/pdf/spring-a-2026/midvale/paddles/weekday-paddles.pdf#page=226,https://www4.septa.org/picking/pdf/spring-a-2026/midvale/paddles/weekday-paddles#page=226.pdf,https://www4.septa.org/picking/pdf/spring-a-2026/midvale/trip-sheets/weekday-trip-sheets.pdf
MidvaleWeekday307,307,Midvale,1 of 2,228,Weekday,https://www4.septa.org/picking/pdf/spring-a-2026/midvale/paddles/weekday-paddles.pdf#page=228,https://www4.septa.org/picking/pdf/spring-a-2026/midvale/paddles/weekday-paddles#page=228.pdf,https://www4.septa.org/picking/pdf/spring-a-2026/midvale/trip-sheets/weekday-trip-sheets.pdf
MidvaleWeekday308,308,Midvale,1 of 2,230,Weekday,https://www4.septa.org/picking/pdf/spring-a-2026/midvale/paddles/weekday-paddles.pdf#page=230,https://www4.septa.org/picking/pdf/spring-a-2026/midvale/paddles/weekday-paddles#page=230.pdf,https://www4.septa.org/picking/pdf/spring-a-2026/midvale/trip-sheets/weekday-trip-sheets.pdf
MidvaleWeekday309,309,Midvale,1 of 2,232,Weekday,https://www4.septa.org/picking/pdf/spring-a-2026/midvale/paddles/weekday-paddles.pdf#page=232,https://www4.septa.org/picking/pdf/spring-a-2026/midvale/paddles/weekday-paddles#page=232.pdf,https://www4.septa.org/picking/pdf/spring-a-2026/midvale/trip-sheets/weekday-trip-sheets.pdf
MidvaleWeekday310,310,Midvale,1 of 2,234,Weekday,https://www4.septa.org/picking/pdf/spring-a-2026/midvale/paddles/weekday-paddles.pdf#page=234,https://www4.septa.org/picking/pdf/spring-a-2026/midvale/paddles/weekday-paddles#page=234.pdf,https://www4.septa.org/picking/pdf/spring-a-2026/midvale/trip-sheets/weekday-trip-sheets.pdf
MidvaleWeekday311,311,Midvale,1 of 2,236,Weekday,https://www4.septa.org/picking/pdf/spring-a-2026/midvale/paddles/weekday-paddles.pdf#page=236,https://www4.septa.org/picking/pdf/spring-a-2026/midvale/paddles/weekday-paddles#page=236.pdf,https://www4.septa.org/picking/pdf/spring-a-2026/midvale/trip-sheets/weekday-trip-sheets.pdf
MidvaleWeekday312,312,Midvale,1 of 2,238,Weekday,https://www4.septa.org/picking/pdf/spring-a-2026/midvale/paddles/weekday-paddles.pdf#page=238,https://www4.septa.org/picking/pdf/spring-a-2026/midvale/paddles/weekday-paddles#page=238.pdf,https://www4.septa.org/picking/pdf/spring-a-2026/midvale/trip-sheets/weekday-trip-sheets.pdf
MidvaleWeekday313,313,Midvale,1 of 2,240,Weekday,https://www4.septa.org/picking/pdf/spring-a-2026/midvale/paddles/weekday-paddles.pdf#page=240,https://www4.septa.org/picking/pdf/spring-a-2026/midvale/paddles/weekday-paddles#page=240.pdf,https://www4.septa.org/picking/pdf/spring-a-2026/midvale/trip-sheets/weekday-trip-sheets.pdf
MidvaleWeekday314,314,Midvale,1 of 2,242,Weekday,https://www4.septa.org/picking/pdf/spring-a-2026/midvale/paddles/weekday-paddles.pdf#page=242,https://www4.septa.org/picking/pdf/spring-a-2026/midvale/paddles/weekday-paddles#page=242.pdf,https://www4.septa.org/picking/pdf/spring-a-2026/midvale/trip-sheets/weekday-trip-sheets.pdf
MidvaleWeekday315,315,Midvale,1 of 2,244,Weekday,https://www4.septa.org/picking/pdf/spring-a-2026/midvale/paddles/weekday-paddles.pdf#page=244,https://www4.septa.org/picking/pdf/spring-a-2026/midvale/paddles/weekday-paddles#page=244.pdf,https://www4.septa.org/picking/pdf/spring-a-2026/midvale/trip-sheets/weekday-trip-sheets.pdf
MidvaleWeekday316,316,Midvale,1 of 2,246,Weekday,https://www4.septa.org/picking/pdf/spring-a-2026/midvale/paddles/weekday-paddles.pdf#page=246,https://www4.septa.org/picking/pdf/spring-a-2026/midvale/paddles/weekday-paddles#page=246.pdf,https://www4.septa.org/picking/pdf/spring-a-2026/midvale/trip-sheets/weekday-trip-sheets.pdf
MidvaleWeekday351,351,Midvale,1 of 2,248,Weekday,https://www4.septa.org/picking/pdf/spring-a-2026/midvale/paddles/weekday-paddles.pdf#page=248,https://www4.septa.org/picking/pdf/spring-a-2026/midvale/paddles/weekday-paddles#page=248.pdf,https://www4.septa.org/picking/pdf/spring-a-2026/midvale/trip-sheets/weekday-trip-sheets.pdf
MidvaleWeekday352,352,Midvale,1 of 2,250,Weekday,https://www4.septa.org/picking/pdf/spring-a-2026/midvale/paddles/weekday-paddles.pdf#page=250,https://www4.septa.org/picking/pdf/spring-a-2026/midvale/paddles/weekday-paddles#page=250.pdf,https://www4.septa.org/picking/pdf/spring-a-2026/midvale/trip-sheets/weekday-trip-sheets.pdf
MidvaleWeekday353,353,Midvale,1 of 2,252,Weekday,https://www4.septa.org/picking/pdf/spring-a-2026/midvale/paddles/weekday-paddles.pdf#page=252,https://www4.septa.org/picking/pdf/spring-a-2026/midvale/paddles/weekday-paddles#page=252.pdf,https://www4.septa.org/picking/pdf/spring-a-2026/midvale/trip-sheets/weekday-trip-sheets.pdf
MidvaleWeekday354,354,Midvale,1 of 2,254,Weekday,https://www4.septa.org/picking/pdf/spring-a-2026/midvale/paddles/weekday-paddles.pdf#page=254,https://www4.septa.org/picking/pdf/spring-a-2026/midvale/paddles/weekday-paddles#page=254.pdf,https://www4.septa.org/picking/pdf/spring-a-2026/midvale/trip-sheets/weekday-trip-sheets.pdf
MidvaleWeekday355,355,Midvale,1 of 2,256,Weekday,https://www4.septa.org/picking/pdf/spring-a-2026/midvale/paddles/weekday-paddles.pdf#page=256,https://www4.septa.org/picking/pdf/spring-a-2026/midvale/paddles/weekday-paddles#page=256.pdf,https://www4.septa.org/picking/pdf/spring-a-2026/midvale/trip-sheets/weekday-trip-sheets.pdf
MidvaleWeekday356,356,Midvale,1 of 2,258,Weekday,https://www4.septa.org/picking/pdf/spring-a-2026/midvale/paddles/weekday-paddles.pdf#page=258,https://www4.septa.org/picking/pdf/spring-a-2026/midvale/paddles/weekday-paddles#page=258.pdf,https://www4.septa.org/picking/pdf/spring-a-2026/midvale/trip-sheets/weekday-trip-sheets.pdf
MidvaleWeekday357,357,Midvale,1 of 2,260,Weekday,https://www4.septa.org/picking/pdf/spring-a-2026/midvale/paddles/weekday-paddles.pdf#page=260,https://www4.septa.org/picking/pdf/spring-a-2026/midvale/paddles/weekday-paddles#page=260.pdf,https://www4.septa.org/picking/pdf/spring-a-2026/midvale/trip-sheets/weekday-trip-sheets.pdf
MidvaleWeekday358,358,Midvale,1 of 2,262,Weekday,https://www4.septa.org/picking/pdf/spring-a-2026/midvale/paddles/weekday-paddles.pdf#page=262,https://www4.septa.org/picking/pdf/spring-a-2026/midvale/paddles/weekday-paddles#page=262.pdf,https://www4.septa.org/picking/pdf/spring-a-2026/midvale/trip-sheets/weekday-trip-sheets.pdf
MidvaleWeekday401,401,Midvale,1 of 2,264,Weekday,https://www4.septa.org/picking/pdf/spring-a-2026/midvale/paddles/weekday-paddles.pdf#page=264,https://www4.septa.org/picking/pdf/spring-a-2026/midvale/paddles/weekday-paddles#page=264.pdf,https://www4.septa.org/picking/pdf/spring-a-2026/midvale/trip-sheets/weekday-trip-sheets.pdf
MidvaleWeekday402,402,Midvale,1 of 2,266,Weekday,https://www4.septa.org/picking/pdf/spring-a-2026/midvale/paddles/weekday-paddles.pdf#page=266,https://www4.septa.org/picking/pdf/spring-a-2026/midvale/paddles/weekday-paddles#page=266.pdf,https://www4.septa.org/picking/pdf/spring-a-2026/midvale/trip-sheets/weekday-trip-sheets.pdf
MidvaleWeekday403,403,Midvale,1 of 3,268,Weekday,https://www4.septa.org/picking/pdf/spring-a-2026/midvale/paddles/weekday-paddles.pdf#page=268,https://www4.septa.org/picking/pdf/spring-a-2026/midvale/paddles/weekday-paddles#page=268.pdf,https://www4.septa.org/picking/pdf/spring-a-2026/midvale/trip-sheets/weekday-trip-sheets.pdf
MidvaleWeekday404,404,Midvale,1 of 2,271,Weekday,https://www4.septa.org/picking/pdf/spring-a-2026/midvale/paddles/weekday-paddles.pdf#page=271,https://www4.septa.org/picking/pdf/spring-a-2026/midvale/paddles/weekday-paddles#page=271.pdf,https://www4.septa.org/picking/pdf/spring-a-2026/midvale/trip-sheets/weekday-trip-sheets.pdf
MidvaleWeekday405,405,Midvale,1 of 3,273,Weekday,https://www4.septa.org/picking/pdf/spring-a-2026/midvale/paddles/weekday-paddles.pdf#page=273,https://www4.septa.org/picking/pdf/spring-a-2026/midvale/paddles/weekday-paddles#page=273.pdf,https://www4.septa.org/picking/pdf/spring-a-2026/midvale/trip-sheets/weekday-trip-sheets.pdf
MidvaleWeekday406,406,Midvale,1 of 2,276,Weekday,https://www4.septa.org/picking/pdf/spring-a-2026/midvale/paddles/weekday-paddles.pdf#page=276,https://www4.septa.org/picking/pdf/spring-a-2026/midvale/paddles/weekday-paddles#page=276.pdf,https://www4.septa.org/picking/pdf/spring-a-2026/midvale/trip-sheets/weekday-trip-sheets.pdf
MidvaleWeekday407,407,Midvale,1 of 2,278,Weekday,https://www4.septa.org/picking/pdf/spring-a-2026/midvale/paddles/weekday-paddles.pdf#page=278,https://www4.septa.org/picking/pdf/spring-a-2026/midvale/paddles/weekday-paddles#page=278.pdf,https://www4.septa.org/picking/pdf/spring-a-2026/midvale/trip-sheets/weekday-trip-sheets.pdf
MidvaleWeekday408,408,Midvale,1 of 2,280,Weekday,https://www4.septa.org/picking/pdf/spring-a-2026/midvale/paddles/weekday-paddles.pdf#page=280,https://www4.septa.org/picking/pdf/spring-a-2026/midvale/paddles/weekday-paddles#page=280.pdf,https://www4.septa.org/picking/pdf/spring-a-2026/midvale/trip-sheets/weekday-trip-sheets.pdf
MidvaleWeekday409,409,Midvale,1 of 2,282,Weekday,https://www4.septa.org/picking/pdf/spring-a-2026/midvale/paddles/weekday-paddles.pdf#page=282,https://www4.septa.org/picking/pdf/spring-a-2026/midvale/paddles/weekday-paddles#page=282.pdf,https://www4.septa.org/picking/pdf/spring-a-2026/midvale/trip-sheets/weekday-trip-sheets.pdf
MidvaleWeekday451,451,Midvale,1 of 2,284,Weekday,https://www4.septa.org/picking/pdf/spring-a-2026/midvale/paddles/weekday-paddles.pdf#page=284,https://www4.septa.org/picking/pdf/spring-a-2026/midvale/paddles/weekday-paddles#page=284.pdf,https://www4.septa.org/picking/pdf/spring-a-2026/midvale/trip-sheets/weekday-trip-sheets.pdf
MidvaleWeekday452,452,Midvale,1 of 2,286,Weekday,https://www4.septa.org/picking/pdf/spring-a-2026/midvale/paddles/weekday-paddles.pdf#page=286,https://www4.septa.org/picking/pdf/spring-a-2026/midvale/paddles/weekday-paddles#page=286.pdf,https://www4.septa.org/picking/pdf/spring-a-2026/midvale/trip-sheets/weekday-trip-sheets.pdf
MidvaleWeekday453,453,Midvale,1 of 2,288,Weekday,https://www4.septa.org/picking/pdf/spring-a-2026/midvale/paddles/weekday-paddles.pdf#page=288,https://www4.septa.org/picking/pdf/spring-a-2026/midvale/paddles/weekday-paddles#page=288.pdf,https://www4.septa.org/picking/pdf/spring-a-2026/midvale/trip-sheets/weekday-trip-sheets.pdf
MidvaleWeekday454,454,Midvale,1 of 2,290,Weekday,https://www4.septa.org/picking/pdf/spring-a-2026/midvale/paddles/weekday-paddles.pdf#page=290,https://www4.septa.org/picking/pdf/spring-a-2026/midvale/paddles/weekday-paddles#page=290.pdf,https://www4.septa.org/picking/pdf/spring-a-2026/midvale/trip-sheets/weekday-trip-sheets.pdf
MidvaleWeekday455,455,Midvale,1 of 2,292,Weekday,https://www4.septa.org/picking/pdf/spring-a-2026/midvale/paddles/weekday-paddles.pdf#page=292,https://www4.septa.org/picking/pdf/spring-a-2026/midvale/paddles/weekday-paddles#page=292.pdf,https://www4.septa.org/picking/pdf/spring-a-2026/midvale/trip-sheets/weekday-trip-sheets.pdf
MidvaleWeekday456,456,Midvale,1 of 2,294,Weekday,https://www4.septa.org/picking/pdf/spring-a-2026/midvale/paddles/weekday-paddles.pdf#page=294,https://www4.septa.org/picking/pdf/spring-a-2026/midvale/paddles/weekday-paddles#page=294.pdf,https://www4.septa.org/picking/pdf/spring-a-2026/midvale/trip-sheets/weekday-trip-sheets.pdf
MidvaleWeekday457,457,Midvale,1 of 2,296,Weekday,https://www4.septa.org/picking/pdf/spring-a-2026/midvale/paddles/weekday-paddles.pdf#page=296,https://www4.septa.org/picking/pdf/spring-a-2026/midvale/paddles/weekday-paddles#page=296.pdf,https://www4.septa.org/picking/pdf/spring-a-2026/midvale/trip-sheets/weekday-trip-sheets.pdf
MidvaleWeekday465,465,Midvale,1 of 2,298,Weekday,https://www4.septa.org/picking/pdf/spring-a-2026/midvale/paddles/weekday-paddles.pdf#page=298,https://www4.septa.org/picking/pdf/spring-a-2026/midvale/paddles/weekday-paddles#page=298.pdf,https://www4.septa.org/picking/pdf/spring-a-2026/midvale/trip-sheets/weekday-trip-sheets.pdf
MidvaleWeekday466,466,Midvale,1 of 2,300,Weekday,https://www4.septa.org/picking/pdf/spring-a-2026/midvale/paddles/weekday-paddles.pdf#page=300,https://www4.septa.org/picking/pdf/spring-a-2026/midvale/paddles/weekday-paddles#page=300.pdf,https://www4.septa.org/picking/pdf/spring-a-2026/midvale/trip-sheets/weekday-trip-sheets.pdf
MidvaleWeekday467,467,Midvale,1 of 2,302,Weekday,https://www4.septa.org/picking/pdf/spring-a-2026/midvale/paddles/weekday-paddles.pdf#page=302,https://www4.septa.org/picking/pdf/spring-a-2026/midvale/paddles/weekday-paddles#page=302.pdf,https://www4.septa.org/picking/pdf/spring-a-2026/midvale/trip-sheets/weekday-trip-sheets.pdf
MidvaleWeekday468,468,Midvale,1 of 2,304,Weekday,https://www4.septa.org/picking/pdf/spring-a-2026/midvale/paddles/weekday-paddles.pdf#page=304,https://www4.septa.org/picking/pdf/spring-a-2026/midvale/paddles/weekday-paddles#page=304.pdf,https://www4.septa.org/picking/pdf/spring-a-2026/midvale/trip-sheets/weekday-trip-sheets.pdf
MidvaleWeekday501,501,Midvale,1 of 2,306,Weekday,https://www4.septa.org/picking/pdf/spring-a-2026/midvale/paddles/weekday-paddles.pdf#page=306,https://www4.septa.org/picking/pdf/spring-a-2026/midvale/paddles/weekday-paddles#page=306.pdf,https://www4.septa.org/picking/pdf/spring-a-2026/midvale/trip-sheets/weekday-trip-sheets.pdf
MidvaleWeekday502,502,Midvale,1 of 2,308,Weekday,https://www4.septa.org/picking/pdf/spring-a-2026/midvale/paddles/weekday-paddles.pdf#page=308,https://www4.septa.org/picking/pdf/spring-a-2026/midvale/paddles/weekday-paddles#page=308.pdf,https://www4.septa.org/picking/pdf/spring-a-2026/midvale/trip-sheets/weekday-trip-sheets.pdf
MidvaleWeekday503,503,Midvale,1 of 1,310,Weekday,https://www4.septa.org/picking/pdf/spring-a-2026/midvale/paddles/weekday-paddles.pdf#page=310,https://www4.septa.org/picking/pdf/spring-a-2026/midvale/paddles/weekday-paddles#page=310.pdf,https://www4.septa.org/picking/pdf/spring-a-2026/midvale/trip-sheets/weekday-trip-sheets.pdf
MidvaleWeekday504,504,Midvale,1 of 2,311,Weekday,https://www4.septa.org/picking/pdf/spring-a-2026/midvale/paddles/weekday-paddles.pdf#page=311,https://www4.septa.org/picking/pdf/spring-a-2026/midvale/paddles/weekday-paddles#page=311.pdf,https://www4.septa.org/picking/pdf/spring-a-2026/midvale/trip-sheets/weekday-trip-sheets.pdf
MidvaleWeekday505,505,Midvale,1 of 1,313,Weekday,https://www4.septa.org/picking/pdf/spring-a-2026/midvale/paddles/weekday-paddles.pdf#page=313,https://www4.septa.org/picking/pdf/spring-a-2026/midvale/paddles/weekday-paddles#page=313.pdf,https://www4.septa.org/picking/pdf/spring-a-2026/midvale/trip-sheets/weekday-trip-sheets.pdf
MidvaleWeekday506,506,Midvale,1 of 2,314,Weekday,https://www4.septa.org/picking/pdf/spring-a-2026/midvale/paddles/weekday-paddles.pdf#page=314,https://www4.septa.org/picking/pdf/spring-a-2026/midvale/paddles/weekday-paddles#page=314.pdf,https://www4.septa.org/picking/pdf/spring-a-2026/midvale/trip-sheets/weekday-trip-sheets.pdf
MidvaleWeekday507,507,Midvale,1 of 2,316,Weekday,https://www4.septa.org/picking/pdf/spring-a-2026/midvale/paddles/weekday-paddles.pdf#page=316,https://www4.septa.org/picking/pdf/spring-a-2026/midvale/paddles/weekday-paddles#page=316.pdf,https://www4.septa.org/picking/pdf/spring-a-2026/midvale/trip-sheets/weekday-trip-sheets.pdf
MidvaleWeekday508,508,Midvale,1 of 2,318,Weekday,https://www4.septa.org/picking/pdf/spring-a-2026/midvale/paddles/weekday-paddles.pdf#page=318,https://www4.septa.org/picking/pdf/spring-a-2026/midvale/paddles/weekday-paddles#page=318.pdf,https://www4.septa.org/picking/pdf/spring-a-2026/midvale/trip-sheets/weekday-trip-sheets.pdf
MidvaleWeekday509,509,Midvale,1 of 2,320,Weekday,https://www4.septa.org/picking/pdf/spring-a-2026/midvale/paddles/weekday-paddles.pdf#page=320,https://www4.septa.org/picking/pdf/spring-a-2026/midvale/paddles/weekday-paddles#page=320.pdf,https://www4.septa.org/picking/pdf/spring-a-2026/midvale/trip-sheets/weekday-trip-sheets.pdf
MidvaleWeekday510,510,Midvale,1 of 2,322,Weekday,https://www4.septa.org/picking/pdf/spring-a-2026/midvale/paddles/weekday-paddles.pdf#page=322,https://www4.septa.org/picking/pdf/spring-a-2026/midvale/paddles/weekday-paddles#page=322.pdf,https://www4.septa.org/picking/pdf/spring-a-2026/midvale/trip-sheets/weekday-trip-sheets.pdf
MidvaleWeekday511,511,Midvale,1 of 2,324,Weekday,https://www4.septa.org/picking/pdf/spring-a-2026/midvale/paddles/weekday-paddles.pdf#page=324,https://www4.septa.org/picking/pdf/spring-a-2026/midvale/paddles/weekday-paddles#page=324.pdf,https://www4.septa.org/picking/pdf/spring-a-2026/midvale/trip-sheets/weekday-trip-sheets.pdf
MidvaleWeekday512,512,Midvale,1 of 2,326,Weekday,https://www4.septa.org/picking/pdf/spring-a-2026/midvale/paddles/weekday-paddles.pdf#page=326,https://www4.septa.org/picking/pdf/spring-a-2026/midvale/paddles/weekday-paddles#page=326.pdf,https://www4.septa.org/picking/pdf/spring-a-2026/midvale/trip-sheets/weekday-trip-sheets.pdf
MidvaleWeekday513,513,Midvale,1 of 2,328,Weekday,https://www4.septa.org/picking/pdf/spring-a-2026/midvale/paddles/weekday-paddles.pdf#page=328,https://www4.septa.org/picking/pdf/spring-a-2026/midvale/paddles/weekday-paddles#page=328.pdf,https://www4.septa.org/picking/pdf/spring-a-2026/midvale/trip-sheets/weekday-trip-sheets.pdf
MidvaleWeekday514,514,Midvale,1 of 2,330,Weekday,https://www4.septa.org/picking/pdf/spring-a-2026/midvale/paddles/weekday-paddles.pdf#page=330,https://www4.septa.org/picking/pdf/spring-a-2026/midvale/paddles/weekday-paddles#page=330.pdf,https://www4.septa.org/picking/pdf/spring-a-2026/midvale/trip-sheets/weekday-trip-sheets.pdf
MidvaleWeekday515,515,Midvale,1 of 2,332,Weekday,https://www4.septa.org/picking/pdf/spring-a-2026/midvale/paddles/weekday-paddles.pdf#page=332,https://www4.septa.org/picking/pdf/spring-a-2026/midvale/paddles/weekday-paddles#page=332.pdf,https://www4.septa.org/picking/pdf/spring-a-2026/midvale/trip-sheets/weekday-trip-sheets.pdf
MidvaleWeekday516,516,Midvale,1 of 2,334,Weekday,https://www4.septa.org/picking/pdf/spring-a-2026/midvale/paddles/weekday-paddles.pdf#page=334,https://www4.septa.org/picking/pdf/spring-a-2026/midvale/paddles/weekday-paddles#page=334.pdf,https://www4.septa.org/picking/pdf/spring-a-2026/midvale/trip-sheets/weekday-trip-sheets.pdf
MidvaleWeekday551,551,Midvale,1 of 2,336,Weekday,https://www4.septa.org/picking/pdf/spring-a-2026/midvale/paddles/weekday-paddles.pdf#page=336,https://www4.septa.org/picking/pdf/spring-a-2026/midvale/paddles/weekday-paddles#page=336.pdf,https://www4.septa.org/picking/pdf/spring-a-2026/midvale/trip-sheets/weekday-trip-sheets.pdf
MidvaleWeekday552,552,Midvale,1 of 2,338,Weekday,https://www4.septa.org/picking/pdf/spring-a-2026/midvale/paddles/weekday-paddles.pdf#page=338,https://www4.septa.org/picking/pdf/spring-a-2026/midvale/paddles/weekday-paddles#page=338.pdf,https://www4.septa.org/picking/pdf/spring-a-2026/midvale/trip-sheets/weekday-trip-sheets.pdf
MidvaleWeekday553,553,Midvale,1 of 2,340,Weekday,https://www4.septa.org/picking/pdf/spring-a-2026/midvale/paddles/weekday-paddles.pdf#page=340,https://www4.septa.org/picking/pdf/spring-a-2026/midvale/paddles/weekday-paddles#page=340.pdf,https://www4.septa.org/picking/pdf/spring-a-2026/midvale/trip-sheets/weekday-trip-sheets.pdf
MidvaleWeekday554,554,Midvale,1 of 3,342,Weekday,https://www4.septa.org/picking/pdf/spring-a-2026/midvale/paddles/weekday-paddles.pdf#page=342,https://www4.septa.org/picking/pdf/spring-a-2026/midvale/paddles/weekday-paddles#page=342.pdf,https://www4.septa.org/picking/pdf/spring-a-2026/midvale/trip-sheets/weekday-trip-sheets.pdf
MidvaleWeekday555,555,Midvale,1 of 2,345,Weekday,https://www4.septa.org/picking/pdf/spring-a-2026/midvale/paddles/weekday-paddles.pdf#page=345,https://www4.septa.org/picking/pdf/spring-a-2026/midvale/paddles/weekday-paddles#page=345.pdf,https://www4.septa.org/picking/pdf/spring-a-2026/midvale/trip-sheets/weekday-trip-sheets.pdf
MidvaleWeekday556,556,Midvale,1 of 3,347,Weekday,https://www4.septa.org/picking/pdf/spring-a-2026/midvale/paddles/weekday-paddles.pdf#page=347,https://www4.septa.org/picking/pdf/spring-a-2026/midvale/paddles/weekday-paddles#page=347.pdf,https://www4.septa.org/picking/pdf/spring-a-2026/midvale/trip-sheets/weekday-trip-sheets.pdf
MidvaleWeekday557,557,Midvale,1 of 2,350,Weekday,https://www4.septa.org/picking/pdf/spring-a-2026/midvale/paddles/weekday-paddles.pdf#page=350,https://www4.septa.org/picking/pdf/spring-a-2026/midvale/paddles/weekday-paddles#page=350.pdf,https://www4.septa.org/picking/pdf/spring-a-2026/midvale/trip-sheets/weekday-trip-sheets.pdf
MidvaleWeekday558,558,Midvale,1 of 2,352,Weekday,https://www4.septa.org/picking/pdf/spring-a-2026/midvale/paddles/weekday-paddles.pdf#page=352,https://www4.septa.org/picking/pdf/spring-a-2026/midvale/paddles/weekday-paddles#page=352.pdf,https://www4.septa.org/picking/pdf/spring-a-2026/midvale/trip-sheets/weekday-trip-sheets.pdf
MidvaleWeekday559,559,Midvale,1 of 3,354,Weekday,https://www4.septa.org/picking/pdf/spring-a-2026/midvale/paddles/weekday-paddles.pdf#page=354,https://www4.septa.org/picking/pdf/spring-a-2026/midvale/paddles/weekday-paddles#page=354.pdf,https://www4.septa.org/picking/pdf/spring-a-2026/midvale/trip-sheets/weekday-trip-sheets.pdf
MidvaleWeekday560,560,Midvale,1 of 2,357,Weekday,https://www4.septa.org/picking/pdf/spring-a-2026/midvale/paddles/weekday-paddles.pdf#page=357,https://www4.septa.org/picking/pdf/spring-a-2026/midvale/paddles/weekday-paddles#page=357.pdf,https://www4.septa.org/picking/pdf/spring-a-2026/midvale/trip-sheets/weekday-trip-sheets.pdf
MidvaleWeekday561,561,Midvale,1 of 5,359,Weekday,https://www4.septa.org/picking/pdf/spring-a-2026/midvale/paddles/weekday-paddles.pdf#page=359,https://www4.septa.org/picking/pdf/spring-a-2026/midvale/paddles/weekday-paddles#page=359.pdf,https://www4.septa.org/picking/pdf/spring-a-2026/midvale/trip-sheets/weekday-trip-sheets.pdf
MidvaleWeekday562,562,Midvale,1 of 2,364,Weekday,https://www4.septa.org/picking/pdf/spring-a-2026/midvale/paddles/weekday-paddles.pdf#page=364,https://www4.septa.org/picking/pdf/spring-a-2026/midvale/paddles/weekday-paddles#page=364.pdf,https://www4.septa.org/picking/pdf/spring-a-2026/midvale/trip-sheets/weekday-trip-sheets.pdf
MidvaleWeekday563,563,Midvale,1 of 3,366,Weekday,https://www4.septa.org/picking/pdf/spring-a-2026/midvale/paddles/weekday-paddles.pdf#page=366,https://www4.septa.org/picking/pdf/spring-a-2026/midvale/paddles/weekday-paddles#page=366.pdf,https://www4.septa.org/picking/pdf/spring-a-2026/midvale/trip-sheets/weekday-trip-sheets.pdf
MidvaleWeekday564,564,Midvale,1 of 2,369,Weekday,https://www4.septa.org/picking/pdf/spring-a-2026/midvale/paddles/weekday-paddles.pdf#page=369,https://www4.septa.org/picking/pdf/spring-a-2026/midvale/paddles/weekday-paddles#page=369.pdf,https://www4.septa.org/picking/pdf/spring-a-2026/midvale/trip-sheets/weekday-trip-sheets.pdf
MidvaleWeekday565,565,Midvale,1 of 2,371,Weekday,https://www4.septa.org/picking/pdf/spring-a-2026/midvale/paddles/weekday-paddles.pdf#page=371,https://www4.septa.org/picking/pdf/spring-a-2026/midvale/paddles/weekday-paddles#page=371.pdf,https://www4.septa.org/picking/pdf/spring-a-2026/midvale/trip-sheets/weekday-trip-sheets.pdf
MidvaleWeekday566,566,Midvale,1 of 2,373,Weekday,https://www4.septa.org/picking/pdf/spring-a-2026/midvale/paddles/weekday-paddles.pdf#page=373,https://www4.septa.org/picking/pdf/spring-a-2026/midvale/paddles/weekday-paddles#page=373.pdf,https://www4.septa.org/picking/pdf/spring-a-2026/midvale/trip-sheets/weekday-trip-sheets.pdf
MidvaleWeekday567,567,Midvale,1 of 2,375,Weekday,https://www4.septa.org/picking/pdf/spring-a-2026/midvale/paddles/weekday-paddles.pdf#page=375,https://www4.septa.org/picking/pdf/spring-a-2026/midvale/paddles/weekday-paddles#page=375.pdf,https://www4.septa.org/picking/pdf/spring-a-2026/midvale/trip-sheets/weekday-trip-sheets.pdf
MidvaleWeekday568,568,Midvale,1 of 2,377,Weekday,https://www4.septa.org/picking/pdf/spring-a-2026/midvale/paddles/weekday-paddles.pdf#page=377,https://www4.septa.org/picking/pdf/spring-a-2026/midvale/paddles/weekday-paddles#page=377.pdf,https://www4.septa.org/picking/pdf/spring-a-2026/midvale/trip-sheets/weekday-trip-sheets.pdf
MidvaleWeekday569,569,Midvale,1 of 2,379,Weekday,https://www4.septa.org/picking/pdf/spring-a-2026/midvale/paddles/weekday-paddles.pdf#page=379,https://www4.septa.org/picking/pdf/spring-a-2026/midvale/paddles/weekday-paddles#page=379.pdf,https://www4.septa.org/picking/pdf/spring-a-2026/midvale/trip-sheets/weekday-trip-sheets.pdf
MidvaleWeekday570,570,Midvale,1 of 2,381,Weekday,https://www4.septa.org/picking/pdf/spring-a-2026/midvale/paddles/weekday-paddles.pdf#page=381,https://www4.septa.org/picking/pdf/spring-a-2026/midvale/paddles/weekday-paddles#page=381.pdf,https://www4.septa.org/picking/pdf/spring-a-2026/midvale/trip-sheets/weekday-trip-sheets.pdf
MidvaleWeekday571,571,Midvale,1 of 2,383,Weekday,https://www4.septa.org/picking/pdf/spring-a-2026/midvale/paddles/weekday-paddles.pdf#page=383,https://www4.septa.org/picking/pdf/spring-a-2026/midvale/paddles/weekday-paddles#page=383.pdf,https://www4.septa.org/picking/pdf/spring-a-2026/midvale/trip-sheets/weekday-trip-sheets.pdf
MidvaleWeekday572,572,Midvale,1 of 2,385,Weekday,https://www4.septa.org/picking/pdf/spring-a-2026/midvale/paddles/weekday-paddles.pdf#page=385,https://www4.septa.org/picking/pdf/spring-a-2026/midvale/paddles/weekday-paddles#page=385.pdf,https://www4.septa.org/picking/pdf/spring-a-2026/midvale/trip-sheets/weekday-trip-sheets.pdf
MidvaleWeekday601,601,Midvale,1 of 2,387,Weekday,https://www4.septa.org/picking/pdf/spring-a-2026/midvale/paddles/weekday-paddles.pdf#page=387,https://www4.septa.org/picking/pdf/spring-a-2026/midvale/paddles/weekday-paddles#page=387.pdf,https://www4.septa.org/picking/pdf/spring-a-2026/midvale/trip-sheets/weekday-trip-sheets.pdf
MidvaleWeekday602,602,Midvale,1 of 2,389,Weekday,https://www4.septa.org/picking/pdf/spring-a-2026/midvale/paddles/weekday-paddles.pdf#page=389,https://www4.septa.org/picking/pdf/spring-a-2026/midvale/paddles/weekday-paddles#page=389.pdf,https://www4.septa.org/picking/pdf/spring-a-2026/midvale/trip-sheets/weekday-trip-sheets.pdf
MidvaleWeekday603,603,Midvale,1 of 2,391,Weekday,https://www4.septa.org/picking/pdf/spring-a-2026/midvale/paddles/weekday-paddles.pdf#page=391,https://www4.septa.org/picking/pdf/spring-a-2026/midvale/paddles/weekday-paddles#page=391.pdf,https://www4.septa.org/picking/pdf/spring-a-2026/midvale/trip-sheets/weekday-trip-sheets.pdf
MidvaleWeekday604,604,Midvale,1 of 2,393,Weekday,https://www4.septa.org/picking/pdf/spring-a-2026/midvale/paddles/weekday-paddles.pdf#page=393,https://www4.septa.org/picking/pdf/spring-a-2026/midvale/paddles/weekday-paddles#page=393.pdf,https://www4.septa.org/picking/pdf/spring-a-2026/midvale/trip-sheets/weekday-trip-sheets.pdf
MidvaleWeekday605,605,Midvale,1 of 2,395,Weekday,https://www4.septa.org/picking/pdf/spring-a-2026/midvale/paddles/weekday-paddles.pdf#page=395,https://www4.septa.org/picking/pdf/spring-a-2026/midvale/paddles/weekday-paddles#page=395.pdf,https://www4.septa.org/picking/pdf/spring-a-2026/midvale/trip-sheets/weekday-trip-sheets.pdf
MidvaleWeekday606,606,Midvale,1 of 2,397,Weekday,https://www4.septa.org/picking/pdf/spring-a-2026/midvale/paddles/weekday-paddles.pdf#page=397,https://www4.septa.org/picking/pdf/spring-a-2026/midvale/paddles/weekday-paddles#page=397.pdf,https://www4.septa.org/picking/pdf/spring-a-2026/midvale/trip-sheets/weekday-trip-sheets.pdf
MidvaleWeekday607,607,Midvale,1 of 2,399,Weekday,https://www4.septa.org/picking/pdf/spring-a-2026/midvale/paddles/weekday-paddles.pdf#page=399,https://www4.septa.org/picking/pdf/spring-a-2026/midvale/paddles/weekday-paddles#page=399.pdf,https://www4.septa.org/picking/pdf/spring-a-2026/midvale/trip-sheets/weekday-trip-sheets.pdf
MidvaleWeekday608,608,Midvale,1 of 3,401,Weekday,https://www4.septa.org/picking/pdf/spring-a-2026/midvale/paddles/weekday-paddles.pdf#page=401,https://www4.septa.org/picking/pdf/spring-a-2026/midvale/paddles/weekday-paddles#page=401.pdf,https://www4.septa.org/picking/pdf/spring-a-2026/midvale/trip-sheets/weekday-trip-sheets.pdf
MidvaleWeekday609,609,Midvale,1 of 2,404,Weekday,https://www4.septa.org/picking/pdf/spring-a-2026/midvale/paddles/weekday-paddles.pdf#page=404,https://www4.septa.org/picking/pdf/spring-a-2026/midvale/paddles/weekday-paddles#page=404.pdf,https://www4.septa.org/picking/pdf/spring-a-2026/midvale/trip-sheets/weekday-trip-sheets.pdf
MidvaleWeekday610,610,Midvale,1 of 2,406,Weekday,https://www4.septa.org/picking/pdf/spring-a-2026/midvale/paddles/weekday-paddles.pdf#page=406,https://www4.septa.org/picking/pdf/spring-a-2026/midvale/paddles/weekday-paddles#page=406.pdf,https://www4.septa.org/picking/pdf/spring-a-2026/midvale/trip-sheets/weekday-trip-sheets.pdf
MidvaleWeekday611,611,Midvale,1 of 2,408,Weekday,https://www4.septa.org/picking/pdf/spring-a-2026/midvale/paddles/weekday-paddles.pdf#page=408,https://www4.septa.org/picking/pdf/spring-a-2026/midvale/paddles/weekday-paddles#page=408.pdf,https://www4.septa.org/picking/pdf/spring-a-2026/midvale/trip-sheets/weekday-trip-sheets.pdf
MidvaleWeekday612,612,Midvale,1 of 2,410,Weekday,https://www4.septa.org/picking/pdf/spring-a-2026/midvale/paddles/weekday-paddles.pdf#page=410,https://www4.septa.org/picking/pdf/spring-a-2026/midvale/paddles/weekday-paddles#page=410.pdf,https://www4.septa.org/picking/pdf/spring-a-2026/midvale/trip-sheets/weekday-trip-sheets.pdf
MidvaleWeekday613,613,Midvale,1 of 2,412,Weekday,https://www4.septa.org/picking/pdf/spring-a-2026/midvale/paddles/weekday-paddles.pdf#page=412,https://www4.septa.org/picking/pdf/spring-a-2026/midvale/paddles/weekday-paddles#page=412.pdf,https://www4.septa.org/picking/pdf/spring-a-2026/midvale/trip-sheets/weekday-trip-sheets.pdf
MidvaleWeekday614,614,Midvale,1 of 2,414,Weekday,https://www4.septa.org/picking/pdf/spring-a-2026/midvale/paddles/weekday-paddles.pdf#page=414,https://www4.septa.org/picking/pdf/spring-a-2026/midvale/paddles/weekday-paddles#page=414.pdf,https://www4.septa.org/picking/pdf/spring-a-2026/midvale/trip-sheets/weekday-trip-sheets.pdf
MidvaleWeekday615,615,Midvale,1 of 2,416,Weekday,https://www4.septa.org/picking/pdf/spring-a-2026/midvale/paddles/weekday-paddles.pdf#page=416,https://www4.septa.org/picking/pdf/spring-a-2026/midvale/paddles/weekday-paddles#page=416.pdf,https://www4.septa.org/picking/pdf/spring-a-2026/midvale/trip-sheets/weekday-trip-sheets.pdf
MidvaleWeekday616,616,Midvale,1 of 2,418,Weekday,https://www4.septa.org/picking/pdf/spring-a-2026/midvale/paddles/weekday-paddles.pdf#page=418,https://www4.septa.org/picking/pdf/spring-a-2026/midvale/paddles/weekday-paddles#page=418.pdf,https://www4.septa.org/picking/pdf/spring-a-2026/midvale/trip-sheets/weekday-trip-sheets.pdf
MidvaleWeekday617,617,Midvale,1 of 2,420,Weekday,https://www4.septa.org/picking/pdf/spring-a-2026/midvale/paddles/weekday-paddles.pdf#page=420,https://www4.septa.org/picking/pdf/spring-a-2026/midvale/paddles/weekday-paddles#page=420.pdf,https://www4.septa.org/picking/pdf/spring-a-2026/midvale/trip-sheets/weekday-trip-sheets.pdf
MidvaleWeekday618,618,Midvale,1 of 2,422,Weekday,https://www4.septa.org/picking/pdf/spring-a-2026/midvale/paddles/weekday-paddles.pdf#page=422,https://www4.septa.org/picking/pdf/spring-a-2026/midvale/paddles/weekday-paddles#page=422.pdf,https://www4.septa.org/picking/pdf/spring-a-2026/midvale/trip-sheets/weekday-trip-sheets.pdf
MidvaleWeekday651,651,Midvale,1 of 2,424,Weekday,https://www4.septa.org/picking/pdf/spring-a-2026/midvale/paddles/weekday-paddles.pdf#page=424,https://www4.septa.org/picking/pdf/spring-a-2026/midvale/paddles/weekday-paddles#page=424.pdf,https://www4.septa.org/picking/pdf/spring-a-2026/midvale/trip-sheets/weekday-trip-sheets.pdf
MidvaleWeekday652,652,Midvale,1 of 2,426,Weekday,https://www4.septa.org/picking/pdf/spring-a-2026/midvale/paddles/weekday-paddles.pdf#page=426,https://www4.septa.org/picking/pdf/spring-a-2026/midvale/paddles/weekday-paddles#page=426.pdf,https://www4.septa.org/picking/pdf/spring-a-2026/midvale/trip-sheets/weekday-trip-sheets.pdf
MidvaleWeekday653,653,Midvale,1 of 2,428,Weekday,https://www4.septa.org/picking/pdf/spring-a-2026/midvale/paddles/weekday-paddles.pdf#page=428,https://www4.septa.org/picking/pdf/spring-a-2026/midvale/paddles/weekday-paddles#page=428.pdf,https://www4.septa.org/picking/pdf/spring-a-2026/midvale/trip-sheets/weekday-trip-sheets.pdf
MidvaleWeekday654,654,Midvale,1 of 2,430,Weekday,https://www4.septa.org/picking/pdf/spring-a-2026/midvale/paddles/weekday-paddles.pdf#page=430,https://www4.septa.org/picking/pdf/spring-a-2026/midvale/paddles/weekday-paddles#page=430.pdf,https://www4.septa.org/picking/pdf/spring-a-2026/midvale/trip-sheets/weekday-trip-sheets.pdf
MidvaleWeekday655,655,Midvale,1 of 2,432,Weekday,https://www4.septa.org/picking/pdf/spring-a-2026/midvale/paddles/weekday-paddles.pdf#page=432,https://www4.septa.org/picking/pdf/spring-a-2026/midvale/paddles/weekday-paddles#page=432.pdf,https://www4.septa.org/picking/pdf/spring-a-2026/midvale/trip-sheets/weekday-trip-sheets.pdf
MidvaleWeekday656,656,Midvale,1 of 2,434,Weekday,https://www4.septa.org/picking/pdf/spring-a-2026/midvale/paddles/weekday-paddles.pdf#page=434,https://www4.septa.org/picking/pdf/spring-a-2026/midvale/paddles/weekday-paddles#page=434.pdf,https://www4.septa.org/picking/pdf/spring-a-2026/midvale/trip-sheets/weekday-trip-sheets.pdf
MidvaleWeekday671,671,Midvale,1 of 1,436,Weekday,https://www4.septa.org/picking/pdf/spring-a-2026/midvale/paddles/weekday-paddles.pdf#page=436,https://www4.septa.org/picking/pdf/spring-a-2026/midvale/paddles/weekday-paddles#page=436.pdf,https://www4.septa.org/picking/pdf/spring-a-2026/midvale/trip-sheets/weekday-trip-sheets.pdf
MidvaleWeekday672,672,Midvale,1 of 1,437,Weekday,https://www4.septa.org/picking/pdf/spring-a-2026/midvale/paddles/weekday-paddles.pdf#page=437,https://www4.septa.org/picking/pdf/spring-a-2026/midvale/paddles/weekday-paddles#page=437.pdf,https://www4.septa.org/picking/pdf/spring-a-2026/midvale/trip-sheets/weekday-trip-sheets.pdf
MidvaleWeekday673,673,Midvale,1 of 1,438,Weekday,https://www4.septa.org/picking/pdf/spring-a-2026/midvale/paddles/weekday-paddles.pdf#page=438,https://www4.septa.org/picking/pdf/spring-a-2026/midvale/paddles/weekday-paddles#page=438.pdf,https://www4.septa.org/picking/pdf/spring-a-2026/midvale/trip-sheets/weekday-trip-sheets.pdf
MidvaleWeekday674,674,Midvale,1 of 2,439,Weekday,https://www4.septa.org/picking/pdf/spring-a-2026/midvale/paddles/weekday-paddles.pdf#page=439,https://www4.septa.org/picking/pdf/spring-a-2026/midvale/paddles/weekday-paddles#page=439.pdf,https://www4.septa.org/picking/pdf/spring-a-2026/midvale/trip-sheets/weekday-trip-sheets.pdf
MidvaleWeekday675,675,Midvale,1 of 1,441,Weekday,https://www4.septa.org/picking/pdf/spring-a-2026/midvale/paddles/weekday-paddles.pdf#page=441,https://www4.septa.org/picking/pdf/spring-a-2026/midvale/paddles/weekday-paddles#page=441.pdf,https://www4.septa.org/picking/pdf/spring-a-2026/midvale/trip-sheets/weekday-trip-sheets.pdf
MidvaleWeekday676,676,Midvale,1 of 1,442,Weekday,https://www4.septa.org/picking/pdf/spring-a-2026/midvale/paddles/weekday-paddles.pdf#page=442,https://www4.septa.org/picking/pdf/spring-a-2026/midvale/paddles/weekday-paddles#page=442.pdf,https://www4.septa.org/picking/pdf/spring-a-2026/midvale/trip-sheets/weekday-trip-sheets.pdf
MidvaleWeekday701,701,Midvale,1 of 2,443,Weekday,https://www4.septa.org/picking/pdf/spring-a-2026/midvale/paddles/weekday-paddles.pdf#page=443,https://www4.septa.org/picking/pdf/spring-a-2026/midvale/paddles/weekday-paddles#page=443.pdf,https://www4.septa.org/picking/pdf/spring-a-2026/midvale/trip-sheets/weekday-trip-sheets.pdf
MidvaleWeekday702,702,Midvale,1 of 2,445,Weekday,https://www4.septa.org/picking/pdf/spring-a-2026/midvale/paddles/weekday-paddles.pdf#page=445,https://www4.septa.org/picking/pdf/spring-a-2026/midvale/paddles/weekday-paddles#page=445.pdf,https://www4.septa.org/picking/pdf/spring-a-2026/midvale/trip-sheets/weekday-trip-sheets.pdf
MidvaleWeekday703,703,Midvale,1 of 2,447,Weekday,https://www4.septa.org/picking/pdf/spring-a-2026/midvale/paddles/weekday-paddles.pdf#page=447,https://www4.septa.org/picking/pdf/spring-a-2026/midvale/paddles/weekday-paddles#page=447.pdf,https://www4.septa.org/picking/pdf/spring-a-2026/midvale/trip-sheets/weekday-trip-sheets.pdf
MidvaleWeekday704,704,Midvale,1 of 2,449,Weekday,https://www4.septa.org/picking/pdf/spring-a-2026/midvale/paddles/weekday-paddles.pdf#page=449,https://www4.septa.org/picking/pdf/spring-a-2026/midvale/paddles/weekday-paddles#page=449.pdf,https://www4.septa.org/picking/pdf/spring-a-2026/midvale/trip-sheets/weekday-trip-sheets.pdf
MidvaleWeekday705,705,Midvale,1 of 2,451,Weekday,https://www4.septa.org/picking/pdf/spring-a-2026/midvale/paddles/weekday-paddles.pdf#page=451,https://www4.septa.org/picking/pdf/spring-a-2026/midvale/paddles/weekday-paddles#page=451.pdf,https://www4.septa.org/picking/pdf/spring-a-2026/midvale/trip-sheets/weekday-trip-sheets.pdf
MidvaleWeekday706,706,Midvale,1 of 3,453,Weekday,https://www4.septa.org/picking/pdf/spring-a-2026/midvale/paddles/weekday-paddles.pdf#page=453,https://www4.septa.org/picking/pdf/spring-a-2026/midvale/paddles/weekday-paddles#page=453.pdf,https://www4.septa.org/picking/pdf/spring-a-2026/midvale/trip-sheets/weekday-trip-sheets.pdf
MidvaleWeekday707,707,Midvale,1 of 2,456,Weekday,https://www4.septa.org/picking/pdf/spring-a-2026/midvale/paddles/weekday-paddles.pdf#page=456,https://www4.septa.org/picking/pdf/spring-a-2026/midvale/paddles/weekday-paddles#page=456.pdf,https://www4.septa.org/picking/pdf/spring-a-2026/midvale/trip-sheets/weekday-trip-sheets.pdf
MidvaleWeekday708,708,Midvale,1 of 3,458,Weekday,https://www4.septa.org/picking/pdf/spring-a-2026/midvale/paddles/weekday-paddles.pdf#page=458,https://www4.septa.org/picking/pdf/spring-a-2026/midvale/paddles/weekday-paddles#page=458.pdf,https://www4.septa.org/picking/pdf/spring-a-2026/midvale/trip-sheets/weekday-trip-sheets.pdf
MidvaleWeekday709,709,Midvale,1 of 2,461,Weekday,https://www4.septa.org/picking/pdf/spring-a-2026/midvale/paddles/weekday-paddles.pdf#page=461,https://www4.septa.org/picking/pdf/spring-a-2026/midvale/paddles/weekday-paddles#page=461.pdf,https://www4.septa.org/picking/pdf/spring-a-2026/midvale/trip-sheets/weekday-trip-sheets.pdf
MidvaleWeekday710,710,Midvale,1 of 2,463,Weekday,https://www4.septa.org/picking/pdf/spring-a-2026/midvale/paddles/weekday-paddles.pdf#page=463,https://www4.septa.org/picking/pdf/spring-a-2026/midvale/paddles/weekday-paddles#page=463.pdf,https://www4.septa.org/picking/pdf/spring-a-2026/midvale/trip-sheets/weekday-trip-sheets.pdf
MidvaleWeekday711,711,Midvale,1 of 2,465,Weekday,https://www4.septa.org/picking/pdf/spring-a-2026/midvale/paddles/weekday-paddles.pdf#page=465,https://www4.septa.org/picking/pdf/spring-a-2026/midvale/paddles/weekday-paddles#page=465.pdf,https://www4.septa.org/picking/pdf/spring-a-2026/midvale/trip-sheets/weekday-trip-sheets.pdf
MidvaleWeekday712,712,Midvale,1 of 2,467,Weekday,https://www4.septa.org/picking/pdf/spring-a-2026/midvale/paddles/weekday-paddles.pdf#page=467,https://www4.septa.org/picking/pdf/spring-a-2026/midvale/paddles/weekday-paddles#page=467.pdf,https://www4.septa.org/picking/pdf/spring-a-2026/midvale/trip-sheets/weekday-trip-sheets.pdf
MidvaleWeekday713,713,Midvale,1 of 2,469,Weekday,https://www4.septa.org/picking/pdf/spring-a-2026/midvale/paddles/weekday-paddles.pdf#page=469,https://www4.septa.org/picking/pdf/spring-a-2026/midvale/paddles/weekday-paddles#page=469.pdf,https://www4.septa.org/picking/pdf/spring-a-2026/midvale/trip-sheets/weekday-trip-sheets.pdf
MidvaleWeekday714,714,Midvale,1 of 2,471,Weekday,https://www4.septa.org/picking/pdf/spring-a-2026/midvale/paddles/weekday-paddles.pdf#page=471,https://www4.septa.org/picking/pdf/spring-a-2026/midvale/paddles/weekday-paddles#page=471.pdf,https://www4.septa.org/picking/pdf/spring-a-2026/midvale/trip-sheets/weekday-trip-sheets.pdf
MidvaleWeekday741,741,Midvale,1 of 2,473,Weekday,https://www4.septa.org/picking/pdf/spring-a-2026/midvale/paddles/weekday-paddles.pdf#page=473,https://www4.septa.org/picking/pdf/spring-a-2026/midvale/paddles/weekday-paddles#page=473.pdf,https://www4.septa.org/picking/pdf/spring-a-2026/midvale/trip-sheets/weekday-trip-sheets.pdf
MidvaleWeekday751,751,Midvale,1 of 2,475,Weekday,https://www4.septa.org/picking/pdf/spring-a-2026/midvale/paddles/weekday-paddles.pdf#page=475,https://www4.septa.org/picking/pdf/spring-a-2026/midvale/paddles/weekday-paddles#page=475.pdf,https://www4.septa.org/picking/pdf/spring-a-2026/midvale/trip-sheets/weekday-trip-sheets.pdf
MidvaleWeekday752,752,Midvale,1 of 2,477,Weekday,https://www4.septa.org/picking/pdf/spring-a-2026/midvale/paddles/weekday-paddles.pdf#page=477,https://www4.septa.org/picking/pdf/spring-a-2026/midvale/paddles/weekday-paddles#page=477.pdf,https://www4.septa.org/picking/pdf/spring-a-2026/midvale/trip-sheets/weekday-trip-sheets.pdf
MidvaleWeekday753,753,Midvale,1 of 2,479,Weekday,https://www4.septa.org/picking/pdf/spring-a-2026/midvale/paddles/weekday-paddles.pdf#page=479,https://www4.septa.org/picking/pdf/spring-a-2026/midvale/paddles/weekday-paddles#page=479.pdf,https://www4.septa.org/picking/pdf/spring-a-2026/midvale/trip-sheets/weekday-trip-sheets.pdf
MidvaleWeekday754,754,Midvale,1 of 2,481,Weekday,https://www4.septa.org/picking/pdf/spring-a-2026/midvale/paddles/weekday-paddles.pdf#page=481,https://www4.septa.org/picking/pdf/spring-a-2026/midvale/paddles/weekday-paddles#page=481.pdf,https://www4.septa.org/picking/pdf/spring-a-2026/midvale/trip-sheets/weekday-trip-sheets.pdf
MidvaleWeekday755,755,Midvale,1 of 2,483,Weekday,https://www4.septa.org/picking/pdf/spring-a-2026/midvale/paddles/weekday-paddles.pdf#page=483,https://www4.septa.org/picking/pdf/spring-a-2026/midvale/paddles/weekday-paddles#page=483.pdf,https://www4.septa.org/picking/pdf/spring-a-2026/midvale/trip-sheets/weekday-trip-sheets.pdf
MidvaleWeekday756,756,Midvale,1 of 3,485,Weekday,https://www4.septa.org/picking/pdf/spring-a-2026/midvale/paddles/weekday-paddles.pdf#page=485,https://www4.septa.org/picking/pdf/spring-a-2026/midvale/paddles/weekday-paddles#page=485.pdf,https://www4.septa.org/picking/pdf/spring-a-2026/midvale/trip-sheets/weekday-trip-sheets.pdf
MidvaleWeekday757,757,Midvale,1 of 2,488,Weekday,https://www4.septa.org/picking/pdf/spring-a-2026/midvale/paddles/weekday-paddles.pdf#page=488,https://www4.septa.org/picking/pdf/spring-a-2026/midvale/paddles/weekday-paddles#page=488.pdf,https://www4.septa.org/picking/pdf/spring-a-2026/midvale/trip-sheets/weekday-trip-sheets.pdf
MidvaleWeekday758,758,Midvale,1 of 3,490,Weekday,https://www4.septa.org/picking/pdf/spring-a-2026/midvale/paddles/weekday-paddles.pdf#page=490,https://www4.septa.org/picking/pdf/spring-a-2026/midvale/paddles/weekday-paddles#page=490.pdf,https://www4.septa.org/picking/pdf/spring-a-2026/midvale/trip-sheets/weekday-trip-sheets.pdf
MidvaleWeekday759,759,Midvale,1 of 2,493,Weekday,https://www4.septa.org/picking/pdf/spring-a-2026/midvale/paddles/weekday-paddles.pdf#page=493,https://www4.septa.org/picking/pdf/spring-a-2026/midvale/paddles/weekday-paddles#page=493.pdf,https://www4.septa.org/picking/pdf/spring-a-2026/midvale/trip-sheets/weekday-trip-sheets.pdf
MidvaleWeekday760,760,Midvale,1 of 4,495,Weekday,https://www4.septa.org/picking/pdf/spring-a-2026/midvale/paddles/weekday-paddles.pdf#page=495,https://www4.septa.org/picking/pdf/spring-a-2026/midvale/paddles/weekday-paddles#page=495.pdf,https://www4.septa.org/picking/pdf/spring-a-2026/midvale/trip-sheets/weekday-trip-sheets.pdf
MidvaleWeekday761,761,Midvale,1 of 2,499,Weekday,https://www4.septa.org/picking/pdf/spring-a-2026/midvale/paddles/weekday-paddles.pdf#page=499,https://www4.septa.org/picking/pdf/spring-a-2026/midvale/paddles/weekday-paddles#page=499.pdf,https://www4.septa.org/picking/pdf/spring-a-2026/midvale/trip-sheets/weekday-trip-sheets.pdf
MidvaleWeekday762,762,Midvale,1 of 2,501,Weekday,https://www4.septa.org/picking/pdf/spring-a-2026/midvale/paddles/weekday-paddles.pdf#page=501,https://www4.septa.org/picking/pdf/spring-a-2026/midvale/paddles/weekday-paddles#page=501.pdf,https://www4.septa.org/picking/pdf/spring-a-2026/midvale/trip-sheets/weekday-trip-sheets.pdf
MidvaleWeekday851,851,Midvale,1 of 2,503,Weekday,https://www4.septa.org/picking/pdf/spring-a-2026/midvale/paddles/weekday-paddles.pdf#page=503,https://www4.septa.org/picking/pdf/spring-a-2026/midvale/paddles/weekday-paddles#page=503.pdf,https://www4.septa.org/picking/pdf/spring-a-2026/midvale/trip-sheets/weekday-trip-sheets.pdf
MidvaleWeekday852,852,Midvale,1 of 3,505,Weekday,https://www4.septa.org/picking/pdf/spring-a-2026/midvale/paddles/weekday-paddles.pdf#page=505,https://www4.septa.org/picking/pdf/spring-a-2026/midvale/paddles/weekday-paddles#page=505.pdf,https://www4.septa.org/picking/pdf/spring-a-2026/midvale/trip-sheets/weekday-trip-sheets.pdf
MidvaleWeekday853,853,Midvale,1 of 3,508,Weekday,https://www4.septa.org/picking/pdf/spring-a-2026/midvale/paddles/weekday-paddles.pdf#page=508,https://www4.septa.org/picking/pdf/spring-a-2026/midvale/paddles/weekday-paddles#page=508.pdf,https://www4.septa.org/picking/pdf/spring-a-2026/midvale/trip-sheets/weekday-trip-sheets.pdf
MidvaleWeekday854,854,Midvale,1 of 3,511,Weekday,https://www4.septa.org/picking/pdf/spring-a-2026/midvale/paddles/weekday-paddles.pdf#page=511,https://www4.septa.org/picking/pdf/spring-a-2026/midvale/paddles/weekday-paddles#page=511.pdf,https://www4.septa.org/picking/pdf/spring-a-2026/midvale/trip-sheets/weekday-trip-sheets.pdf
MidvaleWeekday855,855,Midvale,1 of 2,514,Weekday,https://www4.septa.org/picking/pdf/spring-a-2026/midvale/paddles/weekday-paddles.pdf#page=514,https://www4.septa.org/picking/pdf/spring-a-2026/midvale/paddles/weekday-paddles#page=514.pdf,https://www4.septa.org/picking/pdf/spring-a-2026/midvale/trip-sheets/weekday-trip-sheets.pdf
MidvaleWeekday901,901,Midvale,1 of 2,516,Weekday,https://www4.septa.org/picking/pdf/spring-a-2026/midvale/paddles/weekday-paddles.pdf#page=516,https://www4.septa.org/picking/pdf/spring-a-2026/midvale/paddles/weekday-paddles#page=516.pdf,https://www4.septa.org/picking/pdf/spring-a-2026/midvale/trip-sheets/weekday-trip-sheets.pdf
MidvaleWeekday902,902,Midvale,1 of 2,518,Weekday,https://www4.septa.org/picking/pdf/spring-a-2026/midvale/paddles/weekday-paddles.pdf#page=518,https://www4.septa.org/picking/pdf/spring-a-2026/midvale/paddles/weekday-paddles#page=518.pdf,https://www4.septa.org/picking/pdf/spring-a-2026/midvale/trip-sheets/weekday-trip-sheets.pdf
MidvaleWeekday903,903,Midvale,1 of 2,520,Weekday,https://www4.septa.org/picking/pdf/spring-a-2026/midvale/paddles/weekday-paddles.pdf#page=520,https://www4.septa.org/picking/pdf/spring-a-2026/midvale/paddles/weekday-paddles#page=520.pdf,https://www4.septa.org/picking/pdf/spring-a-2026/midvale/trip-sheets/weekday-trip-sheets.pdf
MidvaleWeekday904,904,Midvale,1 of 2,522,Weekday,https://www4.septa.org/picking/pdf/spring-a-2026/midvale/paddles/weekday-paddles.pdf#page=522,https://www4.septa.org/picking/pdf/spring-a-2026/midvale/paddles/weekday-paddles#page=522.pdf,https://www4.septa.org/picking/pdf/spring-a-2026/midvale/trip-sheets/weekday-trip-sheets.pdf
MidvaleWeekday905,905,Midvale,1 of 3,524,Weekday,https://www4.septa.org/picking/pdf/spring-a-2026/midvale/paddles/weekday-paddles.pdf#page=524,https://www4.septa.org/picking/pdf/spring-a-2026/midvale/paddles/weekday-paddles#page=524.pdf,https://www4.septa.org/picking/pdf/spring-a-2026/midvale/trip-sheets/weekday-trip-sheets.pdf
MidvaleWeekday906,906,Midvale,1 of 2,527,Weekday,https://www4.septa.org/picking/pdf/spring-a-2026/midvale/paddles/weekday-paddles.pdf#page=527,https://www4.septa.org/picking/pdf/spring-a-2026/midvale/paddles/weekday-paddles#page=527.pdf,https://www4.septa.org/picking/pdf/spring-a-2026/midvale/trip-sheets/weekday-trip-sheets.pdf
MidvaleWeekday907,907,Midvale,1 of 2,529,Weekday,https://www4.septa.org/picking/pdf/spring-a-2026/midvale/paddles/weekday-paddles.pdf#page=529,https://www4.septa.org/picking/pdf/spring-a-2026/midvale/paddles/weekday-paddles#page=529.pdf,https://www4.septa.org/picking/pdf/spring-a-2026/midvale/trip-sheets/weekday-trip-sheets.pdf
MidvaleWeekday908,908,Midvale,1 of 2,531,Weekday,https://www4.septa.org/picking/pdf/spring-a-2026/midvale/paddles/weekday-paddles.pdf#page=531,https://www4.septa.org/picking/pdf/spring-a-2026/midvale/paddles/weekday-paddles#page=531.pdf,https://www4.septa.org/picking/pdf/spring-a-2026/midvale/trip-sheets/weekday-trip-sheets.pdf
MidvaleWeekday909,909,Midvale,1 of 2,533,Weekday,https://www4.septa.org/picking/pdf/spring-a-2026/midvale/paddles/weekday-paddles.pdf#page=533,https://www4.septa.org/picking/pdf/spring-a-2026/midvale/paddles/weekday-paddles#page=533.pdf,https://www4.septa.org/picking/pdf/spring-a-2026/midvale/trip-sheets/weekday-trip-sheets.pdf
MidvaleWeekday910,910,Midvale,1 of 2,535,Weekday,https://www4.septa.org/picking/pdf/spring-a-2026/midvale/paddles/weekday-paddles.pdf#page=535,https://www4.septa.org/picking/pdf/spring-a-2026/midvale/paddles/weekday-paddles#page=535.pdf,https://www4.septa.org/picking/pdf/spring-a-2026/midvale/trip-sheets/weekday-trip-sheets.pdf
MidvaleWeekday911,911,Midvale,1 of 2,537,Weekday,https://www4.septa.org/picking/pdf/spring-a-2026/midvale/paddles/weekday-paddles.pdf#page=537,https://www4.septa.org/picking/pdf/spring-a-2026/midvale/paddles/weekday-paddles#page=537.pdf,https://www4.septa.org/picking/pdf/spring-a-2026/midvale/trip-sheets/weekday-trip-sheets.pdf
MidvaleWeekday912,912,Midvale,1 of 2,539,Weekday,https://www4.septa.org/picking/pdf/spring-a-2026/midvale/paddles/weekday-paddles.pdf#page=539,https://www4.septa.org/picking/pdf/spring-a-2026/midvale/paddles/weekday-paddles#page=539.pdf,https://www4.septa.org/picking/pdf/spring-a-2026/midvale/trip-sheets/weekday-trip-sheets.pdf
MidvaleWeekday913,913,Midvale,1 of 2,541,Weekday,https://www4.septa.org/picking/pdf/spring-a-2026/midvale/paddles/weekday-paddles.pdf#page=541,https://www4.septa.org/picking/pdf/spring-a-2026/midvale/paddles/weekday-paddles#page=541.pdf,https://www4.septa.org/picking/pdf/spring-a-2026/midvale/trip-sheets/weekday-trip-sheets.pdf
MidvaleWeekday914,914,Midvale,1 of 2,543,Weekday,https://www4.septa.org/picking/pdf/spring-a-2026/midvale/paddles/weekday-paddles.pdf#page=543,https://www4.septa.org/picking/pdf/spring-a-2026/midvale/paddles/weekday-paddles#page=543.pdf,https://www4.septa.org/picking/pdf/spring-a-2026/midvale/trip-sheets/weekday-trip-sheets.pdf
MidvaleWeekday915,915,Midvale,1 of 2,545,Weekday,https://www4.septa.org/picking/pdf/spring-a-2026/midvale/paddles/weekday-paddles.pdf#page=545,https://www4.septa.org/picking/pdf/spring-a-2026/midvale/paddles/weekday-paddles#page=545.pdf,https://www4.septa.org/picking/pdf/spring-a-2026/midvale/trip-sheets/weekday-trip-sheets.pdf
MidvaleWeekday916,916,Midvale,1 of 2,547,Weekday,https://www4.septa.org/picking/pdf/spring-a-2026/midvale/paddles/weekday-paddles.pdf#page=547,https://www4.septa.org/picking/pdf/spring-a-2026/midvale/paddles/weekday-paddles#page=547.pdf,https://www4.septa.org/picking/pdf/spring-a-2026/midvale/trip-sheets/weekday-trip-sheets.pdf
MidvaleWeekday917,917,Midvale,1 of 2,549,Weekday,https://www4.septa.org/picking/pdf/spring-a-2026/midvale/paddles/weekday-paddles.pdf#page=549,https://www4.septa.org/picking/pdf/spring-a-2026/midvale/paddles/weekday-paddles#page=549.pdf,https://www4.septa.org/picking/pdf/spring-a-2026/midvale/trip-sheets/weekday-trip-sheets.pdf
MidvaleWeekday918,918,Midvale,1 of 3,551,Weekday,https://www4.septa.org/picking/pdf/spring-a-2026/midvale/paddles/weekday-paddles.pdf#page=551,https://www4.septa.org/picking/pdf/spring-a-2026/midvale/paddles/weekday-paddles#page=551.pdf,https://www4.septa.org/picking/pdf/spring-a-2026/midvale/trip-sheets/weekday-trip-sheets.pdf
MidvaleWeekday919,919,Midvale,1 of 2,554,Weekday,https://www4.septa.org/picking/pdf/spring-a-2026/midvale/paddles/weekday-paddles.pdf#page=554,https://www4.septa.org/picking/pdf/spring-a-2026/midvale/paddles/weekday-paddles#page=554.pdf,https://www4.septa.org/picking/pdf/spring-a-2026/midvale/trip-sheets/weekday-trip-sheets.pdf
MidvaleWeekday920,920,Midvale,1 of 2,556,Weekday,https://www4.septa.org/picking/pdf/spring-a-2026/midvale/paddles/weekday-paddles.pdf#page=556,https://www4.septa.org/picking/pdf/spring-a-2026/midvale/paddles/weekday-paddles#page=556.pdf,https://www4.septa.org/picking/pdf/spring-a-2026/midvale/trip-sheets/weekday-trip-sheets.pdf
MidvaleWeekday921,921,Midvale,1 of 2,558,Weekday,https://www4.septa.org/picking/pdf/spring-a-2026/midvale/paddles/weekday-paddles.pdf#page=558,https://www4.septa.org/picking/pdf/spring-a-2026/midvale/paddles/weekday-paddles#page=558.pdf,https://www4.septa.org/picking/pdf/spring-a-2026/midvale/trip-sheets/weekday-trip-sheets.pdf
MidvaleWeekday922,922,Midvale,1 of 2,560,Weekday,https://www4.septa.org/picking/pdf/spring-a-2026/midvale/paddles/weekday-paddles.pdf#page=560,https://www4.septa.org/picking/pdf/spring-a-2026/midvale/paddles/weekday-paddles#page=560.pdf,https://www4.septa.org/picking/pdf/spring-a-2026/midvale/trip-sheets/weekday-trip-sheets.pdf
MidvaleWeekday923,923,Midvale,1 of 2,562,Weekday,https://www4.septa.org/picking/pdf/spring-a-2026/midvale/paddles/weekday-paddles.pdf#page=562,https://www4.septa.org/picking/pdf/spring-a-2026/midvale/paddles/weekday-paddles#page=562.pdf,https://www4.septa.org/picking/pdf/spring-a-2026/midvale/trip-sheets/weekday-trip-sheets.pdf
MidvaleWeekday924,924,Midvale,1 of 2,564,Weekday,https://www4.septa.org/picking/pdf/spring-a-2026/midvale/paddles/weekday-paddles.pdf#page=564,https://www4.septa.org/picking/pdf/spring-a-2026/midvale/paddles/weekday-paddles#page=564.pdf,https://www4.septa.org/picking/pdf/spring-a-2026/midvale/trip-sheets/weekday-trip-sheets.pdf
MidvaleWeekday951,951,Midvale,1 of 1,566,Weekday,https://www4.septa.org/picking/pdf/spring-a-2026/midvale/paddles/weekday-paddles.pdf#page=566,https://www4.septa.org/picking/pdf/spring-a-2026/midvale/paddles/weekday-paddles#page=566.pdf,https://www4.septa.org/picking/pdf/spring-a-2026/midvale/trip-sheets/weekday-trip-sheets.pdf
MidvaleWeekday952,952,Midvale,1 of 1,567,Weekday,https://www4.septa.org/picking/pdf/spring-a-2026/midvale/paddles/weekday-paddles.pdf#page=567,https://www4.septa.org/picking/pdf/spring-a-2026/midvale/paddles/weekday-paddles#page=567.pdf,https://www4.septa.org/picking/pdf/spring-a-2026/midvale/trip-sheets/weekday-trip-sheets.pdf
MidvaleWeekday953,953,Midvale,1 of 1,568,Weekday,https://www4.septa.org/picking/pdf/spring-a-2026/midvale/paddles/weekday-paddles.pdf#page=568,https://www4.septa.org/picking/pdf/spring-a-2026/midvale/paddles/weekday-paddles#page=568.pdf,https://www4.septa.org/picking/pdf/spring-a-2026/midvale/trip-sheets/weekday-trip-sheets.pdf
MidvaleWeekday954,954,Midvale,1 of 1,569,Weekday,https://www4.septa.org/picking/pdf/spring-a-2026/midvale/paddles/weekday-paddles.pdf#page=569,https://www4.septa.org/picking/pdf/spring-a-2026/midvale/paddles/weekday-paddles#page=569.pdf,https://www4.septa.org/picking/pdf/spring-a-2026/midvale/trip-sheets/weekday-trip-sheets.pdf
MidvaleWeekday955,955,Midvale,1 of 1,570,Weekday,https://www4.septa.org/picking/pdf/spring-a-2026/midvale/paddles/weekday-paddles.pdf#page=570,https://www4.septa.org/picking/pdf/spring-a-2026/midvale/paddles/weekday-paddles#page=570.pdf,https://www4.septa.org/picking/pdf/spring-a-2026/midvale/trip-sheets/weekday-trip-sheets.pdf
MidvaleWeekday956,956,Midvale,1 of 1,571,Weekday,https://www4.septa.org/picking/pdf/spring-a-2026/midvale/paddles/weekday-paddles.pdf#page=571,https://www4.septa.org/picking/pdf/spring-a-2026/midvale/paddles/weekday-paddles#page=571.pdf,https://www4.septa.org/picking/pdf/spring-a-2026/midvale/trip-sheets/weekday-trip-sheets.pdf
MidvaleWeekday957,957,Midvale,1 of 1,572,Weekday,https://www4.septa.org/picking/pdf/spring-a-2026/midvale/paddles/weekday-paddles.pdf#page=572,https://www4.septa.org/picking/pdf/spring-a-2026/midvale/paddles/weekday-paddles#page=572.pdf,https://www4.septa.org/picking/pdf/spring-a-2026/midvale/trip-sheets/weekday-trip-sheets.pdf
MidvaleWeekday958,958,Midvale,1 of 2,573,Weekday,https://www4.septa.org/picking/pdf/spring-a-2026/midvale/paddles/weekday-paddles.pdf#page=573,https://www4.septa.org/picking/pdf/spring-a-2026/midvale/paddles/weekday-paddles#page=573.pdf,https://www4.septa.org/picking/pdf/spring-a-2026/midvale/trip-sheets/weekday-trip-sheets.pdf
MidvaleWeekday959,959,Midvale,1 of 1,575,Weekday,https://www4.septa.org/picking/pdf/spring-a-2026/midvale/paddles/weekday-paddles.pdf#page=575,https://www4.septa.org/picking/pdf/spring-a-2026/midvale/paddles/weekday-paddles#page=575.pdf,https://www4.septa.org/picking/pdf/spring-a-2026/midvale/trip-sheets/weekday-trip-sheets.pdf
MidvaleWeekday960,960,Midvale,1 of 1,576,Weekday,https://www4.septa.org/picking/pdf/spring-a-2026/midvale/paddles/weekday-paddles.pdf#page=576,https://www4.septa.org/picking/pdf/spring-a-2026/midvale/paddles/weekday-paddles#page=576.pdf,https://www4.septa.org/picking/pdf/spring-a-2026/midvale/trip-sheets/weekday-trip-sheets.pdf
MidvaleWeekday961,961,Midvale,1 of 2,577,Weekday,https://www4.septa.org/picking/pdf/spring-a-2026/midvale/paddles/weekday-paddles.pdf#page=577,https://www4.septa.org/picking/pdf/spring-a-2026/midvale/paddles/weekday-paddles#page=577.pdf,https://www4.septa.org/picking/pdf/spring-a-2026/midvale/trip-sheets/weekday-trip-sheets.pdf
MidvaleWeekday962,962,Midvale,1 of 2,579,Weekday,https://www4.septa.org/picking/pdf/spring-a-2026/midvale/paddles/weekday-paddles.pdf#page=579,https://www4.septa.org/picking/pdf/spring-a-2026/midvale/paddles/weekday-paddles#page=579.pdf,https://www4.septa.org/picking/pdf/spring-a-2026/midvale/trip-sheets/weekday-trip-sheets.pdf
MidvaleWeekday963,963,Midvale,1 of 2,581,Weekday,https://www4.septa.org/picking/pdf/spring-a-2026/midvale/paddles/weekday-paddles.pdf#page=581,https://www4.septa.org/picking/pdf/spring-a-2026/midvale/paddles/weekday-paddles#page=581.pdf,https://www4.septa.org/picking/pdf/spring-a-2026/midvale/trip-sheets/weekday-trip-sheets.pdf
MidvaleWeekday964,964,Midvale,1 of 2,583,Weekday,https://www4.septa.org/picking/pdf/spring-a-2026/midvale/paddles/weekday-paddles.pdf#page=583,https://www4.septa.org/picking/pdf/spring-a-2026/midvale/paddles/weekday-paddles#page=583.pdf,https://www4.septa.org/picking/pdf/spring-a-2026/midvale/trip-sheets/weekday-trip-sheets.pdf
MidvaleWeekday965,965,Midvale,1 of 2,585,Weekday,https://www4.septa.org/picking/pdf/spring-a-2026/midvale/paddles/weekday-paddles.pdf#page=585,https://www4.septa.org/picking/pdf/spring-a-2026/midvale/paddles/weekday-paddles#page=585.pdf,https://www4.septa.org/picking/pdf/spring-a-2026/midvale/trip-sheets/weekday-trip-sheets.pdf
MidvaleWeekday966,966,Midvale,1 of 1,587,Weekday,https://www4.septa.org/picking/pdf/spring-a-2026/midvale/paddles/weekday-paddles.pdf#page=587,https://www4.septa.org/picking/pdf/spring-a-2026/midvale/paddles/weekday-paddles#page=587.pdf,https://www4.septa.org/picking/pdf/spring-a-2026/midvale/trip-sheets/weekday-trip-sheets.pdf
MidvaleWeekday967,967,Midvale,1 of 2,588,Weekday,https://www4.septa.org/picking/pdf/spring-a-2026/midvale/paddles/weekday-paddles.pdf#page=588,https://www4.septa.org/picking/pdf/spring-a-2026/midvale/paddles/weekday-paddles#page=588.pdf,https://www4.septa.org/picking/pdf/spring-a-2026/midvale/trip-sheets/weekday-trip-sheets.pdf
MidvaleWeekday968,968,Midvale,1 of 1,590,Weekday,https://www4.septa.org/picking/pdf/spring-a-2026/midvale/paddles/weekday-paddles.pdf#page=590,https://www4.septa.org/picking/pdf/spring-a-2026/midvale/paddles/weekday-paddles#page=590.pdf,https://www4.septa.org/picking/pdf/spring-a-2026/midvale/trip-sheets/weekday-trip-sheets.pdf
MidvaleWeekday969,969,Midvale,1 of 1,591,Weekday,https://www4.septa.org/picking/pdf/spring-a-2026/midvale/paddles/weekday-paddles.pdf#page=591,https://www4.septa.org/picking/pdf/spring-a-2026/midvale/paddles/weekday-paddles#page=591.pdf,https://www4.septa.org/picking/pdf/spring-a-2026/midvale/trip-sheets/weekday-trip-sheets.pdf
MidvaleWeekday970,970,Midvale,1 of 1,592,Weekday,https://www4.septa.org/picking/pdf/spring-a-2026/midvale/paddles/weekday-paddles.pdf#page=592,https://www4.septa.org/picking/pdf/spring-a-2026/midvale/paddles/weekday-paddles#page=592.pdf,https://www4.septa.org/picking/pdf/spring-a-2026/midvale/trip-sheets/weekday-trip-sheets.pdf
MidvaleWeekday971,971,Midvale,1 of 2,593,Weekday,https://www4.septa.org/picking/pdf/spring-a-2026/midvale/paddles/weekday-paddles.pdf#page=593,https://www4.septa.org/picking/pdf/spring-a-2026/midvale/paddles/weekday-paddles#page=593.pdf,https://www4.septa.org/picking/pdf/spring-a-2026/midvale/trip-sheets/weekday-trip-sheets.pdf
MidvaleWeekday972,972,Midvale,1 of 2,595,Weekday,https://www4.septa.org/picking/pdf/spring-a-2026/midvale/paddles/weekday-paddles.pdf#page=595,https://www4.septa.org/picking/pdf/spring-a-2026/midvale/paddles/weekday-paddles#page=595.pdf,https://www4.septa.org/picking/pdf/spring-a-2026/midvale/trip-sheets/weekday-trip-sheets.pdf
MidvaleWeekday973,973,Midvale,1 of 1,597,Weekday,https://www4.septa.org/picking/pdf/spring-a-2026/midvale/paddles/weekday-paddles.pdf#page=597,https://www4.septa.org/picking/pdf/spring-a-2026/midvale/paddles/weekday-paddles#page=597.pdf,https://www4.septa.org/picking/pdf/spring-a-2026/midvale/trip-sheets/weekday-trip-sheets.pdf
MidvaleWeekday974,974,Midvale,1 of 1,598,Weekday,https://www4.septa.org/picking/pdf/spring-a-2026/midvale/paddles/weekday-paddles.pdf#page=598,https://www4.septa.org/picking/pdf/spring-a-2026/midvale/paddles/weekday-paddles#page=598.pdf,https://www4.septa.org/picking/pdf/spring-a-2026/midvale/trip-sheets/weekday-trip-sheets.pdf
MidvaleWeekday975,975,Midvale,1 of 2,599,Weekday,https://www4.septa.org/picking/pdf/spring-a-2026/midvale/paddles/weekday-paddles.pdf#page=599,https://www4.septa.org/picking/pdf/spring-a-2026/midvale/paddles/weekday-paddles#page=599.pdf,https://www4.septa.org/picking/pdf/spring-a-2026/midvale/trip-sheets/weekday-trip-sheets.pdf
MidvaleWeekday976,976,Midvale,1 of 1,601,Weekday,https://www4.septa.org/picking/pdf/spring-a-2026/midvale/paddles/weekday-paddles.pdf#page=601,https://www4.septa.org/picking/pdf/spring-a-2026/midvale/paddles/weekday-paddles#page=601.pdf,https://www4.septa.org/picking/pdf/spring-a-2026/midvale/trip-sheets/weekday-trip-sheets.pdf
MidvaleWeekday977,977,Midvale,1 of 1,602,Weekday,https://www4.septa.org/picking/pdf/spring-a-2026/midvale/paddles/weekday-paddles.pdf#page=602,https://www4.septa.org/picking/pdf/spring-a-2026/midvale/paddles/weekday-paddles#page=602.pdf,https://www4.septa.org/picking/pdf/spring-a-2026/midvale/trip-sheets/weekday-trip-sheets.pdf
MidvaleWeekday978,978,Midvale,1 of 1,603,Weekday,https://www4.septa.org/picking/pdf/spring-a-2026/midvale/paddles/weekday-paddles.pdf#page=603,https://www4.septa.org/picking/pdf/spring-a-2026/midvale/paddles/weekday-paddles#page=603.pdf,https://www4.septa.org/picking/pdf/spring-a-2026/midvale/trip-sheets/weekday-trip-sheets.pdf
MidvaleWeekday979,979,Midvale,1 of 1,604,Weekday,https://www4.septa.org/picking/pdf/spring-a-2026/midvale/paddles/weekday-paddles.pdf#page=604,https://www4.septa.org/picking/pdf/spring-a-2026/midvale/paddles/weekday-paddles#page=604.pdf,https://www4.septa.org/picking/pdf/spring-a-2026/midvale/trip-sheets/weekday-trip-sheets.pdf
MidvaleWeekday980,980,Midvale,1 of 1,605,Weekday,https://www4.septa.org/picking/pdf/spring-a-2026/midvale/paddles/weekday-paddles.pdf#page=605,https://www4.septa.org/picking/pdf/spring-a-2026/midvale/paddles/weekday-paddles#page=605.pdf,https://www4.septa.org/picking/pdf/spring-a-2026/midvale/trip-sheets/weekday-trip-sheets.pdf
MidvaleWeekday981,981,Midvale,1 of 1,606,Weekday,https://www4.septa.org/picking/pdf/spring-a-2026/midvale/paddles/weekday-paddles.pdf#page=606,https://www4.septa.org/picking/pdf/spring-a-2026/midvale/paddles/weekday-paddles#page=606.pdf,https://www4.septa.org/picking/pdf/spring-a-2026/midvale/trip-sheets/weekday-trip-sheets.pdf
MidvaleWeekday982,982,Midvale,1 of 1,607,Weekday,https://www4.septa.org/picking/pdf/spring-a-2026/midvale/paddles/weekday-paddles.pdf#page=607,https://www4.septa.org/picking/pdf/spring-a-2026/midvale/paddles/weekday-paddles#page=607.pdf,https://www4.septa.org/picking/pdf/spring-a-2026/midvale/trip-sheets/weekday-trip-sheets.pdf
MidvaleWeekday983,983,Midvale,1 of 1,608,Weekday,https://www4.septa.org/picking/pdf/spring-a-2026/midvale/paddles/weekday-paddles.pdf#page=608,https://www4.septa.org/picking/pdf/spring-a-2026/midvale/paddles/weekday-paddles#page=608.pdf,https://www4.septa.org/picking/pdf/spring-a-2026/midvale/trip-sheets/weekday-trip-sheets.pdf
MidvaleWeekday984,984,Midvale,1 of 2,609,Weekday,https://www4.septa.org/picking/pdf/spring-a-2026/midvale/paddles/weekday-paddles.pdf#page=609,https://www4.septa.org/picking/pdf/spring-a-2026/midvale/paddles/weekday-paddles#page=609.pdf,https://www4.septa.org/picking/pdf/spring-a-2026/midvale/trip-sheets/weekday-trip-sheets.pdf
MidvaleSaturday1,1,Midvale,1 of 2,1,Saturday,https://www4.septa.org/picking/pdf/spring-a-2026/midvale/paddles/saturday-paddles.pdf#page=1,https://www4.septa.org/picking/pdf/spring-a-2026/midvale/paddles/saturday-paddles#page=1.pdf,https://www4.septa.org/picking/pdf/spring-a-2026/midvale/trip-sheets/saturday-trip-sheets.pdf
MidvaleSaturday2,2,Midvale,1 of 2,3,Saturday,https://www4.septa.org/picking/pdf/spring-a-2026/midvale/paddles/saturday-paddles.pdf#page=3,https://www4.septa.org/picking/pdf/spring-a-2026/midvale/paddles/saturday-paddles#page=3.pdf,https://www4.septa.org/picking/pdf/spring-a-2026/midvale/trip-sheets/saturday-trip-sheets.pdf
MidvaleSaturday3,3,Midvale,1 of 2,5,Saturday,https://www4.septa.org/picking/pdf/spring-a-2026/midvale/paddles/saturday-paddles.pdf#page=5,https://www4.septa.org/picking/pdf/spring-a-2026/midvale/paddles/saturday-paddles#page=5.pdf,https://www4.septa.org/picking/pdf/spring-a-2026/midvale/trip-sheets/saturday-trip-sheets.pdf
MidvaleSaturday4,4,Midvale,1 of 2,7,Saturday,https://www4.septa.org/picking/pdf/spring-a-2026/midvale/paddles/saturday-paddles.pdf#page=7,https://www4.septa.org/picking/pdf/spring-a-2026/midvale/paddles/saturday-paddles#page=7.pdf,https://www4.septa.org/picking/pdf/spring-a-2026/midvale/trip-sheets/saturday-trip-sheets.pdf
MidvaleSaturday5,5,Midvale,1 of 2,9,Saturday,https://www4.septa.org/picking/pdf/spring-a-2026/midvale/paddles/saturday-paddles.pdf#page=9,https://www4.septa.org/picking/pdf/spring-a-2026/midvale/paddles/saturday-paddles#page=9.pdf,https://www4.septa.org/picking/pdf/spring-a-2026/midvale/trip-sheets/saturday-trip-sheets.pdf
MidvaleSaturday6,6,Midvale,1 of 2,11,Saturday,https://www4.septa.org/picking/pdf/spring-a-2026/midvale/paddles/saturday-paddles.pdf#page=11,https://www4.septa.org/picking/pdf/spring-a-2026/midvale/paddles/saturday-paddles#page=11.pdf,https://www4.septa.org/picking/pdf/spring-a-2026/midvale/trip-sheets/saturday-trip-sheets.pdf
MidvaleSaturday7,7,Midvale,1 of 2,13,Saturday,https://www4.septa.org/picking/pdf/spring-a-2026/midvale/paddles/saturday-paddles.pdf#page=13,https://www4.septa.org/picking/pdf/spring-a-2026/midvale/paddles/saturday-paddles#page=13.pdf,https://www4.septa.org/picking/pdf/spring-a-2026/midvale/trip-sheets/saturday-trip-sheets.pdf
MidvaleSaturday8,8,Midvale,1 of 2,15,Saturday,https://www4.septa.org/picking/pdf/spring-a-2026/midvale/paddles/saturday-paddles.pdf#page=15,https://www4.septa.org/picking/pdf/spring-a-2026/midvale/paddles/saturday-paddles#page=15.pdf,https://www4.septa.org/picking/pdf/spring-a-2026/midvale/trip-sheets/saturday-trip-sheets.pdf
MidvaleSaturday9,9,Midvale,1 of 2,17,Saturday,https://www4.septa.org/picking/pdf/spring-a-2026/midvale/paddles/saturday-paddles.pdf#page=17,https://www4.septa.org/picking/pdf/spring-a-2026/midvale/paddles/saturday-paddles#page=17.pdf,https://www4.septa.org/picking/pdf/spring-a-2026/midvale/trip-sheets/saturday-trip-sheets.pdf
MidvaleSaturday10,10,Midvale,1 of 2,19,Saturday,https://www4.septa.org/picking/pdf/spring-a-2026/midvale/paddles/saturday-paddles.pdf#page=19,https://www4.septa.org/picking/pdf/spring-a-2026/midvale/paddles/saturday-paddles#page=19.pdf,https://www4.septa.org/picking/pdf/spring-a-2026/midvale/trip-sheets/saturday-trip-sheets.pdf
MidvaleSaturday11,11,Midvale,1 of 2,21,Saturday,https://www4.septa.org/picking/pdf/spring-a-2026/midvale/paddles/saturday-paddles.pdf#page=21,https://www4.septa.org/picking/pdf/spring-a-2026/midvale/paddles/saturday-paddles#page=21.pdf,https://www4.septa.org/picking/pdf/spring-a-2026/midvale/trip-sheets/saturday-trip-sheets.pdf
MidvaleSaturday12,12,Midvale,1 of 1,23,Saturday,https://www4.septa.org/picking/pdf/spring-a-2026/midvale/paddles/saturday-paddles.pdf#page=23,https://www4.septa.org/picking/pdf/spring-a-2026/midvale/paddles/saturday-paddles#page=23.pdf,https://www4.septa.org/picking/pdf/spring-a-2026/midvale/trip-sheets/saturday-trip-sheets.pdf
MidvaleSaturday13,13,Midvale,1 of 2,24,Saturday,https://www4.septa.org/picking/pdf/spring-a-2026/midvale/paddles/saturday-paddles.pdf#page=24,https://www4.septa.org/picking/pdf/spring-a-2026/midvale/paddles/saturday-paddles#page=24.pdf,https://www4.septa.org/picking/pdf/spring-a-2026/midvale/trip-sheets/saturday-trip-sheets.pdf
MidvaleSaturday14,14,Midvale,1 of 1,26,Saturday,https://www4.septa.org/picking/pdf/spring-a-2026/midvale/paddles/saturday-paddles.pdf#page=26,https://www4.septa.org/picking/pdf/spring-a-2026/midvale/paddles/saturday-paddles#page=26.pdf,https://www4.septa.org/picking/pdf/spring-a-2026/midvale/trip-sheets/saturday-trip-sheets.pdf
MidvaleSaturday15,15,Midvale,1 of 1,27,Saturday,https://www4.septa.org/picking/pdf/spring-a-2026/midvale/paddles/saturday-paddles.pdf#page=27,https://www4.septa.org/picking/pdf/spring-a-2026/midvale/paddles/saturday-paddles#page=27.pdf,https://www4.septa.org/picking/pdf/spring-a-2026/midvale/trip-sheets/saturday-trip-sheets.pdf
MidvaleSaturday16,16,Midvale,1 of 2,28,Saturday,https://www4.septa.org/picking/pdf/spring-a-2026/midvale/paddles/saturday-paddles.pdf#page=28,https://www4.septa.org/picking/pdf/spring-a-2026/midvale/paddles/saturday-paddles#page=28.pdf,https://www4.septa.org/picking/pdf/spring-a-2026/midvale/trip-sheets/saturday-trip-sheets.pdf
MidvaleSaturday17,17,Midvale,1 of 2,30,Saturday,https://www4.septa.org/picking/pdf/spring-a-2026/midvale/paddles/saturday-paddles.pdf#page=30,https://www4.septa.org/picking/pdf/spring-a-2026/midvale/paddles/saturday-paddles#page=30.pdf,https://www4.septa.org/picking/pdf/spring-a-2026/midvale/trip-sheets/saturday-trip-sheets.pdf
MidvaleSaturday18,18,Midvale,1 of 2,32,Saturday,https://www4.septa.org/picking/pdf/spring-a-2026/midvale/paddles/saturday-paddles.pdf#page=32,https://www4.septa.org/picking/pdf/spring-a-2026/midvale/paddles/saturday-paddles#page=32.pdf,https://www4.septa.org/picking/pdf/spring-a-2026/midvale/trip-sheets/saturday-trip-sheets.pdf
MidvaleSaturday19,19,Midvale,1 of 2,34,Saturday,https://www4.septa.org/picking/pdf/spring-a-2026/midvale/paddles/saturday-paddles.pdf#page=34,https://www4.septa.org/picking/pdf/spring-a-2026/midvale/paddles/saturday-paddles#page=34.pdf,https://www4.septa.org/picking/pdf/spring-a-2026/midvale/trip-sheets/saturday-trip-sheets.pdf
MidvaleSaturday20,20,Midvale,1 of 2,36,Saturday,https://www4.septa.org/picking/pdf/spring-a-2026/midvale/paddles/saturday-paddles.pdf#page=36,https://www4.septa.org/picking/pdf/spring-a-2026/midvale/paddles/saturday-paddles#page=36.pdf,https://www4.septa.org/picking/pdf/spring-a-2026/midvale/trip-sheets/saturday-trip-sheets.pdf
MidvaleSaturday21,21,Midvale,1 of 2,38,Saturday,https://www4.septa.org/picking/pdf/spring-a-2026/midvale/paddles/saturday-paddles.pdf#page=38,https://www4.septa.org/picking/pdf/spring-a-2026/midvale/paddles/saturday-paddles#page=38.pdf,https://www4.septa.org/picking/pdf/spring-a-2026/midvale/trip-sheets/saturday-trip-sheets.pdf
MidvaleSaturday22,22,Midvale,1 of 2,40,Saturday,https://www4.septa.org/picking/pdf/spring-a-2026/midvale/paddles/saturday-paddles.pdf#page=40,https://www4.septa.org/picking/pdf/spring-a-2026/midvale/paddles/saturday-paddles#page=40.pdf,https://www4.septa.org/picking/pdf/spring-a-2026/midvale/trip-sheets/saturday-trip-sheets.pdf
MidvaleSaturday23,23,Midvale,1 of 2,42,Saturday,https://www4.septa.org/picking/pdf/spring-a-2026/midvale/paddles/saturday-paddles.pdf#page=42,https://www4.septa.org/picking/pdf/spring-a-2026/midvale/paddles/saturday-paddles#page=42.pdf,https://www4.septa.org/picking/pdf/spring-a-2026/midvale/trip-sheets/saturday-trip-sheets.pdf
MidvaleSaturday61,61,Midvale,1 of 2,44,Saturday,https://www4.septa.org/picking/pdf/spring-a-2026/midvale/paddles/saturday-paddles.pdf#page=44,https://www4.septa.org/picking/pdf/spring-a-2026/midvale/paddles/saturday-paddles#page=44.pdf,https://www4.septa.org/picking/pdf/spring-a-2026/midvale/trip-sheets/saturday-trip-sheets.pdf
MidvaleSaturday62,62,Midvale,1 of 2,46,Saturday,https://www4.septa.org/picking/pdf/spring-a-2026/midvale/paddles/saturday-paddles.pdf#page=46,https://www4.septa.org/picking/pdf/spring-a-2026/midvale/paddles/saturday-paddles#page=46.pdf,https://www4.septa.org/picking/pdf/spring-a-2026/midvale/trip-sheets/saturday-trip-sheets.pdf
MidvaleSaturday63,63,Midvale,1 of 2,48,Saturday,https://www4.septa.org/picking/pdf/spring-a-2026/midvale/paddles/saturday-paddles.pdf#page=48,https://www4.septa.org/picking/pdf/spring-a-2026/midvale/paddles/saturday-paddles#page=48.pdf,https://www4.septa.org/picking/pdf/spring-a-2026/midvale/trip-sheets/saturday-trip-sheets.pdf
MidvaleSaturday64,64,Midvale,1 of 2,50,Saturday,https://www4.septa.org/picking/pdf/spring-a-2026/midvale/paddles/saturday-paddles.pdf#page=50,https://www4.septa.org/picking/pdf/spring-a-2026/midvale/paddles/saturday-paddles#page=50.pdf,https://www4.septa.org/picking/pdf/spring-a-2026/midvale/trip-sheets/saturday-trip-sheets.pdf
MidvaleSaturday65,65,Midvale,1 of 2,52,Saturday,https://www4.septa.org/picking/pdf/spring-a-2026/midvale/paddles/saturday-paddles.pdf#page=52,https://www4.septa.org/picking/pdf/spring-a-2026/midvale/paddles/saturday-paddles#page=52.pdf,https://www4.septa.org/picking/pdf/spring-a-2026/midvale/trip-sheets/saturday-trip-sheets.pdf
MidvaleSaturday66,66,Midvale,1 of 2,54,Saturday,https://www4.septa.org/picking/pdf/spring-a-2026/midvale/paddles/saturday-paddles.pdf#page=54,https://www4.septa.org/picking/pdf/spring-a-2026/midvale/paddles/saturday-paddles#page=54.pdf,https://www4.septa.org/picking/pdf/spring-a-2026/midvale/trip-sheets/saturday-trip-sheets.pdf
MidvaleSaturday67,67,Midvale,1 of 2,56,Saturday,https://www4.septa.org/picking/pdf/spring-a-2026/midvale/paddles/saturday-paddles.pdf#page=56,https://www4.septa.org/picking/pdf/spring-a-2026/midvale/paddles/saturday-paddles#page=56.pdf,https://www4.septa.org/picking/pdf/spring-a-2026/midvale/trip-sheets/saturday-trip-sheets.pdf
MidvaleSaturday68,68,Midvale,1 of 2,58,Saturday,https://www4.septa.org/picking/pdf/spring-a-2026/midvale/paddles/saturday-paddles.pdf#page=58,https://www4.septa.org/picking/pdf/spring-a-2026/midvale/paddles/saturday-paddles#page=58.pdf,https://www4.septa.org/picking/pdf/spring-a-2026/midvale/trip-sheets/saturday-trip-sheets.pdf
MidvaleSaturday69,69,Midvale,1 of 2,60,Saturday,https://www4.septa.org/picking/pdf/spring-a-2026/midvale/paddles/saturday-paddles.pdf#page=60,https://www4.septa.org/picking/pdf/spring-a-2026/midvale/paddles/saturday-paddles#page=60.pdf,https://www4.septa.org/picking/pdf/spring-a-2026/midvale/trip-sheets/saturday-trip-sheets.pdf
MidvaleSaturday70,70,Midvale,1 of 2,62,Saturday,https://www4.septa.org/picking/pdf/spring-a-2026/midvale/paddles/saturday-paddles.pdf#page=62,https://www4.septa.org/picking/pdf/spring-a-2026/midvale/paddles/saturday-paddles#page=62.pdf,https://www4.septa.org/picking/pdf/spring-a-2026/midvale/trip-sheets/saturday-trip-sheets.pdf
MidvaleSaturday71,71,Midvale,1 of 2,64,Saturday,https://www4.septa.org/picking/pdf/spring-a-2026/midvale/paddles/saturday-paddles.pdf#page=64,https://www4.septa.org/picking/pdf/spring-a-2026/midvale/paddles/saturday-paddles#page=64.pdf,https://www4.septa.org/picking/pdf/spring-a-2026/midvale/trip-sheets/saturday-trip-sheets.pdf
MidvaleSaturday101,101,Midvale,1 of 1,66,Saturday,https://www4.septa.org/picking/pdf/spring-a-2026/midvale/paddles/saturday-paddles.pdf#page=66,https://www4.septa.org/picking/pdf/spring-a-2026/midvale/paddles/saturday-paddles#page=66.pdf,https://www4.septa.org/picking/pdf/spring-a-2026/midvale/trip-sheets/saturday-trip-sheets.pdf
MidvaleSaturday102,102,Midvale,1 of 2,67,Saturday,https://www4.septa.org/picking/pdf/spring-a-2026/midvale/paddles/saturday-paddles.pdf#page=67,https://www4.septa.org/picking/pdf/spring-a-2026/midvale/paddles/saturday-paddles#page=67.pdf,https://www4.septa.org/picking/pdf/spring-a-2026/midvale/trip-sheets/saturday-trip-sheets.pdf
MidvaleSaturday103,103,Midvale,1 of 2,69,Saturday,https://www4.septa.org/picking/pdf/spring-a-2026/midvale/paddles/saturday-paddles.pdf#page=69,https://www4.septa.org/picking/pdf/spring-a-2026/midvale/paddles/saturday-paddles#page=69.pdf,https://www4.septa.org/picking/pdf/spring-a-2026/midvale/trip-sheets/saturday-trip-sheets.pdf
MidvaleSaturday104,104,Midvale,1 of 1,71,Saturday,https://www4.septa.org/picking/pdf/spring-a-2026/midvale/paddles/saturday-paddles.pdf#page=71,https://www4.septa.org/picking/pdf/spring-a-2026/midvale/paddles/saturday-paddles#page=71.pdf,https://www4.septa.org/picking/pdf/spring-a-2026/midvale/trip-sheets/saturday-trip-sheets.pdf
MidvaleSaturday105,105,Midvale,1 of 2,72,Saturday,https://www4.septa.org/picking/pdf/spring-a-2026/midvale/paddles/saturday-paddles.pdf#page=72,https://www4.septa.org/picking/pdf/spring-a-2026/midvale/paddles/saturday-paddles#page=72.pdf,https://www4.septa.org/picking/pdf/spring-a-2026/midvale/trip-sheets/saturday-trip-sheets.pdf
MidvaleSaturday201,201,Midvale,1 of 2,74,Saturday,https://www4.septa.org/picking/pdf/spring-a-2026/midvale/paddles/saturday-paddles.pdf#page=74,https://www4.septa.org/picking/pdf/spring-a-2026/midvale/paddles/saturday-paddles#page=74.pdf,https://www4.septa.org/picking/pdf/spring-a-2026/midvale/trip-sheets/saturday-trip-sheets.pdf
MidvaleSaturday202,202,Midvale,1 of 2,76,Saturday,https://www4.septa.org/picking/pdf/spring-a-2026/midvale/paddles/saturday-paddles.pdf#page=76,https://www4.septa.org/picking/pdf/spring-a-2026/midvale/paddles/saturday-paddles#page=76.pdf,https://www4.septa.org/picking/pdf/spring-a-2026/midvale/trip-sheets/saturday-trip-sheets.pdf
MidvaleSaturday203,203,Midvale,1 of 2,78,Saturday,https://www4.septa.org/picking/pdf/spring-a-2026/midvale/paddles/saturday-paddles.pdf#page=78,https://www4.septa.org/picking/pdf/spring-a-2026/midvale/paddles/saturday-paddles#page=78.pdf,https://www4.septa.org/picking/pdf/spring-a-2026/midvale/trip-sheets/saturday-trip-sheets.pdf
MidvaleSaturday204,204,Midvale,1 of 2,80,Saturday,https://www4.septa.org/picking/pdf/spring-a-2026/midvale/paddles/saturday-paddles.pdf#page=80,https://www4.septa.org/picking/pdf/spring-a-2026/midvale/paddles/saturday-paddles#page=80.pdf,https://www4.septa.org/picking/pdf/spring-a-2026/midvale/trip-sheets/saturday-trip-sheets.pdf
MidvaleSaturday205,205,Midvale,1 of 2,82,Saturday,https://www4.septa.org/picking/pdf/spring-a-2026/midvale/paddles/saturday-paddles.pdf#page=82,https://www4.septa.org/picking/pdf/spring-a-2026/midvale/paddles/saturday-paddles#page=82.pdf,https://www4.septa.org/picking/pdf/spring-a-2026/midvale/trip-sheets/saturday-trip-sheets.pdf
MidvaleSaturday206,206,Midvale,1 of 2,84,Saturday,https://www4.septa.org/picking/pdf/spring-a-2026/midvale/paddles/saturday-paddles.pdf#page=84,https://www4.septa.org/picking/pdf/spring-a-2026/midvale/paddles/saturday-paddles#page=84.pdf,https://www4.septa.org/picking/pdf/spring-a-2026/midvale/trip-sheets/saturday-trip-sheets.pdf
MidvaleSaturday207,207,Midvale,1 of 2,86,Saturday,https://www4.septa.org/picking/pdf/spring-a-2026/midvale/paddles/saturday-paddles.pdf#page=86,https://www4.septa.org/picking/pdf/spring-a-2026/midvale/paddles/saturday-paddles#page=86.pdf,https://www4.septa.org/picking/pdf/spring-a-2026/midvale/trip-sheets/saturday-trip-sheets.pdf
MidvaleSaturday208,208,Midvale,1 of 2,88,Saturday,https://www4.septa.org/picking/pdf/spring-a-2026/midvale/paddles/saturday-paddles.pdf#page=88,https://www4.septa.org/picking/pdf/spring-a-2026/midvale/paddles/saturday-paddles#page=88.pdf,https://www4.septa.org/picking/pdf/spring-a-2026/midvale/trip-sheets/saturday-trip-sheets.pdf
MidvaleSaturday209,209,Midvale,1 of 2,90,Saturday,https://www4.septa.org/picking/pdf/spring-a-2026/midvale/paddles/saturday-paddles.pdf#page=90,https://www4.septa.org/picking/pdf/spring-a-2026/midvale/paddles/saturday-paddles#page=90.pdf,https://www4.septa.org/picking/pdf/spring-a-2026/midvale/trip-sheets/saturday-trip-sheets.pdf
MidvaleSaturday251,251,Midvale,1 of 2,92,Saturday,https://www4.septa.org/picking/pdf/spring-a-2026/midvale/paddles/saturday-paddles.pdf#page=92,https://www4.septa.org/picking/pdf/spring-a-2026/midvale/paddles/saturday-paddles#page=92.pdf,https://www4.septa.org/picking/pdf/spring-a-2026/midvale/trip-sheets/saturday-trip-sheets.pdf
MidvaleSaturday252,252,Midvale,1 of 2,94,Saturday,https://www4.septa.org/picking/pdf/spring-a-2026/midvale/paddles/saturday-paddles.pdf#page=94,https://www4.septa.org/picking/pdf/spring-a-2026/midvale/paddles/saturday-paddles#page=94.pdf,https://www4.septa.org/picking/pdf/spring-a-2026/midvale/trip-sheets/saturday-trip-sheets.pdf
MidvaleSaturday253,253,Midvale,1 of 2,96,Saturday,https://www4.septa.org/picking/pdf/spring-a-2026/midvale/paddles/saturday-paddles.pdf#page=96,https://www4.septa.org/picking/pdf/spring-a-2026/midvale/paddles/saturday-paddles#page=96.pdf,https://www4.septa.org/picking/pdf/spring-a-2026/midvale/trip-sheets/saturday-trip-sheets.pdf
MidvaleSaturday254,254,Midvale,1 of 2,98,Saturday,https://www4.septa.org/picking/pdf/spring-a-2026/midvale/paddles/saturday-paddles.pdf#page=98,https://www4.septa.org/picking/pdf/spring-a-2026/midvale/paddles/saturday-paddles#page=98.pdf,https://www4.septa.org/picking/pdf/spring-a-2026/midvale/trip-sheets/saturday-trip-sheets.pdf
MidvaleSaturday255,255,Midvale,1 of 2,100,Saturday,https://www4.septa.org/picking/pdf/spring-a-2026/midvale/paddles/saturday-paddles.pdf#page=100,https://www4.septa.org/picking/pdf/spring-a-2026/midvale/paddles/saturday-paddles#page=100.pdf,https://www4.septa.org/picking/pdf/spring-a-2026/midvale/trip-sheets/saturday-trip-sheets.pdf
MidvaleSaturday256,256,Midvale,1 of 2,102,Saturday,https://www4.septa.org/picking/pdf/spring-a-2026/midvale/paddles/saturday-paddles.pdf#page=102,https://www4.septa.org/picking/pdf/spring-a-2026/midvale/paddles/saturday-paddles#page=102.pdf,https://www4.septa.org/picking/pdf/spring-a-2026/midvale/trip-sheets/saturday-trip-sheets.pdf
MidvaleSaturday257,257,Midvale,1 of 2,104,Saturday,https://www4.septa.org/picking/pdf/spring-a-2026/midvale/paddles/saturday-paddles.pdf#page=104,https://www4.septa.org/picking/pdf/spring-a-2026/midvale/paddles/saturday-paddles#page=104.pdf,https://www4.septa.org/picking/pdf/spring-a-2026/midvale/trip-sheets/saturday-trip-sheets.pdf
MidvaleSaturday258,258,Midvale,1 of 2,106,Saturday,https://www4.septa.org/picking/pdf/spring-a-2026/midvale/paddles/saturday-paddles.pdf#page=106,https://www4.septa.org/picking/pdf/spring-a-2026/midvale/paddles/saturday-paddles#page=106.pdf,https://www4.septa.org/picking/pdf/spring-a-2026/midvale/trip-sheets/saturday-trip-sheets.pdf
MidvaleSaturday259,259,Midvale,1 of 3,108,Saturday,https://www4.septa.org/picking/pdf/spring-a-2026/midvale/paddles/saturday-paddles.pdf#page=108,https://www4.septa.org/picking/pdf/spring-a-2026/midvale/paddles/saturday-paddles#page=108.pdf,https://www4.septa.org/picking/pdf/spring-a-2026/midvale/trip-sheets/saturday-trip-sheets.pdf
MidvaleSaturday301,301,Midvale,1 of 2,111,Saturday,https://www4.septa.org/picking/pdf/spring-a-2026/midvale/paddles/saturday-paddles.pdf#page=111,https://www4.septa.org/picking/pdf/spring-a-2026/midvale/paddles/saturday-paddles#page=111.pdf,https://www4.septa.org/picking/pdf/spring-a-2026/midvale/trip-sheets/saturday-trip-sheets.pdf
MidvaleSaturday302,302,Midvale,1 of 2,113,Saturday,https://www4.septa.org/picking/pdf/spring-a-2026/midvale/paddles/saturday-paddles.pdf#page=113,https://www4.septa.org/picking/pdf/spring-a-2026/midvale/paddles/saturday-paddles#page=113.pdf,https://www4.septa.org/picking/pdf/spring-a-2026/midvale/trip-sheets/saturday-trip-sheets.pdf
MidvaleSaturday303,303,Midvale,1 of 2,115,Saturday,https://www4.septa.org/picking/pdf/spring-a-2026/midvale/paddles/saturday-paddles.pdf#page=115,https://www4.septa.org/picking/pdf/spring-a-2026/midvale/paddles/saturday-paddles#page=115.pdf,https://www4.septa.org/picking/pdf/spring-a-2026/midvale/trip-sheets/saturday-trip-sheets.pdf
MidvaleSaturday304,304,Midvale,1 of 2,117,Saturday,https://www4.septa.org/picking/pdf/spring-a-2026/midvale/paddles/saturday-paddles.pdf#page=117,https://www4.septa.org/picking/pdf/spring-a-2026/midvale/paddles/saturday-paddles#page=117.pdf,https://www4.septa.org/picking/pdf/spring-a-2026/midvale/trip-sheets/saturday-trip-sheets.pdf
MidvaleSaturday305,305,Midvale,1 of 2,119,Saturday,https://www4.septa.org/picking/pdf/spring-a-2026/midvale/paddles/saturday-paddles.pdf#page=119,https://www4.septa.org/picking/pdf/spring-a-2026/midvale/paddles/saturday-paddles#page=119.pdf,https://www4.septa.org/picking/pdf/spring-a-2026/midvale/trip-sheets/saturday-trip-sheets.pdf
MidvaleSaturday306,306,Midvale,1 of 2,121,Saturday,https://www4.septa.org/picking/pdf/spring-a-2026/midvale/paddles/saturday-paddles.pdf#page=121,https://www4.septa.org/picking/pdf/spring-a-2026/midvale/paddles/saturday-paddles#page=121.pdf,https://www4.septa.org/picking/pdf/spring-a-2026/midvale/trip-sheets/saturday-trip-sheets.pdf
MidvaleSaturday307,307,Midvale,1 of 2,123,Saturday,https://www4.septa.org/picking/pdf/spring-a-2026/midvale/paddles/saturday-paddles.pdf#page=123,https://www4.septa.org/picking/pdf/spring-a-2026/midvale/paddles/saturday-paddles#page=123.pdf,https://www4.septa.org/picking/pdf/spring-a-2026/midvale/trip-sheets/saturday-trip-sheets.pdf
MidvaleSaturday308,308,Midvale,1 of 2,125,Saturday,https://www4.septa.org/picking/pdf/spring-a-2026/midvale/paddles/saturday-paddles.pdf#page=125,https://www4.septa.org/picking/pdf/spring-a-2026/midvale/paddles/saturday-paddles#page=125.pdf,https://www4.septa.org/picking/pdf/spring-a-2026/midvale/trip-sheets/saturday-trip-sheets.pdf
MidvaleSaturday309,309,Midvale,1 of 2,127,Saturday,https://www4.septa.org/picking/pdf/spring-a-2026/midvale/paddles/saturday-paddles.pdf#page=127,https://www4.septa.org/picking/pdf/spring-a-2026/midvale/paddles/saturday-paddles#page=127.pdf,https://www4.septa.org/picking/pdf/spring-a-2026/midvale/trip-sheets/saturday-trip-sheets.pdf
MidvaleSaturday310,310,Midvale,1 of 2,129,Saturday,https://www4.septa.org/picking/pdf/spring-a-2026/midvale/paddles/saturday-paddles.pdf#page=129,https://www4.septa.org/picking/pdf/spring-a-2026/midvale/paddles/saturday-paddles#page=129.pdf,https://www4.septa.org/picking/pdf/spring-a-2026/midvale/trip-sheets/saturday-trip-sheets.pdf
MidvaleSaturday311,311,Midvale,1 of 2,131,Saturday,https://www4.septa.org/picking/pdf/spring-a-2026/midvale/paddles/saturday-paddles.pdf#page=131,https://www4.septa.org/picking/pdf/spring-a-2026/midvale/paddles/saturday-paddles#page=131.pdf,https://www4.septa.org/picking/pdf/spring-a-2026/midvale/trip-sheets/saturday-trip-sheets.pdf
MidvaleSaturday312,312,Midvale,1 of 2,133,Saturday,https://www4.septa.org/picking/pdf/spring-a-2026/midvale/paddles/saturday-paddles.pdf#page=133,https://www4.septa.org/picking/pdf/spring-a-2026/midvale/paddles/saturday-paddles#page=133.pdf,https://www4.septa.org/picking/pdf/spring-a-2026/midvale/trip-sheets/saturday-trip-sheets.pdf
MidvaleSaturday313,313,Midvale,1 of 2,135,Saturday,https://www4.septa.org/picking/pdf/spring-a-2026/midvale/paddles/saturday-paddles.pdf#page=135,https://www4.septa.org/picking/pdf/spring-a-2026/midvale/paddles/saturday-paddles#page=135.pdf,https://www4.septa.org/picking/pdf/spring-a-2026/midvale/trip-sheets/saturday-trip-sheets.pdf
MidvaleSaturday314,314,Midvale,1 of 2,137,Saturday,https://www4.septa.org/picking/pdf/spring-a-2026/midvale/paddles/saturday-paddles.pdf#page=137,https://www4.septa.org/picking/pdf/spring-a-2026/midvale/paddles/saturday-paddles#page=137.pdf,https://www4.septa.org/picking/pdf/spring-a-2026/midvale/trip-sheets/saturday-trip-sheets.pdf
MidvaleSaturday315,315,Midvale,1 of 2,139,Saturday,https://www4.septa.org/picking/pdf/spring-a-2026/midvale/paddles/saturday-paddles.pdf#page=139,https://www4.septa.org/picking/pdf/spring-a-2026/midvale/paddles/saturday-paddles#page=139.pdf,https://www4.septa.org/picking/pdf/spring-a-2026/midvale/trip-sheets/saturday-trip-sheets.pdf
MidvaleSaturday351,351,Midvale,1 of 2,141,Saturday,https://www4.septa.org/picking/pdf/spring-a-2026/midvale/paddles/saturday-paddles.pdf#page=141,https://www4.septa.org/picking/pdf/spring-a-2026/midvale/paddles/saturday-paddles#page=141.pdf,https://www4.septa.org/picking/pdf/spring-a-2026/midvale/trip-sheets/saturday-trip-sheets.pdf
MidvaleSaturday352,352,Midvale,1 of 2,143,Saturday,https://www4.septa.org/picking/pdf/spring-a-2026/midvale/paddles/saturday-paddles.pdf#page=143,https://www4.septa.org/picking/pdf/spring-a-2026/midvale/paddles/saturday-paddles#page=143.pdf,https://www4.septa.org/picking/pdf/spring-a-2026/midvale/trip-sheets/saturday-trip-sheets.pdf
MidvaleSaturday353,353,Midvale,1 of 2,145,Saturday,https://www4.septa.org/picking/pdf/spring-a-2026/midvale/paddles/saturday-paddles.pdf#page=145,https://www4.septa.org/picking/pdf/spring-a-2026/midvale/paddles/saturday-paddles#page=145.pdf,https://www4.septa.org/picking/pdf/spring-a-2026/midvale/trip-sheets/saturday-trip-sheets.pdf
MidvaleSaturday354,354,Midvale,1 of 2,147,Saturday,https://www4.septa.org/picking/pdf/spring-a-2026/midvale/paddles/saturday-paddles.pdf#page=147,https://www4.septa.org/picking/pdf/spring-a-2026/midvale/paddles/saturday-paddles#page=147.pdf,https://www4.septa.org/picking/pdf/spring-a-2026/midvale/trip-sheets/saturday-trip-sheets.pdf
MidvaleSaturday355,355,Midvale,1 of 2,149,Saturday,https://www4.septa.org/picking/pdf/spring-a-2026/midvale/paddles/saturday-paddles.pdf#page=149,https://www4.septa.org/picking/pdf/spring-a-2026/midvale/paddles/saturday-paddles#page=149.pdf,https://www4.septa.org/picking/pdf/spring-a-2026/midvale/trip-sheets/saturday-trip-sheets.pdf
MidvaleSaturday356,356,Midvale,1 of 2,151,Saturday,https://www4.septa.org/picking/pdf/spring-a-2026/midvale/paddles/saturday-paddles.pdf#page=151,https://www4.septa.org/picking/pdf/spring-a-2026/midvale/paddles/saturday-paddles#page=151.pdf,https://www4.septa.org/picking/pdf/spring-a-2026/midvale/trip-sheets/saturday-trip-sheets.pdf
MidvaleSaturday401,401,Midvale,1 of 2,153,Saturday,https://www4.septa.org/picking/pdf/spring-a-2026/midvale/paddles/saturday-paddles.pdf#page=153,https://www4.septa.org/picking/pdf/spring-a-2026/midvale/paddles/saturday-paddles#page=153.pdf,https://www4.septa.org/picking/pdf/spring-a-2026/midvale/trip-sheets/saturday-trip-sheets.pdf
MidvaleSaturday402,402,Midvale,1 of 2,155,Saturday,https://www4.septa.org/picking/pdf/spring-a-2026/midvale/paddles/saturday-paddles.pdf#page=155,https://www4.septa.org/picking/pdf/spring-a-2026/midvale/paddles/saturday-paddles#page=155.pdf,https://www4.septa.org/picking/pdf/spring-a-2026/midvale/trip-sheets/saturday-trip-sheets.pdf
MidvaleSaturday403,403,Midvale,1 of 2,157,Saturday,https://www4.septa.org/picking/pdf/spring-a-2026/midvale/paddles/saturday-paddles.pdf#page=157,https://www4.septa.org/picking/pdf/spring-a-2026/midvale/paddles/saturday-paddles#page=157.pdf,https://www4.septa.org/picking/pdf/spring-a-2026/midvale/trip-sheets/saturday-trip-sheets.pdf
MidvaleSaturday404,404,Midvale,1 of 2,159,Saturday,https://www4.septa.org/picking/pdf/spring-a-2026/midvale/paddles/saturday-paddles.pdf#page=159,https://www4.septa.org/picking/pdf/spring-a-2026/midvale/paddles/saturday-paddles#page=159.pdf,https://www4.septa.org/picking/pdf/spring-a-2026/midvale/trip-sheets/saturday-trip-sheets.pdf
MidvaleSaturday405,405,Midvale,1 of 2,161,Saturday,https://www4.septa.org/picking/pdf/spring-a-2026/midvale/paddles/saturday-paddles.pdf#page=161,https://www4.septa.org/picking/pdf/spring-a-2026/midvale/paddles/saturday-paddles#page=161.pdf,https://www4.septa.org/picking/pdf/spring-a-2026/midvale/trip-sheets/saturday-trip-sheets.pdf
MidvaleSaturday406,406,Midvale,1 of 2,163,Saturday,https://www4.septa.org/picking/pdf/spring-a-2026/midvale/paddles/saturday-paddles.pdf#page=163,https://www4.septa.org/picking/pdf/spring-a-2026/midvale/paddles/saturday-paddles#page=163.pdf,https://www4.septa.org/picking/pdf/spring-a-2026/midvale/trip-sheets/saturday-trip-sheets.pdf
MidvaleSaturday407,407,Midvale,1 of 2,165,Saturday,https://www4.septa.org/picking/pdf/spring-a-2026/midvale/paddles/saturday-paddles.pdf#page=165,https://www4.septa.org/picking/pdf/spring-a-2026/midvale/paddles/saturday-paddles#page=165.pdf,https://www4.septa.org/picking/pdf/spring-a-2026/midvale/trip-sheets/saturday-trip-sheets.pdf
MidvaleSaturday408,408,Midvale,1 of 2,167,Saturday,https://www4.septa.org/picking/pdf/spring-a-2026/midvale/paddles/saturday-paddles.pdf#page=167,https://www4.septa.org/picking/pdf/spring-a-2026/midvale/paddles/saturday-paddles#page=167.pdf,https://www4.septa.org/picking/pdf/spring-a-2026/midvale/trip-sheets/saturday-trip-sheets.pdf
MidvaleSaturday409,409,Midvale,1 of 2,169,Saturday,https://www4.septa.org/picking/pdf/spring-a-2026/midvale/paddles/saturday-paddles.pdf#page=169,https://www4.septa.org/picking/pdf/spring-a-2026/midvale/paddles/saturday-paddles#page=169.pdf,https://www4.septa.org/picking/pdf/spring-a-2026/midvale/trip-sheets/saturday-trip-sheets.pdf
MidvaleSaturday410,410,Midvale,1 of 2,171,Saturday,https://www4.septa.org/picking/pdf/spring-a-2026/midvale/paddles/saturday-paddles.pdf#page=171,https://www4.septa.org/picking/pdf/spring-a-2026/midvale/paddles/saturday-paddles#page=171.pdf,https://www4.septa.org/picking/pdf/spring-a-2026/midvale/trip-sheets/saturday-trip-sheets.pdf
MidvaleSaturday411,411,Midvale,1 of 2,173,Saturday,https://www4.septa.org/picking/pdf/spring-a-2026/midvale/paddles/saturday-paddles.pdf#page=173,https://www4.septa.org/picking/pdf/spring-a-2026/midvale/paddles/saturday-paddles#page=173.pdf,https://www4.septa.org/picking/pdf/spring-a-2026/midvale/trip-sheets/saturday-trip-sheets.pdf
MidvaleSaturday451,451,Midvale,1 of 2,175,Saturday,https://www4.septa.org/picking/pdf/spring-a-2026/midvale/paddles/saturday-paddles.pdf#page=175,https://www4.septa.org/picking/pdf/spring-a-2026/midvale/paddles/saturday-paddles#page=175.pdf,https://www4.septa.org/picking/pdf/spring-a-2026/midvale/trip-sheets/saturday-trip-sheets.pdf
MidvaleSaturday452,452,Midvale,1 of 2,177,Saturday,https://www4.septa.org/picking/pdf/spring-a-2026/midvale/paddles/saturday-paddles.pdf#page=177,https://www4.septa.org/picking/pdf/spring-a-2026/midvale/paddles/saturday-paddles#page=177.pdf,https://www4.septa.org/picking/pdf/spring-a-2026/midvale/trip-sheets/saturday-trip-sheets.pdf
MidvaleSaturday453,453,Midvale,1 of 2,179,Saturday,https://www4.septa.org/picking/pdf/spring-a-2026/midvale/paddles/saturday-paddles.pdf#page=179,https://www4.septa.org/picking/pdf/spring-a-2026/midvale/paddles/saturday-paddles#page=179.pdf,https://www4.septa.org/picking/pdf/spring-a-2026/midvale/trip-sheets/saturday-trip-sheets.pdf
MidvaleSaturday454,454,Midvale,1 of 2,181,Saturday,https://www4.septa.org/picking/pdf/spring-a-2026/midvale/paddles/saturday-paddles.pdf#page=181,https://www4.septa.org/picking/pdf/spring-a-2026/midvale/paddles/saturday-paddles#page=181.pdf,https://www4.septa.org/picking/pdf/spring-a-2026/midvale/trip-sheets/saturday-trip-sheets.pdf
MidvaleSaturday465,465,Midvale,1 of 2,183,Saturday,https://www4.septa.org/picking/pdf/spring-a-2026/midvale/paddles/saturday-paddles.pdf#page=183,https://www4.septa.org/picking/pdf/spring-a-2026/midvale/paddles/saturday-paddles#page=183.pdf,https://www4.septa.org/picking/pdf/spring-a-2026/midvale/trip-sheets/saturday-trip-sheets.pdf
MidvaleSaturday466,466,Midvale,1 of 2,185,Saturday,https://www4.septa.org/picking/pdf/spring-a-2026/midvale/paddles/saturday-paddles.pdf#page=185,https://www4.septa.org/picking/pdf/spring-a-2026/midvale/paddles/saturday-paddles#page=185.pdf,https://www4.septa.org/picking/pdf/spring-a-2026/midvale/trip-sheets/saturday-trip-sheets.pdf
MidvaleSaturday467,467,Midvale,1 of 2,187,Saturday,https://www4.septa.org/picking/pdf/spring-a-2026/midvale/paddles/saturday-paddles.pdf#page=187,https://www4.septa.org/picking/pdf/spring-a-2026/midvale/paddles/saturday-paddles#page=187.pdf,https://www4.septa.org/picking/pdf/spring-a-2026/midvale/trip-sheets/saturday-trip-sheets.pdf
MidvaleSaturday468,468,Midvale,1 of 2,189,Saturday,https://www4.septa.org/picking/pdf/spring-a-2026/midvale/paddles/saturday-paddles.pdf#page=189,https://www4.septa.org/picking/pdf/spring-a-2026/midvale/paddles/saturday-paddles#page=189.pdf,https://www4.septa.org/picking/pdf/spring-a-2026/midvale/trip-sheets/saturday-trip-sheets.pdf
MidvaleSaturday469,469,Midvale,1 of 2,191,Saturday,https://www4.septa.org/picking/pdf/spring-a-2026/midvale/paddles/saturday-paddles.pdf#page=191,https://www4.septa.org/picking/pdf/spring-a-2026/midvale/paddles/saturday-paddles#page=191.pdf,https://www4.septa.org/picking/pdf/spring-a-2026/midvale/trip-sheets/saturday-trip-sheets.pdf
MidvaleSaturday470,470,Midvale,1 of 2,193,Saturday,https://www4.septa.org/picking/pdf/spring-a-2026/midvale/paddles/saturday-paddles.pdf#page=193,https://www4.septa.org/picking/pdf/spring-a-2026/midvale/paddles/saturday-paddles#page=193.pdf,https://www4.septa.org/picking/pdf/spring-a-2026/midvale/trip-sheets/saturday-trip-sheets.pdf
MidvaleSaturday501,501,Midvale,1 of 2,195,Saturday,https://www4.septa.org/picking/pdf/spring-a-2026/midvale/paddles/saturday-paddles.pdf#page=195,https://www4.septa.org/picking/pdf/spring-a-2026/midvale/paddles/saturday-paddles#page=195.pdf,https://www4.septa.org/picking/pdf/spring-a-2026/midvale/trip-sheets/saturday-trip-sheets.pdf
MidvaleSaturday502,502,Midvale,1 of 2,197,Saturday,https://www4.septa.org/picking/pdf/spring-a-2026/midvale/paddles/saturday-paddles.pdf#page=197,https://www4.septa.org/picking/pdf/spring-a-2026/midvale/paddles/saturday-paddles#page=197.pdf,https://www4.septa.org/picking/pdf/spring-a-2026/midvale/trip-sheets/saturday-trip-sheets.pdf
MidvaleSaturday503,503,Midvale,1 of 2,199,Saturday,https://www4.septa.org/picking/pdf/spring-a-2026/midvale/paddles/saturday-paddles.pdf#page=199,https://www4.septa.org/picking/pdf/spring-a-2026/midvale/paddles/saturday-paddles#page=199.pdf,https://www4.septa.org/picking/pdf/spring-a-2026/midvale/trip-sheets/saturday-trip-sheets.pdf
MidvaleSaturday504,504,Midvale,1 of 2,201,Saturday,https://www4.septa.org/picking/pdf/spring-a-2026/midvale/paddles/saturday-paddles.pdf#page=201,https://www4.septa.org/picking/pdf/spring-a-2026/midvale/paddles/saturday-paddles#page=201.pdf,https://www4.septa.org/picking/pdf/spring-a-2026/midvale/trip-sheets/saturday-trip-sheets.pdf
MidvaleSaturday505,505,Midvale,1 of 2,203,Saturday,https://www4.septa.org/picking/pdf/spring-a-2026/midvale/paddles/saturday-paddles.pdf#page=203,https://www4.septa.org/picking/pdf/spring-a-2026/midvale/paddles/saturday-paddles#page=203.pdf,https://www4.septa.org/picking/pdf/spring-a-2026/midvale/trip-sheets/saturday-trip-sheets.pdf
MidvaleSaturday506,506,Midvale,1 of 2,205,Saturday,https://www4.septa.org/picking/pdf/spring-a-2026/midvale/paddles/saturday-paddles.pdf#page=205,https://www4.septa.org/picking/pdf/spring-a-2026/midvale/paddles/saturday-paddles#page=205.pdf,https://www4.septa.org/picking/pdf/spring-a-2026/midvale/trip-sheets/saturday-trip-sheets.pdf
MidvaleSaturday507,507,Midvale,1 of 2,207,Saturday,https://www4.septa.org/picking/pdf/spring-a-2026/midvale/paddles/saturday-paddles.pdf#page=207,https://www4.septa.org/picking/pdf/spring-a-2026/midvale/paddles/saturday-paddles#page=207.pdf,https://www4.septa.org/picking/pdf/spring-a-2026/midvale/trip-sheets/saturday-trip-sheets.pdf
MidvaleSaturday508,508,Midvale,1 of 2,209,Saturday,https://www4.septa.org/picking/pdf/spring-a-2026/midvale/paddles/saturday-paddles.pdf#page=209,https://www4.septa.org/picking/pdf/spring-a-2026/midvale/paddles/saturday-paddles#page=209.pdf,https://www4.septa.org/picking/pdf/spring-a-2026/midvale/trip-sheets/saturday-trip-sheets.pdf
MidvaleSaturday509,509,Midvale,1 of 2,211,Saturday,https://www4.septa.org/picking/pdf/spring-a-2026/midvale/paddles/saturday-paddles.pdf#page=211,https://www4.septa.org/picking/pdf/spring-a-2026/midvale/paddles/saturday-paddles#page=211.pdf,https://www4.septa.org/picking/pdf/spring-a-2026/midvale/trip-sheets/saturday-trip-sheets.pdf
MidvaleSaturday510,510,Midvale,1 of 2,213,Saturday,https://www4.septa.org/picking/pdf/spring-a-2026/midvale/paddles/saturday-paddles.pdf#page=213,https://www4.septa.org/picking/pdf/spring-a-2026/midvale/paddles/saturday-paddles#page=213.pdf,https://www4.septa.org/picking/pdf/spring-a-2026/midvale/trip-sheets/saturday-trip-sheets.pdf
MidvaleSaturday511,511,Midvale,1 of 2,215,Saturday,https://www4.septa.org/picking/pdf/spring-a-2026/midvale/paddles/saturday-paddles.pdf#page=215,https://www4.septa.org/picking/pdf/spring-a-2026/midvale/paddles/saturday-paddles#page=215.pdf,https://www4.septa.org/picking/pdf/spring-a-2026/midvale/trip-sheets/saturday-trip-sheets.pdf
MidvaleSaturday512,512,Midvale,1 of 2,217,Saturday,https://www4.septa.org/picking/pdf/spring-a-2026/midvale/paddles/saturday-paddles.pdf#page=217,https://www4.septa.org/picking/pdf/spring-a-2026/midvale/paddles/saturday-paddles#page=217.pdf,https://www4.septa.org/picking/pdf/spring-a-2026/midvale/trip-sheets/saturday-trip-sheets.pdf
MidvaleSaturday513,513,Midvale,1 of 2,219,Saturday,https://www4.septa.org/picking/pdf/spring-a-2026/midvale/paddles/saturday-paddles.pdf#page=219,https://www4.septa.org/picking/pdf/spring-a-2026/midvale/paddles/saturday-paddles#page=219.pdf,https://www4.septa.org/picking/pdf/spring-a-2026/midvale/trip-sheets/saturday-trip-sheets.pdf
MidvaleSaturday514,514,Midvale,1 of 2,221,Saturday,https://www4.septa.org/picking/pdf/spring-a-2026/midvale/paddles/saturday-paddles.pdf#page=221,https://www4.septa.org/picking/pdf/spring-a-2026/midvale/paddles/saturday-paddles#page=221.pdf,https://www4.septa.org/picking/pdf/spring-a-2026/midvale/trip-sheets/saturday-trip-sheets.pdf
MidvaleSaturday515,515,Midvale,1 of 2,223,Saturday,https://www4.septa.org/picking/pdf/spring-a-2026/midvale/paddles/saturday-paddles.pdf#page=223,https://www4.septa.org/picking/pdf/spring-a-2026/midvale/paddles/saturday-paddles#page=223.pdf,https://www4.septa.org/picking/pdf/spring-a-2026/midvale/trip-sheets/saturday-trip-sheets.pdf
MidvaleSaturday516,516,Midvale,1 of 2,225,Saturday,https://www4.septa.org/picking/pdf/spring-a-2026/midvale/paddles/saturday-paddles.pdf#page=225,https://www4.septa.org/picking/pdf/spring-a-2026/midvale/paddles/saturday-paddles#page=225.pdf,https://www4.septa.org/picking/pdf/spring-a-2026/midvale/trip-sheets/saturday-trip-sheets.pdf
MidvaleSaturday517,517,Midvale,1 of 2,227,Saturday,https://www4.septa.org/picking/pdf/spring-a-2026/midvale/paddles/saturday-paddles.pdf#page=227,https://www4.septa.org/picking/pdf/spring-a-2026/midvale/paddles/saturday-paddles#page=227.pdf,https://www4.septa.org/picking/pdf/spring-a-2026/midvale/trip-sheets/saturday-trip-sheets.pdf
MidvaleSaturday518,518,Midvale,1 of 2,229,Saturday,https://www4.septa.org/picking/pdf/spring-a-2026/midvale/paddles/saturday-paddles.pdf#page=229,https://www4.septa.org/picking/pdf/spring-a-2026/midvale/paddles/saturday-paddles#page=229.pdf,https://www4.septa.org/picking/pdf/spring-a-2026/midvale/trip-sheets/saturday-trip-sheets.pdf
MidvaleSaturday519,519,Midvale,1 of 2,231,Saturday,https://www4.septa.org/picking/pdf/spring-a-2026/midvale/paddles/saturday-paddles.pdf#page=231,https://www4.septa.org/picking/pdf/spring-a-2026/midvale/paddles/saturday-paddles#page=231.pdf,https://www4.septa.org/picking/pdf/spring-a-2026/midvale/trip-sheets/saturday-trip-sheets.pdf
MidvaleSaturday520,520,Midvale,1 of 2,233,Saturday,https://www4.septa.org/picking/pdf/spring-a-2026/midvale/paddles/saturday-paddles.pdf#page=233,https://www4.septa.org/picking/pdf/spring-a-2026/midvale/paddles/saturday-paddles#page=233.pdf,https://www4.septa.org/picking/pdf/spring-a-2026/midvale/trip-sheets/saturday-trip-sheets.pdf
MidvaleSaturday521,521,Midvale,1 of 2,235,Saturday,https://www4.septa.org/picking/pdf/spring-a-2026/midvale/paddles/saturday-paddles.pdf#page=235,https://www4.septa.org/picking/pdf/spring-a-2026/midvale/paddles/saturday-paddles#page=235.pdf,https://www4.septa.org/picking/pdf/spring-a-2026/midvale/trip-sheets/saturday-trip-sheets.pdf
MidvaleSaturday522,522,Midvale,1 of 2,237,Saturday,https://www4.septa.org/picking/pdf/spring-a-2026/midvale/paddles/saturday-paddles.pdf#page=237,https://www4.septa.org/picking/pdf/spring-a-2026/midvale/paddles/saturday-paddles#page=237.pdf,https://www4.septa.org/picking/pdf/spring-a-2026/midvale/trip-sheets/saturday-trip-sheets.pdf
MidvaleSaturday551,551,Midvale,1 of 2,239,Saturday,https://www4.septa.org/picking/pdf/spring-a-2026/midvale/paddles/saturday-paddles.pdf#page=239,https://www4.septa.org/picking/pdf/spring-a-2026/midvale/paddles/saturday-paddles#page=239.pdf,https://www4.septa.org/picking/pdf/spring-a-2026/midvale/trip-sheets/saturday-trip-sheets.pdf
MidvaleSaturday552,552,Midvale,1 of 2,241,Saturday,https://www4.septa.org/picking/pdf/spring-a-2026/midvale/paddles/saturday-paddles.pdf#page=241,https://www4.septa.org/picking/pdf/spring-a-2026/midvale/paddles/saturday-paddles#page=241.pdf,https://www4.septa.org/picking/pdf/spring-a-2026/midvale/trip-sheets/saturday-trip-sheets.pdf
MidvaleSaturday553,553,Midvale,1 of 2,243,Saturday,https://www4.septa.org/picking/pdf/spring-a-2026/midvale/paddles/saturday-paddles.pdf#page=243,https://www4.septa.org/picking/pdf/spring-a-2026/midvale/paddles/saturday-paddles#page=243.pdf,https://www4.septa.org/picking/pdf/spring-a-2026/midvale/trip-sheets/saturday-trip-sheets.pdf
MidvaleSaturday554,554,Midvale,1 of 2,245,Saturday,https://www4.septa.org/picking/pdf/spring-a-2026/midvale/paddles/saturday-paddles.pdf#page=245,https://www4.septa.org/picking/pdf/spring-a-2026/midvale/paddles/saturday-paddles#page=245.pdf,https://www4.septa.org/picking/pdf/spring-a-2026/midvale/trip-sheets/saturday-trip-sheets.pdf
MidvaleSaturday555,555,Midvale,1 of 2,247,Saturday,https://www4.septa.org/picking/pdf/spring-a-2026/midvale/paddles/saturday-paddles.pdf#page=247,https://www4.septa.org/picking/pdf/spring-a-2026/midvale/paddles/saturday-paddles#page=247.pdf,https://www4.septa.org/picking/pdf/spring-a-2026/midvale/trip-sheets/saturday-trip-sheets.pdf
MidvaleSaturday556,556,Midvale,1 of 2,249,Saturday,https://www4.septa.org/picking/pdf/spring-a-2026/midvale/paddles/saturday-paddles.pdf#page=249,https://www4.septa.org/picking/pdf/spring-a-2026/midvale/paddles/saturday-paddles#page=249.pdf,https://www4.septa.org/picking/pdf/spring-a-2026/midvale/trip-sheets/saturday-trip-sheets.pdf
MidvaleSaturday557,557,Midvale,1 of 2,251,Saturday,https://www4.septa.org/picking/pdf/spring-a-2026/midvale/paddles/saturday-paddles.pdf#page=251,https://www4.septa.org/picking/pdf/spring-a-2026/midvale/paddles/saturday-paddles#page=251.pdf,https://www4.septa.org/picking/pdf/spring-a-2026/midvale/trip-sheets/saturday-trip-sheets.pdf
MidvaleSaturday558,558,Midvale,1 of 2,253,Saturday,https://www4.septa.org/picking/pdf/spring-a-2026/midvale/paddles/saturday-paddles.pdf#page=253,https://www4.septa.org/picking/pdf/spring-a-2026/midvale/paddles/saturday-paddles#page=253.pdf,https://www4.septa.org/picking/pdf/spring-a-2026/midvale/trip-sheets/saturday-trip-sheets.pdf
MidvaleSaturday559,559,Midvale,1 of 2,255,Saturday,https://www4.septa.org/picking/pdf/spring-a-2026/midvale/paddles/saturday-paddles.pdf#page=255,https://www4.septa.org/picking/pdf/spring-a-2026/midvale/paddles/saturday-paddles#page=255.pdf,https://www4.septa.org/picking/pdf/spring-a-2026/midvale/trip-sheets/saturday-trip-sheets.pdf
MidvaleSaturday560,560,Midvale,1 of 2,257,Saturday,https://www4.septa.org/picking/pdf/spring-a-2026/midvale/paddles/saturday-paddles.pdf#page=257,https://www4.septa.org/picking/pdf/spring-a-2026/midvale/paddles/saturday-paddles#page=257.pdf,https://www4.septa.org/picking/pdf/spring-a-2026/midvale/trip-sheets/saturday-trip-sheets.pdf
MidvaleSaturday561,561,Midvale,1 of 2,259,Saturday,https://www4.septa.org/picking/pdf/spring-a-2026/midvale/paddles/saturday-paddles.pdf#page=259,https://www4.septa.org/picking/pdf/spring-a-2026/midvale/paddles/saturday-paddles#page=259.pdf,https://www4.septa.org/picking/pdf/spring-a-2026/midvale/trip-sheets/saturday-trip-sheets.pdf
MidvaleSaturday562,562,Midvale,1 of 2,261,Saturday,https://www4.septa.org/picking/pdf/spring-a-2026/midvale/paddles/saturday-paddles.pdf#page=261,https://www4.septa.org/picking/pdf/spring-a-2026/midvale/paddles/saturday-paddles#page=261.pdf,https://www4.septa.org/picking/pdf/spring-a-2026/midvale/trip-sheets/saturday-trip-sheets.pdf
MidvaleSaturday563,563,Midvale,1 of 2,263,Saturday,https://www4.septa.org/picking/pdf/spring-a-2026/midvale/paddles/saturday-paddles.pdf#page=263,https://www4.septa.org/picking/pdf/spring-a-2026/midvale/paddles/saturday-paddles#page=263.pdf,https://www4.septa.org/picking/pdf/spring-a-2026/midvale/trip-sheets/saturday-trip-sheets.pdf
MidvaleSaturday564,564,Midvale,1 of 2,265,Saturday,https://www4.septa.org/picking/pdf/spring-a-2026/midvale/paddles/saturday-paddles.pdf#page=265,https://www4.septa.org/picking/pdf/spring-a-2026/midvale/paddles/saturday-paddles#page=265.pdf,https://www4.septa.org/picking/pdf/spring-a-2026/midvale/trip-sheets/saturday-trip-sheets.pdf
MidvaleSaturday565,565,Midvale,1 of 2,267,Saturday,https://www4.septa.org/picking/pdf/spring-a-2026/midvale/paddles/saturday-paddles.pdf#page=267,https://www4.septa.org/picking/pdf/spring-a-2026/midvale/paddles/saturday-paddles#page=267.pdf,https://www4.septa.org/picking/pdf/spring-a-2026/midvale/trip-sheets/saturday-trip-sheets.pdf
MidvaleSaturday566,566,Midvale,1 of 2,269,Saturday,https://www4.septa.org/picking/pdf/spring-a-2026/midvale/paddles/saturday-paddles.pdf#page=269,https://www4.septa.org/picking/pdf/spring-a-2026/midvale/paddles/saturday-paddles#page=269.pdf,https://www4.septa.org/picking/pdf/spring-a-2026/midvale/trip-sheets/saturday-trip-sheets.pdf
MidvaleSaturday567,567,Midvale,1 of 2,271,Saturday,https://www4.septa.org/picking/pdf/spring-a-2026/midvale/paddles/saturday-paddles.pdf#page=271,https://www4.septa.org/picking/pdf/spring-a-2026/midvale/paddles/saturday-paddles#page=271.pdf,https://www4.septa.org/picking/pdf/spring-a-2026/midvale/trip-sheets/saturday-trip-sheets.pdf
MidvaleSaturday568,568,Midvale,1 of 2,273,Saturday,https://www4.septa.org/picking/pdf/spring-a-2026/midvale/paddles/saturday-paddles.pdf#page=273,https://www4.septa.org/picking/pdf/spring-a-2026/midvale/paddles/saturday-paddles#page=273.pdf,https://www4.septa.org/picking/pdf/spring-a-2026/midvale/trip-sheets/saturday-trip-sheets.pdf
MidvaleSaturday569,569,Midvale,1 of 2,275,Saturday,https://www4.septa.org/picking/pdf/spring-a-2026/midvale/paddles/saturday-paddles.pdf#page=275,https://www4.septa.org/picking/pdf/spring-a-2026/midvale/paddles/saturday-paddles#page=275.pdf,https://www4.septa.org/picking/pdf/spring-a-2026/midvale/trip-sheets/saturday-trip-sheets.pdf
MidvaleSaturday601,601,Midvale,1 of 2,277,Saturday,https://www4.septa.org/picking/pdf/spring-a-2026/midvale/paddles/saturday-paddles.pdf#page=277,https://www4.septa.org/picking/pdf/spring-a-2026/midvale/paddles/saturday-paddles#page=277.pdf,https://www4.septa.org/picking/pdf/spring-a-2026/midvale/trip-sheets/saturday-trip-sheets.pdf
MidvaleSaturday602,602,Midvale,1 of 2,279,Saturday,https://www4.septa.org/picking/pdf/spring-a-2026/midvale/paddles/saturday-paddles.pdf#page=279,https://www4.septa.org/picking/pdf/spring-a-2026/midvale/paddles/saturday-paddles#page=279.pdf,https://www4.septa.org/picking/pdf/spring-a-2026/midvale/trip-sheets/saturday-trip-sheets.pdf
MidvaleSaturday603,603,Midvale,1 of 2,281,Saturday,https://www4.septa.org/picking/pdf/spring-a-2026/midvale/paddles/saturday-paddles.pdf#page=281,https://www4.septa.org/picking/pdf/spring-a-2026/midvale/paddles/saturday-paddles#page=281.pdf,https://www4.septa.org/picking/pdf/spring-a-2026/midvale/trip-sheets/saturday-trip-sheets.pdf
MidvaleSaturday604,604,Midvale,1 of 2,283,Saturday,https://www4.septa.org/picking/pdf/spring-a-2026/midvale/paddles/saturday-paddles.pdf#page=283,https://www4.septa.org/picking/pdf/spring-a-2026/midvale/paddles/saturday-paddles#page=283.pdf,https://www4.septa.org/picking/pdf/spring-a-2026/midvale/trip-sheets/saturday-trip-sheets.pdf
MidvaleSaturday605,605,Midvale,1 of 2,285,Saturday,https://www4.septa.org/picking/pdf/spring-a-2026/midvale/paddles/saturday-paddles.pdf#page=285,https://www4.septa.org/picking/pdf/spring-a-2026/midvale/paddles/saturday-paddles#page=285.pdf,https://www4.septa.org/picking/pdf/spring-a-2026/midvale/trip-sheets/saturday-trip-sheets.pdf
MidvaleSaturday606,606,Midvale,1 of 2,287,Saturday,https://www4.septa.org/picking/pdf/spring-a-2026/midvale/paddles/saturday-paddles.pdf#page=287,https://www4.septa.org/picking/pdf/spring-a-2026/midvale/paddles/saturday-paddles#page=287.pdf,https://www4.septa.org/picking/pdf/spring-a-2026/midvale/trip-sheets/saturday-trip-sheets.pdf
MidvaleSaturday607,607,Midvale,1 of 2,289,Saturday,https://www4.septa.org/picking/pdf/spring-a-2026/midvale/paddles/saturday-paddles.pdf#page=289,https://www4.septa.org/picking/pdf/spring-a-2026/midvale/paddles/saturday-paddles#page=289.pdf,https://www4.septa.org/picking/pdf/spring-a-2026/midvale/trip-sheets/saturday-trip-sheets.pdf
MidvaleSaturday608,608,Midvale,1 of 2,291,Saturday,https://www4.septa.org/picking/pdf/spring-a-2026/midvale/paddles/saturday-paddles.pdf#page=291,https://www4.septa.org/picking/pdf/spring-a-2026/midvale/paddles/saturday-paddles#page=291.pdf,https://www4.septa.org/picking/pdf/spring-a-2026/midvale/trip-sheets/saturday-trip-sheets.pdf
MidvaleSaturday609,609,Midvale,1 of 2,293,Saturday,https://www4.septa.org/picking/pdf/spring-a-2026/midvale/paddles/saturday-paddles.pdf#page=293,https://www4.septa.org/picking/pdf/spring-a-2026/midvale/paddles/saturday-paddles#page=293.pdf,https://www4.septa.org/picking/pdf/spring-a-2026/midvale/trip-sheets/saturday-trip-sheets.pdf
MidvaleSaturday610,610,Midvale,1 of 2,295,Saturday,https://www4.septa.org/picking/pdf/spring-a-2026/midvale/paddles/saturday-paddles.pdf#page=295,https://www4.septa.org/picking/pdf/spring-a-2026/midvale/paddles/saturday-paddles#page=295.pdf,https://www4.septa.org/picking/pdf/spring-a-2026/midvale/trip-sheets/saturday-trip-sheets.pdf
MidvaleSaturday651,651,Midvale,1 of 2,297,Saturday,https://www4.septa.org/picking/pdf/spring-a-2026/midvale/paddles/saturday-paddles.pdf#page=297,https://www4.septa.org/picking/pdf/spring-a-2026/midvale/paddles/saturday-paddles#page=297.pdf,https://www4.septa.org/picking/pdf/spring-a-2026/midvale/trip-sheets/saturday-trip-sheets.pdf
MidvaleSaturday652,652,Midvale,1 of 2,299,Saturday,https://www4.septa.org/picking/pdf/spring-a-2026/midvale/paddles/saturday-paddles.pdf#page=299,https://www4.septa.org/picking/pdf/spring-a-2026/midvale/paddles/saturday-paddles#page=299.pdf,https://www4.septa.org/picking/pdf/spring-a-2026/midvale/trip-sheets/saturday-trip-sheets.pdf
MidvaleSaturday653,653,Midvale,1 of 2,301,Saturday,https://www4.septa.org/picking/pdf/spring-a-2026/midvale/paddles/saturday-paddles.pdf#page=301,https://www4.septa.org/picking/pdf/spring-a-2026/midvale/paddles/saturday-paddles#page=301.pdf,https://www4.septa.org/picking/pdf/spring-a-2026/midvale/trip-sheets/saturday-trip-sheets.pdf
MidvaleSaturday654,654,Midvale,1 of 2,303,Saturday,https://www4.septa.org/picking/pdf/spring-a-2026/midvale/paddles/saturday-paddles.pdf#page=303,https://www4.septa.org/picking/pdf/spring-a-2026/midvale/paddles/saturday-paddles#page=303.pdf,https://www4.septa.org/picking/pdf/spring-a-2026/midvale/trip-sheets/saturday-trip-sheets.pdf
MidvaleSaturday671,671,Midvale,1 of 1,305,Saturday,https://www4.septa.org/picking/pdf/spring-a-2026/midvale/paddles/saturday-paddles.pdf#page=305,https://www4.septa.org/picking/pdf/spring-a-2026/midvale/paddles/saturday-paddles#page=305.pdf,https://www4.septa.org/picking/pdf/spring-a-2026/midvale/trip-sheets/saturday-trip-sheets.pdf
MidvaleSaturday672,672,Midvale,1 of 1,306,Saturday,https://www4.septa.org/picking/pdf/spring-a-2026/midvale/paddles/saturday-paddles.pdf#page=306,https://www4.septa.org/picking/pdf/spring-a-2026/midvale/paddles/saturday-paddles#page=306.pdf,https://www4.septa.org/picking/pdf/spring-a-2026/midvale/trip-sheets/saturday-trip-sheets.pdf
MidvaleSaturday673,673,Midvale,1 of 1,307,Saturday,https://www4.septa.org/picking/pdf/spring-a-2026/midvale/paddles/saturday-paddles.pdf#page=307,https://www4.septa.org/picking/pdf/spring-a-2026/midvale/paddles/saturday-paddles#page=307.pdf,https://www4.septa.org/picking/pdf/spring-a-2026/midvale/trip-sheets/saturday-trip-sheets.pdf
MidvaleSaturday674,674,Midvale,1 of 1,308,Saturday,https://www4.septa.org/picking/pdf/spring-a-2026/midvale/paddles/saturday-paddles.pdf#page=308,https://www4.septa.org/picking/pdf/spring-a-2026/midvale/paddles/saturday-paddles#page=308.pdf,https://www4.septa.org/picking/pdf/spring-a-2026/midvale/trip-sheets/saturday-trip-sheets.pdf
MidvaleSaturday701,701,Midvale,1 of 2,309,Saturday,https://www4.septa.org/picking/pdf/spring-a-2026/midvale/paddles/saturday-paddles.pdf#page=309,https://www4.septa.org/picking/pdf/spring-a-2026/midvale/paddles/saturday-paddles#page=309.pdf,https://www4.septa.org/picking/pdf/spring-a-2026/midvale/trip-sheets/saturday-trip-sheets.pdf
MidvaleSaturday702,702,Midvale,1 of 2,311,Saturday,https://www4.septa.org/picking/pdf/spring-a-2026/midvale/paddles/saturday-paddles.pdf#page=311,https://www4.septa.org/picking/pdf/spring-a-2026/midvale/paddles/saturday-paddles#page=311.pdf,https://www4.septa.org/picking/pdf/spring-a-2026/midvale/trip-sheets/saturday-trip-sheets.pdf
MidvaleSaturday703,703,Midvale,1 of 2,313,Saturday,https://www4.septa.org/picking/pdf/spring-a-2026/midvale/paddles/saturday-paddles.pdf#page=313,https://www4.septa.org/picking/pdf/spring-a-2026/midvale/paddles/saturday-paddles#page=313.pdf,https://www4.septa.org/picking/pdf/spring-a-2026/midvale/trip-sheets/saturday-trip-sheets.pdf
MidvaleSaturday704,704,Midvale,1 of 2,315,Saturday,https://www4.septa.org/picking/pdf/spring-a-2026/midvale/paddles/saturday-paddles.pdf#page=315,https://www4.septa.org/picking/pdf/spring-a-2026/midvale/paddles/saturday-paddles#page=315.pdf,https://www4.septa.org/picking/pdf/spring-a-2026/midvale/trip-sheets/saturday-trip-sheets.pdf
MidvaleSaturday705,705,Midvale,1 of 2,317,Saturday,https://www4.septa.org/picking/pdf/spring-a-2026/midvale/paddles/saturday-paddles.pdf#page=317,https://www4.septa.org/picking/pdf/spring-a-2026/midvale/paddles/saturday-paddles#page=317.pdf,https://www4.septa.org/picking/pdf/spring-a-2026/midvale/trip-sheets/saturday-trip-sheets.pdf
MidvaleSaturday706,706,Midvale,1 of 2,319,Saturday,https://www4.septa.org/picking/pdf/spring-a-2026/midvale/paddles/saturday-paddles.pdf#page=319,https://www4.septa.org/picking/pdf/spring-a-2026/midvale/paddles/saturday-paddles#page=319.pdf,https://www4.septa.org/picking/pdf/spring-a-2026/midvale/trip-sheets/saturday-trip-sheets.pdf
MidvaleSaturday707,707,Midvale,1 of 2,321,Saturday,https://www4.septa.org/picking/pdf/spring-a-2026/midvale/paddles/saturday-paddles.pdf#page=321,https://www4.septa.org/picking/pdf/spring-a-2026/midvale/paddles/saturday-paddles#page=321.pdf,https://www4.septa.org/picking/pdf/spring-a-2026/midvale/trip-sheets/saturday-trip-sheets.pdf
MidvaleSaturday708,708,Midvale,1 of 2,323,Saturday,https://www4.septa.org/picking/pdf/spring-a-2026/midvale/paddles/saturday-paddles.pdf#page=323,https://www4.septa.org/picking/pdf/spring-a-2026/midvale/paddles/saturday-paddles#page=323.pdf,https://www4.septa.org/picking/pdf/spring-a-2026/midvale/trip-sheets/saturday-trip-sheets.pdf
MidvaleSaturday709,709,Midvale,1 of 2,325,Saturday,https://www4.septa.org/picking/pdf/spring-a-2026/midvale/paddles/saturday-paddles.pdf#page=325,https://www4.septa.org/picking/pdf/spring-a-2026/midvale/paddles/saturday-paddles#page=325.pdf,https://www4.septa.org/picking/pdf/spring-a-2026/midvale/trip-sheets/saturday-trip-sheets.pdf
MidvaleSaturday710,710,Midvale,1 of 2,327,Saturday,https://www4.septa.org/picking/pdf/spring-a-2026/midvale/paddles/saturday-paddles.pdf#page=327,https://www4.septa.org/picking/pdf/spring-a-2026/midvale/paddles/saturday-paddles#page=327.pdf,https://www4.septa.org/picking/pdf/spring-a-2026/midvale/trip-sheets/saturday-trip-sheets.pdf
MidvaleSaturday711,711,Midvale,1 of 2,329,Saturday,https://www4.septa.org/picking/pdf/spring-a-2026/midvale/paddles/saturday-paddles.pdf#page=329,https://www4.septa.org/picking/pdf/spring-a-2026/midvale/paddles/saturday-paddles#page=329.pdf,https://www4.septa.org/picking/pdf/spring-a-2026/midvale/trip-sheets/saturday-trip-sheets.pdf
MidvaleSaturday712,712,Midvale,1 of 2,331,Saturday,https://www4.septa.org/picking/pdf/spring-a-2026/midvale/paddles/saturday-paddles.pdf#page=331,https://www4.septa.org/picking/pdf/spring-a-2026/midvale/paddles/saturday-paddles#page=331.pdf,https://www4.septa.org/picking/pdf/spring-a-2026/midvale/trip-sheets/saturday-trip-sheets.pdf
MidvaleSaturday713,713,Midvale,1 of 2,333,Saturday,https://www4.septa.org/picking/pdf/spring-a-2026/midvale/paddles/saturday-paddles.pdf#page=333,https://www4.septa.org/picking/pdf/spring-a-2026/midvale/paddles/saturday-paddles#page=333.pdf,https://www4.septa.org/picking/pdf/spring-a-2026/midvale/trip-sheets/saturday-trip-sheets.pdf
MidvaleSaturday741,741,Midvale,1 of 1,335,Saturday,https://www4.septa.org/picking/pdf/spring-a-2026/midvale/paddles/saturday-paddles.pdf#page=335,https://www4.septa.org/picking/pdf/spring-a-2026/midvale/paddles/saturday-paddles#page=335.pdf,https://www4.septa.org/picking/pdf/spring-a-2026/midvale/trip-sheets/saturday-trip-sheets.pdf
MidvaleSaturday742,742,Midvale,1 of 2,336,Saturday,https://www4.septa.org/picking/pdf/spring-a-2026/midvale/paddles/saturday-paddles.pdf#page=336,https://www4.septa.org/picking/pdf/spring-a-2026/midvale/paddles/saturday-paddles#page=336.pdf,https://www4.septa.org/picking/pdf/spring-a-2026/midvale/trip-sheets/saturday-trip-sheets.pdf
MidvaleSaturday751,751,Midvale,1 of 2,338,Saturday,https://www4.septa.org/picking/pdf/spring-a-2026/midvale/paddles/saturday-paddles.pdf#page=338,https://www4.septa.org/picking/pdf/spring-a-2026/midvale/paddles/saturday-paddles#page=338.pdf,https://www4.septa.org/picking/pdf/spring-a-2026/midvale/trip-sheets/saturday-trip-sheets.pdf
MidvaleSaturday752,752,Midvale,1 of 2,340,Saturday,https://www4.septa.org/picking/pdf/spring-a-2026/midvale/paddles/saturday-paddles.pdf#page=340,https://www4.septa.org/picking/pdf/spring-a-2026/midvale/paddles/saturday-paddles#page=340.pdf,https://www4.septa.org/picking/pdf/spring-a-2026/midvale/trip-sheets/saturday-trip-sheets.pdf
MidvaleSaturday753,753,Midvale,1 of 2,342,Saturday,https://www4.septa.org/picking/pdf/spring-a-2026/midvale/paddles/saturday-paddles.pdf#page=342,https://www4.septa.org/picking/pdf/spring-a-2026/midvale/paddles/saturday-paddles#page=342.pdf,https://www4.septa.org/picking/pdf/spring-a-2026/midvale/trip-sheets/saturday-trip-sheets.pdf
MidvaleSaturday754,754,Midvale,1 of 2,344,Saturday,https://www4.septa.org/picking/pdf/spring-a-2026/midvale/paddles/saturday-paddles.pdf#page=344,https://www4.septa.org/picking/pdf/spring-a-2026/midvale/paddles/saturday-paddles#page=344.pdf,https://www4.septa.org/picking/pdf/spring-a-2026/midvale/trip-sheets/saturday-trip-sheets.pdf
MidvaleSaturday755,755,Midvale,1 of 2,346,Saturday,https://www4.septa.org/picking/pdf/spring-a-2026/midvale/paddles/saturday-paddles.pdf#page=346,https://www4.septa.org/picking/pdf/spring-a-2026/midvale/paddles/saturday-paddles#page=346.pdf,https://www4.septa.org/picking/pdf/spring-a-2026/midvale/trip-sheets/saturday-trip-sheets.pdf
MidvaleSaturday756,756,Midvale,1 of 2,348,Saturday,https://www4.septa.org/picking/pdf/spring-a-2026/midvale/paddles/saturday-paddles.pdf#page=348,https://www4.septa.org/picking/pdf/spring-a-2026/midvale/paddles/saturday-paddles#page=348.pdf,https://www4.septa.org/picking/pdf/spring-a-2026/midvale/trip-sheets/saturday-trip-sheets.pdf
MidvaleSaturday757,757,Midvale,1 of 2,350,Saturday,https://www4.septa.org/picking/pdf/spring-a-2026/midvale/paddles/saturday-paddles.pdf#page=350,https://www4.septa.org/picking/pdf/spring-a-2026/midvale/paddles/saturday-paddles#page=350.pdf,https://www4.septa.org/picking/pdf/spring-a-2026/midvale/trip-sheets/saturday-trip-sheets.pdf
MidvaleSaturday758,758,Midvale,1 of 2,352,Saturday,https://www4.septa.org/picking/pdf/spring-a-2026/midvale/paddles/saturday-paddles.pdf#page=352,https://www4.septa.org/picking/pdf/spring-a-2026/midvale/paddles/saturday-paddles#page=352.pdf,https://www4.septa.org/picking/pdf/spring-a-2026/midvale/trip-sheets/saturday-trip-sheets.pdf
MidvaleSaturday901,901,Midvale,1 of 2,354,Saturday,https://www4.septa.org/picking/pdf/spring-a-2026/midvale/paddles/saturday-paddles.pdf#page=354,https://www4.septa.org/picking/pdf/spring-a-2026/midvale/paddles/saturday-paddles#page=354.pdf,https://www4.septa.org/picking/pdf/spring-a-2026/midvale/trip-sheets/saturday-trip-sheets.pdf
MidvaleSaturday902,902,Midvale,1 of 2,356,Saturday,https://www4.septa.org/picking/pdf/spring-a-2026/midvale/paddles/saturday-paddles.pdf#page=356,https://www4.septa.org/picking/pdf/spring-a-2026/midvale/paddles/saturday-paddles#page=356.pdf,https://www4.septa.org/picking/pdf/spring-a-2026/midvale/trip-sheets/saturday-trip-sheets.pdf
MidvaleSaturday903,903,Midvale,1 of 2,358,Saturday,https://www4.septa.org/picking/pdf/spring-a-2026/midvale/paddles/saturday-paddles.pdf#page=358,https://www4.septa.org/picking/pdf/spring-a-2026/midvale/paddles/saturday-paddles#page=358.pdf,https://www4.septa.org/picking/pdf/spring-a-2026/midvale/trip-sheets/saturday-trip-sheets.pdf
MidvaleSaturday904,904,Midvale,1 of 2,360,Saturday,https://www4.septa.org/picking/pdf/spring-a-2026/midvale/paddles/saturday-paddles.pdf#page=360,https://www4.septa.org/picking/pdf/spring-a-2026/midvale/paddles/saturday-paddles#page=360.pdf,https://www4.septa.org/picking/pdf/spring-a-2026/midvale/trip-sheets/saturday-trip-sheets.pdf
MidvaleSaturday905,905,Midvale,1 of 2,362,Saturday,https://www4.septa.org/picking/pdf/spring-a-2026/midvale/paddles/saturday-paddles.pdf#page=362,https://www4.septa.org/picking/pdf/spring-a-2026/midvale/paddles/saturday-paddles#page=362.pdf,https://www4.septa.org/picking/pdf/spring-a-2026/midvale/trip-sheets/saturday-trip-sheets.pdf
MidvaleSaturday906,906,Midvale,1 of 1,364,Saturday,https://www4.septa.org/picking/pdf/spring-a-2026/midvale/paddles/saturday-paddles.pdf#page=364,https://www4.septa.org/picking/pdf/spring-a-2026/midvale/paddles/saturday-paddles#page=364.pdf,https://www4.septa.org/picking/pdf/spring-a-2026/midvale/trip-sheets/saturday-trip-sheets.pdf
MidvaleSaturday907,907,Midvale,1 of 2,365,Saturday,https://www4.septa.org/picking/pdf/spring-a-2026/midvale/paddles/saturday-paddles.pdf#page=365,https://www4.septa.org/picking/pdf/spring-a-2026/midvale/paddles/saturday-paddles#page=365.pdf,https://www4.septa.org/picking/pdf/spring-a-2026/midvale/trip-sheets/saturday-trip-sheets.pdf
MidvaleSaturday908,908,Midvale,1 of 2,367,Saturday,https://www4.septa.org/picking/pdf/spring-a-2026/midvale/paddles/saturday-paddles.pdf#page=367,https://www4.septa.org/picking/pdf/spring-a-2026/midvale/paddles/saturday-paddles#page=367.pdf,https://www4.septa.org/picking/pdf/spring-a-2026/midvale/trip-sheets/saturday-trip-sheets.pdf
MidvaleSaturday951,951,Midvale,1 of 2,369,Saturday,https://www4.septa.org/picking/pdf/spring-a-2026/midvale/paddles/saturday-paddles.pdf#page=369,https://www4.septa.org/picking/pdf/spring-a-2026/midvale/paddles/saturday-paddles#page=369.pdf,https://www4.septa.org/picking/pdf/spring-a-2026/midvale/trip-sheets/saturday-trip-sheets.pdf
MidvaleSaturday952,952,Midvale,1 of 1,371,Saturday,https://www4.septa.org/picking/pdf/spring-a-2026/midvale/paddles/saturday-paddles.pdf#page=371,https://www4.septa.org/picking/pdf/spring-a-2026/midvale/paddles/saturday-paddles#page=371.pdf,https://www4.septa.org/picking/pdf/spring-a-2026/midvale/trip-sheets/saturday-trip-sheets.pdf
MidvaleSaturday953,953,Midvale,1 of 1,372,Saturday,https://www4.septa.org/picking/pdf/spring-a-2026/midvale/paddles/saturday-paddles.pdf#page=372,https://www4.septa.org/picking/pdf/spring-a-2026/midvale/paddles/saturday-paddles#page=372.pdf,https://www4.septa.org/picking/pdf/spring-a-2026/midvale/trip-sheets/saturday-trip-sheets.pdf
MidvaleSaturday954,954,Midvale,1 of 1,373,Saturday,https://www4.septa.org/picking/pdf/spring-a-2026/midvale/paddles/saturday-paddles.pdf#page=373,https://www4.septa.org/picking/pdf/spring-a-2026/midvale/paddles/saturday-paddles#page=373.pdf,https://www4.septa.org/picking/pdf/spring-a-2026/midvale/trip-sheets/saturday-trip-sheets.pdf
MidvaleSaturday955,955,Midvale,1 of 1,374,Saturday,https://www4.septa.org/picking/pdf/spring-a-2026/midvale/paddles/saturday-paddles.pdf#page=374,https://www4.septa.org/picking/pdf/spring-a-2026/midvale/paddles/saturday-paddles#page=374.pdf,https://www4.septa.org/picking/pdf/spring-a-2026/midvale/trip-sheets/saturday-trip-sheets.pdf
MidvaleSaturday956,956,Midvale,1 of 1,375,Saturday,https://www4.septa.org/picking/pdf/spring-a-2026/midvale/paddles/saturday-paddles.pdf#page=375,https://www4.septa.org/picking/pdf/spring-a-2026/midvale/paddles/saturday-paddles#page=375.pdf,https://www4.septa.org/picking/pdf/spring-a-2026/midvale/trip-sheets/saturday-trip-sheets.pdf
MidvaleSaturday957,957,Midvale,1 of 1,376,Saturday,https://www4.septa.org/picking/pdf/spring-a-2026/midvale/paddles/saturday-paddles.pdf#page=376,https://www4.septa.org/picking/pdf/spring-a-2026/midvale/paddles/saturday-paddles#page=376.pdf,https://www4.septa.org/picking/pdf/spring-a-2026/midvale/trip-sheets/saturday-trip-sheets.pdf
MidvaleSaturday958,958,Midvale,1 of 1,377,Saturday,https://www4.septa.org/picking/pdf/spring-a-2026/midvale/paddles/saturday-paddles.pdf#page=377,https://www4.septa.org/picking/pdf/spring-a-2026/midvale/paddles/saturday-paddles#page=377.pdf,https://www4.septa.org/picking/pdf/spring-a-2026/midvale/trip-sheets/saturday-trip-sheets.pdf
MidvaleSaturday959,959,Midvale,1 of 2,378,Saturday,https://www4.septa.org/picking/pdf/spring-a-2026/midvale/paddles/saturday-paddles.pdf#page=378,https://www4.septa.org/picking/pdf/spring-a-2026/midvale/paddles/saturday-paddles#page=378.pdf,https://www4.septa.org/picking/pdf/spring-a-2026/midvale/trip-sheets/saturday-trip-sheets.pdf
MidvaleSaturday960,960,Midvale,1 of 1,380,Saturday,https://www4.septa.org/picking/pdf/spring-a-2026/midvale/paddles/saturday-paddles.pdf#page=380,https://www4.septa.org/picking/pdf/spring-a-2026/midvale/paddles/saturday-paddles#page=380.pdf,https://www4.septa.org/picking/pdf/spring-a-2026/midvale/trip-sheets/saturday-trip-sheets.pdf
MidvaleSaturday961,961,Midvale,1 of 1,381,Saturday,https://www4.septa.org/picking/pdf/spring-a-2026/midvale/paddles/saturday-paddles.pdf#page=381,https://www4.septa.org/picking/pdf/spring-a-2026/midvale/paddles/saturday-paddles#page=381.pdf,https://www4.septa.org/picking/pdf/spring-a-2026/midvale/trip-sheets/saturday-trip-sheets.pdf
MidvaleSaturday962,962,Midvale,1 of 1,382,Saturday,https://www4.septa.org/picking/pdf/spring-a-2026/midvale/paddles/saturday-paddles.pdf#page=382,https://www4.septa.org/picking/pdf/spring-a-2026/midvale/paddles/saturday-paddles#page=382.pdf,https://www4.septa.org/picking/pdf/spring-a-2026/midvale/trip-sheets/saturday-trip-sheets.pdf
MidvaleSaturday963,963,Midvale,1 of 1,383,Saturday,https://www4.septa.org/picking/pdf/spring-a-2026/midvale/paddles/saturday-paddles.pdf#page=383,https://www4.septa.org/picking/pdf/spring-a-2026/midvale/paddles/saturday-paddles#page=383.pdf,https://www4.septa.org/picking/pdf/spring-a-2026/midvale/trip-sheets/saturday-trip-sheets.pdf
MidvaleSaturday964,964,Midvale,1 of 1,384,Saturday,https://www4.septa.org/picking/pdf/spring-a-2026/midvale/paddles/saturday-paddles.pdf#page=384,https://www4.septa.org/picking/pdf/spring-a-2026/midvale/paddles/saturday-paddles#page=384.pdf,https://www4.septa.org/picking/pdf/spring-a-2026/midvale/trip-sheets/saturday-trip-sheets.pdf
MidvaleSaturday965,965,Midvale,1 of 1,385,Saturday,https://www4.septa.org/picking/pdf/spring-a-2026/midvale/paddles/saturday-paddles.pdf#page=385,https://www4.septa.org/picking/pdf/spring-a-2026/midvale/paddles/saturday-paddles#page=385.pdf,https://www4.septa.org/picking/pdf/spring-a-2026/midvale/trip-sheets/saturday-trip-sheets.pdf
MidvaleSaturday966,966,Midvale,1 of 1,386,Saturday,https://www4.septa.org/picking/pdf/spring-a-2026/midvale/paddles/saturday-paddles.pdf#page=386,https://www4.septa.org/picking/pdf/spring-a-2026/midvale/paddles/saturday-paddles#page=386.pdf,https://www4.septa.org/picking/pdf/spring-a-2026/midvale/trip-sheets/saturday-trip-sheets.pdf
MidvaleSaturday967,967,Midvale,1 of 1,387,Saturday,https://www4.septa.org/picking/pdf/spring-a-2026/midvale/paddles/saturday-paddles.pdf#page=387,https://www4.septa.org/picking/pdf/spring-a-2026/midvale/paddles/saturday-paddles#page=387.pdf,https://www4.septa.org/picking/pdf/spring-a-2026/midvale/trip-sheets/saturday-trip-sheets.pdf
MidvaleSaturday968,968,Midvale,1 of 2,388,Saturday,https://www4.septa.org/picking/pdf/spring-a-2026/midvale/paddles/saturday-paddles.pdf#page=388,https://www4.septa.org/picking/pdf/spring-a-2026/midvale/paddles/saturday-paddles#page=388.pdf,https://www4.septa.org/picking/pdf/spring-a-2026/midvale/trip-sheets/saturday-trip-sheets.pdf
MidvaleSaturday969,969,Midvale,1 of 1,390,Saturday,https://www4.septa.org/picking/pdf/spring-a-2026/midvale/paddles/saturday-paddles.pdf#page=390,https://www4.septa.org/picking/pdf/spring-a-2026/midvale/paddles/saturday-paddles#page=390.pdf,https://www4.septa.org/picking/pdf/spring-a-2026/midvale/trip-sheets/saturday-trip-sheets.pdf
MidvaleSaturday970,970,Midvale,1 of 1,391,Saturday,https://www4.septa.org/picking/pdf/spring-a-2026/midvale/paddles/saturday-paddles.pdf#page=391,https://www4.septa.org/picking/pdf/spring-a-2026/midvale/paddles/saturday-paddles#page=391.pdf,https://www4.septa.org/picking/pdf/spring-a-2026/midvale/trip-sheets/saturday-trip-sheets.pdf
MidvaleSaturday971,971,Midvale,1 of 1,392,Saturday,https://www4.septa.org/picking/pdf/spring-a-2026/midvale/paddles/saturday-paddles.pdf#page=392,https://www4.septa.org/picking/pdf/spring-a-2026/midvale/paddles/saturday-paddles#page=392.pdf,https://www4.septa.org/picking/pdf/spring-a-2026/midvale/trip-sheets/saturday-trip-sheets.pdf
MidvaleSaturday972,972,Midvale,1 of 1,393,Saturday,https://www4.septa.org/picking/pdf/spring-a-2026/midvale/paddles/saturday-paddles.pdf#page=393,https://www4.septa.org/picking/pdf/spring-a-2026/midvale/paddles/saturday-paddles#page=393.pdf,https://www4.septa.org/picking/pdf/spring-a-2026/midvale/trip-sheets/saturday-trip-sheets.pdf
MidvaleSaturday973,973,Midvale,1 of 2,394,Saturday,https://www4.septa.org/picking/pdf/spring-a-2026/midvale/paddles/saturday-paddles.pdf#page=394,https://www4.septa.org/picking/pdf/spring-a-2026/midvale/paddles/saturday-paddles#page=394.pdf,https://www4.septa.org/picking/pdf/spring-a-2026/midvale/trip-sheets/saturday-trip-sheets.pdf
MidvaleSunday1,1,Midvale,1 of 2,1,Sunday,https://www4.septa.org/picking/pdf/spring-a-2026/midvale/paddles/sunday-paddles.pdf#page=1,https://www4.septa.org/picking/pdf/spring-a-2026/midvale/paddles/sunday-paddles#page=1.pdf,https://www4.septa.org/picking/pdf/spring-a-2026/midvale/trip-sheets/sunday-trip-sheets.pdf
MidvaleSunday2,2,Midvale,1 of 2,3,Sunday,https://www4.septa.org/picking/pdf/spring-a-2026/midvale/paddles/sunday-paddles.pdf#page=3,https://www4.septa.org/picking/pdf/spring-a-2026/midvale/paddles/sunday-paddles#page=3.pdf,https://www4.septa.org/picking/pdf/spring-a-2026/midvale/trip-sheets/sunday-trip-sheets.pdf
MidvaleSunday3,3,Midvale,1 of 2,5,Sunday,https://www4.septa.org/picking/pdf/spring-a-2026/midvale/paddles/sunday-paddles.pdf#page=5,https://www4.septa.org/picking/pdf/spring-a-2026/midvale/paddles/sunday-paddles#page=5.pdf,https://www4.septa.org/picking/pdf/spring-a-2026/midvale/trip-sheets/sunday-trip-sheets.pdf
MidvaleSunday4,4,Midvale,1 of 2,7,Sunday,https://www4.septa.org/picking/pdf/spring-a-2026/midvale/paddles/sunday-paddles.pdf#page=7,https://www4.septa.org/picking/pdf/spring-a-2026/midvale/paddles/sunday-paddles#page=7.pdf,https://www4.septa.org/picking/pdf/spring-a-2026/midvale/trip-sheets/sunday-trip-sheets.pdf
MidvaleSunday5,5,Midvale,1 of 2,9,Sunday,https://www4.septa.org/picking/pdf/spring-a-2026/midvale/paddles/sunday-paddles.pdf#page=9,https://www4.septa.org/picking/pdf/spring-a-2026/midvale/paddles/sunday-paddles#page=9.pdf,https://www4.septa.org/picking/pdf/spring-a-2026/midvale/trip-sheets/sunday-trip-sheets.pdf
MidvaleSunday6,6,Midvale,1 of 2,11,Sunday,https://www4.septa.org/picking/pdf/spring-a-2026/midvale/paddles/sunday-paddles.pdf#page=11,https://www4.septa.org/picking/pdf/spring-a-2026/midvale/paddles/sunday-paddles#page=11.pdf,https://www4.septa.org/picking/pdf/spring-a-2026/midvale/trip-sheets/sunday-trip-sheets.pdf
MidvaleSunday7,7,Midvale,1 of 2,13,Sunday,https://www4.septa.org/picking/pdf/spring-a-2026/midvale/paddles/sunday-paddles.pdf#page=13,https://www4.septa.org/picking/pdf/spring-a-2026/midvale/paddles/sunday-paddles#page=13.pdf,https://www4.septa.org/picking/pdf/spring-a-2026/midvale/trip-sheets/sunday-trip-sheets.pdf
MidvaleSunday8,8,Midvale,1 of 2,15,Sunday,https://www4.septa.org/picking/pdf/spring-a-2026/midvale/paddles/sunday-paddles.pdf#page=15,https://www4.septa.org/picking/pdf/spring-a-2026/midvale/paddles/sunday-paddles#page=15.pdf,https://www4.septa.org/picking/pdf/spring-a-2026/midvale/trip-sheets/sunday-trip-sheets.pdf
MidvaleSunday9,9,Midvale,1 of 2,17,Sunday,https://www4.septa.org/picking/pdf/spring-a-2026/midvale/paddles/sunday-paddles.pdf#page=17,https://www4.septa.org/picking/pdf/spring-a-2026/midvale/paddles/sunday-paddles#page=17.pdf,https://www4.septa.org/picking/pdf/spring-a-2026/midvale/trip-sheets/sunday-trip-sheets.pdf
MidvaleSunday10,10,Midvale,1 of 2,19,Sunday,https://www4.septa.org/picking/pdf/spring-a-2026/midvale/paddles/sunday-paddles.pdf#page=19,https://www4.septa.org/picking/pdf/spring-a-2026/midvale/paddles/sunday-paddles#page=19.pdf,https://www4.septa.org/picking/pdf/spring-a-2026/midvale/trip-sheets/sunday-trip-sheets.pdf
MidvaleSunday11,11,Midvale,1 of 2,21,Sunday,https://www4.septa.org/picking/pdf/spring-a-2026/midvale/paddles/sunday-paddles.pdf#page=21,https://www4.septa.org/picking/pdf/spring-a-2026/midvale/paddles/sunday-paddles#page=21.pdf,https://www4.septa.org/picking/pdf/spring-a-2026/midvale/trip-sheets/sunday-trip-sheets.pdf
MidvaleSunday12,12,Midvale,1 of 2,23,Sunday,https://www4.septa.org/picking/pdf/spring-a-2026/midvale/paddles/sunday-paddles.pdf#page=23,https://www4.septa.org/picking/pdf/spring-a-2026/midvale/paddles/sunday-paddles#page=23.pdf,https://www4.septa.org/picking/pdf/spring-a-2026/midvale/trip-sheets/sunday-trip-sheets.pdf
MidvaleSunday13,13,Midvale,1 of 2,25,Sunday,https://www4.septa.org/picking/pdf/spring-a-2026/midvale/paddles/sunday-paddles.pdf#page=25,https://www4.septa.org/picking/pdf/spring-a-2026/midvale/paddles/sunday-paddles#page=25.pdf,https://www4.septa.org/picking/pdf/spring-a-2026/midvale/trip-sheets/sunday-trip-sheets.pdf
MidvaleSunday14,14,Midvale,1 of 2,27,Sunday,https://www4.septa.org/picking/pdf/spring-a-2026/midvale/paddles/sunday-paddles.pdf#page=27,https://www4.septa.org/picking/pdf/spring-a-2026/midvale/paddles/sunday-paddles#page=27.pdf,https://www4.septa.org/picking/pdf/spring-a-2026/midvale/trip-sheets/sunday-trip-sheets.pdf
MidvaleSunday15,15,Midvale,1 of 2,29,Sunday,https://www4.septa.org/picking/pdf/spring-a-2026/midvale/paddles/sunday-paddles.pdf#page=29,https://www4.septa.org/picking/pdf/spring-a-2026/midvale/paddles/sunday-paddles#page=29.pdf,https://www4.septa.org/picking/pdf/spring-a-2026/midvale/trip-sheets/sunday-trip-sheets.pdf
MidvaleSunday61,61,Midvale,1 of 2,31,Sunday,https://www4.septa.org/picking/pdf/spring-a-2026/midvale/paddles/sunday-paddles.pdf#page=31,https://www4.septa.org/picking/pdf/spring-a-2026/midvale/paddles/sunday-paddles#page=31.pdf,https://www4.septa.org/picking/pdf/spring-a-2026/midvale/trip-sheets/sunday-trip-sheets.pdf
MidvaleSunday62,62,Midvale,1 of 2,33,Sunday,https://www4.septa.org/picking/pdf/spring-a-2026/midvale/paddles/sunday-paddles.pdf#page=33,https://www4.septa.org/picking/pdf/spring-a-2026/midvale/paddles/sunday-paddles#page=33.pdf,https://www4.septa.org/picking/pdf/spring-a-2026/midvale/trip-sheets/sunday-trip-sheets.pdf
MidvaleSunday63,63,Midvale,1 of 2,35,Sunday,https://www4.septa.org/picking/pdf/spring-a-2026/midvale/paddles/sunday-paddles.pdf#page=35,https://www4.septa.org/picking/pdf/spring-a-2026/midvale/paddles/sunday-paddles#page=35.pdf,https://www4.septa.org/picking/pdf/spring-a-2026/midvale/trip-sheets/sunday-trip-sheets.pdf
MidvaleSunday64,64,Midvale,1 of 2,37,Sunday,https://www4.septa.org/picking/pdf/spring-a-2026/midvale/paddles/sunday-paddles.pdf#page=37,https://www4.septa.org/picking/pdf/spring-a-2026/midvale/paddles/sunday-paddles#page=37.pdf,https://www4.septa.org/picking/pdf/spring-a-2026/midvale/trip-sheets/sunday-trip-sheets.pdf
MidvaleSunday65,65,Midvale,1 of 2,39,Sunday,https://www4.septa.org/picking/pdf/spring-a-2026/midvale/paddles/sunday-paddles.pdf#page=39,https://www4.septa.org/picking/pdf/spring-a-2026/midvale/paddles/sunday-paddles#page=39.pdf,https://www4.septa.org/picking/pdf/spring-a-2026/midvale/trip-sheets/sunday-trip-sheets.pdf
MidvaleSunday66,66,Midvale,1 of 2,41,Sunday,https://www4.septa.org/picking/pdf/spring-a-2026/midvale/paddles/sunday-paddles.pdf#page=41,https://www4.septa.org/picking/pdf/spring-a-2026/midvale/paddles/sunday-paddles#page=41.pdf,https://www4.septa.org/picking/pdf/spring-a-2026/midvale/trip-sheets/sunday-trip-sheets.pdf
MidvaleSunday67,67,Midvale,1 of 2,43,Sunday,https://www4.septa.org/picking/pdf/spring-a-2026/midvale/paddles/sunday-paddles.pdf#page=43,https://www4.septa.org/picking/pdf/spring-a-2026/midvale/paddles/sunday-paddles#page=43.pdf,https://www4.septa.org/picking/pdf/spring-a-2026/midvale/trip-sheets/sunday-trip-sheets.pdf
MidvaleSunday68,68,Midvale,1 of 2,45,Sunday,https://www4.septa.org/picking/pdf/spring-a-2026/midvale/paddles/sunday-paddles.pdf#page=45,https://www4.septa.org/picking/pdf/spring-a-2026/midvale/paddles/sunday-paddles#page=45.pdf,https://www4.septa.org/picking/pdf/spring-a-2026/midvale/trip-sheets/sunday-trip-sheets.pdf
MidvaleSunday69,69,Midvale,1 of 2,47,Sunday,https://www4.septa.org/picking/pdf/spring-a-2026/midvale/paddles/sunday-paddles.pdf#page=47,https://www4.septa.org/picking/pdf/spring-a-2026/midvale/paddles/sunday-paddles#page=47.pdf,https://www4.septa.org/picking/pdf/spring-a-2026/midvale/trip-sheets/sunday-trip-sheets.pdf
MidvaleSunday70,70,Midvale,1 of 2,49,Sunday,https://www4.septa.org/picking/pdf/spring-a-2026/midvale/paddles/sunday-paddles.pdf#page=49,https://www4.septa.org/picking/pdf/spring-a-2026/midvale/paddles/sunday-paddles#page=49.pdf,https://www4.septa.org/picking/pdf/spring-a-2026/midvale/trip-sheets/sunday-trip-sheets.pdf
MidvaleSunday101,101,Midvale,1 of 1,51,Sunday,https://www4.septa.org/picking/pdf/spring-a-2026/midvale/paddles/sunday-paddles.pdf#page=51,https://www4.septa.org/picking/pdf/spring-a-2026/midvale/paddles/sunday-paddles#page=51.pdf,https://www4.septa.org/picking/pdf/spring-a-2026/midvale/trip-sheets/sunday-trip-sheets.pdf
MidvaleSunday102,102,Midvale,1 of 2,52,Sunday,https://www4.septa.org/picking/pdf/spring-a-2026/midvale/paddles/sunday-paddles.pdf#page=52,https://www4.septa.org/picking/pdf/spring-a-2026/midvale/paddles/sunday-paddles#page=52.pdf,https://www4.septa.org/picking/pdf/spring-a-2026/midvale/trip-sheets/sunday-trip-sheets.pdf
MidvaleSunday103,103,Midvale,1 of 1,54,Sunday,https://www4.septa.org/picking/pdf/spring-a-2026/midvale/paddles/sunday-paddles.pdf#page=54,https://www4.septa.org/picking/pdf/spring-a-2026/midvale/paddles/sunday-paddles#page=54.pdf,https://www4.septa.org/picking/pdf/spring-a-2026/midvale/trip-sheets/sunday-trip-sheets.pdf
MidvaleSunday104,104,Midvale,1 of 1,55,Sunday,https://www4.septa.org/picking/pdf/spring-a-2026/midvale/paddles/sunday-paddles.pdf#page=55,https://www4.septa.org/picking/pdf/spring-a-2026/midvale/paddles/sunday-paddles#page=55.pdf,https://www4.septa.org/picking/pdf/spring-a-2026/midvale/trip-sheets/sunday-trip-sheets.pdf
MidvaleSunday105,105,Midvale,1 of 2,56,Sunday,https://www4.septa.org/picking/pdf/spring-a-2026/midvale/paddles/sunday-paddles.pdf#page=56,https://www4.septa.org/picking/pdf/spring-a-2026/midvale/paddles/sunday-paddles#page=56.pdf,https://www4.septa.org/picking/pdf/spring-a-2026/midvale/trip-sheets/sunday-trip-sheets.pdf
MidvaleSunday106,106,Midvale,1 of 1,58,Sunday,https://www4.septa.org/picking/pdf/spring-a-2026/midvale/paddles/sunday-paddles.pdf#page=58,https://www4.septa.org/picking/pdf/spring-a-2026/midvale/paddles/sunday-paddles#page=58.pdf,https://www4.septa.org/picking/pdf/spring-a-2026/midvale/trip-sheets/sunday-trip-sheets.pdf
MidvaleSunday201,201,Midvale,1 of 2,59,Sunday,https://www4.septa.org/picking/pdf/spring-a-2026/midvale/paddles/sunday-paddles.pdf#page=59,https://www4.septa.org/picking/pdf/spring-a-2026/midvale/paddles/sunday-paddles#page=59.pdf,https://www4.septa.org/picking/pdf/spring-a-2026/midvale/trip-sheets/sunday-trip-sheets.pdf
MidvaleSunday202,202,Midvale,1 of 2,61,Sunday,https://www4.septa.org/picking/pdf/spring-a-2026/midvale/paddles/sunday-paddles.pdf#page=61,https://www4.septa.org/picking/pdf/spring-a-2026/midvale/paddles/sunday-paddles#page=61.pdf,https://www4.septa.org/picking/pdf/spring-a-2026/midvale/trip-sheets/sunday-trip-sheets.pdf
MidvaleSunday203,203,Midvale,1 of 2,63,Sunday,https://www4.septa.org/picking/pdf/spring-a-2026/midvale/paddles/sunday-paddles.pdf#page=63,https://www4.septa.org/picking/pdf/spring-a-2026/midvale/paddles/sunday-paddles#page=63.pdf,https://www4.septa.org/picking/pdf/spring-a-2026/midvale/trip-sheets/sunday-trip-sheets.pdf
MidvaleSunday204,204,Midvale,1 of 2,65,Sunday,https://www4.septa.org/picking/pdf/spring-a-2026/midvale/paddles/sunday-paddles.pdf#page=65,https://www4.septa.org/picking/pdf/spring-a-2026/midvale/paddles/sunday-paddles#page=65.pdf,https://www4.septa.org/picking/pdf/spring-a-2026/midvale/trip-sheets/sunday-trip-sheets.pdf
MidvaleSunday205,205,Midvale,1 of 2,67,Sunday,https://www4.septa.org/picking/pdf/spring-a-2026/midvale/paddles/sunday-paddles.pdf#page=67,https://www4.septa.org/picking/pdf/spring-a-2026/midvale/paddles/sunday-paddles#page=67.pdf,https://www4.septa.org/picking/pdf/spring-a-2026/midvale/trip-sheets/sunday-trip-sheets.pdf
MidvaleSunday206,206,Midvale,1 of 2,69,Sunday,https://www4.septa.org/picking/pdf/spring-a-2026/midvale/paddles/sunday-paddles.pdf#page=69,https://www4.septa.org/picking/pdf/spring-a-2026/midvale/paddles/sunday-paddles#page=69.pdf,https://www4.septa.org/picking/pdf/spring-a-2026/midvale/trip-sheets/sunday-trip-sheets.pdf
MidvaleSunday207,207,Midvale,1 of 2,71,Sunday,https://www4.septa.org/picking/pdf/spring-a-2026/midvale/paddles/sunday-paddles.pdf#page=71,https://www4.septa.org/picking/pdf/spring-a-2026/midvale/paddles/sunday-paddles#page=71.pdf,https://www4.septa.org/picking/pdf/spring-a-2026/midvale/trip-sheets/sunday-trip-sheets.pdf
MidvaleSunday208,208,Midvale,1 of 2,73,Sunday,https://www4.septa.org/picking/pdf/spring-a-2026/midvale/paddles/sunday-paddles.pdf#page=73,https://www4.septa.org/picking/pdf/spring-a-2026/midvale/paddles/sunday-paddles#page=73.pdf,https://www4.septa.org/picking/pdf/spring-a-2026/midvale/trip-sheets/sunday-trip-sheets.pdf
MidvaleSunday251,251,Midvale,1 of 2,75,Sunday,https://www4.septa.org/picking/pdf/spring-a-2026/midvale/paddles/sunday-paddles.pdf#page=75,https://www4.septa.org/picking/pdf/spring-a-2026/midvale/paddles/sunday-paddles#page=75.pdf,https://www4.septa.org/picking/pdf/spring-a-2026/midvale/trip-sheets/sunday-trip-sheets.pdf
MidvaleSunday252,252,Midvale,1 of 2,77,Sunday,https://www4.septa.org/picking/pdf/spring-a-2026/midvale/paddles/sunday-paddles.pdf#page=77,https://www4.septa.org/picking/pdf/spring-a-2026/midvale/paddles/sunday-paddles#page=77.pdf,https://www4.septa.org/picking/pdf/spring-a-2026/midvale/trip-sheets/sunday-trip-sheets.pdf
MidvaleSunday253,253,Midvale,1 of 2,79,Sunday,https://www4.septa.org/picking/pdf/spring-a-2026/midvale/paddles/sunday-paddles.pdf#page=79,https://www4.septa.org/picking/pdf/spring-a-2026/midvale/paddles/sunday-paddles#page=79.pdf,https://www4.septa.org/picking/pdf/spring-a-2026/midvale/trip-sheets/sunday-trip-sheets.pdf
MidvaleSunday254,254,Midvale,1 of 3,81,Sunday,https://www4.septa.org/picking/pdf/spring-a-2026/midvale/paddles/sunday-paddles.pdf#page=81,https://www4.septa.org/picking/pdf/spring-a-2026/midvale/paddles/sunday-paddles#page=81.pdf,https://www4.septa.org/picking/pdf/spring-a-2026/midvale/trip-sheets/sunday-trip-sheets.pdf
MidvaleSunday255,255,Midvale,1 of 2,84,Sunday,https://www4.septa.org/picking/pdf/spring-a-2026/midvale/paddles/sunday-paddles.pdf#page=84,https://www4.septa.org/picking/pdf/spring-a-2026/midvale/paddles/sunday-paddles#page=84.pdf,https://www4.septa.org/picking/pdf/spring-a-2026/midvale/trip-sheets/sunday-trip-sheets.pdf
MidvaleSunday301,301,Midvale,1 of 2,86,Sunday,https://www4.septa.org/picking/pdf/spring-a-2026/midvale/paddles/sunday-paddles.pdf#page=86,https://www4.septa.org/picking/pdf/spring-a-2026/midvale/paddles/sunday-paddles#page=86.pdf,https://www4.septa.org/picking/pdf/spring-a-2026/midvale/trip-sheets/sunday-trip-sheets.pdf
MidvaleSunday302,302,Midvale,1 of 2,88,Sunday,https://www4.septa.org/picking/pdf/spring-a-2026/midvale/paddles/sunday-paddles.pdf#page=88,https://www4.septa.org/picking/pdf/spring-a-2026/midvale/paddles/sunday-paddles#page=88.pdf,https://www4.septa.org/picking/pdf/spring-a-2026/midvale/trip-sheets/sunday-trip-sheets.pdf
MidvaleSunday303,303,Midvale,1 of 2,90,Sunday,https://www4.septa.org/picking/pdf/spring-a-2026/midvale/paddles/sunday-paddles.pdf#page=90,https://www4.septa.org/picking/pdf/spring-a-2026/midvale/paddles/sunday-paddles#page=90.pdf,https://www4.septa.org/picking/pdf/spring-a-2026/midvale/trip-sheets/sunday-trip-sheets.pdf
MidvaleSunday304,304,Midvale,1 of 2,92,Sunday,https://www4.septa.org/picking/pdf/spring-a-2026/midvale/paddles/sunday-paddles.pdf#page=92,https://www4.septa.org/picking/pdf/spring-a-2026/midvale/paddles/sunday-paddles#page=92.pdf,https://www4.septa.org/picking/pdf/spring-a-2026/midvale/trip-sheets/sunday-trip-sheets.pdf
MidvaleSunday305,305,Midvale,1 of 2,94,Sunday,https://www4.septa.org/picking/pdf/spring-a-2026/midvale/paddles/sunday-paddles.pdf#page=94,https://www4.septa.org/picking/pdf/spring-a-2026/midvale/paddles/sunday-paddles#page=94.pdf,https://www4.septa.org/picking/pdf/spring-a-2026/midvale/trip-sheets/sunday-trip-sheets.pdf
MidvaleSunday306,306,Midvale,1 of 2,96,Sunday,https://www4.septa.org/picking/pdf/spring-a-2026/midvale/paddles/sunday-paddles.pdf#page=96,https://www4.septa.org/picking/pdf/spring-a-2026/midvale/paddles/sunday-paddles#page=96.pdf,https://www4.septa.org/picking/pdf/spring-a-2026/midvale/trip-sheets/sunday-trip-sheets.pdf
MidvaleSunday351,351,Midvale,1 of 3,98,Sunday,https://www4.septa.org/picking/pdf/spring-a-2026/midvale/paddles/sunday-paddles.pdf#page=98,https://www4.septa.org/picking/pdf/spring-a-2026/midvale/paddles/sunday-paddles#page=98.pdf,https://www4.septa.org/picking/pdf/spring-a-2026/midvale/trip-sheets/sunday-trip-sheets.pdf
MidvaleSunday352,352,Midvale,1 of 2,101,Sunday,https://www4.septa.org/picking/pdf/spring-a-2026/midvale/paddles/sunday-paddles.pdf#page=101,https://www4.septa.org/picking/pdf/spring-a-2026/midvale/paddles/sunday-paddles#page=101.pdf,https://www4.septa.org/picking/pdf/spring-a-2026/midvale/trip-sheets/sunday-trip-sheets.pdf
MidvaleSunday353,353,Midvale,1 of 2,103,Sunday,https://www4.septa.org/picking/pdf/spring-a-2026/midvale/paddles/sunday-paddles.pdf#page=103,https://www4.septa.org/picking/pdf/spring-a-2026/midvale/paddles/sunday-paddles#page=103.pdf,https://www4.septa.org/picking/pdf/spring-a-2026/midvale/trip-sheets/sunday-trip-sheets.pdf
MidvaleSunday354,354,Midvale,1 of 2,105,Sunday,https://www4.septa.org/picking/pdf/spring-a-2026/midvale/paddles/sunday-paddles.pdf#page=105,https://www4.septa.org/picking/pdf/spring-a-2026/midvale/paddles/sunday-paddles#page=105.pdf,https://www4.septa.org/picking/pdf/spring-a-2026/midvale/trip-sheets/sunday-trip-sheets.pdf
MidvaleSunday355,355,Midvale,1 of 2,107,Sunday,https://www4.septa.org/picking/pdf/spring-a-2026/midvale/paddles/sunday-paddles.pdf#page=107,https://www4.septa.org/picking/pdf/spring-a-2026/midvale/paddles/sunday-paddles#page=107.pdf,https://www4.septa.org/picking/pdf/spring-a-2026/midvale/trip-sheets/sunday-trip-sheets.pdf
MidvaleSunday356,356,Midvale,1 of 2,109,Sunday,https://www4.septa.org/picking/pdf/spring-a-2026/midvale/paddles/sunday-paddles.pdf#page=109,https://www4.septa.org/picking/pdf/spring-a-2026/midvale/paddles/sunday-paddles#page=109.pdf,https://www4.septa.org/picking/pdf/spring-a-2026/midvale/trip-sheets/sunday-trip-sheets.pdf
MidvaleSunday401,401,Midvale,1 of 2,111,Sunday,https://www4.septa.org/picking/pdf/spring-a-2026/midvale/paddles/sunday-paddles.pdf#page=111,https://www4.septa.org/picking/pdf/spring-a-2026/midvale/paddles/sunday-paddles#page=111.pdf,https://www4.septa.org/picking/pdf/spring-a-2026/midvale/trip-sheets/sunday-trip-sheets.pdf
MidvaleSunday402,402,Midvale,1 of 2,113,Sunday,https://www4.septa.org/picking/pdf/spring-a-2026/midvale/paddles/sunday-paddles.pdf#page=113,https://www4.septa.org/picking/pdf/spring-a-2026/midvale/paddles/sunday-paddles#page=113.pdf,https://www4.septa.org/picking/pdf/spring-a-2026/midvale/trip-sheets/sunday-trip-sheets.pdf
MidvaleSunday403,403,Midvale,1 of 3,115,Sunday,https://www4.septa.org/picking/pdf/spring-a-2026/midvale/paddles/sunday-paddles.pdf#page=115,https://www4.septa.org/picking/pdf/spring-a-2026/midvale/paddles/sunday-paddles#page=115.pdf,https://www4.septa.org/picking/pdf/spring-a-2026/midvale/trip-sheets/sunday-trip-sheets.pdf
MidvaleSunday404,404,Midvale,1 of 2,118,Sunday,https://www4.septa.org/picking/pdf/spring-a-2026/midvale/paddles/sunday-paddles.pdf#page=118,https://www4.septa.org/picking/pdf/spring-a-2026/midvale/paddles/sunday-paddles#page=118.pdf,https://www4.septa.org/picking/pdf/spring-a-2026/midvale/trip-sheets/sunday-trip-sheets.pdf
MidvaleSunday405,405,Midvale,1 of 3,120,Sunday,https://www4.septa.org/picking/pdf/spring-a-2026/midvale/paddles/sunday-paddles.pdf#page=120,https://www4.septa.org/picking/pdf/spring-a-2026/midvale/paddles/sunday-paddles#page=120.pdf,https://www4.septa.org/picking/pdf/spring-a-2026/midvale/trip-sheets/sunday-trip-sheets.pdf
MidvaleSunday406,406,Midvale,1 of 2,123,Sunday,https://www4.septa.org/picking/pdf/spring-a-2026/midvale/paddles/sunday-paddles.pdf#page=123,https://www4.septa.org/picking/pdf/spring-a-2026/midvale/paddles/sunday-paddles#page=123.pdf,https://www4.septa.org/picking/pdf/spring-a-2026/midvale/trip-sheets/sunday-trip-sheets.pdf
MidvaleSunday407,407,Midvale,1 of 2,125,Sunday,https://www4.septa.org/picking/pdf/spring-a-2026/midvale/paddles/sunday-paddles.pdf#page=125,https://www4.septa.org/picking/pdf/spring-a-2026/midvale/paddles/sunday-paddles#page=125.pdf,https://www4.septa.org/picking/pdf/spring-a-2026/midvale/trip-sheets/sunday-trip-sheets.pdf
MidvaleSunday408,408,Midvale,1 of 3,127,Sunday,https://www4.septa.org/picking/pdf/spring-a-2026/midvale/paddles/sunday-paddles.pdf#page=127,https://www4.septa.org/picking/pdf/spring-a-2026/midvale/paddles/sunday-paddles#page=127.pdf,https://www4.septa.org/picking/pdf/spring-a-2026/midvale/trip-sheets/sunday-trip-sheets.pdf
MidvaleSunday451,451,Midvale,1 of 2,130,Sunday,https://www4.septa.org/picking/pdf/spring-a-2026/midvale/paddles/sunday-paddles.pdf#page=130,https://www4.septa.org/picking/pdf/spring-a-2026/midvale/paddles/sunday-paddles#page=130.pdf,https://www4.septa.org/picking/pdf/spring-a-2026/midvale/trip-sheets/sunday-trip-sheets.pdf
MidvaleSunday452,452,Midvale,1 of 2,132,Sunday,https://www4.septa.org/picking/pdf/spring-a-2026/midvale/paddles/sunday-paddles.pdf#page=132,https://www4.septa.org/picking/pdf/spring-a-2026/midvale/paddles/sunday-paddles#page=132.pdf,https://www4.septa.org/picking/pdf/spring-a-2026/midvale/trip-sheets/sunday-trip-sheets.pdf
MidvaleSunday453,453,Midvale,1 of 2,134,Sunday,https://www4.septa.org/picking/pdf/spring-a-2026/midvale/paddles/sunday-paddles.pdf#page=134,https://www4.septa.org/picking/pdf/spring-a-2026/midvale/paddles/sunday-paddles#page=134.pdf,https://www4.septa.org/picking/pdf/spring-a-2026/midvale/trip-sheets/sunday-trip-sheets.pdf
MidvaleSunday454,454,Midvale,1 of 2,136,Sunday,https://www4.septa.org/picking/pdf/spring-a-2026/midvale/paddles/sunday-paddles.pdf#page=136,https://www4.septa.org/picking/pdf/spring-a-2026/midvale/paddles/sunday-paddles#page=136.pdf,https://www4.septa.org/picking/pdf/spring-a-2026/midvale/trip-sheets/sunday-trip-sheets.pdf
MidvaleSunday465,465,Midvale,1 of 2,138,Sunday,https://www4.septa.org/picking/pdf/spring-a-2026/midvale/paddles/sunday-paddles.pdf#page=138,https://www4.septa.org/picking/pdf/spring-a-2026/midvale/paddles/sunday-paddles#page=138.pdf,https://www4.septa.org/picking/pdf/spring-a-2026/midvale/trip-sheets/sunday-trip-sheets.pdf
MidvaleSunday466,466,Midvale,1 of 1,140,Sunday,https://www4.septa.org/picking/pdf/spring-a-2026/midvale/paddles/sunday-paddles.pdf#page=140,https://www4.septa.org/picking/pdf/spring-a-2026/midvale/paddles/sunday-paddles#page=140.pdf,https://www4.septa.org/picking/pdf/spring-a-2026/midvale/trip-sheets/sunday-trip-sheets.pdf
MidvaleSunday467,467,Midvale,1 of 2,141,Sunday,https://www4.septa.org/picking/pdf/spring-a-2026/midvale/paddles/sunday-paddles.pdf#page=141,https://www4.septa.org/picking/pdf/spring-a-2026/midvale/paddles/sunday-paddles#page=141.pdf,https://www4.septa.org/picking/pdf/spring-a-2026/midvale/trip-sheets/sunday-trip-sheets.pdf
MidvaleSunday468,468,Midvale,1 of 2,143,Sunday,https://www4.septa.org/picking/pdf/spring-a-2026/midvale/paddles/sunday-paddles.pdf#page=143,https://www4.septa.org/picking/pdf/spring-a-2026/midvale/paddles/sunday-paddles#page=143.pdf,https://www4.septa.org/picking/pdf/spring-a-2026/midvale/trip-sheets/sunday-trip-sheets.pdf
MidvaleSunday501,501,Midvale,1 of 2,145,Sunday,https://www4.septa.org/picking/pdf/spring-a-2026/midvale/paddles/sunday-paddles.pdf#page=145,https://www4.septa.org/picking/pdf/spring-a-2026/midvale/paddles/sunday-paddles#page=145.pdf,https://www4.septa.org/picking/pdf/spring-a-2026/midvale/trip-sheets/sunday-trip-sheets.pdf
MidvaleSunday502,502,Midvale,1 of 2,147,Sunday,https://www4.septa.org/picking/pdf/spring-a-2026/midvale/paddles/sunday-paddles.pdf#page=147,https://www4.septa.org/picking/pdf/spring-a-2026/midvale/paddles/sunday-paddles#page=147.pdf,https://www4.septa.org/picking/pdf/spring-a-2026/midvale/trip-sheets/sunday-trip-sheets.pdf
MidvaleSunday503,503,Midvale,1 of 2,149,Sunday,https://www4.septa.org/picking/pdf/spring-a-2026/midvale/paddles/sunday-paddles.pdf#page=149,https://www4.septa.org/picking/pdf/spring-a-2026/midvale/paddles/sunday-paddles#page=149.pdf,https://www4.septa.org/picking/pdf/spring-a-2026/midvale/trip-sheets/sunday-trip-sheets.pdf
MidvaleSunday504,504,Midvale,1 of 2,151,Sunday,https://www4.septa.org/picking/pdf/spring-a-2026/midvale/paddles/sunday-paddles.pdf#page=151,https://www4.septa.org/picking/pdf/spring-a-2026/midvale/paddles/sunday-paddles#page=151.pdf,https://www4.septa.org/picking/pdf/spring-a-2026/midvale/trip-sheets/sunday-trip-sheets.pdf
MidvaleSunday505,505,Midvale,1 of 2,153,Sunday,https://www4.septa.org/picking/pdf/spring-a-2026/midvale/paddles/sunday-paddles.pdf#page=153,https://www4.septa.org/picking/pdf/spring-a-2026/midvale/paddles/sunday-paddles#page=153.pdf,https://www4.septa.org/picking/pdf/spring-a-2026/midvale/trip-sheets/sunday-trip-sheets.pdf
MidvaleSunday506,506,Midvale,1 of 2,155,Sunday,https://www4.septa.org/picking/pdf/spring-a-2026/midvale/paddles/sunday-paddles.pdf#page=155,https://www4.septa.org/picking/pdf/spring-a-2026/midvale/paddles/sunday-paddles#page=155.pdf,https://www4.septa.org/picking/pdf/spring-a-2026/midvale/trip-sheets/sunday-trip-sheets.pdf
MidvaleSunday507,507,Midvale,1 of 2,157,Sunday,https://www4.septa.org/picking/pdf/spring-a-2026/midvale/paddles/sunday-paddles.pdf#page=157,https://www4.septa.org/picking/pdf/spring-a-2026/midvale/paddles/sunday-paddles#page=157.pdf,https://www4.septa.org/picking/pdf/spring-a-2026/midvale/trip-sheets/sunday-trip-sheets.pdf
MidvaleSunday508,508,Midvale,1 of 2,159,Sunday,https://www4.septa.org/picking/pdf/spring-a-2026/midvale/paddles/sunday-paddles.pdf#page=159,https://www4.septa.org/picking/pdf/spring-a-2026/midvale/paddles/sunday-paddles#page=159.pdf,https://www4.septa.org/picking/pdf/spring-a-2026/midvale/trip-sheets/sunday-trip-sheets.pdf
MidvaleSunday509,509,Midvale,1 of 2,161,Sunday,https://www4.septa.org/picking/pdf/spring-a-2026/midvale/paddles/sunday-paddles.pdf#page=161,https://www4.septa.org/picking/pdf/spring-a-2026/midvale/paddles/sunday-paddles#page=161.pdf,https://www4.septa.org/picking/pdf/spring-a-2026/midvale/trip-sheets/sunday-trip-sheets.pdf
MidvaleSunday510,510,Midvale,1 of 2,163,Sunday,https://www4.septa.org/picking/pdf/spring-a-2026/midvale/paddles/sunday-paddles.pdf#page=163,https://www4.septa.org/picking/pdf/spring-a-2026/midvale/paddles/sunday-paddles#page=163.pdf,https://www4.septa.org/picking/pdf/spring-a-2026/midvale/trip-sheets/sunday-trip-sheets.pdf
MidvaleSunday511,511,Midvale,1 of 2,165,Sunday,https://www4.septa.org/picking/pdf/spring-a-2026/midvale/paddles/sunday-paddles.pdf#page=165,https://www4.septa.org/picking/pdf/spring-a-2026/midvale/paddles/sunday-paddles#page=165.pdf,https://www4.septa.org/picking/pdf/spring-a-2026/midvale/trip-sheets/sunday-trip-sheets.pdf
MidvaleSunday512,512,Midvale,1 of 2,167,Sunday,https://www4.septa.org/picking/pdf/spring-a-2026/midvale/paddles/sunday-paddles.pdf#page=167,https://www4.septa.org/picking/pdf/spring-a-2026/midvale/paddles/sunday-paddles#page=167.pdf,https://www4.septa.org/picking/pdf/spring-a-2026/midvale/trip-sheets/sunday-trip-sheets.pdf
MidvaleSunday513,513,Midvale,1 of 2,169,Sunday,https://www4.septa.org/picking/pdf/spring-a-2026/midvale/paddles/sunday-paddles.pdf#page=169,https://www4.septa.org/picking/pdf/spring-a-2026/midvale/paddles/sunday-paddles#page=169.pdf,https://www4.septa.org/picking/pdf/spring-a-2026/midvale/trip-sheets/sunday-trip-sheets.pdf
MidvaleSunday551,551,Midvale,1 of 2,171,Sunday,https://www4.septa.org/picking/pdf/spring-a-2026/midvale/paddles/sunday-paddles.pdf#page=171,https://www4.septa.org/picking/pdf/spring-a-2026/midvale/paddles/sunday-paddles#page=171.pdf,https://www4.septa.org/picking/pdf/spring-a-2026/midvale/trip-sheets/sunday-trip-sheets.pdf
MidvaleSunday552,552,Midvale,1 of 2,173,Sunday,https://www4.septa.org/picking/pdf/spring-a-2026/midvale/paddles/sunday-paddles.pdf#page=173,https://www4.septa.org/picking/pdf/spring-a-2026/midvale/paddles/sunday-paddles#page=173.pdf,https://www4.septa.org/picking/pdf/spring-a-2026/midvale/trip-sheets/sunday-trip-sheets.pdf
MidvaleSunday553,553,Midvale,1 of 2,175,Sunday,https://www4.septa.org/picking/pdf/spring-a-2026/midvale/paddles/sunday-paddles.pdf#page=175,https://www4.septa.org/picking/pdf/spring-a-2026/midvale/paddles/sunday-paddles#page=175.pdf,https://www4.septa.org/picking/pdf/spring-a-2026/midvale/trip-sheets/sunday-trip-sheets.pdf
MidvaleSunday554,554,Midvale,1 of 2,177,Sunday,https://www4.septa.org/picking/pdf/spring-a-2026/midvale/paddles/sunday-paddles.pdf#page=177,https://www4.septa.org/picking/pdf/spring-a-2026/midvale/paddles/sunday-paddles#page=177.pdf,https://www4.septa.org/picking/pdf/spring-a-2026/midvale/trip-sheets/sunday-trip-sheets.pdf
MidvaleSunday555,555,Midvale,1 of 2,179,Sunday,https://www4.septa.org/picking/pdf/spring-a-2026/midvale/paddles/sunday-paddles.pdf#page=179,https://www4.septa.org/picking/pdf/spring-a-2026/midvale/paddles/sunday-paddles#page=179.pdf,https://www4.septa.org/picking/pdf/spring-a-2026/midvale/trip-sheets/sunday-trip-sheets.pdf
MidvaleSunday556,556,Midvale,1 of 2,181,Sunday,https://www4.septa.org/picking/pdf/spring-a-2026/midvale/paddles/sunday-paddles.pdf#page=181,https://www4.septa.org/picking/pdf/spring-a-2026/midvale/paddles/sunday-paddles#page=181.pdf,https://www4.septa.org/picking/pdf/spring-a-2026/midvale/trip-sheets/sunday-trip-sheets.pdf
MidvaleSunday557,557,Midvale,1 of 2,183,Sunday,https://www4.septa.org/picking/pdf/spring-a-2026/midvale/paddles/sunday-paddles.pdf#page=183,https://www4.septa.org/picking/pdf/spring-a-2026/midvale/paddles/sunday-paddles#page=183.pdf,https://www4.septa.org/picking/pdf/spring-a-2026/midvale/trip-sheets/sunday-trip-sheets.pdf
MidvaleSunday558,558,Midvale,1 of 2,185,Sunday,https://www4.septa.org/picking/pdf/spring-a-2026/midvale/paddles/sunday-paddles.pdf#page=185,https://www4.septa.org/picking/pdf/spring-a-2026/midvale/paddles/sunday-paddles#page=185.pdf,https://www4.septa.org/picking/pdf/spring-a-2026/midvale/trip-sheets/sunday-trip-sheets.pdf
MidvaleSunday559,559,Midvale,1 of 2,187,Sunday,https://www4.septa.org/picking/pdf/spring-a-2026/midvale/paddles/sunday-paddles.pdf#page=187,https://www4.septa.org/picking/pdf/spring-a-2026/midvale/paddles/sunday-paddles#page=187.pdf,https://www4.septa.org/picking/pdf/spring-a-2026/midvale/trip-sheets/sunday-trip-sheets.pdf
MidvaleSunday560,560,Midvale,1 of 2,189,Sunday,https://www4.septa.org/picking/pdf/spring-a-2026/midvale/paddles/sunday-paddles.pdf#page=189,https://www4.septa.org/picking/pdf/spring-a-2026/midvale/paddles/sunday-paddles#page=189.pdf,https://www4.septa.org/picking/pdf/spring-a-2026/midvale/trip-sheets/sunday-trip-sheets.pdf
MidvaleSunday561,561,Midvale,1 of 2,191,Sunday,https://www4.septa.org/picking/pdf/spring-a-2026/midvale/paddles/sunday-paddles.pdf#page=191,https://www4.septa.org/picking/pdf/spring-a-2026/midvale/paddles/sunday-paddles#page=191.pdf,https://www4.septa.org/picking/pdf/spring-a-2026/midvale/trip-sheets/sunday-trip-sheets.pdf
MidvaleSunday562,562,Midvale,1 of 2,193,Sunday,https://www4.septa.org/picking/pdf/spring-a-2026/midvale/paddles/sunday-paddles.pdf#page=193,https://www4.septa.org/picking/pdf/spring-a-2026/midvale/paddles/sunday-paddles#page=193.pdf,https://www4.septa.org/picking/pdf/spring-a-2026/midvale/trip-sheets/sunday-trip-sheets.pdf
MidvaleSunday601,601,Midvale,1 of 2,195,Sunday,https://www4.septa.org/picking/pdf/spring-a-2026/midvale/paddles/sunday-paddles.pdf#page=195,https://www4.septa.org/picking/pdf/spring-a-2026/midvale/paddles/sunday-paddles#page=195.pdf,https://www4.septa.org/picking/pdf/spring-a-2026/midvale/trip-sheets/sunday-trip-sheets.pdf
MidvaleSunday602,602,Midvale,1 of 2,197,Sunday,https://www4.septa.org/picking/pdf/spring-a-2026/midvale/paddles/sunday-paddles.pdf#page=197,https://www4.septa.org/picking/pdf/spring-a-2026/midvale/paddles/sunday-paddles#page=197.pdf,https://www4.septa.org/picking/pdf/spring-a-2026/midvale/trip-sheets/sunday-trip-sheets.pdf
MidvaleSunday603,603,Midvale,1 of 2,199,Sunday,https://www4.septa.org/picking/pdf/spring-a-2026/midvale/paddles/sunday-paddles.pdf#page=199,https://www4.septa.org/picking/pdf/spring-a-2026/midvale/paddles/sunday-paddles#page=199.pdf,https://www4.septa.org/picking/pdf/spring-a-2026/midvale/trip-sheets/sunday-trip-sheets.pdf
MidvaleSunday604,604,Midvale,1 of 2,201,Sunday,https://www4.septa.org/picking/pdf/spring-a-2026/midvale/paddles/sunday-paddles.pdf#page=201,https://www4.septa.org/picking/pdf/spring-a-2026/midvale/paddles/sunday-paddles#page=201.pdf,https://www4.septa.org/picking/pdf/spring-a-2026/midvale/trip-sheets/sunday-trip-sheets.pdf
MidvaleSunday605,605,Midvale,1 of 2,203,Sunday,https://www4.septa.org/picking/pdf/spring-a-2026/midvale/paddles/sunday-paddles.pdf#page=203,https://www4.septa.org/picking/pdf/spring-a-2026/midvale/paddles/sunday-paddles#page=203.pdf,https://www4.septa.org/picking/pdf/spring-a-2026/midvale/trip-sheets/sunday-trip-sheets.pdf
MidvaleSunday606,606,Midvale,1 of 2,205,Sunday,https://www4.septa.org/picking/pdf/spring-a-2026/midvale/paddles/sunday-paddles.pdf#page=205,https://www4.septa.org/picking/pdf/spring-a-2026/midvale/paddles/sunday-paddles#page=205.pdf,https://www4.septa.org/picking/pdf/spring-a-2026/midvale/trip-sheets/sunday-trip-sheets.pdf
MidvaleSunday607,607,Midvale,1 of 2,207,Sunday,https://www4.septa.org/picking/pdf/spring-a-2026/midvale/paddles/sunday-paddles.pdf#page=207,https://www4.septa.org/picking/pdf/spring-a-2026/midvale/paddles/sunday-paddles#page=207.pdf,https://www4.septa.org/picking/pdf/spring-a-2026/midvale/trip-sheets/sunday-trip-sheets.pdf
MidvaleSunday608,608,Midvale,1 of 2,209,Sunday,https://www4.septa.org/picking/pdf/spring-a-2026/midvale/paddles/sunday-paddles.pdf#page=209,https://www4.septa.org/picking/pdf/spring-a-2026/midvale/paddles/sunday-paddles#page=209.pdf,https://www4.septa.org/picking/pdf/spring-a-2026/midvale/trip-sheets/sunday-trip-sheets.pdf
MidvaleSunday609,609,Midvale,1 of 2,211,Sunday,https://www4.septa.org/picking/pdf/spring-a-2026/midvale/paddles/sunday-paddles.pdf#page=211,https://www4.septa.org/picking/pdf/spring-a-2026/midvale/paddles/sunday-paddles#page=211.pdf,https://www4.septa.org/picking/pdf/spring-a-2026/midvale/trip-sheets/sunday-trip-sheets.pdf
MidvaleSunday610,610,Midvale,1 of 2,213,Sunday,https://www4.septa.org/picking/pdf/spring-a-2026/midvale/paddles/sunday-paddles.pdf#page=213,https://www4.septa.org/picking/pdf/spring-a-2026/midvale/paddles/sunday-paddles#page=213.pdf,https://www4.septa.org/picking/pdf/spring-a-2026/midvale/trip-sheets/sunday-trip-sheets.pdf
MidvaleSunday611,611,Midvale,1 of 2,215,Sunday,https://www4.septa.org/picking/pdf/spring-a-2026/midvale/paddles/sunday-paddles.pdf#page=215,https://www4.septa.org/picking/pdf/spring-a-2026/midvale/paddles/sunday-paddles#page=215.pdf,https://www4.septa.org/picking/pdf/spring-a-2026/midvale/trip-sheets/sunday-trip-sheets.pdf
MidvaleSunday651,651,Midvale,1 of 2,217,Sunday,https://www4.septa.org/picking/pdf/spring-a-2026/midvale/paddles/sunday-paddles.pdf#page=217,https://www4.septa.org/picking/pdf/spring-a-2026/midvale/paddles/sunday-paddles#page=217.pdf,https://www4.septa.org/picking/pdf/spring-a-2026/midvale/trip-sheets/sunday-trip-sheets.pdf
MidvaleSunday652,652,Midvale,1 of 2,219,Sunday,https://www4.septa.org/picking/pdf/spring-a-2026/midvale/paddles/sunday-paddles.pdf#page=219,https://www4.septa.org/picking/pdf/spring-a-2026/midvale/paddles/sunday-paddles#page=219.pdf,https://www4.septa.org/picking/pdf/spring-a-2026/midvale/trip-sheets/sunday-trip-sheets.pdf
MidvaleSunday653,653,Midvale,1 of 2,221,Sunday,https://www4.septa.org/picking/pdf/spring-a-2026/midvale/paddles/sunday-paddles.pdf#page=221,https://www4.septa.org/picking/pdf/spring-a-2026/midvale/paddles/sunday-paddles#page=221.pdf,https://www4.septa.org/picking/pdf/spring-a-2026/midvale/trip-sheets/sunday-trip-sheets.pdf
MidvaleSunday654,654,Midvale,1 of 2,223,Sunday,https://www4.septa.org/picking/pdf/spring-a-2026/midvale/paddles/sunday-paddles.pdf#page=223,https://www4.septa.org/picking/pdf/spring-a-2026/midvale/paddles/sunday-paddles#page=223.pdf,https://www4.septa.org/picking/pdf/spring-a-2026/midvale/trip-sheets/sunday-trip-sheets.pdf
MidvaleSunday671,671,Midvale,1 of 1,225,Sunday,https://www4.septa.org/picking/pdf/spring-a-2026/midvale/paddles/sunday-paddles.pdf#page=225,https://www4.septa.org/picking/pdf/spring-a-2026/midvale/paddles/sunday-paddles#page=225.pdf,https://www4.septa.org/picking/pdf/spring-a-2026/midvale/trip-sheets/sunday-trip-sheets.pdf
MidvaleSunday672,672,Midvale,1 of 1,226,Sunday,https://www4.septa.org/picking/pdf/spring-a-2026/midvale/paddles/sunday-paddles.pdf#page=226,https://www4.septa.org/picking/pdf/spring-a-2026/midvale/paddles/sunday-paddles#page=226.pdf,https://www4.septa.org/picking/pdf/spring-a-2026/midvale/trip-sheets/sunday-trip-sheets.pdf
MidvaleSunday673,673,Midvale,1 of 1,227,Sunday,https://www4.septa.org/picking/pdf/spring-a-2026/midvale/paddles/sunday-paddles.pdf#page=227,https://www4.septa.org/picking/pdf/spring-a-2026/midvale/paddles/sunday-paddles#page=227.pdf,https://www4.septa.org/picking/pdf/spring-a-2026/midvale/trip-sheets/sunday-trip-sheets.pdf
MidvaleSunday674,674,Midvale,1 of 1,228,Sunday,https://www4.septa.org/picking/pdf/spring-a-2026/midvale/paddles/sunday-paddles.pdf#page=228,https://www4.septa.org/picking/pdf/spring-a-2026/midvale/paddles/sunday-paddles#page=228.pdf,https://www4.septa.org/picking/pdf/spring-a-2026/midvale/trip-sheets/sunday-trip-sheets.pdf
MidvaleSunday675,675,Midvale,1 of 1,229,Sunday,https://www4.septa.org/picking/pdf/spring-a-2026/midvale/paddles/sunday-paddles.pdf#page=229,https://www4.septa.org/picking/pdf/spring-a-2026/midvale/paddles/sunday-paddles#page=229.pdf,https://www4.septa.org/picking/pdf/spring-a-2026/midvale/trip-sheets/sunday-trip-sheets.pdf
MidvaleSunday701,701,Midvale,1 of 2,230,Sunday,https://www4.septa.org/picking/pdf/spring-a-2026/midvale/paddles/sunday-paddles.pdf#page=230,https://www4.septa.org/picking/pdf/spring-a-2026/midvale/paddles/sunday-paddles#page=230.pdf,https://www4.septa.org/picking/pdf/spring-a-2026/midvale/trip-sheets/sunday-trip-sheets.pdf
MidvaleSunday702,702,Midvale,1 of 2,232,Sunday,https://www4.septa.org/picking/pdf/spring-a-2026/midvale/paddles/sunday-paddles.pdf#page=232,https://www4.septa.org/picking/pdf/spring-a-2026/midvale/paddles/sunday-paddles#page=232.pdf,https://www4.septa.org/picking/pdf/spring-a-2026/midvale/trip-sheets/sunday-trip-sheets.pdf
MidvaleSunday703,703,Midvale,1 of 2,234,Sunday,https://www4.septa.org/picking/pdf/spring-a-2026/midvale/paddles/sunday-paddles.pdf#page=234,https://www4.septa.org/picking/pdf/spring-a-2026/midvale/paddles/sunday-paddles#page=234.pdf,https://www4.septa.org/picking/pdf/spring-a-2026/midvale/trip-sheets/sunday-trip-sheets.pdf
MidvaleSunday704,704,Midvale,1 of 3,236,Sunday,https://www4.septa.org/picking/pdf/spring-a-2026/midvale/paddles/sunday-paddles.pdf#page=236,https://www4.septa.org/picking/pdf/spring-a-2026/midvale/paddles/sunday-paddles#page=236.pdf,https://www4.septa.org/picking/pdf/spring-a-2026/midvale/trip-sheets/sunday-trip-sheets.pdf
MidvaleSunday705,705,Midvale,1 of 2,239,Sunday,https://www4.septa.org/picking/pdf/spring-a-2026/midvale/paddles/sunday-paddles.pdf#page=239,https://www4.septa.org/picking/pdf/spring-a-2026/midvale/paddles/sunday-paddles#page=239.pdf,https://www4.septa.org/picking/pdf/spring-a-2026/midvale/trip-sheets/sunday-trip-sheets.pdf
MidvaleSunday706,706,Midvale,1 of 2,241,Sunday,https://www4.septa.org/picking/pdf/spring-a-2026/midvale/paddles/sunday-paddles.pdf#page=241,https://www4.septa.org/picking/pdf/spring-a-2026/midvale/paddles/sunday-paddles#page=241.pdf,https://www4.septa.org/picking/pdf/spring-a-2026/midvale/trip-sheets/sunday-trip-sheets.pdf
MidvaleSunday707,707,Midvale,1 of 3,243,Sunday,https://www4.septa.org/picking/pdf/spring-a-2026/midvale/paddles/sunday-paddles.pdf#page=243,https://www4.septa.org/picking/pdf/spring-a-2026/midvale/paddles/sunday-paddles#page=243.pdf,https://www4.septa.org/picking/pdf/spring-a-2026/midvale/trip-sheets/sunday-trip-sheets.pdf
MidvaleSunday708,708,Midvale,1 of 2,246,Sunday,https://www4.septa.org/picking/pdf/spring-a-2026/midvale/paddles/sunday-paddles.pdf#page=246,https://www4.septa.org/picking/pdf/spring-a-2026/midvale/paddles/sunday-paddles#page=246.pdf,https://www4.septa.org/picking/pdf/spring-a-2026/midvale/trip-sheets/sunday-trip-sheets.pdf
MidvaleSunday709,709,Midvale,1 of 2,248,Sunday,https://www4.septa.org/picking/pdf/spring-a-2026/midvale/paddles/sunday-paddles.pdf#page=248,https://www4.septa.org/picking/pdf/spring-a-2026/midvale/paddles/sunday-paddles#page=248.pdf,https://www4.septa.org/picking/pdf/spring-a-2026/midvale/trip-sheets/sunday-trip-sheets.pdf
MidvaleSunday710,710,Midvale,1 of 2,250,Sunday,https://www4.septa.org/picking/pdf/spring-a-2026/midvale/paddles/sunday-paddles.pdf#page=250,https://www4.septa.org/picking/pdf/spring-a-2026/midvale/paddles/sunday-paddles#page=250.pdf,https://www4.septa.org/picking/pdf/spring-a-2026/midvale/trip-sheets/sunday-trip-sheets.pdf
MidvaleSunday711,711,Midvale,1 of 2,252,Sunday,https://www4.septa.org/picking/pdf/spring-a-2026/midvale/paddles/sunday-paddles.pdf#page=252,https://www4.septa.org/picking/pdf/spring-a-2026/midvale/paddles/sunday-paddles#page=252.pdf,https://www4.septa.org/picking/pdf/spring-a-2026/midvale/trip-sheets/sunday-trip-sheets.pdf
MidvaleSunday712,712,Midvale,1 of 2,254,Sunday,https://www4.septa.org/picking/pdf/spring-a-2026/midvale/paddles/sunday-paddles.pdf#page=254,https://www4.septa.org/picking/pdf/spring-a-2026/midvale/paddles/sunday-paddles#page=254.pdf,https://www4.septa.org/picking/pdf/spring-a-2026/midvale/trip-sheets/sunday-trip-sheets.pdf
MidvaleSunday713,713,Midvale,1 of 2,256,Sunday,https://www4.septa.org/picking/pdf/spring-a-2026/midvale/paddles/sunday-paddles.pdf#page=256,https://www4.septa.org/picking/pdf/spring-a-2026/midvale/paddles/sunday-paddles#page=256.pdf,https://www4.septa.org/picking/pdf/spring-a-2026/midvale/trip-sheets/sunday-trip-sheets.pdf
MidvaleSunday741,741,Midvale,1 of 1,258,Sunday,https://www4.septa.org/picking/pdf/spring-a-2026/midvale/paddles/sunday-paddles.pdf#page=258,https://www4.septa.org/picking/pdf/spring-a-2026/midvale/paddles/sunday-paddles#page=258.pdf,https://www4.septa.org/picking/pdf/spring-a-2026/midvale/trip-sheets/sunday-trip-sheets.pdf
MidvaleSunday742,742,Midvale,1 of 2,259,Sunday,https://www4.septa.org/picking/pdf/spring-a-2026/midvale/paddles/sunday-paddles.pdf#page=259,https://www4.septa.org/picking/pdf/spring-a-2026/midvale/paddles/sunday-paddles#page=259.pdf,https://www4.septa.org/picking/pdf/spring-a-2026/midvale/trip-sheets/sunday-trip-sheets.pdf
MidvaleSunday751,751,Midvale,1 of 2,261,Sunday,https://www4.septa.org/picking/pdf/spring-a-2026/midvale/paddles/sunday-paddles.pdf#page=261,https://www4.septa.org/picking/pdf/spring-a-2026/midvale/paddles/sunday-paddles#page=261.pdf,https://www4.septa.org/picking/pdf/spring-a-2026/midvale/trip-sheets/sunday-trip-sheets.pdf
MidvaleSunday752,752,Midvale,1 of 2,263,Sunday,https://www4.septa.org/picking/pdf/spring-a-2026/midvale/paddles/sunday-paddles.pdf#page=263,https://www4.septa.org/picking/pdf/spring-a-2026/midvale/paddles/sunday-paddles#page=263.pdf,https://www4.septa.org/picking/pdf/spring-a-2026/midvale/trip-sheets/sunday-trip-sheets.pdf
MidvaleSunday753,753,Midvale,1 of 2,265,Sunday,https://www4.septa.org/picking/pdf/spring-a-2026/midvale/paddles/sunday-paddles.pdf#page=265,https://www4.septa.org/picking/pdf/spring-a-2026/midvale/paddles/sunday-paddles#page=265.pdf,https://www4.septa.org/picking/pdf/spring-a-2026/midvale/trip-sheets/sunday-trip-sheets.pdf
MidvaleSunday754,754,Midvale,1 of 2,267,Sunday,https://www4.septa.org/picking/pdf/spring-a-2026/midvale/paddles/sunday-paddles.pdf#page=267,https://www4.septa.org/picking/pdf/spring-a-2026/midvale/paddles/sunday-paddles#page=267.pdf,https://www4.septa.org/picking/pdf/spring-a-2026/midvale/trip-sheets/sunday-trip-sheets.pdf
MidvaleSunday755,755,Midvale,1 of 2,269,Sunday,https://www4.septa.org/picking/pdf/spring-a-2026/midvale/paddles/sunday-paddles.pdf#page=269,https://www4.septa.org/picking/pdf/spring-a-2026/midvale/paddles/sunday-paddles#page=269.pdf,https://www4.septa.org/picking/pdf/spring-a-2026/midvale/trip-sheets/sunday-trip-sheets.pdf
MidvaleSunday756,756,Midvale,1 of 2,271,Sunday,https://www4.septa.org/picking/pdf/spring-a-2026/midvale/paddles/sunday-paddles.pdf#page=271,https://www4.septa.org/picking/pdf/spring-a-2026/midvale/paddles/sunday-paddles#page=271.pdf,https://www4.septa.org/picking/pdf/spring-a-2026/midvale/trip-sheets/sunday-trip-sheets.pdf
MidvaleSunday901,901,Midvale,1 of 2,273,Sunday,https://www4.septa.org/picking/pdf/spring-a-2026/midvale/paddles/sunday-paddles.pdf#page=273,https://www4.septa.org/picking/pdf/spring-a-2026/midvale/paddles/sunday-paddles#page=273.pdf,https://www4.septa.org/picking/pdf/spring-a-2026/midvale/trip-sheets/sunday-trip-sheets.pdf
MidvaleSunday902,902,Midvale,1 of 2,275,Sunday,https://www4.septa.org/picking/pdf/spring-a-2026/midvale/paddles/sunday-paddles.pdf#page=275,https://www4.septa.org/picking/pdf/spring-a-2026/midvale/paddles/sunday-paddles#page=275.pdf,https://www4.septa.org/picking/pdf/spring-a-2026/midvale/trip-sheets/sunday-trip-sheets.pdf
MidvaleSunday903,903,Midvale,1 of 2,277,Sunday,https://www4.septa.org/picking/pdf/spring-a-2026/midvale/paddles/sunday-paddles.pdf#page=277,https://www4.septa.org/picking/pdf/spring-a-2026/midvale/paddles/sunday-paddles#page=277.pdf,https://www4.septa.org/picking/pdf/spring-a-2026/midvale/trip-sheets/sunday-trip-sheets.pdf
MidvaleSunday904,904,Midvale,1 of 2,279,Sunday,https://www4.septa.org/picking/pdf/spring-a-2026/midvale/paddles/sunday-paddles.pdf#page=279,https://www4.septa.org/picking/pdf/spring-a-2026/midvale/paddles/sunday-paddles#page=279.pdf,https://www4.septa.org/picking/pdf/spring-a-2026/midvale/trip-sheets/sunday-trip-sheets.pdf
MidvaleSunday905,905,Midvale,1 of 2,281,Sunday,https://www4.septa.org/picking/pdf/spring-a-2026/midvale/paddles/sunday-paddles.pdf#page=281,https://www4.septa.org/picking/pdf/spring-a-2026/midvale/paddles/sunday-paddles#page=281.pdf,https://www4.septa.org/picking/pdf/spring-a-2026/midvale/trip-sheets/sunday-trip-sheets.pdf
MidvaleSunday906,906,Midvale,1 of 2,283,Sunday,https://www4.septa.org/picking/pdf/spring-a-2026/midvale/paddles/sunday-paddles.pdf#page=283,https://www4.septa.org/picking/pdf/spring-a-2026/midvale/paddles/sunday-paddles#page=283.pdf,https://www4.septa.org/picking/pdf/spring-a-2026/midvale/trip-sheets/sunday-trip-sheets.pdf
MidvaleSunday907,907,Midvale,1 of 2,285,Sunday,https://www4.septa.org/picking/pdf/spring-a-2026/midvale/paddles/sunday-paddles.pdf#page=285,https://www4.septa.org/picking/pdf/spring-a-2026/midvale/paddles/sunday-paddles#page=285.pdf,https://www4.septa.org/picking/pdf/spring-a-2026/midvale/trip-sheets/sunday-trip-sheets.pdf
MidvaleSunday908,908,Midvale,1 of 2,287,Sunday,https://www4.septa.org/picking/pdf/spring-a-2026/midvale/paddles/sunday-paddles.pdf#page=287,https://www4.septa.org/picking/pdf/spring-a-2026/midvale/paddles/sunday-paddles#page=287.pdf,https://www4.septa.org/picking/pdf/spring-a-2026/midvale/trip-sheets/sunday-trip-sheets.pdf
MidvaleSunday951,951,Midvale,1 of 2,289,Sunday,https://www4.septa.org/picking/pdf/spring-a-2026/midvale/paddles/sunday-paddles.pdf#page=289,https://www4.septa.org/picking/pdf/spring-a-2026/midvale/paddles/sunday-paddles#page=289.pdf,https://www4.septa.org/picking/pdf/spring-a-2026/midvale/trip-sheets/sunday-trip-sheets.pdf
MidvaleSunday952,952,Midvale,1 of 1,291,Sunday,https://www4.septa.org/picking/pdf/spring-a-2026/midvale/paddles/sunday-paddles.pdf#page=291,https://www4.septa.org/picking/pdf/spring-a-2026/midvale/paddles/sunday-paddles#page=291.pdf,https://www4.septa.org/picking/pdf/spring-a-2026/midvale/trip-sheets/sunday-trip-sheets.pdf
MidvaleSunday953,953,Midvale,1 of 1,292,Sunday,https://www4.septa.org/picking/pdf/spring-a-2026/midvale/paddles/sunday-paddles.pdf#page=292,https://www4.septa.org/picking/pdf/spring-a-2026/midvale/paddles/sunday-paddles#page=292.pdf,https://www4.septa.org/picking/pdf/spring-a-2026/midvale/trip-sheets/sunday-trip-sheets.pdf
MidvaleSunday954,954,Midvale,1 of 1,293,Sunday,https://www4.septa.org/picking/pdf/spring-a-2026/midvale/paddles/sunday-paddles.pdf#page=293,https://www4.septa.org/picking/pdf/spring-a-2026/midvale/paddles/sunday-paddles#page=293.pdf,https://www4.septa.org/picking/pdf/spring-a-2026/midvale/trip-sheets/sunday-trip-sheets.pdf
MidvaleSunday955,955,Midvale,1 of 1,294,Sunday,https://www4.septa.org/picking/pdf/spring-a-2026/midvale/paddles/sunday-paddles.pdf#page=294,https://www4.septa.org/picking/pdf/spring-a-2026/midvale/paddles/sunday-paddles#page=294.pdf,https://www4.septa.org/picking/pdf/spring-a-2026/midvale/trip-sheets/sunday-trip-sheets.pdf
MidvaleSunday956,956,Midvale,1 of 1,295,Sunday,https://www4.septa.org/picking/pdf/spring-a-2026/midvale/paddles/sunday-paddles.pdf#page=295,https://www4.septa.org/picking/pdf/spring-a-2026/midvale/paddles/sunday-paddles#page=295.pdf,https://www4.septa.org/picking/pdf/spring-a-2026/midvale/trip-sheets/sunday-trip-sheets.pdf
MidvaleSunday957,957,Midvale,1 of 1,296,Sunday,https://www4.septa.org/picking/pdf/spring-a-2026/midvale/paddles/sunday-paddles.pdf#page=296,https://www4.septa.org/picking/pdf/spring-a-2026/midvale/paddles/sunday-paddles#page=296.pdf,https://www4.septa.org/picking/pdf/spring-a-2026/midvale/trip-sheets/sunday-trip-sheets.pdf
MidvaleSunday958,958,Midvale,1 of 1,297,Sunday,https://www4.septa.org/picking/pdf/spring-a-2026/midvale/paddles/sunday-paddles.pdf#page=297,https://www4.septa.org/picking/pdf/spring-a-2026/midvale/paddles/sunday-paddles#page=297.pdf,https://www4.septa.org/picking/pdf/spring-a-2026/midvale/trip-sheets/sunday-trip-sheets.pdf
MidvaleSunday959,959,Midvale,1 of 1,298,Sunday,https://www4.septa.org/picking/pdf/spring-a-2026/midvale/paddles/sunday-paddles.pdf#page=298,https://www4.septa.org/picking/pdf/spring-a-2026/midvale/paddles/sunday-paddles#page=298.pdf,https://www4.septa.org/picking/pdf/spring-a-2026/midvale/trip-sheets/sunday-trip-sheets.pdf
MidvaleSunday960,960,Midvale,1 of 1,299,Sunday,https://www4.septa.org/picking/pdf/spring-a-2026/midvale/paddles/sunday-paddles.pdf#page=299,https://www4.septa.org/picking/pdf/spring-a-2026/midvale/paddles/sunday-paddles#page=299.pdf,https://www4.septa.org/picking/pdf/spring-a-2026/midvale/trip-sheets/sunday-trip-sheets.pdf
MidvaleSunday961,961,Midvale,1 of 1,300,Sunday,https://www4.septa.org/picking/pdf/spring-a-2026/midvale/paddles/sunday-paddles.pdf#page=300,https://www4.septa.org/picking/pdf/spring-a-2026/midvale/paddles/sunday-paddles#page=300.pdf,https://www4.septa.org/picking/pdf/spring-a-2026/midvale/trip-sheets/sunday-trip-sheets.pdf
MidvaleSunday962,962,Midvale,1 of 1,301,Sunday,https://www4.septa.org/picking/pdf/spring-a-2026/midvale/paddles/sunday-paddles.pdf#page=301,https://www4.septa.org/picking/pdf/spring-a-2026/midvale/paddles/sunday-paddles#page=301.pdf,https://www4.septa.org/picking/pdf/spring-a-2026/midvale/trip-sheets/sunday-trip-sheets.pdf
MidvaleSunday963,963,Midvale,1 of 1,302,Sunday,https://www4.septa.org/picking/pdf/spring-a-2026/midvale/paddles/sunday-paddles.pdf#page=302,https://www4.septa.org/picking/pdf/spring-a-2026/midvale/paddles/sunday-paddles#page=302.pdf,https://www4.septa.org/picking/pdf/spring-a-2026/midvale/trip-sheets/sunday-trip-sheets.pdf
MidvaleSunday964,964,Midvale,1 of 1,303,Sunday,https://www4.septa.org/picking/pdf/spring-a-2026/midvale/paddles/sunday-paddles.pdf#page=303,https://www4.septa.org/picking/pdf/spring-a-2026/midvale/paddles/sunday-paddles#page=303.pdf,https://www4.septa.org/picking/pdf/spring-a-2026/midvale/trip-sheets/sunday-trip-sheets.pdf
MidvaleSunday965,965,Midvale,1 of 2,304,Sunday,https://www4.septa.org/picking/pdf/spring-a-2026/midvale/paddles/sunday-paddles.pdf#page=304,https://www4.septa.org/picking/pdf/spring-a-2026/midvale/paddles/sunday-paddles#page=304.pdf,https://www4.septa.org/picking/pdf/spring-a-2026/midvale/trip-sheets/sunday-trip-sheets.pdf
MidvaleSunday966,966,Midvale,1 of 1,306,Sunday,https://www4.septa.org/picking/pdf/spring-a-2026/midvale/paddles/sunday-paddles.pdf#page=306,https://www4.septa.org/picking/pdf/spring-a-2026/midvale/paddles/sunday-paddles#page=306.pdf,https://www4.septa.org/picking/pdf/spring-a-2026/midvale/trip-sheets/sunday-trip-sheets.pdf
MidvaleSunday967,967,Midvale,1 of 1,307,Sunday,https://www4.septa.org/picking/pdf/spring-a-2026/midvale/paddles/sunday-paddles.pdf#page=307,https://www4.septa.org/picking/pdf/spring-a-2026/midvale/paddles/sunday-paddles#page=307.pdf,https://www4.septa.org/picking/pdf/spring-a-2026/midvale/trip-sheets/sunday-trip-sheets.pdf
MidvaleSunday968,968,Midvale,1 of 2,308,Sunday,https://www4.septa.org/picking/pdf/spring-a-2026/midvale/paddles/sunday-paddles.pdf#page=308,https://www4.septa.org/picking/pdf/spring-a-2026/midvale/paddles/sunday-paddles#page=308.pdf,https://www4.septa.org/picking/pdf/spring-a-2026/midvale/trip-sheets/sunday-trip-sheets.pdf
