myid,runno,depot,page_1,page,day,moblink,pclink,Trip Sheet
Victory busWeekday1,1,Victory bus,1 of 2,1,Weekday,https://www4.septa.org/picking/pdf/fall-a-2026/victory/bus/paddles/weekday-paddles.pdf#page=1,https://www4.septa.org/picking/pdf/fall-a-2026/victory/bus/paddles/weekday-paddles#page=1.pdf,https://www4.septa.org/picking/pdf/fall-a-2026/victory/bus/trip-sheets/weekday-trip-sheets.pdf
Victory busWeekday2,2,Victory bus,1 of 2,3,Weekday,https://www4.septa.org/picking/pdf/fall-a-2026/victory/bus/paddles/weekday-paddles.pdf#page=3,https://www4.septa.org/picking/pdf/fall-a-2026/victory/bus/paddles/weekday-paddles#page=3.pdf,https://www4.septa.org/picking/pdf/fall-a-2026/victory/bus/trip-sheets/weekday-trip-sheets.pdf
Victory busWeekday3,3,Victory bus,1 of 3,5,Weekday,https://www4.septa.org/picking/pdf/fall-a-2026/victory/bus/paddles/weekday-paddles.pdf#page=5,https://www4.septa.org/picking/pdf/fall-a-2026/victory/bus/paddles/weekday-paddles#page=5.pdf,https://www4.septa.org/picking/pdf/fall-a-2026/victory/bus/trip-sheets/weekday-trip-sheets.pdf
Victory busWeekday4,4,Victory bus,1 of 2,8,Weekday,https://www4.septa.org/picking/pdf/fall-a-2026/victory/bus/paddles/weekday-paddles.pdf#page=8,https://www4.septa.org/picking/pdf/fall-a-2026/victory/bus/paddles/weekday-paddles#page=8.pdf,https://www4.septa.org/picking/pdf/fall-a-2026/victory/bus/trip-sheets/weekday-trip-sheets.pdf
Victory busWeekday5,5,Victory bus,1 of 2,10,Weekday,https://www4.septa.org/picking/pdf/fall-a-2026/victory/bus/paddles/weekday-paddles.pdf#page=10,https://www4.septa.org/picking/pdf/fall-a-2026/victory/bus/paddles/weekday-paddles#page=10.pdf,https://www4.septa.org/picking/pdf/fall-a-2026/victory/bus/trip-sheets/weekday-trip-sheets.pdf
Victory busWeekday6,6,Victory bus,1 of 3,12,Weekday,https://www4.septa.org/picking/pdf/fall-a-2026/victory/bus/paddles/weekday-paddles.pdf#page=12,https://www4.septa.org/picking/pdf/fall-a-2026/victory/bus/paddles/weekday-paddles#page=12.pdf,https://www4.septa.org/picking/pdf/fall-a-2026/victory/bus/trip-sheets/weekday-trip-sheets.pdf
Victory busWeekday7,7,Victory bus,1 of 2,15,Weekday,https://www4.septa.org/picking/pdf/fall-a-2026/victory/bus/paddles/weekday-paddles.pdf#page=15,https://www4.septa.org/picking/pdf/fall-a-2026/victory/bus/paddles/weekday-paddles#page=15.pdf,https://www4.septa.org/picking/pdf/fall-a-2026/victory/bus/trip-sheets/weekday-trip-sheets.pdf
Victory busWeekday26,26,Victory bus,1 of 2,17,Weekday,https://www4.septa.org/picking/pdf/fall-a-2026/victory/bus/paddles/weekday-paddles.pdf#page=17,https://www4.septa.org/picking/pdf/fall-a-2026/victory/bus/paddles/weekday-paddles#page=17.pdf,https://www4.septa.org/picking/pdf/fall-a-2026/victory/bus/trip-sheets/weekday-trip-sheets.pdf
Victory busWeekday27,27,Victory bus,1 of 2,19,Weekday,https://www4.septa.org/picking/pdf/fall-a-2026/victory/bus/paddles/weekday-paddles.pdf#page=19,https://www4.septa.org/picking/pdf/fall-a-2026/victory/bus/paddles/weekday-paddles#page=19.pdf,https://www4.septa.org/picking/pdf/fall-a-2026/victory/bus/trip-sheets/weekday-trip-sheets.pdf
Victory busWeekday28,28,Victory bus,1 of 2,21,Weekday,https://www4.septa.org/picking/pdf/fall-a-2026/victory/bus/paddles/weekday-paddles.pdf#page=21,https://www4.septa.org/picking/pdf/fall-a-2026/victory/bus/paddles/weekday-paddles#page=21.pdf,https://www4.septa.org/picking/pdf/fall-a-2026/victory/bus/trip-sheets/weekday-trip-sheets.pdf
Victory busWeekday29,29,Victory bus,1 of 2,23,Weekday,https://www4.septa.org/picking/pdf/fall-a-2026/victory/bus/paddles/weekday-paddles.pdf#page=23,https://www4.septa.org/picking/pdf/fall-a-2026/victory/bus/paddles/weekday-paddles#page=23.pdf,https://www4.septa.org/picking/pdf/fall-a-2026/victory/bus/trip-sheets/weekday-trip-sheets.pdf
Victory busWeekday30,30,Victory bus,1 of 2,25,Weekday,https://www4.septa.org/picking/pdf/fall-a-2026/victory/bus/paddles/weekday-paddles.pdf#page=25,https://www4.septa.org/picking/pdf/fall-a-2026/victory/bus/paddles/weekday-paddles#page=25.pdf,https://www4.septa.org/picking/pdf/fall-a-2026/victory/bus/trip-sheets/weekday-trip-sheets.pdf
Victory busWeekday31,31,Victory bus,1 of 3,27,Weekday,https://www4.septa.org/picking/pdf/fall-a-2026/victory/bus/paddles/weekday-paddles.pdf#page=27,https://www4.septa.org/picking/pdf/fall-a-2026/victory/bus/paddles/weekday-paddles#page=27.pdf,https://www4.septa.org/picking/pdf/fall-a-2026/victory/bus/trip-sheets/weekday-trip-sheets.pdf
Victory busWeekday32,32,Victory bus,1 of 2,30,Weekday,https://www4.septa.org/picking/pdf/fall-a-2026/victory/bus/paddles/weekday-paddles.pdf#page=30,https://www4.septa.org/picking/pdf/fall-a-2026/victory/bus/paddles/weekday-paddles#page=30.pdf,https://www4.septa.org/picking/pdf/fall-a-2026/victory/bus/trip-sheets/weekday-trip-sheets.pdf
Victory busWeekday33,33,Victory bus,1 of 2,32,Weekday,https://www4.septa.org/picking/pdf/fall-a-2026/victory/bus/paddles/weekday-paddles.pdf#page=32,https://www4.septa.org/picking/pdf/fall-a-2026/victory/bus/paddles/weekday-paddles#page=32.pdf,https://www4.septa.org/picking/pdf/fall-a-2026/victory/bus/trip-sheets/weekday-trip-sheets.pdf
Victory busWeekday34,34,Victory bus,1 of 3,34,Weekday,https://www4.septa.org/picking/pdf/fall-a-2026/victory/bus/paddles/weekday-paddles.pdf#page=34,https://www4.septa.org/picking/pdf/fall-a-2026/victory/bus/paddles/weekday-paddles#page=34.pdf,https://www4.septa.org/picking/pdf/fall-a-2026/victory/bus/trip-sheets/weekday-trip-sheets.pdf
Victory busWeekday35,35,Victory bus,1 of 2,37,Weekday,https://www4.septa.org/picking/pdf/fall-a-2026/victory/bus/paddles/weekday-paddles.pdf#page=37,https://www4.septa.org/picking/pdf/fall-a-2026/victory/bus/paddles/weekday-paddles#page=37.pdf,https://www4.septa.org/picking/pdf/fall-a-2026/victory/bus/trip-sheets/weekday-trip-sheets.pdf
Victory busWeekday36,36,Victory bus,1 of 2,39,Weekday,https://www4.septa.org/picking/pdf/fall-a-2026/victory/bus/paddles/weekday-paddles.pdf#page=39,https://www4.septa.org/picking/pdf/fall-a-2026/victory/bus/paddles/weekday-paddles#page=39.pdf,https://www4.septa.org/picking/pdf/fall-a-2026/victory/bus/trip-sheets/weekday-trip-sheets.pdf
Victory busWeekday37,37,Victory bus,1 of 2,41,Weekday,https://www4.septa.org/picking/pdf/fall-a-2026/victory/bus/paddles/weekday-paddles.pdf#page=41,https://www4.septa.org/picking/pdf/fall-a-2026/victory/bus/paddles/weekday-paddles#page=41.pdf,https://www4.septa.org/picking/pdf/fall-a-2026/victory/bus/trip-sheets/weekday-trip-sheets.pdf
Victory busWeekday38,38,Victory bus,1 of 2,43,Weekday,https://www4.septa.org/picking/pdf/fall-a-2026/victory/bus/paddles/weekday-paddles.pdf#page=43,https://www4.septa.org/picking/pdf/fall-a-2026/victory/bus/paddles/weekday-paddles#page=43.pdf,https://www4.septa.org/picking/pdf/fall-a-2026/victory/bus/trip-sheets/weekday-trip-sheets.pdf
Victory busWeekday39,39,Victory bus,1 of 2,45,Weekday,https://www4.septa.org/picking/pdf/fall-a-2026/victory/bus/paddles/weekday-paddles.pdf#page=45,https://www4.septa.org/picking/pdf/fall-a-2026/victory/bus/paddles/weekday-paddles#page=45.pdf,https://www4.septa.org/picking/pdf/fall-a-2026/victory/bus/trip-sheets/weekday-trip-sheets.pdf
Victory busWeekday40,40,Victory bus,1 of 2,47,Weekday,https://www4.septa.org/picking/pdf/fall-a-2026/victory/bus/paddles/weekday-paddles.pdf#page=47,https://www4.septa.org/picking/pdf/fall-a-2026/victory/bus/paddles/weekday-paddles#page=47.pdf,https://www4.septa.org/picking/pdf/fall-a-2026/victory/bus/trip-sheets/weekday-trip-sheets.pdf
Victory busWeekday76,76,Victory bus,1 of 2,49,Weekday,https://www4.septa.org/picking/pdf/fall-a-2026/victory/bus/paddles/weekday-paddles.pdf#page=49,https://www4.septa.org/picking/pdf/fall-a-2026/victory/bus/paddles/weekday-paddles#page=49.pdf,https://www4.septa.org/picking/pdf/fall-a-2026/victory/bus/trip-sheets/weekday-trip-sheets.pdf
Victory busWeekday77,77,Victory bus,1 of 2,51,Weekday,https://www4.septa.org/picking/pdf/fall-a-2026/victory/bus/paddles/weekday-paddles.pdf#page=51,https://www4.septa.org/picking/pdf/fall-a-2026/victory/bus/paddles/weekday-paddles#page=51.pdf,https://www4.septa.org/picking/pdf/fall-a-2026/victory/bus/trip-sheets/weekday-trip-sheets.pdf
Victory busWeekday78,78,Victory bus,1 of 2,53,Weekday,https://www4.septa.org/picking/pdf/fall-a-2026/victory/bus/paddles/weekday-paddles.pdf#page=53,https://www4.septa.org/picking/pdf/fall-a-2026/victory/bus/paddles/weekday-paddles#page=53.pdf,https://www4.septa.org/picking/pdf/fall-a-2026/victory/bus/trip-sheets/weekday-trip-sheets.pdf
Victory busWeekday79,79,Victory bus,1 of 2,55,Weekday,https://www4.septa.org/picking/pdf/fall-a-2026/victory/bus/paddles/weekday-paddles.pdf#page=55,https://www4.septa.org/picking/pdf/fall-a-2026/victory/bus/paddles/weekday-paddles#page=55.pdf,https://www4.septa.org/picking/pdf/fall-a-2026/victory/bus/trip-sheets/weekday-trip-sheets.pdf
Victory busWeekday80,80,Victory bus,1 of 2,57,Weekday,https://www4.septa.org/picking/pdf/fall-a-2026/victory/bus/paddles/weekday-paddles.pdf#page=57,https://www4.septa.org/picking/pdf/fall-a-2026/victory/bus/paddles/weekday-paddles#page=57.pdf,https://www4.septa.org/picking/pdf/fall-a-2026/victory/bus/trip-sheets/weekday-trip-sheets.pdf
Victory busWeekday81,81,Victory bus,1 of 2,59,Weekday,https://www4.septa.org/picking/pdf/fall-a-2026/victory/bus/paddles/weekday-paddles.pdf#page=59,https://www4.septa.org/picking/pdf/fall-a-2026/victory/bus/paddles/weekday-paddles#page=59.pdf,https://www4.septa.org/picking/pdf/fall-a-2026/victory/bus/trip-sheets/weekday-trip-sheets.pdf
Victory busWeekday82,82,Victory bus,1 of 2,61,Weekday,https://www4.septa.org/picking/pdf/fall-a-2026/victory/bus/paddles/weekday-paddles.pdf#page=61,https://www4.septa.org/picking/pdf/fall-a-2026/victory/bus/paddles/weekday-paddles#page=61.pdf,https://www4.septa.org/picking/pdf/fall-a-2026/victory/bus/trip-sheets/weekday-trip-sheets.pdf
Victory busWeekday126,126,Victory bus,1 of 2,63,Weekday,https://www4.septa.org/picking/pdf/fall-a-2026/victory/bus/paddles/weekday-paddles.pdf#page=63,https://www4.septa.org/picking/pdf/fall-a-2026/victory/bus/paddles/weekday-paddles#page=63.pdf,https://www4.septa.org/picking/pdf/fall-a-2026/victory/bus/trip-sheets/weekday-trip-sheets.pdf
Victory busWeekday127,127,Victory bus,1 of 3,65,Weekday,https://www4.septa.org/picking/pdf/fall-a-2026/victory/bus/paddles/weekday-paddles.pdf#page=65,https://www4.septa.org/picking/pdf/fall-a-2026/victory/bus/paddles/weekday-paddles#page=65.pdf,https://www4.septa.org/picking/pdf/fall-a-2026/victory/bus/trip-sheets/weekday-trip-sheets.pdf
Victory busWeekday128,128,Victory bus,1 of 3,68,Weekday,https://www4.septa.org/picking/pdf/fall-a-2026/victory/bus/paddles/weekday-paddles.pdf#page=68,https://www4.septa.org/picking/pdf/fall-a-2026/victory/bus/paddles/weekday-paddles#page=68.pdf,https://www4.septa.org/picking/pdf/fall-a-2026/victory/bus/trip-sheets/weekday-trip-sheets.pdf
Victory busWeekday129,129,Victory bus,1 of 3,71,Weekday,https://www4.septa.org/picking/pdf/fall-a-2026/victory/bus/paddles/weekday-paddles.pdf#page=71,https://www4.septa.org/picking/pdf/fall-a-2026/victory/bus/paddles/weekday-paddles#page=71.pdf,https://www4.septa.org/picking/pdf/fall-a-2026/victory/bus/trip-sheets/weekday-trip-sheets.pdf
Victory busWeekday130,130,Victory bus,1 of 3,74,Weekday,https://www4.septa.org/picking/pdf/fall-a-2026/victory/bus/paddles/weekday-paddles.pdf#page=74,https://www4.septa.org/picking/pdf/fall-a-2026/victory/bus/paddles/weekday-paddles#page=74.pdf,https://www4.septa.org/picking/pdf/fall-a-2026/victory/bus/trip-sheets/weekday-trip-sheets.pdf
Victory busWeekday131,131,Victory bus,1 of 2,77,Weekday,https://www4.septa.org/picking/pdf/fall-a-2026/victory/bus/paddles/weekday-paddles.pdf#page=77,https://www4.septa.org/picking/pdf/fall-a-2026/victory/bus/paddles/weekday-paddles#page=77.pdf,https://www4.septa.org/picking/pdf/fall-a-2026/victory/bus/trip-sheets/weekday-trip-sheets.pdf
Victory busWeekday132,132,Victory bus,1 of 1,79,Weekday,https://www4.septa.org/picking/pdf/fall-a-2026/victory/bus/paddles/weekday-paddles.pdf#page=79,https://www4.septa.org/picking/pdf/fall-a-2026/victory/bus/paddles/weekday-paddles#page=79.pdf,https://www4.septa.org/picking/pdf/fall-a-2026/victory/bus/trip-sheets/weekday-trip-sheets.pdf
Victory busWeekday133,133,Victory bus,1 of 1,80,Weekday,https://www4.septa.org/picking/pdf/fall-a-2026/victory/bus/paddles/weekday-paddles.pdf#page=80,https://www4.septa.org/picking/pdf/fall-a-2026/victory/bus/paddles/weekday-paddles#page=80.pdf,https://www4.septa.org/picking/pdf/fall-a-2026/victory/bus/trip-sheets/weekday-trip-sheets.pdf
Victory busWeekday134,134,Victory bus,1 of 1,81,Weekday,https://www4.septa.org/picking/pdf/fall-a-2026/victory/bus/paddles/weekday-paddles.pdf#page=81,https://www4.septa.org/picking/pdf/fall-a-2026/victory/bus/paddles/weekday-paddles#page=81.pdf,https://www4.septa.org/picking/pdf/fall-a-2026/victory/bus/trip-sheets/weekday-trip-sheets.pdf
Victory busWeekday135,135,Victory bus,1 of 1,82,Weekday,https://www4.septa.org/picking/pdf/fall-a-2026/victory/bus/paddles/weekday-paddles.pdf#page=82,https://www4.septa.org/picking/pdf/fall-a-2026/victory/bus/paddles/weekday-paddles#page=82.pdf,https://www4.septa.org/picking/pdf/fall-a-2026/victory/bus/trip-sheets/weekday-trip-sheets.pdf
Victory busWeekday136,136,Victory bus,1 of 1,83,Weekday,https://www4.septa.org/picking/pdf/fall-a-2026/victory/bus/paddles/weekday-paddles.pdf#page=83,https://www4.septa.org/picking/pdf/fall-a-2026/victory/bus/paddles/weekday-paddles#page=83.pdf,https://www4.septa.org/picking/pdf/fall-a-2026/victory/bus/trip-sheets/weekday-trip-sheets.pdf
Victory busWeekday137,137,Victory bus,1 of 1,84,Weekday,https://www4.septa.org/picking/pdf/fall-a-2026/victory/bus/paddles/weekday-paddles.pdf#page=84,https://www4.septa.org/picking/pdf/fall-a-2026/victory/bus/paddles/weekday-paddles#page=84.pdf,https://www4.septa.org/picking/pdf/fall-a-2026/victory/bus/trip-sheets/weekday-trip-sheets.pdf
Victory busWeekday151,151,Victory bus,1 of 3,85,Weekday,https://www4.septa.org/picking/pdf/fall-a-2026/victory/bus/paddles/weekday-paddles.pdf#page=85,https://www4.septa.org/picking/pdf/fall-a-2026/victory/bus/paddles/weekday-paddles#page=85.pdf,https://www4.septa.org/picking/pdf/fall-a-2026/victory/bus/trip-sheets/weekday-trip-sheets.pdf
Victory busWeekday152,152,Victory bus,1 of 6,88,Weekday,https://www4.septa.org/picking/pdf/fall-a-2026/victory/bus/paddles/weekday-paddles.pdf#page=88,https://www4.septa.org/picking/pdf/fall-a-2026/victory/bus/paddles/weekday-paddles#page=88.pdf,https://www4.septa.org/picking/pdf/fall-a-2026/victory/bus/trip-sheets/weekday-trip-sheets.pdf
Victory busWeekday153,153,Victory bus,1 of 3,94,Weekday,https://www4.septa.org/picking/pdf/fall-a-2026/victory/bus/paddles/weekday-paddles.pdf#page=94,https://www4.septa.org/picking/pdf/fall-a-2026/victory/bus/paddles/weekday-paddles#page=94.pdf,https://www4.septa.org/picking/pdf/fall-a-2026/victory/bus/trip-sheets/weekday-trip-sheets.pdf
Victory busWeekday154,154,Victory bus,1 of 3,97,Weekday,https://www4.septa.org/picking/pdf/fall-a-2026/victory/bus/paddles/weekday-paddles.pdf#page=97,https://www4.septa.org/picking/pdf/fall-a-2026/victory/bus/paddles/weekday-paddles#page=97.pdf,https://www4.septa.org/picking/pdf/fall-a-2026/victory/bus/trip-sheets/weekday-trip-sheets.pdf
Victory busWeekday155,155,Victory bus,1 of 2,100,Weekday,https://www4.septa.org/picking/pdf/fall-a-2026/victory/bus/paddles/weekday-paddles.pdf#page=100,https://www4.septa.org/picking/pdf/fall-a-2026/victory/bus/paddles/weekday-paddles#page=100.pdf,https://www4.septa.org/picking/pdf/fall-a-2026/victory/bus/trip-sheets/weekday-trip-sheets.pdf
Victory busWeekday156,156,Victory bus,1 of 3,102,Weekday,https://www4.septa.org/picking/pdf/fall-a-2026/victory/bus/paddles/weekday-paddles.pdf#page=102,https://www4.septa.org/picking/pdf/fall-a-2026/victory/bus/paddles/weekday-paddles#page=102.pdf,https://www4.septa.org/picking/pdf/fall-a-2026/victory/bus/trip-sheets/weekday-trip-sheets.pdf
Victory busWeekday157,157,Victory bus,1 of 2,105,Weekday,https://www4.septa.org/picking/pdf/fall-a-2026/victory/bus/paddles/weekday-paddles.pdf#page=105,https://www4.septa.org/picking/pdf/fall-a-2026/victory/bus/paddles/weekday-paddles#page=105.pdf,https://www4.septa.org/picking/pdf/fall-a-2026/victory/bus/trip-sheets/weekday-trip-sheets.pdf
Victory busWeekday158,158,Victory bus,1 of 3,107,Weekday,https://www4.septa.org/picking/pdf/fall-a-2026/victory/bus/paddles/weekday-paddles.pdf#page=107,https://www4.septa.org/picking/pdf/fall-a-2026/victory/bus/paddles/weekday-paddles#page=107.pdf,https://www4.septa.org/picking/pdf/fall-a-2026/victory/bus/trip-sheets/weekday-trip-sheets.pdf
Victory busWeekday159,159,Victory bus,1 of 2,110,Weekday,https://www4.septa.org/picking/pdf/fall-a-2026/victory/bus/paddles/weekday-paddles.pdf#page=110,https://www4.septa.org/picking/pdf/fall-a-2026/victory/bus/paddles/weekday-paddles#page=110.pdf,https://www4.septa.org/picking/pdf/fall-a-2026/victory/bus/trip-sheets/weekday-trip-sheets.pdf
Victory busWeekday160,160,Victory bus,1 of 3,112,Weekday,https://www4.septa.org/picking/pdf/fall-a-2026/victory/bus/paddles/weekday-paddles.pdf#page=112,https://www4.septa.org/picking/pdf/fall-a-2026/victory/bus/paddles/weekday-paddles#page=112.pdf,https://www4.septa.org/picking/pdf/fall-a-2026/victory/bus/trip-sheets/weekday-trip-sheets.pdf
Victory busWeekday161,161,Victory bus,1 of 3,115,Weekday,https://www4.septa.org/picking/pdf/fall-a-2026/victory/bus/paddles/weekday-paddles.pdf#page=115,https://www4.septa.org/picking/pdf/fall-a-2026/victory/bus/paddles/weekday-paddles#page=115.pdf,https://www4.septa.org/picking/pdf/fall-a-2026/victory/bus/trip-sheets/weekday-trip-sheets.pdf
Victory busWeekday162,162,Victory bus,1 of 3,118,Weekday,https://www4.septa.org/picking/pdf/fall-a-2026/victory/bus/paddles/weekday-paddles.pdf#page=118,https://www4.septa.org/picking/pdf/fall-a-2026/victory/bus/paddles/weekday-paddles#page=118.pdf,https://www4.septa.org/picking/pdf/fall-a-2026/victory/bus/trip-sheets/weekday-trip-sheets.pdf
Victory busWeekday163,163,Victory bus,1 of 2,121,Weekday,https://www4.septa.org/picking/pdf/fall-a-2026/victory/bus/paddles/weekday-paddles.pdf#page=121,https://www4.septa.org/picking/pdf/fall-a-2026/victory/bus/paddles/weekday-paddles#page=121.pdf,https://www4.septa.org/picking/pdf/fall-a-2026/victory/bus/trip-sheets/weekday-trip-sheets.pdf
Victory busWeekday164,164,Victory bus,1 of 3,123,Weekday,https://www4.septa.org/picking/pdf/fall-a-2026/victory/bus/paddles/weekday-paddles.pdf#page=123,https://www4.septa.org/picking/pdf/fall-a-2026/victory/bus/paddles/weekday-paddles#page=123.pdf,https://www4.septa.org/picking/pdf/fall-a-2026/victory/bus/trip-sheets/weekday-trip-sheets.pdf
Victory busWeekday165,165,Victory bus,1 of 2,126,Weekday,https://www4.septa.org/picking/pdf/fall-a-2026/victory/bus/paddles/weekday-paddles.pdf#page=126,https://www4.septa.org/picking/pdf/fall-a-2026/victory/bus/paddles/weekday-paddles#page=126.pdf,https://www4.septa.org/picking/pdf/fall-a-2026/victory/bus/trip-sheets/weekday-trip-sheets.pdf
Victory busWeekday176,176,Victory bus,1 of 2,128,Weekday,https://www4.septa.org/picking/pdf/fall-a-2026/victory/bus/paddles/weekday-paddles.pdf#page=128,https://www4.septa.org/picking/pdf/fall-a-2026/victory/bus/paddles/weekday-paddles#page=128.pdf,https://www4.septa.org/picking/pdf/fall-a-2026/victory/bus/trip-sheets/weekday-trip-sheets.pdf
Victory busWeekday177,177,Victory bus,1 of 2,130,Weekday,https://www4.septa.org/picking/pdf/fall-a-2026/victory/bus/paddles/weekday-paddles.pdf#page=130,https://www4.septa.org/picking/pdf/fall-a-2026/victory/bus/paddles/weekday-paddles#page=130.pdf,https://www4.septa.org/picking/pdf/fall-a-2026/victory/bus/trip-sheets/weekday-trip-sheets.pdf
Victory busWeekday178,178,Victory bus,1 of 2,132,Weekday,https://www4.septa.org/picking/pdf/fall-a-2026/victory/bus/paddles/weekday-paddles.pdf#page=132,https://www4.septa.org/picking/pdf/fall-a-2026/victory/bus/paddles/weekday-paddles#page=132.pdf,https://www4.septa.org/picking/pdf/fall-a-2026/victory/bus/trip-sheets/weekday-trip-sheets.pdf
Victory busWeekday179,179,Victory bus,1 of 2,134,Weekday,https://www4.septa.org/picking/pdf/fall-a-2026/victory/bus/paddles/weekday-paddles.pdf#page=134,https://www4.septa.org/picking/pdf/fall-a-2026/victory/bus/paddles/weekday-paddles#page=134.pdf,https://www4.septa.org/picking/pdf/fall-a-2026/victory/bus/trip-sheets/weekday-trip-sheets.pdf
Victory busWeekday180,180,Victory bus,1 of 2,136,Weekday,https://www4.septa.org/picking/pdf/fall-a-2026/victory/bus/paddles/weekday-paddles.pdf#page=136,https://www4.septa.org/picking/pdf/fall-a-2026/victory/bus/paddles/weekday-paddles#page=136.pdf,https://www4.septa.org/picking/pdf/fall-a-2026/victory/bus/trip-sheets/weekday-trip-sheets.pdf
Victory busWeekday181,181,Victory bus,1 of 2,138,Weekday,https://www4.septa.org/picking/pdf/fall-a-2026/victory/bus/paddles/weekday-paddles.pdf#page=138,https://www4.septa.org/picking/pdf/fall-a-2026/victory/bus/paddles/weekday-paddles#page=138.pdf,https://www4.septa.org/picking/pdf/fall-a-2026/victory/bus/trip-sheets/weekday-trip-sheets.pdf
Victory busWeekday182,182,Victory bus,1 of 2,140,Weekday,https://www4.septa.org/picking/pdf/fall-a-2026/victory/bus/paddles/weekday-paddles.pdf#page=140,https://www4.septa.org/picking/pdf/fall-a-2026/victory/bus/paddles/weekday-paddles#page=140.pdf,https://www4.septa.org/picking/pdf/fall-a-2026/victory/bus/trip-sheets/weekday-trip-sheets.pdf
Victory busWeekday183,183,Victory bus,1 of 2,142,Weekday,https://www4.septa.org/picking/pdf/fall-a-2026/victory/bus/paddles/weekday-paddles.pdf#page=142,https://www4.septa.org/picking/pdf/fall-a-2026/victory/bus/paddles/weekday-paddles#page=142.pdf,https://www4.septa.org/picking/pdf/fall-a-2026/victory/bus/trip-sheets/weekday-trip-sheets.pdf
Victory busWeekday184,184,Victory bus,1 of 2,144,Weekday,https://www4.septa.org/picking/pdf/fall-a-2026/victory/bus/paddles/weekday-paddles.pdf#page=144,https://www4.septa.org/picking/pdf/fall-a-2026/victory/bus/paddles/weekday-paddles#page=144.pdf,https://www4.septa.org/picking/pdf/fall-a-2026/victory/bus/trip-sheets/weekday-trip-sheets.pdf
Victory busWeekday185,185,Victory bus,1 of 2,146,Weekday,https://www4.septa.org/picking/pdf/fall-a-2026/victory/bus/paddles/weekday-paddles.pdf#page=146,https://www4.septa.org/picking/pdf/fall-a-2026/victory/bus/paddles/weekday-paddles#page=146.pdf,https://www4.septa.org/picking/pdf/fall-a-2026/victory/bus/trip-sheets/weekday-trip-sheets.pdf
Victory busWeekday186,186,Victory bus,1 of 2,148,Weekday,https://www4.septa.org/picking/pdf/fall-a-2026/victory/bus/paddles/weekday-paddles.pdf#page=148,https://www4.septa.org/picking/pdf/fall-a-2026/victory/bus/paddles/weekday-paddles#page=148.pdf,https://www4.septa.org/picking/pdf/fall-a-2026/victory/bus/trip-sheets/weekday-trip-sheets.pdf
Victory busWeekday187,187,Victory bus,1 of 2,150,Weekday,https://www4.septa.org/picking/pdf/fall-a-2026/victory/bus/paddles/weekday-paddles.pdf#page=150,https://www4.septa.org/picking/pdf/fall-a-2026/victory/bus/paddles/weekday-paddles#page=150.pdf,https://www4.septa.org/picking/pdf/fall-a-2026/victory/bus/trip-sheets/weekday-trip-sheets.pdf
Victory busWeekday201,201,Victory bus,1 of 3,152,Weekday,https://www4.septa.org/picking/pdf/fall-a-2026/victory/bus/paddles/weekday-paddles.pdf#page=152,https://www4.septa.org/picking/pdf/fall-a-2026/victory/bus/paddles/weekday-paddles#page=152.pdf,https://www4.septa.org/picking/pdf/fall-a-2026/victory/bus/trip-sheets/weekday-trip-sheets.pdf
Victory busWeekday202,202,Victory bus,1 of 2,155,Weekday,https://www4.septa.org/picking/pdf/fall-a-2026/victory/bus/paddles/weekday-paddles.pdf#page=155,https://www4.septa.org/picking/pdf/fall-a-2026/victory/bus/paddles/weekday-paddles#page=155.pdf,https://www4.septa.org/picking/pdf/fall-a-2026/victory/bus/trip-sheets/weekday-trip-sheets.pdf
Victory busWeekday203,203,Victory bus,1 of 3,157,Weekday,https://www4.septa.org/picking/pdf/fall-a-2026/victory/bus/paddles/weekday-paddles.pdf#page=157,https://www4.septa.org/picking/pdf/fall-a-2026/victory/bus/paddles/weekday-paddles#page=157.pdf,https://www4.septa.org/picking/pdf/fall-a-2026/victory/bus/trip-sheets/weekday-trip-sheets.pdf
Victory busWeekday204,204,Victory bus,1 of 2,160,Weekday,https://www4.septa.org/picking/pdf/fall-a-2026/victory/bus/paddles/weekday-paddles.pdf#page=160,https://www4.septa.org/picking/pdf/fall-a-2026/victory/bus/paddles/weekday-paddles#page=160.pdf,https://www4.septa.org/picking/pdf/fall-a-2026/victory/bus/trip-sheets/weekday-trip-sheets.pdf
Victory busWeekday205,205,Victory bus,1 of 3,162,Weekday,https://www4.septa.org/picking/pdf/fall-a-2026/victory/bus/paddles/weekday-paddles.pdf#page=162,https://www4.septa.org/picking/pdf/fall-a-2026/victory/bus/paddles/weekday-paddles#page=162.pdf,https://www4.septa.org/picking/pdf/fall-a-2026/victory/bus/trip-sheets/weekday-trip-sheets.pdf
Victory busWeekday206,206,Victory bus,1 of 3,165,Weekday,https://www4.septa.org/picking/pdf/fall-a-2026/victory/bus/paddles/weekday-paddles.pdf#page=165,https://www4.septa.org/picking/pdf/fall-a-2026/victory/bus/paddles/weekday-paddles#page=165.pdf,https://www4.septa.org/picking/pdf/fall-a-2026/victory/bus/trip-sheets/weekday-trip-sheets.pdf
Victory busWeekday207,207,Victory bus,1 of 2,168,Weekday,https://www4.septa.org/picking/pdf/fall-a-2026/victory/bus/paddles/weekday-paddles.pdf#page=168,https://www4.septa.org/picking/pdf/fall-a-2026/victory/bus/paddles/weekday-paddles#page=168.pdf,https://www4.septa.org/picking/pdf/fall-a-2026/victory/bus/trip-sheets/weekday-trip-sheets.pdf
Victory busWeekday208,208,Victory bus,1 of 2,170,Weekday,https://www4.septa.org/picking/pdf/fall-a-2026/victory/bus/paddles/weekday-paddles.pdf#page=170,https://www4.septa.org/picking/pdf/fall-a-2026/victory/bus/paddles/weekday-paddles#page=170.pdf,https://www4.septa.org/picking/pdf/fall-a-2026/victory/bus/trip-sheets/weekday-trip-sheets.pdf
Victory busWeekday209,209,Victory bus,1 of 3,172,Weekday,https://www4.septa.org/picking/pdf/fall-a-2026/victory/bus/paddles/weekday-paddles.pdf#page=172,https://www4.septa.org/picking/pdf/fall-a-2026/victory/bus/paddles/weekday-paddles#page=172.pdf,https://www4.septa.org/picking/pdf/fall-a-2026/victory/bus/trip-sheets/weekday-trip-sheets.pdf
Victory busWeekday210,210,Victory bus,1 of 3,175,Weekday,https://www4.septa.org/picking/pdf/fall-a-2026/victory/bus/paddles/weekday-paddles.pdf#page=175,https://www4.septa.org/picking/pdf/fall-a-2026/victory/bus/paddles/weekday-paddles#page=175.pdf,https://www4.septa.org/picking/pdf/fall-a-2026/victory/bus/trip-sheets/weekday-trip-sheets.pdf
Victory busWeekday211,211,Victory bus,1 of 3,178,Weekday,https://www4.septa.org/picking/pdf/fall-a-2026/victory/bus/paddles/weekday-paddles.pdf#page=178,https://www4.septa.org/picking/pdf/fall-a-2026/victory/bus/paddles/weekday-paddles#page=178.pdf,https://www4.septa.org/picking/pdf/fall-a-2026/victory/bus/trip-sheets/weekday-trip-sheets.pdf
Victory busWeekday212,212,Victory bus,1 of 3,181,Weekday,https://www4.septa.org/picking/pdf/fall-a-2026/victory/bus/paddles/weekday-paddles.pdf#page=181,https://www4.septa.org/picking/pdf/fall-a-2026/victory/bus/paddles/weekday-paddles#page=181.pdf,https://www4.septa.org/picking/pdf/fall-a-2026/victory/bus/trip-sheets/weekday-trip-sheets.pdf
Victory busWeekday213,213,Victory bus,1 of 3,184,Weekday,https://www4.septa.org/picking/pdf/fall-a-2026/victory/bus/paddles/weekday-paddles.pdf#page=184,https://www4.septa.org/picking/pdf/fall-a-2026/victory/bus/paddles/weekday-paddles#page=184.pdf,https://www4.septa.org/picking/pdf/fall-a-2026/victory/bus/trip-sheets/weekday-trip-sheets.pdf
Victory busWeekday214,214,Victory bus,1 of 2,187,Weekday,https://www4.septa.org/picking/pdf/fall-a-2026/victory/bus/paddles/weekday-paddles.pdf#page=187,https://www4.septa.org/picking/pdf/fall-a-2026/victory/bus/paddles/weekday-paddles#page=187.pdf,https://www4.septa.org/picking/pdf/fall-a-2026/victory/bus/trip-sheets/weekday-trip-sheets.pdf
Victory busWeekday215,215,Victory bus,1 of 1,189,Weekday,https://www4.septa.org/picking/pdf/fall-a-2026/victory/bus/paddles/weekday-paddles.pdf#page=189,https://www4.septa.org/picking/pdf/fall-a-2026/victory/bus/paddles/weekday-paddles#page=189.pdf,https://www4.septa.org/picking/pdf/fall-a-2026/victory/bus/trip-sheets/weekday-trip-sheets.pdf
Victory busWeekday216,216,Victory bus,1 of 1,190,Weekday,https://www4.septa.org/picking/pdf/fall-a-2026/victory/bus/paddles/weekday-paddles.pdf#page=190,https://www4.septa.org/picking/pdf/fall-a-2026/victory/bus/paddles/weekday-paddles#page=190.pdf,https://www4.septa.org/picking/pdf/fall-a-2026/victory/bus/trip-sheets/weekday-trip-sheets.pdf
Victory busWeekday217,217,Victory bus,1 of 1,191,Weekday,https://www4.septa.org/picking/pdf/fall-a-2026/victory/bus/paddles/weekday-paddles.pdf#page=191,https://www4.septa.org/picking/pdf/fall-a-2026/victory/bus/paddles/weekday-paddles#page=191.pdf,https://www4.septa.org/picking/pdf/fall-a-2026/victory/bus/trip-sheets/weekday-trip-sheets.pdf
Victory busWeekday226,226,Victory bus,1 of 2,192,Weekday,https://www4.septa.org/picking/pdf/fall-a-2026/victory/bus/paddles/weekday-paddles.pdf#page=192,https://www4.septa.org/picking/pdf/fall-a-2026/victory/bus/paddles/weekday-paddles#page=192.pdf,https://www4.septa.org/picking/pdf/fall-a-2026/victory/bus/trip-sheets/weekday-trip-sheets.pdf
Victory busWeekday227,227,Victory bus,1 of 3,194,Weekday,https://www4.septa.org/picking/pdf/fall-a-2026/victory/bus/paddles/weekday-paddles.pdf#page=194,https://www4.septa.org/picking/pdf/fall-a-2026/victory/bus/paddles/weekday-paddles#page=194.pdf,https://www4.septa.org/picking/pdf/fall-a-2026/victory/bus/trip-sheets/weekday-trip-sheets.pdf
Victory busWeekday228,228,Victory bus,1 of 3,197,Weekday,https://www4.septa.org/picking/pdf/fall-a-2026/victory/bus/paddles/weekday-paddles.pdf#page=197,https://www4.septa.org/picking/pdf/fall-a-2026/victory/bus/paddles/weekday-paddles#page=197.pdf,https://www4.septa.org/picking/pdf/fall-a-2026/victory/bus/trip-sheets/weekday-trip-sheets.pdf
Victory busWeekday229,229,Victory bus,1 of 4,200,Weekday,https://www4.septa.org/picking/pdf/fall-a-2026/victory/bus/paddles/weekday-paddles.pdf#page=200,https://www4.septa.org/picking/pdf/fall-a-2026/victory/bus/paddles/weekday-paddles#page=200.pdf,https://www4.septa.org/picking/pdf/fall-a-2026/victory/bus/trip-sheets/weekday-trip-sheets.pdf
Victory busWeekday230,230,Victory bus,1 of 3,204,Weekday,https://www4.septa.org/picking/pdf/fall-a-2026/victory/bus/paddles/weekday-paddles.pdf#page=204,https://www4.septa.org/picking/pdf/fall-a-2026/victory/bus/paddles/weekday-paddles#page=204.pdf,https://www4.septa.org/picking/pdf/fall-a-2026/victory/bus/trip-sheets/weekday-trip-sheets.pdf
Victory busWeekday231,231,Victory bus,1 of 3,207,Weekday,https://www4.septa.org/picking/pdf/fall-a-2026/victory/bus/paddles/weekday-paddles.pdf#page=207,https://www4.septa.org/picking/pdf/fall-a-2026/victory/bus/paddles/weekday-paddles#page=207.pdf,https://www4.septa.org/picking/pdf/fall-a-2026/victory/bus/trip-sheets/weekday-trip-sheets.pdf
Victory busWeekday232,232,Victory bus,1 of 2,210,Weekday,https://www4.septa.org/picking/pdf/fall-a-2026/victory/bus/paddles/weekday-paddles.pdf#page=210,https://www4.septa.org/picking/pdf/fall-a-2026/victory/bus/paddles/weekday-paddles#page=210.pdf,https://www4.septa.org/picking/pdf/fall-a-2026/victory/bus/trip-sheets/weekday-trip-sheets.pdf
Victory busWeekday233,233,Victory bus,1 of 3,212,Weekday,https://www4.septa.org/picking/pdf/fall-a-2026/victory/bus/paddles/weekday-paddles.pdf#page=212,https://www4.septa.org/picking/pdf/fall-a-2026/victory/bus/paddles/weekday-paddles#page=212.pdf,https://www4.septa.org/picking/pdf/fall-a-2026/victory/bus/trip-sheets/weekday-trip-sheets.pdf
Victory busWeekday234,234,Victory bus,1 of 3,215,Weekday,https://www4.septa.org/picking/pdf/fall-a-2026/victory/bus/paddles/weekday-paddles.pdf#page=215,https://www4.septa.org/picking/pdf/fall-a-2026/victory/bus/paddles/weekday-paddles#page=215.pdf,https://www4.septa.org/picking/pdf/fall-a-2026/victory/bus/trip-sheets/weekday-trip-sheets.pdf
Victory busWeekday235,235,Victory bus,1 of 3,218,Weekday,https://www4.septa.org/picking/pdf/fall-a-2026/victory/bus/paddles/weekday-paddles.pdf#page=218,https://www4.septa.org/picking/pdf/fall-a-2026/victory/bus/paddles/weekday-paddles#page=218.pdf,https://www4.septa.org/picking/pdf/fall-a-2026/victory/bus/trip-sheets/weekday-trip-sheets.pdf
Victory busWeekday251,251,Victory bus,1 of 2,221,Weekday,https://www4.septa.org/picking/pdf/fall-a-2026/victory/bus/paddles/weekday-paddles.pdf#page=221,https://www4.septa.org/picking/pdf/fall-a-2026/victory/bus/paddles/weekday-paddles#page=221.pdf,https://www4.septa.org/picking/pdf/fall-a-2026/victory/bus/trip-sheets/weekday-trip-sheets.pdf
Victory busWeekday252,252,Victory bus,1 of 2,223,Weekday,https://www4.septa.org/picking/pdf/fall-a-2026/victory/bus/paddles/weekday-paddles.pdf#page=223,https://www4.septa.org/picking/pdf/fall-a-2026/victory/bus/paddles/weekday-paddles#page=223.pdf,https://www4.septa.org/picking/pdf/fall-a-2026/victory/bus/trip-sheets/weekday-trip-sheets.pdf
Victory busWeekday253,253,Victory bus,1 of 4,225,Weekday,https://www4.septa.org/picking/pdf/fall-a-2026/victory/bus/paddles/weekday-paddles.pdf#page=225,https://www4.septa.org/picking/pdf/fall-a-2026/victory/bus/paddles/weekday-paddles#page=225.pdf,https://www4.septa.org/picking/pdf/fall-a-2026/victory/bus/trip-sheets/weekday-trip-sheets.pdf
Victory busWeekday254,254,Victory bus,1 of 2,229,Weekday,https://www4.septa.org/picking/pdf/fall-a-2026/victory/bus/paddles/weekday-paddles.pdf#page=229,https://www4.septa.org/picking/pdf/fall-a-2026/victory/bus/paddles/weekday-paddles#page=229.pdf,https://www4.septa.org/picking/pdf/fall-a-2026/victory/bus/trip-sheets/weekday-trip-sheets.pdf
Victory busWeekday255,255,Victory bus,1 of 2,231,Weekday,https://www4.septa.org/picking/pdf/fall-a-2026/victory/bus/paddles/weekday-paddles.pdf#page=231,https://www4.septa.org/picking/pdf/fall-a-2026/victory/bus/paddles/weekday-paddles#page=231.pdf,https://www4.septa.org/picking/pdf/fall-a-2026/victory/bus/trip-sheets/weekday-trip-sheets.pdf
Victory busWeekday256,256,Victory bus,1 of 3,233,Weekday,https://www4.septa.org/picking/pdf/fall-a-2026/victory/bus/paddles/weekday-paddles.pdf#page=233,https://www4.septa.org/picking/pdf/fall-a-2026/victory/bus/paddles/weekday-paddles#page=233.pdf,https://www4.septa.org/picking/pdf/fall-a-2026/victory/bus/trip-sheets/weekday-trip-sheets.pdf
Victory busWeekday276,276,Victory bus,1 of 3,236,Weekday,https://www4.septa.org/picking/pdf/fall-a-2026/victory/bus/paddles/weekday-paddles.pdf#page=236,https://www4.septa.org/picking/pdf/fall-a-2026/victory/bus/paddles/weekday-paddles#page=236.pdf,https://www4.septa.org/picking/pdf/fall-a-2026/victory/bus/trip-sheets/weekday-trip-sheets.pdf
Victory busWeekday277,277,Victory bus,1 of 3,239,Weekday,https://www4.septa.org/picking/pdf/fall-a-2026/victory/bus/paddles/weekday-paddles.pdf#page=239,https://www4.septa.org/picking/pdf/fall-a-2026/victory/bus/paddles/weekday-paddles#page=239.pdf,https://www4.septa.org/picking/pdf/fall-a-2026/victory/bus/trip-sheets/weekday-trip-sheets.pdf
Victory busWeekday278,278,Victory bus,1 of 2,242,Weekday,https://www4.septa.org/picking/pdf/fall-a-2026/victory/bus/paddles/weekday-paddles.pdf#page=242,https://www4.septa.org/picking/pdf/fall-a-2026/victory/bus/paddles/weekday-paddles#page=242.pdf,https://www4.septa.org/picking/pdf/fall-a-2026/victory/bus/trip-sheets/weekday-trip-sheets.pdf
Victory busWeekday279,279,Victory bus,1 of 2,244,Weekday,https://www4.septa.org/picking/pdf/fall-a-2026/victory/bus/paddles/weekday-paddles.pdf#page=244,https://www4.septa.org/picking/pdf/fall-a-2026/victory/bus/paddles/weekday-paddles#page=244.pdf,https://www4.septa.org/picking/pdf/fall-a-2026/victory/bus/trip-sheets/weekday-trip-sheets.pdf
Victory busWeekday280,280,Victory bus,1 of 2,246,Weekday,https://www4.septa.org/picking/pdf/fall-a-2026/victory/bus/paddles/weekday-paddles.pdf#page=246,https://www4.septa.org/picking/pdf/fall-a-2026/victory/bus/paddles/weekday-paddles#page=246.pdf,https://www4.septa.org/picking/pdf/fall-a-2026/victory/bus/trip-sheets/weekday-trip-sheets.pdf
Victory busWeekday281,281,Victory bus,1 of 2,248,Weekday,https://www4.septa.org/picking/pdf/fall-a-2026/victory/bus/paddles/weekday-paddles.pdf#page=248,https://www4.septa.org/picking/pdf/fall-a-2026/victory/bus/paddles/weekday-paddles#page=248.pdf,https://www4.septa.org/picking/pdf/fall-a-2026/victory/bus/trip-sheets/weekday-trip-sheets.pdf
Victory busWeekday282,282,Victory bus,1 of 2,250,Weekday,https://www4.septa.org/picking/pdf/fall-a-2026/victory/bus/paddles/weekday-paddles.pdf#page=250,https://www4.septa.org/picking/pdf/fall-a-2026/victory/bus/paddles/weekday-paddles#page=250.pdf,https://www4.septa.org/picking/pdf/fall-a-2026/victory/bus/trip-sheets/weekday-trip-sheets.pdf
Victory busWeekday283,283,Victory bus,1 of 2,252,Weekday,https://www4.septa.org/picking/pdf/fall-a-2026/victory/bus/paddles/weekday-paddles.pdf#page=252,https://www4.septa.org/picking/pdf/fall-a-2026/victory/bus/paddles/weekday-paddles#page=252.pdf,https://www4.septa.org/picking/pdf/fall-a-2026/victory/bus/trip-sheets/weekday-trip-sheets.pdf
Victory busWeekday284,284,Victory bus,1 of 3,254,Weekday,https://www4.septa.org/picking/pdf/fall-a-2026/victory/bus/paddles/weekday-paddles.pdf#page=254,https://www4.septa.org/picking/pdf/fall-a-2026/victory/bus/paddles/weekday-paddles#page=254.pdf,https://www4.septa.org/picking/pdf/fall-a-2026/victory/bus/trip-sheets/weekday-trip-sheets.pdf
Victory busWeekday285,285,Victory bus,1 of 3,257,Weekday,https://www4.septa.org/picking/pdf/fall-a-2026/victory/bus/paddles/weekday-paddles.pdf#page=257,https://www4.septa.org/picking/pdf/fall-a-2026/victory/bus/paddles/weekday-paddles#page=257.pdf,https://www4.septa.org/picking/pdf/fall-a-2026/victory/bus/trip-sheets/weekday-trip-sheets.pdf
Victory busWeekday286,286,Victory bus,1 of 2,260,Weekday,https://www4.septa.org/picking/pdf/fall-a-2026/victory/bus/paddles/weekday-paddles.pdf#page=260,https://www4.septa.org/picking/pdf/fall-a-2026/victory/bus/paddles/weekday-paddles#page=260.pdf,https://www4.septa.org/picking/pdf/fall-a-2026/victory/bus/trip-sheets/weekday-trip-sheets.pdf
Victory busWeekday287,287,Victory bus,1 of 2,262,Weekday,https://www4.septa.org/picking/pdf/fall-a-2026/victory/bus/paddles/weekday-paddles.pdf#page=262,https://www4.septa.org/picking/pdf/fall-a-2026/victory/bus/paddles/weekday-paddles#page=262.pdf,https://www4.septa.org/picking/pdf/fall-a-2026/victory/bus/trip-sheets/weekday-trip-sheets.pdf
Victory busWeekday288,288,Victory bus,1 of 2,264,Weekday,https://www4.septa.org/picking/pdf/fall-a-2026/victory/bus/paddles/weekday-paddles.pdf#page=264,https://www4.septa.org/picking/pdf/fall-a-2026/victory/bus/paddles/weekday-paddles#page=264.pdf,https://www4.septa.org/picking/pdf/fall-a-2026/victory/bus/trip-sheets/weekday-trip-sheets.pdf
Victory busWeekday289,289,Victory bus,1 of 2,266,Weekday,https://www4.septa.org/picking/pdf/fall-a-2026/victory/bus/paddles/weekday-paddles.pdf#page=266,https://www4.septa.org/picking/pdf/fall-a-2026/victory/bus/paddles/weekday-paddles#page=266.pdf,https://www4.septa.org/picking/pdf/fall-a-2026/victory/bus/trip-sheets/weekday-trip-sheets.pdf
Victory busWeekday290,290,Victory bus,1 of 2,268,Weekday,https://www4.septa.org/picking/pdf/fall-a-2026/victory/bus/paddles/weekday-paddles.pdf#page=268,https://www4.septa.org/picking/pdf/fall-a-2026/victory/bus/paddles/weekday-paddles#page=268.pdf,https://www4.septa.org/picking/pdf/fall-a-2026/victory/bus/trip-sheets/weekday-trip-sheets.pdf
Victory busWeekday291,291,Victory bus,1 of 2,270,Weekday,https://www4.septa.org/picking/pdf/fall-a-2026/victory/bus/paddles/weekday-paddles.pdf#page=270,https://www4.septa.org/picking/pdf/fall-a-2026/victory/bus/paddles/weekday-paddles#page=270.pdf,https://www4.septa.org/picking/pdf/fall-a-2026/victory/bus/trip-sheets/weekday-trip-sheets.pdf
Victory busWeekday292,292,Victory bus,1 of 2,272,Weekday,https://www4.septa.org/picking/pdf/fall-a-2026/victory/bus/paddles/weekday-paddles.pdf#page=272,https://www4.septa.org/picking/pdf/fall-a-2026/victory/bus/paddles/weekday-paddles#page=272.pdf,https://www4.septa.org/picking/pdf/fall-a-2026/victory/bus/trip-sheets/weekday-trip-sheets.pdf
Victory busWeekday306,306,Victory bus,1 of 3,274,Weekday,https://www4.septa.org/picking/pdf/fall-a-2026/victory/bus/paddles/weekday-paddles.pdf#page=274,https://www4.septa.org/picking/pdf/fall-a-2026/victory/bus/paddles/weekday-paddles#page=274.pdf,https://www4.septa.org/picking/pdf/fall-a-2026/victory/bus/trip-sheets/weekday-trip-sheets.pdf
Victory busWeekday307,307,Victory bus,1 of 2,277,Weekday,https://www4.septa.org/picking/pdf/fall-a-2026/victory/bus/paddles/weekday-paddles.pdf#page=277,https://www4.septa.org/picking/pdf/fall-a-2026/victory/bus/paddles/weekday-paddles#page=277.pdf,https://www4.septa.org/picking/pdf/fall-a-2026/victory/bus/trip-sheets/weekday-trip-sheets.pdf
Victory busWeekday308,308,Victory bus,1 of 2,279,Weekday,https://www4.septa.org/picking/pdf/fall-a-2026/victory/bus/paddles/weekday-paddles.pdf#page=279,https://www4.septa.org/picking/pdf/fall-a-2026/victory/bus/paddles/weekday-paddles#page=279.pdf,https://www4.septa.org/picking/pdf/fall-a-2026/victory/bus/trip-sheets/weekday-trip-sheets.pdf
Victory busWeekday309,309,Victory bus,1 of 2,281,Weekday,https://www4.septa.org/picking/pdf/fall-a-2026/victory/bus/paddles/weekday-paddles.pdf#page=281,https://www4.septa.org/picking/pdf/fall-a-2026/victory/bus/paddles/weekday-paddles#page=281.pdf,https://www4.septa.org/picking/pdf/fall-a-2026/victory/bus/trip-sheets/weekday-trip-sheets.pdf
Victory busWeekday310,310,Victory bus,1 of 2,283,Weekday,https://www4.septa.org/picking/pdf/fall-a-2026/victory/bus/paddles/weekday-paddles.pdf#page=283,https://www4.septa.org/picking/pdf/fall-a-2026/victory/bus/paddles/weekday-paddles#page=283.pdf,https://www4.septa.org/picking/pdf/fall-a-2026/victory/bus/trip-sheets/weekday-trip-sheets.pdf
Victory busWeekday311,311,Victory bus,1 of 3,285,Weekday,https://www4.septa.org/picking/pdf/fall-a-2026/victory/bus/paddles/weekday-paddles.pdf#page=285,https://www4.septa.org/picking/pdf/fall-a-2026/victory/bus/paddles/weekday-paddles#page=285.pdf,https://www4.septa.org/picking/pdf/fall-a-2026/victory/bus/trip-sheets/weekday-trip-sheets.pdf
Victory busWeekday312,312,Victory bus,1 of 2,288,Weekday,https://www4.septa.org/picking/pdf/fall-a-2026/victory/bus/paddles/weekday-paddles.pdf#page=288,https://www4.septa.org/picking/pdf/fall-a-2026/victory/bus/paddles/weekday-paddles#page=288.pdf,https://www4.septa.org/picking/pdf/fall-a-2026/victory/bus/trip-sheets/weekday-trip-sheets.pdf
Victory busWeekday313,313,Victory bus,1 of 2,290,Weekday,https://www4.septa.org/picking/pdf/fall-a-2026/victory/bus/paddles/weekday-paddles.pdf#page=290,https://www4.septa.org/picking/pdf/fall-a-2026/victory/bus/paddles/weekday-paddles#page=290.pdf,https://www4.septa.org/picking/pdf/fall-a-2026/victory/bus/trip-sheets/weekday-trip-sheets.pdf
Victory busWeekday314,314,Victory bus,1 of 2,292,Weekday,https://www4.septa.org/picking/pdf/fall-a-2026/victory/bus/paddles/weekday-paddles.pdf#page=292,https://www4.septa.org/picking/pdf/fall-a-2026/victory/bus/paddles/weekday-paddles#page=292.pdf,https://www4.septa.org/picking/pdf/fall-a-2026/victory/bus/trip-sheets/weekday-trip-sheets.pdf
Victory busWeekday315,315,Victory bus,1 of 2,294,Weekday,https://www4.septa.org/picking/pdf/fall-a-2026/victory/bus/paddles/weekday-paddles.pdf#page=294,https://www4.septa.org/picking/pdf/fall-a-2026/victory/bus/paddles/weekday-paddles#page=294.pdf,https://www4.septa.org/picking/pdf/fall-a-2026/victory/bus/trip-sheets/weekday-trip-sheets.pdf
Victory busWeekday326,326,Victory bus,1 of 3,296,Weekday,https://www4.septa.org/picking/pdf/fall-a-2026/victory/bus/paddles/weekday-paddles.pdf#page=296,https://www4.septa.org/picking/pdf/fall-a-2026/victory/bus/paddles/weekday-paddles#page=296.pdf,https://www4.septa.org/picking/pdf/fall-a-2026/victory/bus/trip-sheets/weekday-trip-sheets.pdf
Victory busWeekday327,327,Victory bus,1 of 3,299,Weekday,https://www4.septa.org/picking/pdf/fall-a-2026/victory/bus/paddles/weekday-paddles.pdf#page=299,https://www4.septa.org/picking/pdf/fall-a-2026/victory/bus/paddles/weekday-paddles#page=299.pdf,https://www4.septa.org/picking/pdf/fall-a-2026/victory/bus/trip-sheets/weekday-trip-sheets.pdf
Victory busWeekday328,328,Victory bus,1 of 3,302,Weekday,https://www4.septa.org/picking/pdf/fall-a-2026/victory/bus/paddles/weekday-paddles.pdf#page=302,https://www4.septa.org/picking/pdf/fall-a-2026/victory/bus/paddles/weekday-paddles#page=302.pdf,https://www4.septa.org/picking/pdf/fall-a-2026/victory/bus/trip-sheets/weekday-trip-sheets.pdf
Victory busWeekday329,329,Victory bus,1 of 3,305,Weekday,https://www4.septa.org/picking/pdf/fall-a-2026/victory/bus/paddles/weekday-paddles.pdf#page=305,https://www4.septa.org/picking/pdf/fall-a-2026/victory/bus/paddles/weekday-paddles#page=305.pdf,https://www4.septa.org/picking/pdf/fall-a-2026/victory/bus/trip-sheets/weekday-trip-sheets.pdf
Victory busWeekday330,330,Victory bus,1 of 2,308,Weekday,https://www4.septa.org/picking/pdf/fall-a-2026/victory/bus/paddles/weekday-paddles.pdf#page=308,https://www4.septa.org/picking/pdf/fall-a-2026/victory/bus/paddles/weekday-paddles#page=308.pdf,https://www4.septa.org/picking/pdf/fall-a-2026/victory/bus/trip-sheets/weekday-trip-sheets.pdf
Victory busWeekday331,331,Victory bus,1 of 2,310,Weekday,https://www4.septa.org/picking/pdf/fall-a-2026/victory/bus/paddles/weekday-paddles.pdf#page=310,https://www4.septa.org/picking/pdf/fall-a-2026/victory/bus/paddles/weekday-paddles#page=310.pdf,https://www4.septa.org/picking/pdf/fall-a-2026/victory/bus/trip-sheets/weekday-trip-sheets.pdf
Victory busWeekday332,332,Victory bus,1 of 2,312,Weekday,https://www4.septa.org/picking/pdf/fall-a-2026/victory/bus/paddles/weekday-paddles.pdf#page=312,https://www4.septa.org/picking/pdf/fall-a-2026/victory/bus/paddles/weekday-paddles#page=312.pdf,https://www4.septa.org/picking/pdf/fall-a-2026/victory/bus/trip-sheets/weekday-trip-sheets.pdf
Victory busWeekday333,333,Victory bus,1 of 1,314,Weekday,https://www4.septa.org/picking/pdf/fall-a-2026/victory/bus/paddles/weekday-paddles.pdf#page=314,https://www4.septa.org/picking/pdf/fall-a-2026/victory/bus/paddles/weekday-paddles#page=314.pdf,https://www4.septa.org/picking/pdf/fall-a-2026/victory/bus/trip-sheets/weekday-trip-sheets.pdf
Victory busWeekday334,334,Victory bus,1 of 1,315,Weekday,https://www4.septa.org/picking/pdf/fall-a-2026/victory/bus/paddles/weekday-paddles.pdf#page=315,https://www4.septa.org/picking/pdf/fall-a-2026/victory/bus/paddles/weekday-paddles#page=315.pdf,https://www4.septa.org/picking/pdf/fall-a-2026/victory/bus/trip-sheets/weekday-trip-sheets.pdf
Victory busWeekday335,335,Victory bus,1 of 1,316,Weekday,https://www4.septa.org/picking/pdf/fall-a-2026/victory/bus/paddles/weekday-paddles.pdf#page=316,https://www4.septa.org/picking/pdf/fall-a-2026/victory/bus/paddles/weekday-paddles#page=316.pdf,https://www4.septa.org/picking/pdf/fall-a-2026/victory/bus/trip-sheets/weekday-trip-sheets.pdf
Victory busWeekday376,376,Victory bus,1 of 2,317,Weekday,https://www4.septa.org/picking/pdf/fall-a-2026/victory/bus/paddles/weekday-paddles.pdf#page=317,https://www4.septa.org/picking/pdf/fall-a-2026/victory/bus/paddles/weekday-paddles#page=317.pdf,https://www4.septa.org/picking/pdf/fall-a-2026/victory/bus/trip-sheets/weekday-trip-sheets.pdf
Victory busWeekday377,377,Victory bus,1 of 2,319,Weekday,https://www4.septa.org/picking/pdf/fall-a-2026/victory/bus/paddles/weekday-paddles.pdf#page=319,https://www4.septa.org/picking/pdf/fall-a-2026/victory/bus/paddles/weekday-paddles#page=319.pdf,https://www4.septa.org/picking/pdf/fall-a-2026/victory/bus/trip-sheets/weekday-trip-sheets.pdf
Victory busWeekday378,378,Victory bus,1 of 3,321,Weekday,https://www4.septa.org/picking/pdf/fall-a-2026/victory/bus/paddles/weekday-paddles.pdf#page=321,https://www4.septa.org/picking/pdf/fall-a-2026/victory/bus/paddles/weekday-paddles#page=321.pdf,https://www4.septa.org/picking/pdf/fall-a-2026/victory/bus/trip-sheets/weekday-trip-sheets.pdf
Victory busWeekday379,379,Victory bus,1 of 3,324,Weekday,https://www4.septa.org/picking/pdf/fall-a-2026/victory/bus/paddles/weekday-paddles.pdf#page=324,https://www4.septa.org/picking/pdf/fall-a-2026/victory/bus/paddles/weekday-paddles#page=324.pdf,https://www4.septa.org/picking/pdf/fall-a-2026/victory/bus/trip-sheets/weekday-trip-sheets.pdf
Victory busWeekday380,380,Victory bus,1 of 3,327,Weekday,https://www4.septa.org/picking/pdf/fall-a-2026/victory/bus/paddles/weekday-paddles.pdf#page=327,https://www4.septa.org/picking/pdf/fall-a-2026/victory/bus/paddles/weekday-paddles#page=327.pdf,https://www4.septa.org/picking/pdf/fall-a-2026/victory/bus/trip-sheets/weekday-trip-sheets.pdf
Victory busWeekday381,381,Victory bus,1 of 2,330,Weekday,https://www4.septa.org/picking/pdf/fall-a-2026/victory/bus/paddles/weekday-paddles.pdf#page=330,https://www4.septa.org/picking/pdf/fall-a-2026/victory/bus/paddles/weekday-paddles#page=330.pdf,https://www4.septa.org/picking/pdf/fall-a-2026/victory/bus/trip-sheets/weekday-trip-sheets.pdf
Victory busWeekday382,382,Victory bus,1 of 2,332,Weekday,https://www4.septa.org/picking/pdf/fall-a-2026/victory/bus/paddles/weekday-paddles.pdf#page=332,https://www4.septa.org/picking/pdf/fall-a-2026/victory/bus/paddles/weekday-paddles#page=332.pdf,https://www4.septa.org/picking/pdf/fall-a-2026/victory/bus/trip-sheets/weekday-trip-sheets.pdf
Victory busWeekday383,383,Victory bus,1 of 2,334,Weekday,https://www4.septa.org/picking/pdf/fall-a-2026/victory/bus/paddles/weekday-paddles.pdf#page=334,https://www4.septa.org/picking/pdf/fall-a-2026/victory/bus/paddles/weekday-paddles#page=334.pdf,https://www4.septa.org/picking/pdf/fall-a-2026/victory/bus/trip-sheets/weekday-trip-sheets.pdf
Victory busWeekday384,384,Victory bus,1 of 2,336,Weekday,https://www4.septa.org/picking/pdf/fall-a-2026/victory/bus/paddles/weekday-paddles.pdf#page=336,https://www4.septa.org/picking/pdf/fall-a-2026/victory/bus/paddles/weekday-paddles#page=336.pdf,https://www4.septa.org/picking/pdf/fall-a-2026/victory/bus/trip-sheets/weekday-trip-sheets.pdf
Victory busWeekday401,401,Victory bus,1 of 3,338,Weekday,https://www4.septa.org/picking/pdf/fall-a-2026/victory/bus/paddles/weekday-paddles.pdf#page=338,https://www4.septa.org/picking/pdf/fall-a-2026/victory/bus/paddles/weekday-paddles#page=338.pdf,https://www4.septa.org/picking/pdf/fall-a-2026/victory/bus/trip-sheets/weekday-trip-sheets.pdf
Victory busWeekday402,402,Victory bus,1 of 2,341,Weekday,https://www4.septa.org/picking/pdf/fall-a-2026/victory/bus/paddles/weekday-paddles.pdf#page=341,https://www4.septa.org/picking/pdf/fall-a-2026/victory/bus/paddles/weekday-paddles#page=341.pdf,https://www4.septa.org/picking/pdf/fall-a-2026/victory/bus/trip-sheets/weekday-trip-sheets.pdf
Victory busWeekday403,403,Victory bus,1 of 3,343,Weekday,https://www4.septa.org/picking/pdf/fall-a-2026/victory/bus/paddles/weekday-paddles.pdf#page=343,https://www4.septa.org/picking/pdf/fall-a-2026/victory/bus/paddles/weekday-paddles#page=343.pdf,https://www4.septa.org/picking/pdf/fall-a-2026/victory/bus/trip-sheets/weekday-trip-sheets.pdf
Victory busWeekday404,404,Victory bus,1 of 2,346,Weekday,https://www4.septa.org/picking/pdf/fall-a-2026/victory/bus/paddles/weekday-paddles.pdf#page=346,https://www4.septa.org/picking/pdf/fall-a-2026/victory/bus/paddles/weekday-paddles#page=346.pdf,https://www4.septa.org/picking/pdf/fall-a-2026/victory/bus/trip-sheets/weekday-trip-sheets.pdf
Victory busWeekday426,426,Victory bus,1 of 2,348,Weekday,https://www4.septa.org/picking/pdf/fall-a-2026/victory/bus/paddles/weekday-paddles.pdf#page=348,https://www4.septa.org/picking/pdf/fall-a-2026/victory/bus/paddles/weekday-paddles#page=348.pdf,https://www4.septa.org/picking/pdf/fall-a-2026/victory/bus/trip-sheets/weekday-trip-sheets.pdf
Victory busWeekday427,427,Victory bus,1 of 2,350,Weekday,https://www4.septa.org/picking/pdf/fall-a-2026/victory/bus/paddles/weekday-paddles.pdf#page=350,https://www4.septa.org/picking/pdf/fall-a-2026/victory/bus/paddles/weekday-paddles#page=350.pdf,https://www4.septa.org/picking/pdf/fall-a-2026/victory/bus/trip-sheets/weekday-trip-sheets.pdf
Victory busWeekday428,428,Victory bus,1 of 2,352,Weekday,https://www4.septa.org/picking/pdf/fall-a-2026/victory/bus/paddles/weekday-paddles.pdf#page=352,https://www4.septa.org/picking/pdf/fall-a-2026/victory/bus/paddles/weekday-paddles#page=352.pdf,https://www4.septa.org/picking/pdf/fall-a-2026/victory/bus/trip-sheets/weekday-trip-sheets.pdf
Victory busWeekday429,429,Victory bus,1 of 2,354,Weekday,https://www4.septa.org/picking/pdf/fall-a-2026/victory/bus/paddles/weekday-paddles.pdf#page=354,https://www4.septa.org/picking/pdf/fall-a-2026/victory/bus/paddles/weekday-paddles#page=354.pdf,https://www4.septa.org/picking/pdf/fall-a-2026/victory/bus/trip-sheets/weekday-trip-sheets.pdf
Victory busWeekday451,451,Victory bus,1 of 2,356,Weekday,https://www4.septa.org/picking/pdf/fall-a-2026/victory/bus/paddles/weekday-paddles.pdf#page=356,https://www4.septa.org/picking/pdf/fall-a-2026/victory/bus/paddles/weekday-paddles#page=356.pdf,https://www4.septa.org/picking/pdf/fall-a-2026/victory/bus/trip-sheets/weekday-trip-sheets.pdf
Victory busWeekday452,452,Victory bus,1 of 2,358,Weekday,https://www4.septa.org/picking/pdf/fall-a-2026/victory/bus/paddles/weekday-paddles.pdf#page=358,https://www4.septa.org/picking/pdf/fall-a-2026/victory/bus/paddles/weekday-paddles#page=358.pdf,https://www4.septa.org/picking/pdf/fall-a-2026/victory/bus/trip-sheets/weekday-trip-sheets.pdf
Victory busWeekday453,453,Victory bus,1 of 2,360,Weekday,https://www4.septa.org/picking/pdf/fall-a-2026/victory/bus/paddles/weekday-paddles.pdf#page=360,https://www4.septa.org/picking/pdf/fall-a-2026/victory/bus/paddles/weekday-paddles#page=360.pdf,https://www4.septa.org/picking/pdf/fall-a-2026/victory/bus/trip-sheets/weekday-trip-sheets.pdf
Victory busWeekday501,501,Victory bus,1 of 4,362,Weekday,https://www4.septa.org/picking/pdf/fall-a-2026/victory/bus/paddles/weekday-paddles.pdf#page=362,https://www4.septa.org/picking/pdf/fall-a-2026/victory/bus/paddles/weekday-paddles#page=362.pdf,https://www4.septa.org/picking/pdf/fall-a-2026/victory/bus/trip-sheets/weekday-trip-sheets.pdf
Victory busWeekday502,502,Victory bus,1 of 4,366,Weekday,https://www4.septa.org/picking/pdf/fall-a-2026/victory/bus/paddles/weekday-paddles.pdf#page=366,https://www4.septa.org/picking/pdf/fall-a-2026/victory/bus/paddles/weekday-paddles#page=366.pdf,https://www4.septa.org/picking/pdf/fall-a-2026/victory/bus/trip-sheets/weekday-trip-sheets.pdf
Victory busWeekday503,503,Victory bus,1 of 4,370,Weekday,https://www4.septa.org/picking/pdf/fall-a-2026/victory/bus/paddles/weekday-paddles.pdf#page=370,https://www4.septa.org/picking/pdf/fall-a-2026/victory/bus/paddles/weekday-paddles#page=370.pdf,https://www4.septa.org/picking/pdf/fall-a-2026/victory/bus/trip-sheets/weekday-trip-sheets.pdf
Victory busWeekday504,504,Victory bus,1 of 3,374,Weekday,https://www4.septa.org/picking/pdf/fall-a-2026/victory/bus/paddles/weekday-paddles.pdf#page=374,https://www4.septa.org/picking/pdf/fall-a-2026/victory/bus/paddles/weekday-paddles#page=374.pdf,https://www4.septa.org/picking/pdf/fall-a-2026/victory/bus/trip-sheets/weekday-trip-sheets.pdf
Victory busWeekday505,505,Victory bus,1 of 3,377,Weekday,https://www4.septa.org/picking/pdf/fall-a-2026/victory/bus/paddles/weekday-paddles.pdf#page=377,https://www4.septa.org/picking/pdf/fall-a-2026/victory/bus/paddles/weekday-paddles#page=377.pdf,https://www4.septa.org/picking/pdf/fall-a-2026/victory/bus/trip-sheets/weekday-trip-sheets.pdf
Victory busWeekday506,506,Victory bus,1 of 3,380,Weekday,https://www4.septa.org/picking/pdf/fall-a-2026/victory/bus/paddles/weekday-paddles.pdf#page=380,https://www4.septa.org/picking/pdf/fall-a-2026/victory/bus/paddles/weekday-paddles#page=380.pdf,https://www4.septa.org/picking/pdf/fall-a-2026/victory/bus/trip-sheets/weekday-trip-sheets.pdf
Victory busWeekday507,507,Victory bus,1 of 2,383,Weekday,https://www4.septa.org/picking/pdf/fall-a-2026/victory/bus/paddles/weekday-paddles.pdf#page=383,https://www4.septa.org/picking/pdf/fall-a-2026/victory/bus/paddles/weekday-paddles#page=383.pdf,https://www4.septa.org/picking/pdf/fall-a-2026/victory/bus/trip-sheets/weekday-trip-sheets.pdf
Victory busWeekday508,508,Victory bus,1 of 3,385,Weekday,https://www4.septa.org/picking/pdf/fall-a-2026/victory/bus/paddles/weekday-paddles.pdf#page=385,https://www4.septa.org/picking/pdf/fall-a-2026/victory/bus/paddles/weekday-paddles#page=385.pdf,https://www4.septa.org/picking/pdf/fall-a-2026/victory/bus/trip-sheets/weekday-trip-sheets.pdf
Victory busWeekday509,509,Victory bus,1 of 3,388,Weekday,https://www4.septa.org/picking/pdf/fall-a-2026/victory/bus/paddles/weekday-paddles.pdf#page=388,https://www4.septa.org/picking/pdf/fall-a-2026/victory/bus/paddles/weekday-paddles#page=388.pdf,https://www4.septa.org/picking/pdf/fall-a-2026/victory/bus/trip-sheets/weekday-trip-sheets.pdf
Victory busWeekday510,510,Victory bus,1 of 2,391,Weekday,https://www4.septa.org/picking/pdf/fall-a-2026/victory/bus/paddles/weekday-paddles.pdf#page=391,https://www4.septa.org/picking/pdf/fall-a-2026/victory/bus/paddles/weekday-paddles#page=391.pdf,https://www4.septa.org/picking/pdf/fall-a-2026/victory/bus/trip-sheets/weekday-trip-sheets.pdf
Victory busWeekday511,511,Victory bus,1 of 3,393,Weekday,https://www4.septa.org/picking/pdf/fall-a-2026/victory/bus/paddles/weekday-paddles.pdf#page=393,https://www4.septa.org/picking/pdf/fall-a-2026/victory/bus/paddles/weekday-paddles#page=393.pdf,https://www4.septa.org/picking/pdf/fall-a-2026/victory/bus/trip-sheets/weekday-trip-sheets.pdf
Victory busWeekday526,526,Victory bus,1 of 3,396,Weekday,https://www4.septa.org/picking/pdf/fall-a-2026/victory/bus/paddles/weekday-paddles.pdf#page=396,https://www4.septa.org/picking/pdf/fall-a-2026/victory/bus/paddles/weekday-paddles#page=396.pdf,https://www4.septa.org/picking/pdf/fall-a-2026/victory/bus/trip-sheets/weekday-trip-sheets.pdf
Victory busWeekday527,527,Victory bus,1 of 2,399,Weekday,https://www4.septa.org/picking/pdf/fall-a-2026/victory/bus/paddles/weekday-paddles.pdf#page=399,https://www4.septa.org/picking/pdf/fall-a-2026/victory/bus/paddles/weekday-paddles#page=399.pdf,https://www4.septa.org/picking/pdf/fall-a-2026/victory/bus/trip-sheets/weekday-trip-sheets.pdf
Victory busWeekday528,528,Victory bus,1 of 4,401,Weekday,https://www4.septa.org/picking/pdf/fall-a-2026/victory/bus/paddles/weekday-paddles.pdf#page=401,https://www4.septa.org/picking/pdf/fall-a-2026/victory/bus/paddles/weekday-paddles#page=401.pdf,https://www4.septa.org/picking/pdf/fall-a-2026/victory/bus/trip-sheets/weekday-trip-sheets.pdf
Victory busWeekday529,529,Victory bus,1 of 3,405,Weekday,https://www4.septa.org/picking/pdf/fall-a-2026/victory/bus/paddles/weekday-paddles.pdf#page=405,https://www4.septa.org/picking/pdf/fall-a-2026/victory/bus/paddles/weekday-paddles#page=405.pdf,https://www4.septa.org/picking/pdf/fall-a-2026/victory/bus/trip-sheets/weekday-trip-sheets.pdf
Victory busWeekday530,530,Victory bus,1 of 3,408,Weekday,https://www4.septa.org/picking/pdf/fall-a-2026/victory/bus/paddles/weekday-paddles.pdf#page=408,https://www4.septa.org/picking/pdf/fall-a-2026/victory/bus/paddles/weekday-paddles#page=408.pdf,https://www4.septa.org/picking/pdf/fall-a-2026/victory/bus/trip-sheets/weekday-trip-sheets.pdf
Victory busWeekday531,531,Victory bus,1 of 4,411,Weekday,https://www4.septa.org/picking/pdf/fall-a-2026/victory/bus/paddles/weekday-paddles.pdf#page=411,https://www4.septa.org/picking/pdf/fall-a-2026/victory/bus/paddles/weekday-paddles#page=411.pdf,https://www4.septa.org/picking/pdf/fall-a-2026/victory/bus/trip-sheets/weekday-trip-sheets.pdf
Victory busWeekday532,532,Victory bus,1 of 3,415,Weekday,https://www4.septa.org/picking/pdf/fall-a-2026/victory/bus/paddles/weekday-paddles.pdf#page=415,https://www4.septa.org/picking/pdf/fall-a-2026/victory/bus/paddles/weekday-paddles#page=415.pdf,https://www4.septa.org/picking/pdf/fall-a-2026/victory/bus/trip-sheets/weekday-trip-sheets.pdf
Victory busWeekday533,533,Victory bus,1 of 3,418,Weekday,https://www4.septa.org/picking/pdf/fall-a-2026/victory/bus/paddles/weekday-paddles.pdf#page=418,https://www4.septa.org/picking/pdf/fall-a-2026/victory/bus/paddles/weekday-paddles#page=418.pdf,https://www4.septa.org/picking/pdf/fall-a-2026/victory/bus/trip-sheets/weekday-trip-sheets.pdf
Victory busWeekday534,534,Victory bus,1 of 2,421,Weekday,https://www4.septa.org/picking/pdf/fall-a-2026/victory/bus/paddles/weekday-paddles.pdf#page=421,https://www4.septa.org/picking/pdf/fall-a-2026/victory/bus/paddles/weekday-paddles#page=421.pdf,https://www4.septa.org/picking/pdf/fall-a-2026/victory/bus/trip-sheets/weekday-trip-sheets.pdf
Victory busWeekday535,535,Victory bus,1 of 3,423,Weekday,https://www4.septa.org/picking/pdf/fall-a-2026/victory/bus/paddles/weekday-paddles.pdf#page=423,https://www4.septa.org/picking/pdf/fall-a-2026/victory/bus/paddles/weekday-paddles#page=423.pdf,https://www4.septa.org/picking/pdf/fall-a-2026/victory/bus/trip-sheets/weekday-trip-sheets.pdf
Victory busWeekday556,556,Victory bus,1 of 2,426,Weekday,https://www4.septa.org/picking/pdf/fall-a-2026/victory/bus/paddles/weekday-paddles.pdf#page=426,https://www4.septa.org/picking/pdf/fall-a-2026/victory/bus/paddles/weekday-paddles#page=426.pdf,https://www4.septa.org/picking/pdf/fall-a-2026/victory/bus/trip-sheets/weekday-trip-sheets.pdf
Victory busWeekday557,557,Victory bus,1 of 3,428,Weekday,https://www4.septa.org/picking/pdf/fall-a-2026/victory/bus/paddles/weekday-paddles.pdf#page=428,https://www4.septa.org/picking/pdf/fall-a-2026/victory/bus/paddles/weekday-paddles#page=428.pdf,https://www4.septa.org/picking/pdf/fall-a-2026/victory/bus/trip-sheets/weekday-trip-sheets.pdf
Victory busWeekday558,558,Victory bus,1 of 2,431,Weekday,https://www4.septa.org/picking/pdf/fall-a-2026/victory/bus/paddles/weekday-paddles.pdf#page=431,https://www4.septa.org/picking/pdf/fall-a-2026/victory/bus/paddles/weekday-paddles#page=431.pdf,https://www4.septa.org/picking/pdf/fall-a-2026/victory/bus/trip-sheets/weekday-trip-sheets.pdf
Victory busWeekday559,559,Victory bus,1 of 2,433,Weekday,https://www4.septa.org/picking/pdf/fall-a-2026/victory/bus/paddles/weekday-paddles.pdf#page=433,https://www4.septa.org/picking/pdf/fall-a-2026/victory/bus/paddles/weekday-paddles#page=433.pdf,https://www4.septa.org/picking/pdf/fall-a-2026/victory/bus/trip-sheets/weekday-trip-sheets.pdf
Victory busWeekday721,721,Victory bus,1 of 1,435,Weekday,https://www4.septa.org/picking/pdf/fall-a-2026/victory/bus/paddles/weekday-paddles.pdf#page=435,https://www4.septa.org/picking/pdf/fall-a-2026/victory/bus/paddles/weekday-paddles#page=435.pdf,https://www4.septa.org/picking/pdf/fall-a-2026/victory/bus/trip-sheets/weekday-trip-sheets.pdf
Victory busWeekday721,721,Victory bus,1 of 1,435,Weekday,https://www4.septa.org/picking/pdf/fall-a-2026/victory/bus/paddles/weekday-paddles.pdf#page=435,https://www4.septa.org/picking/pdf/fall-a-2026/victory/bus/paddles/weekday-paddles#page=435.pdf,https://www4.septa.org/picking/pdf/fall-a-2026/victory/bus/trip-sheets/weekday-trip-sheets.pdf
Victory busWeekday722,722,Victory bus,1 of 1,436,Weekday,https://www4.septa.org/picking/pdf/fall-a-2026/victory/bus/paddles/weekday-paddles.pdf#page=436,https://www4.septa.org/picking/pdf/fall-a-2026/victory/bus/paddles/weekday-paddles#page=436.pdf,https://www4.septa.org/picking/pdf/fall-a-2026/victory/bus/trip-sheets/weekday-trip-sheets.pdf
Victory busWeekday722,722,Victory bus,1 of 1,436,Weekday,https://www4.septa.org/picking/pdf/fall-a-2026/victory/bus/paddles/weekday-paddles.pdf#page=436,https://www4.septa.org/picking/pdf/fall-a-2026/victory/bus/paddles/weekday-paddles#page=436.pdf,https://www4.septa.org/picking/pdf/fall-a-2026/victory/bus/trip-sheets/weekday-trip-sheets.pdf
Victory busWeekday722,722,Victory bus,1 of 1,436,Weekday,https://www4.septa.org/picking/pdf/fall-a-2026/victory/bus/paddles/weekday-paddles.pdf#page=436,https://www4.septa.org/picking/pdf/fall-a-2026/victory/bus/paddles/weekday-paddles#page=436.pdf,https://www4.septa.org/picking/pdf/fall-a-2026/victory/bus/trip-sheets/weekday-trip-sheets.pdf
Victory busWeekday731,731,Victory bus,1 of 2,437,Weekday,https://www4.septa.org/picking/pdf/fall-a-2026/victory/bus/paddles/weekday-paddles.pdf#page=437,https://www4.septa.org/picking/pdf/fall-a-2026/victory/bus/paddles/weekday-paddles#page=437.pdf,https://www4.septa.org/picking/pdf/fall-a-2026/victory/bus/trip-sheets/weekday-trip-sheets.pdf
Victory busWeekday731,731,Victory bus,1 of 2,437,Weekday,https://www4.septa.org/picking/pdf/fall-a-2026/victory/bus/paddles/weekday-paddles.pdf#page=437,https://www4.septa.org/picking/pdf/fall-a-2026/victory/bus/paddles/weekday-paddles#page=437.pdf,https://www4.septa.org/picking/pdf/fall-a-2026/victory/bus/trip-sheets/weekday-trip-sheets.pdf
Victory busWeekday732,732,Victory bus,1 of 2,439,Weekday,https://www4.septa.org/picking/pdf/fall-a-2026/victory/bus/paddles/weekday-paddles.pdf#page=439,https://www4.septa.org/picking/pdf/fall-a-2026/victory/bus/paddles/weekday-paddles#page=439.pdf,https://www4.septa.org/picking/pdf/fall-a-2026/victory/bus/trip-sheets/weekday-trip-sheets.pdf
Victory busWeekday732,732,Victory bus,1 of 2,439,Weekday,https://www4.septa.org/picking/pdf/fall-a-2026/victory/bus/paddles/weekday-paddles.pdf#page=439,https://www4.septa.org/picking/pdf/fall-a-2026/victory/bus/paddles/weekday-paddles#page=439.pdf,https://www4.septa.org/picking/pdf/fall-a-2026/victory/bus/trip-sheets/weekday-trip-sheets.pdf
Victory busWeekday733,733,Victory bus,1 of 1,441,Weekday,https://www4.septa.org/picking/pdf/fall-a-2026/victory/bus/paddles/weekday-paddles.pdf#page=441,https://www4.septa.org/picking/pdf/fall-a-2026/victory/bus/paddles/weekday-paddles#page=441.pdf,https://www4.septa.org/picking/pdf/fall-a-2026/victory/bus/trip-sheets/weekday-trip-sheets.pdf
Victory busWeekday733,733,Victory bus,1 of 1,441,Weekday,https://www4.septa.org/picking/pdf/fall-a-2026/victory/bus/paddles/weekday-paddles.pdf#page=441,https://www4.septa.org/picking/pdf/fall-a-2026/victory/bus/paddles/weekday-paddles#page=441.pdf,https://www4.septa.org/picking/pdf/fall-a-2026/victory/bus/trip-sheets/weekday-trip-sheets.pdf
Victory busWeekday734,734,Victory bus,1 of 1,442,Weekday,https://www4.septa.org/picking/pdf/fall-a-2026/victory/bus/paddles/weekday-paddles.pdf#page=442,https://www4.septa.org/picking/pdf/fall-a-2026/victory/bus/paddles/weekday-paddles#page=442.pdf,https://www4.septa.org/picking/pdf/fall-a-2026/victory/bus/trip-sheets/weekday-trip-sheets.pdf
Victory busWeekday734,734,Victory bus,1 of 1,442,Weekday,https://www4.septa.org/picking/pdf/fall-a-2026/victory/bus/paddles/weekday-paddles.pdf#page=442,https://www4.septa.org/picking/pdf/fall-a-2026/victory/bus/paddles/weekday-paddles#page=442.pdf,https://www4.septa.org/picking/pdf/fall-a-2026/victory/bus/trip-sheets/weekday-trip-sheets.pdf
Victory busWeekday735,735,Victory bus,1 of 2,443,Weekday,https://www4.septa.org/picking/pdf/fall-a-2026/victory/bus/paddles/weekday-paddles.pdf#page=443,https://www4.septa.org/picking/pdf/fall-a-2026/victory/bus/paddles/weekday-paddles#page=443.pdf,https://www4.septa.org/picking/pdf/fall-a-2026/victory/bus/trip-sheets/weekday-trip-sheets.pdf
Victory busWeekday735,735,Victory bus,1 of 2,443,Weekday,https://www4.septa.org/picking/pdf/fall-a-2026/victory/bus/paddles/weekday-paddles.pdf#page=443,https://www4.septa.org/picking/pdf/fall-a-2026/victory/bus/paddles/weekday-paddles#page=443.pdf,https://www4.septa.org/picking/pdf/fall-a-2026/victory/bus/trip-sheets/weekday-trip-sheets.pdf
Victory busWeekday736,736,Victory bus,1 of 2,445,Weekday,https://www4.septa.org/picking/pdf/fall-a-2026/victory/bus/paddles/weekday-paddles.pdf#page=445,https://www4.septa.org/picking/pdf/fall-a-2026/victory/bus/paddles/weekday-paddles#page=445.pdf,https://www4.septa.org/picking/pdf/fall-a-2026/victory/bus/trip-sheets/weekday-trip-sheets.pdf
Victory busWeekday736,736,Victory bus,1 of 2,445,Weekday,https://www4.septa.org/picking/pdf/fall-a-2026/victory/bus/paddles/weekday-paddles.pdf#page=445,https://www4.septa.org/picking/pdf/fall-a-2026/victory/bus/paddles/weekday-paddles#page=445.pdf,https://www4.septa.org/picking/pdf/fall-a-2026/victory/bus/trip-sheets/weekday-trip-sheets.pdf
Victory busWeekday737,737,Victory bus,1 of 1,447,Weekday,https://www4.septa.org/picking/pdf/fall-a-2026/victory/bus/paddles/weekday-paddles.pdf#page=447,https://www4.septa.org/picking/pdf/fall-a-2026/victory/bus/paddles/weekday-paddles#page=447.pdf,https://www4.septa.org/picking/pdf/fall-a-2026/victory/bus/trip-sheets/weekday-trip-sheets.pdf
Victory busWeekday738,738,Victory bus,1 of 1,448,Weekday,https://www4.septa.org/picking/pdf/fall-a-2026/victory/bus/paddles/weekday-paddles.pdf#page=448,https://www4.septa.org/picking/pdf/fall-a-2026/victory/bus/paddles/weekday-paddles#page=448.pdf,https://www4.septa.org/picking/pdf/fall-a-2026/victory/bus/trip-sheets/weekday-trip-sheets.pdf
Victory busWeekday739,739,Victory bus,1 of 1,449,Weekday,https://www4.septa.org/picking/pdf/fall-a-2026/victory/bus/paddles/weekday-paddles.pdf#page=449,https://www4.septa.org/picking/pdf/fall-a-2026/victory/bus/paddles/weekday-paddles#page=449.pdf,https://www4.septa.org/picking/pdf/fall-a-2026/victory/bus/trip-sheets/weekday-trip-sheets.pdf
Victory busSaturday1,1,Victory bus,1 of 2,1,Saturday,https://www4.septa.org/picking/pdf/fall-a-2026/victory/bus/paddles/saturday-paddles.pdf#page=1,https://www4.septa.org/picking/pdf/fall-a-2026/victory/bus/paddles/saturday-paddles#page=1.pdf,https://www4.septa.org/picking/pdf/fall-a-2026/victory/bus/trip-sheets/saturday-trip-sheets.pdf
Victory busSaturday2,2,Victory bus,1 of 3,3,Saturday,https://www4.septa.org/picking/pdf/fall-a-2026/victory/bus/paddles/saturday-paddles.pdf#page=3,https://www4.septa.org/picking/pdf/fall-a-2026/victory/bus/paddles/saturday-paddles#page=3.pdf,https://www4.septa.org/picking/pdf/fall-a-2026/victory/bus/trip-sheets/saturday-trip-sheets.pdf
Victory busSaturday3,3,Victory bus,1 of 2,6,Saturday,https://www4.septa.org/picking/pdf/fall-a-2026/victory/bus/paddles/saturday-paddles.pdf#page=6,https://www4.septa.org/picking/pdf/fall-a-2026/victory/bus/paddles/saturday-paddles#page=6.pdf,https://www4.septa.org/picking/pdf/fall-a-2026/victory/bus/trip-sheets/saturday-trip-sheets.pdf
Victory busSaturday4,4,Victory bus,1 of 2,8,Saturday,https://www4.septa.org/picking/pdf/fall-a-2026/victory/bus/paddles/saturday-paddles.pdf#page=8,https://www4.septa.org/picking/pdf/fall-a-2026/victory/bus/paddles/saturday-paddles#page=8.pdf,https://www4.septa.org/picking/pdf/fall-a-2026/victory/bus/trip-sheets/saturday-trip-sheets.pdf
Victory busSaturday5,5,Victory bus,1 of 2,10,Saturday,https://www4.septa.org/picking/pdf/fall-a-2026/victory/bus/paddles/saturday-paddles.pdf#page=10,https://www4.septa.org/picking/pdf/fall-a-2026/victory/bus/paddles/saturday-paddles#page=10.pdf,https://www4.septa.org/picking/pdf/fall-a-2026/victory/bus/trip-sheets/saturday-trip-sheets.pdf
Victory busSaturday26,26,Victory bus,1 of 2,12,Saturday,https://www4.septa.org/picking/pdf/fall-a-2026/victory/bus/paddles/saturday-paddles.pdf#page=12,https://www4.septa.org/picking/pdf/fall-a-2026/victory/bus/paddles/saturday-paddles#page=12.pdf,https://www4.septa.org/picking/pdf/fall-a-2026/victory/bus/trip-sheets/saturday-trip-sheets.pdf
Victory busSaturday27,27,Victory bus,1 of 2,14,Saturday,https://www4.septa.org/picking/pdf/fall-a-2026/victory/bus/paddles/saturday-paddles.pdf#page=14,https://www4.septa.org/picking/pdf/fall-a-2026/victory/bus/paddles/saturday-paddles#page=14.pdf,https://www4.septa.org/picking/pdf/fall-a-2026/victory/bus/trip-sheets/saturday-trip-sheets.pdf
Victory busSaturday28,28,Victory bus,1 of 1,16,Saturday,https://www4.septa.org/picking/pdf/fall-a-2026/victory/bus/paddles/saturday-paddles.pdf#page=16,https://www4.septa.org/picking/pdf/fall-a-2026/victory/bus/paddles/saturday-paddles#page=16.pdf,https://www4.septa.org/picking/pdf/fall-a-2026/victory/bus/trip-sheets/saturday-trip-sheets.pdf
Victory busSaturday29,29,Victory bus,1 of 3,17,Saturday,https://www4.septa.org/picking/pdf/fall-a-2026/victory/bus/paddles/saturday-paddles.pdf#page=17,https://www4.septa.org/picking/pdf/fall-a-2026/victory/bus/paddles/saturday-paddles#page=17.pdf,https://www4.septa.org/picking/pdf/fall-a-2026/victory/bus/trip-sheets/saturday-trip-sheets.pdf
Victory busSaturday30,30,Victory bus,1 of 3,20,Saturday,https://www4.septa.org/picking/pdf/fall-a-2026/victory/bus/paddles/saturday-paddles.pdf#page=20,https://www4.septa.org/picking/pdf/fall-a-2026/victory/bus/paddles/saturday-paddles#page=20.pdf,https://www4.septa.org/picking/pdf/fall-a-2026/victory/bus/trip-sheets/saturday-trip-sheets.pdf
Victory busSaturday31,31,Victory bus,1 of 2,23,Saturday,https://www4.septa.org/picking/pdf/fall-a-2026/victory/bus/paddles/saturday-paddles.pdf#page=23,https://www4.septa.org/picking/pdf/fall-a-2026/victory/bus/paddles/saturday-paddles#page=23.pdf,https://www4.septa.org/picking/pdf/fall-a-2026/victory/bus/trip-sheets/saturday-trip-sheets.pdf
Victory busSaturday32,32,Victory bus,1 of 2,25,Saturday,https://www4.septa.org/picking/pdf/fall-a-2026/victory/bus/paddles/saturday-paddles.pdf#page=25,https://www4.septa.org/picking/pdf/fall-a-2026/victory/bus/paddles/saturday-paddles#page=25.pdf,https://www4.septa.org/picking/pdf/fall-a-2026/victory/bus/trip-sheets/saturday-trip-sheets.pdf
Victory busSaturday33,33,Victory bus,1 of 2,27,Saturday,https://www4.septa.org/picking/pdf/fall-a-2026/victory/bus/paddles/saturday-paddles.pdf#page=27,https://www4.septa.org/picking/pdf/fall-a-2026/victory/bus/paddles/saturday-paddles#page=27.pdf,https://www4.septa.org/picking/pdf/fall-a-2026/victory/bus/trip-sheets/saturday-trip-sheets.pdf
Victory busSaturday76,76,Victory bus,1 of 2,29,Saturday,https://www4.septa.org/picking/pdf/fall-a-2026/victory/bus/paddles/saturday-paddles.pdf#page=29,https://www4.septa.org/picking/pdf/fall-a-2026/victory/bus/paddles/saturday-paddles#page=29.pdf,https://www4.septa.org/picking/pdf/fall-a-2026/victory/bus/trip-sheets/saturday-trip-sheets.pdf
Victory busSaturday77,77,Victory bus,1 of 2,31,Saturday,https://www4.septa.org/picking/pdf/fall-a-2026/victory/bus/paddles/saturday-paddles.pdf#page=31,https://www4.septa.org/picking/pdf/fall-a-2026/victory/bus/paddles/saturday-paddles#page=31.pdf,https://www4.septa.org/picking/pdf/fall-a-2026/victory/bus/trip-sheets/saturday-trip-sheets.pdf
Victory busSaturday78,78,Victory bus,1 of 2,33,Saturday,https://www4.septa.org/picking/pdf/fall-a-2026/victory/bus/paddles/saturday-paddles.pdf#page=33,https://www4.septa.org/picking/pdf/fall-a-2026/victory/bus/paddles/saturday-paddles#page=33.pdf,https://www4.septa.org/picking/pdf/fall-a-2026/victory/bus/trip-sheets/saturday-trip-sheets.pdf
Victory busSaturday79,79,Victory bus,1 of 2,35,Saturday,https://www4.septa.org/picking/pdf/fall-a-2026/victory/bus/paddles/saturday-paddles.pdf#page=35,https://www4.septa.org/picking/pdf/fall-a-2026/victory/bus/paddles/saturday-paddles#page=35.pdf,https://www4.septa.org/picking/pdf/fall-a-2026/victory/bus/trip-sheets/saturday-trip-sheets.pdf
Victory busSaturday80,80,Victory bus,1 of 3,37,Saturday,https://www4.septa.org/picking/pdf/fall-a-2026/victory/bus/paddles/saturday-paddles.pdf#page=37,https://www4.septa.org/picking/pdf/fall-a-2026/victory/bus/paddles/saturday-paddles#page=37.pdf,https://www4.septa.org/picking/pdf/fall-a-2026/victory/bus/trip-sheets/saturday-trip-sheets.pdf
Victory busSaturday81,81,Victory bus,1 of 3,40,Saturday,https://www4.septa.org/picking/pdf/fall-a-2026/victory/bus/paddles/saturday-paddles.pdf#page=40,https://www4.septa.org/picking/pdf/fall-a-2026/victory/bus/paddles/saturday-paddles#page=40.pdf,https://www4.septa.org/picking/pdf/fall-a-2026/victory/bus/trip-sheets/saturday-trip-sheets.pdf
Victory busSaturday82,82,Victory bus,1 of 2,43,Saturday,https://www4.septa.org/picking/pdf/fall-a-2026/victory/bus/paddles/saturday-paddles.pdf#page=43,https://www4.septa.org/picking/pdf/fall-a-2026/victory/bus/paddles/saturday-paddles#page=43.pdf,https://www4.septa.org/picking/pdf/fall-a-2026/victory/bus/trip-sheets/saturday-trip-sheets.pdf
Victory busSaturday83,83,Victory bus,1 of 2,45,Saturday,https://www4.septa.org/picking/pdf/fall-a-2026/victory/bus/paddles/saturday-paddles.pdf#page=45,https://www4.septa.org/picking/pdf/fall-a-2026/victory/bus/paddles/saturday-paddles#page=45.pdf,https://www4.septa.org/picking/pdf/fall-a-2026/victory/bus/trip-sheets/saturday-trip-sheets.pdf
Victory busSaturday84,84,Victory bus,1 of 2,47,Saturday,https://www4.septa.org/picking/pdf/fall-a-2026/victory/bus/paddles/saturday-paddles.pdf#page=47,https://www4.septa.org/picking/pdf/fall-a-2026/victory/bus/paddles/saturday-paddles#page=47.pdf,https://www4.septa.org/picking/pdf/fall-a-2026/victory/bus/trip-sheets/saturday-trip-sheets.pdf
Victory busSaturday126,126,Victory bus,1 of 2,49,Saturday,https://www4.septa.org/picking/pdf/fall-a-2026/victory/bus/paddles/saturday-paddles.pdf#page=49,https://www4.septa.org/picking/pdf/fall-a-2026/victory/bus/paddles/saturday-paddles#page=49.pdf,https://www4.septa.org/picking/pdf/fall-a-2026/victory/bus/trip-sheets/saturday-trip-sheets.pdf
Victory busSaturday127,127,Victory bus,1 of 2,51,Saturday,https://www4.septa.org/picking/pdf/fall-a-2026/victory/bus/paddles/saturday-paddles.pdf#page=51,https://www4.septa.org/picking/pdf/fall-a-2026/victory/bus/paddles/saturday-paddles#page=51.pdf,https://www4.septa.org/picking/pdf/fall-a-2026/victory/bus/trip-sheets/saturday-trip-sheets.pdf
Victory busSaturday128,128,Victory bus,1 of 2,53,Saturday,https://www4.septa.org/picking/pdf/fall-a-2026/victory/bus/paddles/saturday-paddles.pdf#page=53,https://www4.septa.org/picking/pdf/fall-a-2026/victory/bus/paddles/saturday-paddles#page=53.pdf,https://www4.septa.org/picking/pdf/fall-a-2026/victory/bus/trip-sheets/saturday-trip-sheets.pdf
Victory busSaturday129,129,Victory bus,1 of 2,55,Saturday,https://www4.septa.org/picking/pdf/fall-a-2026/victory/bus/paddles/saturday-paddles.pdf#page=55,https://www4.septa.org/picking/pdf/fall-a-2026/victory/bus/paddles/saturday-paddles#page=55.pdf,https://www4.septa.org/picking/pdf/fall-a-2026/victory/bus/trip-sheets/saturday-trip-sheets.pdf
Victory busSaturday151,151,Victory bus,1 of 2,57,Saturday,https://www4.septa.org/picking/pdf/fall-a-2026/victory/bus/paddles/saturday-paddles.pdf#page=57,https://www4.septa.org/picking/pdf/fall-a-2026/victory/bus/paddles/saturday-paddles#page=57.pdf,https://www4.septa.org/picking/pdf/fall-a-2026/victory/bus/trip-sheets/saturday-trip-sheets.pdf
Victory busSaturday152,152,Victory bus,1 of 2,59,Saturday,https://www4.septa.org/picking/pdf/fall-a-2026/victory/bus/paddles/saturday-paddles.pdf#page=59,https://www4.septa.org/picking/pdf/fall-a-2026/victory/bus/paddles/saturday-paddles#page=59.pdf,https://www4.septa.org/picking/pdf/fall-a-2026/victory/bus/trip-sheets/saturday-trip-sheets.pdf
Victory busSaturday153,153,Victory bus,1 of 2,61,Saturday,https://www4.septa.org/picking/pdf/fall-a-2026/victory/bus/paddles/saturday-paddles.pdf#page=61,https://www4.septa.org/picking/pdf/fall-a-2026/victory/bus/paddles/saturday-paddles#page=61.pdf,https://www4.septa.org/picking/pdf/fall-a-2026/victory/bus/trip-sheets/saturday-trip-sheets.pdf
Victory busSaturday154,154,Victory bus,1 of 2,63,Saturday,https://www4.septa.org/picking/pdf/fall-a-2026/victory/bus/paddles/saturday-paddles.pdf#page=63,https://www4.septa.org/picking/pdf/fall-a-2026/victory/bus/paddles/saturday-paddles#page=63.pdf,https://www4.septa.org/picking/pdf/fall-a-2026/victory/bus/trip-sheets/saturday-trip-sheets.pdf
Victory busSaturday155,155,Victory bus,1 of 2,65,Saturday,https://www4.septa.org/picking/pdf/fall-a-2026/victory/bus/paddles/saturday-paddles.pdf#page=65,https://www4.septa.org/picking/pdf/fall-a-2026/victory/bus/paddles/saturday-paddles#page=65.pdf,https://www4.septa.org/picking/pdf/fall-a-2026/victory/bus/trip-sheets/saturday-trip-sheets.pdf
Victory busSaturday156,156,Victory bus,1 of 2,67,Saturday,https://www4.septa.org/picking/pdf/fall-a-2026/victory/bus/paddles/saturday-paddles.pdf#page=67,https://www4.septa.org/picking/pdf/fall-a-2026/victory/bus/paddles/saturday-paddles#page=67.pdf,https://www4.septa.org/picking/pdf/fall-a-2026/victory/bus/trip-sheets/saturday-trip-sheets.pdf
Victory busSaturday157,157,Victory bus,1 of 2,69,Saturday,https://www4.septa.org/picking/pdf/fall-a-2026/victory/bus/paddles/saturday-paddles.pdf#page=69,https://www4.septa.org/picking/pdf/fall-a-2026/victory/bus/paddles/saturday-paddles#page=69.pdf,https://www4.septa.org/picking/pdf/fall-a-2026/victory/bus/trip-sheets/saturday-trip-sheets.pdf
Victory busSaturday158,158,Victory bus,1 of 2,71,Saturday,https://www4.septa.org/picking/pdf/fall-a-2026/victory/bus/paddles/saturday-paddles.pdf#page=71,https://www4.septa.org/picking/pdf/fall-a-2026/victory/bus/paddles/saturday-paddles#page=71.pdf,https://www4.septa.org/picking/pdf/fall-a-2026/victory/bus/trip-sheets/saturday-trip-sheets.pdf
Victory busSaturday159,159,Victory bus,1 of 2,73,Saturday,https://www4.septa.org/picking/pdf/fall-a-2026/victory/bus/paddles/saturday-paddles.pdf#page=73,https://www4.septa.org/picking/pdf/fall-a-2026/victory/bus/paddles/saturday-paddles#page=73.pdf,https://www4.septa.org/picking/pdf/fall-a-2026/victory/bus/trip-sheets/saturday-trip-sheets.pdf
Victory busSaturday160,160,Victory bus,1 of 2,75,Saturday,https://www4.septa.org/picking/pdf/fall-a-2026/victory/bus/paddles/saturday-paddles.pdf#page=75,https://www4.septa.org/picking/pdf/fall-a-2026/victory/bus/paddles/saturday-paddles#page=75.pdf,https://www4.septa.org/picking/pdf/fall-a-2026/victory/bus/trip-sheets/saturday-trip-sheets.pdf
Victory busSaturday161,161,Victory bus,1 of 2,77,Saturday,https://www4.septa.org/picking/pdf/fall-a-2026/victory/bus/paddles/saturday-paddles.pdf#page=77,https://www4.septa.org/picking/pdf/fall-a-2026/victory/bus/paddles/saturday-paddles#page=77.pdf,https://www4.septa.org/picking/pdf/fall-a-2026/victory/bus/trip-sheets/saturday-trip-sheets.pdf
Victory busSaturday162,162,Victory bus,1 of 2,79,Saturday,https://www4.septa.org/picking/pdf/fall-a-2026/victory/bus/paddles/saturday-paddles.pdf#page=79,https://www4.septa.org/picking/pdf/fall-a-2026/victory/bus/paddles/saturday-paddles#page=79.pdf,https://www4.septa.org/picking/pdf/fall-a-2026/victory/bus/trip-sheets/saturday-trip-sheets.pdf
Victory busSaturday176,176,Victory bus,1 of 2,81,Saturday,https://www4.septa.org/picking/pdf/fall-a-2026/victory/bus/paddles/saturday-paddles.pdf#page=81,https://www4.septa.org/picking/pdf/fall-a-2026/victory/bus/paddles/saturday-paddles#page=81.pdf,https://www4.septa.org/picking/pdf/fall-a-2026/victory/bus/trip-sheets/saturday-trip-sheets.pdf
Victory busSaturday177,177,Victory bus,1 of 2,83,Saturday,https://www4.septa.org/picking/pdf/fall-a-2026/victory/bus/paddles/saturday-paddles.pdf#page=83,https://www4.septa.org/picking/pdf/fall-a-2026/victory/bus/paddles/saturday-paddles#page=83.pdf,https://www4.septa.org/picking/pdf/fall-a-2026/victory/bus/trip-sheets/saturday-trip-sheets.pdf
Victory busSaturday178,178,Victory bus,1 of 2,85,Saturday,https://www4.septa.org/picking/pdf/fall-a-2026/victory/bus/paddles/saturday-paddles.pdf#page=85,https://www4.septa.org/picking/pdf/fall-a-2026/victory/bus/paddles/saturday-paddles#page=85.pdf,https://www4.septa.org/picking/pdf/fall-a-2026/victory/bus/trip-sheets/saturday-trip-sheets.pdf
Victory busSaturday179,179,Victory bus,1 of 2,87,Saturday,https://www4.septa.org/picking/pdf/fall-a-2026/victory/bus/paddles/saturday-paddles.pdf#page=87,https://www4.septa.org/picking/pdf/fall-a-2026/victory/bus/paddles/saturday-paddles#page=87.pdf,https://www4.septa.org/picking/pdf/fall-a-2026/victory/bus/trip-sheets/saturday-trip-sheets.pdf
Victory busSaturday180,180,Victory bus,1 of 2,89,Saturday,https://www4.septa.org/picking/pdf/fall-a-2026/victory/bus/paddles/saturday-paddles.pdf#page=89,https://www4.septa.org/picking/pdf/fall-a-2026/victory/bus/paddles/saturday-paddles#page=89.pdf,https://www4.septa.org/picking/pdf/fall-a-2026/victory/bus/trip-sheets/saturday-trip-sheets.pdf
Victory busSaturday181,181,Victory bus,1 of 2,91,Saturday,https://www4.septa.org/picking/pdf/fall-a-2026/victory/bus/paddles/saturday-paddles.pdf#page=91,https://www4.septa.org/picking/pdf/fall-a-2026/victory/bus/paddles/saturday-paddles#page=91.pdf,https://www4.septa.org/picking/pdf/fall-a-2026/victory/bus/trip-sheets/saturday-trip-sheets.pdf
Victory busSaturday182,182,Victory bus,1 of 2,93,Saturday,https://www4.septa.org/picking/pdf/fall-a-2026/victory/bus/paddles/saturday-paddles.pdf#page=93,https://www4.septa.org/picking/pdf/fall-a-2026/victory/bus/paddles/saturday-paddles#page=93.pdf,https://www4.septa.org/picking/pdf/fall-a-2026/victory/bus/trip-sheets/saturday-trip-sheets.pdf
Victory busSaturday183,183,Victory bus,1 of 2,95,Saturday,https://www4.septa.org/picking/pdf/fall-a-2026/victory/bus/paddles/saturday-paddles.pdf#page=95,https://www4.septa.org/picking/pdf/fall-a-2026/victory/bus/paddles/saturday-paddles#page=95.pdf,https://www4.septa.org/picking/pdf/fall-a-2026/victory/bus/trip-sheets/saturday-trip-sheets.pdf
Victory busSaturday201,201,Victory bus,1 of 2,97,Saturday,https://www4.septa.org/picking/pdf/fall-a-2026/victory/bus/paddles/saturday-paddles.pdf#page=97,https://www4.septa.org/picking/pdf/fall-a-2026/victory/bus/paddles/saturday-paddles#page=97.pdf,https://www4.septa.org/picking/pdf/fall-a-2026/victory/bus/trip-sheets/saturday-trip-sheets.pdf
Victory busSaturday202,202,Victory bus,1 of 2,99,Saturday,https://www4.septa.org/picking/pdf/fall-a-2026/victory/bus/paddles/saturday-paddles.pdf#page=99,https://www4.septa.org/picking/pdf/fall-a-2026/victory/bus/paddles/saturday-paddles#page=99.pdf,https://www4.septa.org/picking/pdf/fall-a-2026/victory/bus/trip-sheets/saturday-trip-sheets.pdf
Victory busSaturday203,203,Victory bus,1 of 2,101,Saturday,https://www4.septa.org/picking/pdf/fall-a-2026/victory/bus/paddles/saturday-paddles.pdf#page=101,https://www4.septa.org/picking/pdf/fall-a-2026/victory/bus/paddles/saturday-paddles#page=101.pdf,https://www4.septa.org/picking/pdf/fall-a-2026/victory/bus/trip-sheets/saturday-trip-sheets.pdf
Victory busSaturday204,204,Victory bus,1 of 2,103,Saturday,https://www4.septa.org/picking/pdf/fall-a-2026/victory/bus/paddles/saturday-paddles.pdf#page=103,https://www4.septa.org/picking/pdf/fall-a-2026/victory/bus/paddles/saturday-paddles#page=103.pdf,https://www4.septa.org/picking/pdf/fall-a-2026/victory/bus/trip-sheets/saturday-trip-sheets.pdf
Victory busSaturday205,205,Victory bus,1 of 2,105,Saturday,https://www4.septa.org/picking/pdf/fall-a-2026/victory/bus/paddles/saturday-paddles.pdf#page=105,https://www4.septa.org/picking/pdf/fall-a-2026/victory/bus/paddles/saturday-paddles#page=105.pdf,https://www4.septa.org/picking/pdf/fall-a-2026/victory/bus/trip-sheets/saturday-trip-sheets.pdf
Victory busSaturday226,226,Victory bus,1 of 2,107,Saturday,https://www4.septa.org/picking/pdf/fall-a-2026/victory/bus/paddles/saturday-paddles.pdf#page=107,https://www4.septa.org/picking/pdf/fall-a-2026/victory/bus/paddles/saturday-paddles#page=107.pdf,https://www4.septa.org/picking/pdf/fall-a-2026/victory/bus/trip-sheets/saturday-trip-sheets.pdf
Victory busSaturday227,227,Victory bus,1 of 2,109,Saturday,https://www4.septa.org/picking/pdf/fall-a-2026/victory/bus/paddles/saturday-paddles.pdf#page=109,https://www4.septa.org/picking/pdf/fall-a-2026/victory/bus/paddles/saturday-paddles#page=109.pdf,https://www4.septa.org/picking/pdf/fall-a-2026/victory/bus/trip-sheets/saturday-trip-sheets.pdf
Victory busSaturday228,228,Victory bus,1 of 2,111,Saturday,https://www4.septa.org/picking/pdf/fall-a-2026/victory/bus/paddles/saturday-paddles.pdf#page=111,https://www4.septa.org/picking/pdf/fall-a-2026/victory/bus/paddles/saturday-paddles#page=111.pdf,https://www4.septa.org/picking/pdf/fall-a-2026/victory/bus/trip-sheets/saturday-trip-sheets.pdf
Victory busSaturday229,229,Victory bus,1 of 2,113,Saturday,https://www4.septa.org/picking/pdf/fall-a-2026/victory/bus/paddles/saturday-paddles.pdf#page=113,https://www4.septa.org/picking/pdf/fall-a-2026/victory/bus/paddles/saturday-paddles#page=113.pdf,https://www4.septa.org/picking/pdf/fall-a-2026/victory/bus/trip-sheets/saturday-trip-sheets.pdf
Victory busSaturday230,230,Victory bus,1 of 2,115,Saturday,https://www4.septa.org/picking/pdf/fall-a-2026/victory/bus/paddles/saturday-paddles.pdf#page=115,https://www4.septa.org/picking/pdf/fall-a-2026/victory/bus/paddles/saturday-paddles#page=115.pdf,https://www4.septa.org/picking/pdf/fall-a-2026/victory/bus/trip-sheets/saturday-trip-sheets.pdf
Victory busSaturday251,251,Victory bus,1 of 2,117,Saturday,https://www4.septa.org/picking/pdf/fall-a-2026/victory/bus/paddles/saturday-paddles.pdf#page=117,https://www4.septa.org/picking/pdf/fall-a-2026/victory/bus/paddles/saturday-paddles#page=117.pdf,https://www4.septa.org/picking/pdf/fall-a-2026/victory/bus/trip-sheets/saturday-trip-sheets.pdf
Victory busSaturday252,252,Victory bus,1 of 2,119,Saturday,https://www4.septa.org/picking/pdf/fall-a-2026/victory/bus/paddles/saturday-paddles.pdf#page=119,https://www4.septa.org/picking/pdf/fall-a-2026/victory/bus/paddles/saturday-paddles#page=119.pdf,https://www4.septa.org/picking/pdf/fall-a-2026/victory/bus/trip-sheets/saturday-trip-sheets.pdf
Victory busSaturday253,253,Victory bus,1 of 3,121,Saturday,https://www4.septa.org/picking/pdf/fall-a-2026/victory/bus/paddles/saturday-paddles.pdf#page=121,https://www4.septa.org/picking/pdf/fall-a-2026/victory/bus/paddles/saturday-paddles#page=121.pdf,https://www4.septa.org/picking/pdf/fall-a-2026/victory/bus/trip-sheets/saturday-trip-sheets.pdf
Victory busSaturday276,276,Victory bus,1 of 2,124,Saturday,https://www4.septa.org/picking/pdf/fall-a-2026/victory/bus/paddles/saturday-paddles.pdf#page=124,https://www4.septa.org/picking/pdf/fall-a-2026/victory/bus/paddles/saturday-paddles#page=124.pdf,https://www4.septa.org/picking/pdf/fall-a-2026/victory/bus/trip-sheets/saturday-trip-sheets.pdf
Victory busSaturday277,277,Victory bus,1 of 2,126,Saturday,https://www4.septa.org/picking/pdf/fall-a-2026/victory/bus/paddles/saturday-paddles.pdf#page=126,https://www4.septa.org/picking/pdf/fall-a-2026/victory/bus/paddles/saturday-paddles#page=126.pdf,https://www4.septa.org/picking/pdf/fall-a-2026/victory/bus/trip-sheets/saturday-trip-sheets.pdf
Victory busSaturday278,278,Victory bus,1 of 3,128,Saturday,https://www4.septa.org/picking/pdf/fall-a-2026/victory/bus/paddles/saturday-paddles.pdf#page=128,https://www4.septa.org/picking/pdf/fall-a-2026/victory/bus/paddles/saturday-paddles#page=128.pdf,https://www4.septa.org/picking/pdf/fall-a-2026/victory/bus/trip-sheets/saturday-trip-sheets.pdf
Victory busSaturday279,279,Victory bus,1 of 2,131,Saturday,https://www4.septa.org/picking/pdf/fall-a-2026/victory/bus/paddles/saturday-paddles.pdf#page=131,https://www4.septa.org/picking/pdf/fall-a-2026/victory/bus/paddles/saturday-paddles#page=131.pdf,https://www4.septa.org/picking/pdf/fall-a-2026/victory/bus/trip-sheets/saturday-trip-sheets.pdf
Victory busSaturday280,280,Victory bus,1 of 2,133,Saturday,https://www4.septa.org/picking/pdf/fall-a-2026/victory/bus/paddles/saturday-paddles.pdf#page=133,https://www4.septa.org/picking/pdf/fall-a-2026/victory/bus/paddles/saturday-paddles#page=133.pdf,https://www4.septa.org/picking/pdf/fall-a-2026/victory/bus/trip-sheets/saturday-trip-sheets.pdf
Victory busSaturday281,281,Victory bus,1 of 2,135,Saturday,https://www4.septa.org/picking/pdf/fall-a-2026/victory/bus/paddles/saturday-paddles.pdf#page=135,https://www4.septa.org/picking/pdf/fall-a-2026/victory/bus/paddles/saturday-paddles#page=135.pdf,https://www4.septa.org/picking/pdf/fall-a-2026/victory/bus/trip-sheets/saturday-trip-sheets.pdf
Victory busSaturday282,282,Victory bus,1 of 2,137,Saturday,https://www4.septa.org/picking/pdf/fall-a-2026/victory/bus/paddles/saturday-paddles.pdf#page=137,https://www4.septa.org/picking/pdf/fall-a-2026/victory/bus/paddles/saturday-paddles#page=137.pdf,https://www4.septa.org/picking/pdf/fall-a-2026/victory/bus/trip-sheets/saturday-trip-sheets.pdf
Victory busSaturday283,283,Victory bus,1 of 3,139,Saturday,https://www4.septa.org/picking/pdf/fall-a-2026/victory/bus/paddles/saturday-paddles.pdf#page=139,https://www4.septa.org/picking/pdf/fall-a-2026/victory/bus/paddles/saturday-paddles#page=139.pdf,https://www4.septa.org/picking/pdf/fall-a-2026/victory/bus/trip-sheets/saturday-trip-sheets.pdf
Victory busSaturday284,284,Victory bus,1 of 2,142,Saturday,https://www4.septa.org/picking/pdf/fall-a-2026/victory/bus/paddles/saturday-paddles.pdf#page=142,https://www4.septa.org/picking/pdf/fall-a-2026/victory/bus/paddles/saturday-paddles#page=142.pdf,https://www4.septa.org/picking/pdf/fall-a-2026/victory/bus/trip-sheets/saturday-trip-sheets.pdf
Victory busSaturday285,285,Victory bus,1 of 2,144,Saturday,https://www4.septa.org/picking/pdf/fall-a-2026/victory/bus/paddles/saturday-paddles.pdf#page=144,https://www4.septa.org/picking/pdf/fall-a-2026/victory/bus/paddles/saturday-paddles#page=144.pdf,https://www4.septa.org/picking/pdf/fall-a-2026/victory/bus/trip-sheets/saturday-trip-sheets.pdf
Victory busSaturday286,286,Victory bus,1 of 2,146,Saturday,https://www4.septa.org/picking/pdf/fall-a-2026/victory/bus/paddles/saturday-paddles.pdf#page=146,https://www4.septa.org/picking/pdf/fall-a-2026/victory/bus/paddles/saturday-paddles#page=146.pdf,https://www4.septa.org/picking/pdf/fall-a-2026/victory/bus/trip-sheets/saturday-trip-sheets.pdf
Victory busSaturday287,287,Victory bus,1 of 2,148,Saturday,https://www4.septa.org/picking/pdf/fall-a-2026/victory/bus/paddles/saturday-paddles.pdf#page=148,https://www4.septa.org/picking/pdf/fall-a-2026/victory/bus/paddles/saturday-paddles#page=148.pdf,https://www4.septa.org/picking/pdf/fall-a-2026/victory/bus/trip-sheets/saturday-trip-sheets.pdf
Victory busSaturday288,288,Victory bus,1 of 2,150,Saturday,https://www4.septa.org/picking/pdf/fall-a-2026/victory/bus/paddles/saturday-paddles.pdf#page=150,https://www4.septa.org/picking/pdf/fall-a-2026/victory/bus/paddles/saturday-paddles#page=150.pdf,https://www4.septa.org/picking/pdf/fall-a-2026/victory/bus/trip-sheets/saturday-trip-sheets.pdf
Victory busSaturday289,289,Victory bus,1 of 2,152,Saturday,https://www4.septa.org/picking/pdf/fall-a-2026/victory/bus/paddles/saturday-paddles.pdf#page=152,https://www4.septa.org/picking/pdf/fall-a-2026/victory/bus/paddles/saturday-paddles#page=152.pdf,https://www4.septa.org/picking/pdf/fall-a-2026/victory/bus/trip-sheets/saturday-trip-sheets.pdf
Victory busSaturday290,290,Victory bus,1 of 2,154,Saturday,https://www4.septa.org/picking/pdf/fall-a-2026/victory/bus/paddles/saturday-paddles.pdf#page=154,https://www4.septa.org/picking/pdf/fall-a-2026/victory/bus/paddles/saturday-paddles#page=154.pdf,https://www4.septa.org/picking/pdf/fall-a-2026/victory/bus/trip-sheets/saturday-trip-sheets.pdf
Victory busSaturday291,291,Victory bus,1 of 3,156,Saturday,https://www4.septa.org/picking/pdf/fall-a-2026/victory/bus/paddles/saturday-paddles.pdf#page=156,https://www4.septa.org/picking/pdf/fall-a-2026/victory/bus/paddles/saturday-paddles#page=156.pdf,https://www4.septa.org/picking/pdf/fall-a-2026/victory/bus/trip-sheets/saturday-trip-sheets.pdf
Victory busSaturday292,292,Victory bus,1 of 2,159,Saturday,https://www4.septa.org/picking/pdf/fall-a-2026/victory/bus/paddles/saturday-paddles.pdf#page=159,https://www4.septa.org/picking/pdf/fall-a-2026/victory/bus/paddles/saturday-paddles#page=159.pdf,https://www4.septa.org/picking/pdf/fall-a-2026/victory/bus/trip-sheets/saturday-trip-sheets.pdf
Victory busSaturday306,306,Victory bus,1 of 2,161,Saturday,https://www4.septa.org/picking/pdf/fall-a-2026/victory/bus/paddles/saturday-paddles.pdf#page=161,https://www4.septa.org/picking/pdf/fall-a-2026/victory/bus/paddles/saturday-paddles#page=161.pdf,https://www4.septa.org/picking/pdf/fall-a-2026/victory/bus/trip-sheets/saturday-trip-sheets.pdf
Victory busSaturday307,307,Victory bus,1 of 2,163,Saturday,https://www4.septa.org/picking/pdf/fall-a-2026/victory/bus/paddles/saturday-paddles.pdf#page=163,https://www4.septa.org/picking/pdf/fall-a-2026/victory/bus/paddles/saturday-paddles#page=163.pdf,https://www4.septa.org/picking/pdf/fall-a-2026/victory/bus/trip-sheets/saturday-trip-sheets.pdf
Victory busSaturday308,308,Victory bus,1 of 1,165,Saturday,https://www4.septa.org/picking/pdf/fall-a-2026/victory/bus/paddles/saturday-paddles.pdf#page=165,https://www4.septa.org/picking/pdf/fall-a-2026/victory/bus/paddles/saturday-paddles#page=165.pdf,https://www4.septa.org/picking/pdf/fall-a-2026/victory/bus/trip-sheets/saturday-trip-sheets.pdf
Victory busSaturday309,309,Victory bus,1 of 2,166,Saturday,https://www4.septa.org/picking/pdf/fall-a-2026/victory/bus/paddles/saturday-paddles.pdf#page=166,https://www4.septa.org/picking/pdf/fall-a-2026/victory/bus/paddles/saturday-paddles#page=166.pdf,https://www4.septa.org/picking/pdf/fall-a-2026/victory/bus/trip-sheets/saturday-trip-sheets.pdf
Victory busSaturday310,310,Victory bus,1 of 2,168,Saturday,https://www4.septa.org/picking/pdf/fall-a-2026/victory/bus/paddles/saturday-paddles.pdf#page=168,https://www4.septa.org/picking/pdf/fall-a-2026/victory/bus/paddles/saturday-paddles#page=168.pdf,https://www4.septa.org/picking/pdf/fall-a-2026/victory/bus/trip-sheets/saturday-trip-sheets.pdf
Victory busSaturday326,326,Victory bus,1 of 2,170,Saturday,https://www4.septa.org/picking/pdf/fall-a-2026/victory/bus/paddles/saturday-paddles.pdf#page=170,https://www4.septa.org/picking/pdf/fall-a-2026/victory/bus/paddles/saturday-paddles#page=170.pdf,https://www4.septa.org/picking/pdf/fall-a-2026/victory/bus/trip-sheets/saturday-trip-sheets.pdf
Victory busSaturday327,327,Victory bus,1 of 2,172,Saturday,https://www4.septa.org/picking/pdf/fall-a-2026/victory/bus/paddles/saturday-paddles.pdf#page=172,https://www4.septa.org/picking/pdf/fall-a-2026/victory/bus/paddles/saturday-paddles#page=172.pdf,https://www4.septa.org/picking/pdf/fall-a-2026/victory/bus/trip-sheets/saturday-trip-sheets.pdf
Victory busSaturday328,328,Victory bus,1 of 2,174,Saturday,https://www4.septa.org/picking/pdf/fall-a-2026/victory/bus/paddles/saturday-paddles.pdf#page=174,https://www4.septa.org/picking/pdf/fall-a-2026/victory/bus/paddles/saturday-paddles#page=174.pdf,https://www4.septa.org/picking/pdf/fall-a-2026/victory/bus/trip-sheets/saturday-trip-sheets.pdf
Victory busSaturday329,329,Victory bus,1 of 2,176,Saturday,https://www4.septa.org/picking/pdf/fall-a-2026/victory/bus/paddles/saturday-paddles.pdf#page=176,https://www4.septa.org/picking/pdf/fall-a-2026/victory/bus/paddles/saturday-paddles#page=176.pdf,https://www4.septa.org/picking/pdf/fall-a-2026/victory/bus/trip-sheets/saturday-trip-sheets.pdf
Victory busSaturday376,376,Victory bus,1 of 2,178,Saturday,https://www4.septa.org/picking/pdf/fall-a-2026/victory/bus/paddles/saturday-paddles.pdf#page=178,https://www4.septa.org/picking/pdf/fall-a-2026/victory/bus/paddles/saturday-paddles#page=178.pdf,https://www4.septa.org/picking/pdf/fall-a-2026/victory/bus/trip-sheets/saturday-trip-sheets.pdf
Victory busSaturday377,377,Victory bus,1 of 2,180,Saturday,https://www4.septa.org/picking/pdf/fall-a-2026/victory/bus/paddles/saturday-paddles.pdf#page=180,https://www4.septa.org/picking/pdf/fall-a-2026/victory/bus/paddles/saturday-paddles#page=180.pdf,https://www4.septa.org/picking/pdf/fall-a-2026/victory/bus/trip-sheets/saturday-trip-sheets.pdf
Victory busSaturday378,378,Victory bus,1 of 2,182,Saturday,https://www4.septa.org/picking/pdf/fall-a-2026/victory/bus/paddles/saturday-paddles.pdf#page=182,https://www4.septa.org/picking/pdf/fall-a-2026/victory/bus/paddles/saturday-paddles#page=182.pdf,https://www4.septa.org/picking/pdf/fall-a-2026/victory/bus/trip-sheets/saturday-trip-sheets.pdf
Victory busSaturday379,379,Victory bus,1 of 2,184,Saturday,https://www4.septa.org/picking/pdf/fall-a-2026/victory/bus/paddles/saturday-paddles.pdf#page=184,https://www4.septa.org/picking/pdf/fall-a-2026/victory/bus/paddles/saturday-paddles#page=184.pdf,https://www4.septa.org/picking/pdf/fall-a-2026/victory/bus/trip-sheets/saturday-trip-sheets.pdf
Victory busSaturday380,380,Victory bus,1 of 2,186,Saturday,https://www4.septa.org/picking/pdf/fall-a-2026/victory/bus/paddles/saturday-paddles.pdf#page=186,https://www4.septa.org/picking/pdf/fall-a-2026/victory/bus/paddles/saturday-paddles#page=186.pdf,https://www4.septa.org/picking/pdf/fall-a-2026/victory/bus/trip-sheets/saturday-trip-sheets.pdf
Victory busSaturday381,381,Victory bus,1 of 2,188,Saturday,https://www4.septa.org/picking/pdf/fall-a-2026/victory/bus/paddles/saturday-paddles.pdf#page=188,https://www4.septa.org/picking/pdf/fall-a-2026/victory/bus/paddles/saturday-paddles#page=188.pdf,https://www4.septa.org/picking/pdf/fall-a-2026/victory/bus/trip-sheets/saturday-trip-sheets.pdf
Victory busSaturday382,382,Victory bus,1 of 3,190,Saturday,https://www4.septa.org/picking/pdf/fall-a-2026/victory/bus/paddles/saturday-paddles.pdf#page=190,https://www4.septa.org/picking/pdf/fall-a-2026/victory/bus/paddles/saturday-paddles#page=190.pdf,https://www4.septa.org/picking/pdf/fall-a-2026/victory/bus/trip-sheets/saturday-trip-sheets.pdf
Victory busSaturday383,383,Victory bus,1 of 2,193,Saturday,https://www4.septa.org/picking/pdf/fall-a-2026/victory/bus/paddles/saturday-paddles.pdf#page=193,https://www4.septa.org/picking/pdf/fall-a-2026/victory/bus/paddles/saturday-paddles#page=193.pdf,https://www4.septa.org/picking/pdf/fall-a-2026/victory/bus/trip-sheets/saturday-trip-sheets.pdf
Victory busSaturday384,384,Victory bus,1 of 2,195,Saturday,https://www4.septa.org/picking/pdf/fall-a-2026/victory/bus/paddles/saturday-paddles.pdf#page=195,https://www4.septa.org/picking/pdf/fall-a-2026/victory/bus/paddles/saturday-paddles#page=195.pdf,https://www4.septa.org/picking/pdf/fall-a-2026/victory/bus/trip-sheets/saturday-trip-sheets.pdf
Victory busSaturday385,385,Victory bus,1 of 2,197,Saturday,https://www4.septa.org/picking/pdf/fall-a-2026/victory/bus/paddles/saturday-paddles.pdf#page=197,https://www4.septa.org/picking/pdf/fall-a-2026/victory/bus/paddles/saturday-paddles#page=197.pdf,https://www4.septa.org/picking/pdf/fall-a-2026/victory/bus/trip-sheets/saturday-trip-sheets.pdf
Victory busSaturday401,401,Victory bus,1 of 2,199,Saturday,https://www4.septa.org/picking/pdf/fall-a-2026/victory/bus/paddles/saturday-paddles.pdf#page=199,https://www4.septa.org/picking/pdf/fall-a-2026/victory/bus/paddles/saturday-paddles#page=199.pdf,https://www4.septa.org/picking/pdf/fall-a-2026/victory/bus/trip-sheets/saturday-trip-sheets.pdf
Victory busSaturday402,402,Victory bus,1 of 3,201,Saturday,https://www4.septa.org/picking/pdf/fall-a-2026/victory/bus/paddles/saturday-paddles.pdf#page=201,https://www4.septa.org/picking/pdf/fall-a-2026/victory/bus/paddles/saturday-paddles#page=201.pdf,https://www4.septa.org/picking/pdf/fall-a-2026/victory/bus/trip-sheets/saturday-trip-sheets.pdf
Victory busSaturday426,426,Victory bus,1 of 2,204,Saturday,https://www4.septa.org/picking/pdf/fall-a-2026/victory/bus/paddles/saturday-paddles.pdf#page=204,https://www4.septa.org/picking/pdf/fall-a-2026/victory/bus/paddles/saturday-paddles#page=204.pdf,https://www4.septa.org/picking/pdf/fall-a-2026/victory/bus/trip-sheets/saturday-trip-sheets.pdf
Victory busSaturday427,427,Victory bus,1 of 2,206,Saturday,https://www4.septa.org/picking/pdf/fall-a-2026/victory/bus/paddles/saturday-paddles.pdf#page=206,https://www4.septa.org/picking/pdf/fall-a-2026/victory/bus/paddles/saturday-paddles#page=206.pdf,https://www4.septa.org/picking/pdf/fall-a-2026/victory/bus/trip-sheets/saturday-trip-sheets.pdf
Victory busSaturday428,428,Victory bus,1 of 2,208,Saturday,https://www4.septa.org/picking/pdf/fall-a-2026/victory/bus/paddles/saturday-paddles.pdf#page=208,https://www4.septa.org/picking/pdf/fall-a-2026/victory/bus/paddles/saturday-paddles#page=208.pdf,https://www4.septa.org/picking/pdf/fall-a-2026/victory/bus/trip-sheets/saturday-trip-sheets.pdf
Victory busSaturday429,429,Victory bus,1 of 2,210,Saturday,https://www4.septa.org/picking/pdf/fall-a-2026/victory/bus/paddles/saturday-paddles.pdf#page=210,https://www4.septa.org/picking/pdf/fall-a-2026/victory/bus/paddles/saturday-paddles#page=210.pdf,https://www4.septa.org/picking/pdf/fall-a-2026/victory/bus/trip-sheets/saturday-trip-sheets.pdf
Victory busSaturday451,451,Victory bus,1 of 1,212,Saturday,https://www4.septa.org/picking/pdf/fall-a-2026/victory/bus/paddles/saturday-paddles.pdf#page=212,https://www4.septa.org/picking/pdf/fall-a-2026/victory/bus/paddles/saturday-paddles#page=212.pdf,https://www4.septa.org/picking/pdf/fall-a-2026/victory/bus/trip-sheets/saturday-trip-sheets.pdf
Victory busSaturday501,501,Victory bus,1 of 2,213,Saturday,https://www4.septa.org/picking/pdf/fall-a-2026/victory/bus/paddles/saturday-paddles.pdf#page=213,https://www4.septa.org/picking/pdf/fall-a-2026/victory/bus/paddles/saturday-paddles#page=213.pdf,https://www4.septa.org/picking/pdf/fall-a-2026/victory/bus/trip-sheets/saturday-trip-sheets.pdf
Victory busSaturday502,502,Victory bus,1 of 2,215,Saturday,https://www4.septa.org/picking/pdf/fall-a-2026/victory/bus/paddles/saturday-paddles.pdf#page=215,https://www4.septa.org/picking/pdf/fall-a-2026/victory/bus/paddles/saturday-paddles#page=215.pdf,https://www4.septa.org/picking/pdf/fall-a-2026/victory/bus/trip-sheets/saturday-trip-sheets.pdf
Victory busSaturday503,503,Victory bus,1 of 2,217,Saturday,https://www4.septa.org/picking/pdf/fall-a-2026/victory/bus/paddles/saturday-paddles.pdf#page=217,https://www4.septa.org/picking/pdf/fall-a-2026/victory/bus/paddles/saturday-paddles#page=217.pdf,https://www4.septa.org/picking/pdf/fall-a-2026/victory/bus/trip-sheets/saturday-trip-sheets.pdf
Victory busSaturday504,504,Victory bus,1 of 2,219,Saturday,https://www4.septa.org/picking/pdf/fall-a-2026/victory/bus/paddles/saturday-paddles.pdf#page=219,https://www4.septa.org/picking/pdf/fall-a-2026/victory/bus/paddles/saturday-paddles#page=219.pdf,https://www4.septa.org/picking/pdf/fall-a-2026/victory/bus/trip-sheets/saturday-trip-sheets.pdf
Victory busSaturday505,505,Victory bus,1 of 3,221,Saturday,https://www4.septa.org/picking/pdf/fall-a-2026/victory/bus/paddles/saturday-paddles.pdf#page=221,https://www4.septa.org/picking/pdf/fall-a-2026/victory/bus/paddles/saturday-paddles#page=221.pdf,https://www4.septa.org/picking/pdf/fall-a-2026/victory/bus/trip-sheets/saturday-trip-sheets.pdf
Victory busSaturday526,526,Victory bus,1 of 3,224,Saturday,https://www4.septa.org/picking/pdf/fall-a-2026/victory/bus/paddles/saturday-paddles.pdf#page=224,https://www4.septa.org/picking/pdf/fall-a-2026/victory/bus/paddles/saturday-paddles#page=224.pdf,https://www4.septa.org/picking/pdf/fall-a-2026/victory/bus/trip-sheets/saturday-trip-sheets.pdf
Victory busSaturday527,527,Victory bus,1 of 3,227,Saturday,https://www4.septa.org/picking/pdf/fall-a-2026/victory/bus/paddles/saturday-paddles.pdf#page=227,https://www4.septa.org/picking/pdf/fall-a-2026/victory/bus/paddles/saturday-paddles#page=227.pdf,https://www4.septa.org/picking/pdf/fall-a-2026/victory/bus/trip-sheets/saturday-trip-sheets.pdf
Victory busSaturday528,528,Victory bus,1 of 3,230,Saturday,https://www4.septa.org/picking/pdf/fall-a-2026/victory/bus/paddles/saturday-paddles.pdf#page=230,https://www4.septa.org/picking/pdf/fall-a-2026/victory/bus/paddles/saturday-paddles#page=230.pdf,https://www4.septa.org/picking/pdf/fall-a-2026/victory/bus/trip-sheets/saturday-trip-sheets.pdf
Victory busSaturday529,529,Victory bus,1 of 3,233,Saturday,https://www4.septa.org/picking/pdf/fall-a-2026/victory/bus/paddles/saturday-paddles.pdf#page=233,https://www4.septa.org/picking/pdf/fall-a-2026/victory/bus/paddles/saturday-paddles#page=233.pdf,https://www4.septa.org/picking/pdf/fall-a-2026/victory/bus/trip-sheets/saturday-trip-sheets.pdf
Victory busSaturday530,530,Victory bus,1 of 2,236,Saturday,https://www4.septa.org/picking/pdf/fall-a-2026/victory/bus/paddles/saturday-paddles.pdf#page=236,https://www4.septa.org/picking/pdf/fall-a-2026/victory/bus/paddles/saturday-paddles#page=236.pdf,https://www4.septa.org/picking/pdf/fall-a-2026/victory/bus/trip-sheets/saturday-trip-sheets.pdf
Victory busSaturday531,531,Victory bus,1 of 3,238,Saturday,https://www4.septa.org/picking/pdf/fall-a-2026/victory/bus/paddles/saturday-paddles.pdf#page=238,https://www4.septa.org/picking/pdf/fall-a-2026/victory/bus/paddles/saturday-paddles#page=238.pdf,https://www4.septa.org/picking/pdf/fall-a-2026/victory/bus/trip-sheets/saturday-trip-sheets.pdf
Victory busSaturday532,532,Victory bus,1 of 2,241,Saturday,https://www4.septa.org/picking/pdf/fall-a-2026/victory/bus/paddles/saturday-paddles.pdf#page=241,https://www4.septa.org/picking/pdf/fall-a-2026/victory/bus/paddles/saturday-paddles#page=241.pdf,https://www4.septa.org/picking/pdf/fall-a-2026/victory/bus/trip-sheets/saturday-trip-sheets.pdf
Victory busSaturday533,533,Victory bus,1 of 3,243,Saturday,https://www4.septa.org/picking/pdf/fall-a-2026/victory/bus/paddles/saturday-paddles.pdf#page=243,https://www4.septa.org/picking/pdf/fall-a-2026/victory/bus/paddles/saturday-paddles#page=243.pdf,https://www4.septa.org/picking/pdf/fall-a-2026/victory/bus/trip-sheets/saturday-trip-sheets.pdf
Victory busSaturday534,534,Victory bus,1 of 3,246,Saturday,https://www4.septa.org/picking/pdf/fall-a-2026/victory/bus/paddles/saturday-paddles.pdf#page=246,https://www4.septa.org/picking/pdf/fall-a-2026/victory/bus/paddles/saturday-paddles#page=246.pdf,https://www4.septa.org/picking/pdf/fall-a-2026/victory/bus/trip-sheets/saturday-trip-sheets.pdf
Victory busSaturday535,535,Victory bus,1 of 2,249,Saturday,https://www4.septa.org/picking/pdf/fall-a-2026/victory/bus/paddles/saturday-paddles.pdf#page=249,https://www4.septa.org/picking/pdf/fall-a-2026/victory/bus/paddles/saturday-paddles#page=249.pdf,https://www4.septa.org/picking/pdf/fall-a-2026/victory/bus/trip-sheets/saturday-trip-sheets.pdf
Victory busSaturday556,556,Victory bus,1 of 3,251,Saturday,https://www4.septa.org/picking/pdf/fall-a-2026/victory/bus/paddles/saturday-paddles.pdf#page=251,https://www4.septa.org/picking/pdf/fall-a-2026/victory/bus/paddles/saturday-paddles#page=251.pdf,https://www4.septa.org/picking/pdf/fall-a-2026/victory/bus/trip-sheets/saturday-trip-sheets.pdf
Victory busSunday1,1,Victory bus,1 of 2,1,Sunday,https://www4.septa.org/picking/pdf/fall-a-2026/victory/bus/paddles/sunday-paddles.pdf#page=1,https://www4.septa.org/picking/pdf/fall-a-2026/victory/bus/paddles/sunday-paddles#page=1.pdf,https://www4.septa.org/picking/pdf/fall-a-2026/victory/bus/trip-sheets/sunday-trip-sheets.pdf
Victory busSunday26,26,Victory bus,1 of 2,3,Sunday,https://www4.septa.org/picking/pdf/fall-a-2026/victory/bus/paddles/sunday-paddles.pdf#page=3,https://www4.septa.org/picking/pdf/fall-a-2026/victory/bus/paddles/sunday-paddles#page=3.pdf,https://www4.septa.org/picking/pdf/fall-a-2026/victory/bus/trip-sheets/sunday-trip-sheets.pdf
Victory busSunday27,27,Victory bus,1 of 2,5,Sunday,https://www4.septa.org/picking/pdf/fall-a-2026/victory/bus/paddles/sunday-paddles.pdf#page=5,https://www4.septa.org/picking/pdf/fall-a-2026/victory/bus/paddles/sunday-paddles#page=5.pdf,https://www4.septa.org/picking/pdf/fall-a-2026/victory/bus/trip-sheets/sunday-trip-sheets.pdf
Victory busSunday28,28,Victory bus,1 of 2,7,Sunday,https://www4.septa.org/picking/pdf/fall-a-2026/victory/bus/paddles/sunday-paddles.pdf#page=7,https://www4.septa.org/picking/pdf/fall-a-2026/victory/bus/paddles/sunday-paddles#page=7.pdf,https://www4.septa.org/picking/pdf/fall-a-2026/victory/bus/trip-sheets/sunday-trip-sheets.pdf
Victory busSunday29,29,Victory bus,1 of 2,9,Sunday,https://www4.septa.org/picking/pdf/fall-a-2026/victory/bus/paddles/sunday-paddles.pdf#page=9,https://www4.septa.org/picking/pdf/fall-a-2026/victory/bus/paddles/sunday-paddles#page=9.pdf,https://www4.septa.org/picking/pdf/fall-a-2026/victory/bus/trip-sheets/sunday-trip-sheets.pdf
Victory busSunday30,30,Victory bus,1 of 2,11,Sunday,https://www4.septa.org/picking/pdf/fall-a-2026/victory/bus/paddles/sunday-paddles.pdf#page=11,https://www4.septa.org/picking/pdf/fall-a-2026/victory/bus/paddles/sunday-paddles#page=11.pdf,https://www4.septa.org/picking/pdf/fall-a-2026/victory/bus/trip-sheets/sunday-trip-sheets.pdf
Victory busSunday31,31,Victory bus,1 of 2,13,Sunday,https://www4.septa.org/picking/pdf/fall-a-2026/victory/bus/paddles/sunday-paddles.pdf#page=13,https://www4.septa.org/picking/pdf/fall-a-2026/victory/bus/paddles/sunday-paddles#page=13.pdf,https://www4.septa.org/picking/pdf/fall-a-2026/victory/bus/trip-sheets/sunday-trip-sheets.pdf
Victory busSunday32,32,Victory bus,1 of 2,15,Sunday,https://www4.septa.org/picking/pdf/fall-a-2026/victory/bus/paddles/sunday-paddles.pdf#page=15,https://www4.septa.org/picking/pdf/fall-a-2026/victory/bus/paddles/sunday-paddles#page=15.pdf,https://www4.septa.org/picking/pdf/fall-a-2026/victory/bus/trip-sheets/sunday-trip-sheets.pdf
Victory busSunday33,33,Victory bus,1 of 2,17,Sunday,https://www4.septa.org/picking/pdf/fall-a-2026/victory/bus/paddles/sunday-paddles.pdf#page=17,https://www4.septa.org/picking/pdf/fall-a-2026/victory/bus/paddles/sunday-paddles#page=17.pdf,https://www4.septa.org/picking/pdf/fall-a-2026/victory/bus/trip-sheets/sunday-trip-sheets.pdf
Victory busSunday34,34,Victory bus,1 of 2,19,Sunday,https://www4.septa.org/picking/pdf/fall-a-2026/victory/bus/paddles/sunday-paddles.pdf#page=19,https://www4.septa.org/picking/pdf/fall-a-2026/victory/bus/paddles/sunday-paddles#page=19.pdf,https://www4.septa.org/picking/pdf/fall-a-2026/victory/bus/trip-sheets/sunday-trip-sheets.pdf
Victory busSunday76,76,Victory bus,1 of 2,21,Sunday,https://www4.septa.org/picking/pdf/fall-a-2026/victory/bus/paddles/sunday-paddles.pdf#page=21,https://www4.septa.org/picking/pdf/fall-a-2026/victory/bus/paddles/sunday-paddles#page=21.pdf,https://www4.septa.org/picking/pdf/fall-a-2026/victory/bus/trip-sheets/sunday-trip-sheets.pdf
Victory busSunday77,77,Victory bus,1 of 2,23,Sunday,https://www4.septa.org/picking/pdf/fall-a-2026/victory/bus/paddles/sunday-paddles.pdf#page=23,https://www4.septa.org/picking/pdf/fall-a-2026/victory/bus/paddles/sunday-paddles#page=23.pdf,https://www4.septa.org/picking/pdf/fall-a-2026/victory/bus/trip-sheets/sunday-trip-sheets.pdf
Victory busSunday78,78,Victory bus,1 of 2,25,Sunday,https://www4.septa.org/picking/pdf/fall-a-2026/victory/bus/paddles/sunday-paddles.pdf#page=25,https://www4.septa.org/picking/pdf/fall-a-2026/victory/bus/paddles/sunday-paddles#page=25.pdf,https://www4.septa.org/picking/pdf/fall-a-2026/victory/bus/trip-sheets/sunday-trip-sheets.pdf
Victory busSunday79,79,Victory bus,1 of 2,27,Sunday,https://www4.septa.org/picking/pdf/fall-a-2026/victory/bus/paddles/sunday-paddles.pdf#page=27,https://www4.septa.org/picking/pdf/fall-a-2026/victory/bus/paddles/sunday-paddles#page=27.pdf,https://www4.septa.org/picking/pdf/fall-a-2026/victory/bus/trip-sheets/sunday-trip-sheets.pdf
Victory busSunday151,151,Victory bus,1 of 2,29,Sunday,https://www4.septa.org/picking/pdf/fall-a-2026/victory/bus/paddles/sunday-paddles.pdf#page=29,https://www4.septa.org/picking/pdf/fall-a-2026/victory/bus/paddles/sunday-paddles#page=29.pdf,https://www4.septa.org/picking/pdf/fall-a-2026/victory/bus/trip-sheets/sunday-trip-sheets.pdf
Victory busSunday152,152,Victory bus,1 of 2,31,Sunday,https://www4.septa.org/picking/pdf/fall-a-2026/victory/bus/paddles/sunday-paddles.pdf#page=31,https://www4.septa.org/picking/pdf/fall-a-2026/victory/bus/paddles/sunday-paddles#page=31.pdf,https://www4.septa.org/picking/pdf/fall-a-2026/victory/bus/trip-sheets/sunday-trip-sheets.pdf
Victory busSunday153,153,Victory bus,1 of 2,33,Sunday,https://www4.septa.org/picking/pdf/fall-a-2026/victory/bus/paddles/sunday-paddles.pdf#page=33,https://www4.septa.org/picking/pdf/fall-a-2026/victory/bus/paddles/sunday-paddles#page=33.pdf,https://www4.septa.org/picking/pdf/fall-a-2026/victory/bus/trip-sheets/sunday-trip-sheets.pdf
Victory busSunday154,154,Victory bus,1 of 3,35,Sunday,https://www4.septa.org/picking/pdf/fall-a-2026/victory/bus/paddles/sunday-paddles.pdf#page=35,https://www4.septa.org/picking/pdf/fall-a-2026/victory/bus/paddles/sunday-paddles#page=35.pdf,https://www4.septa.org/picking/pdf/fall-a-2026/victory/bus/trip-sheets/sunday-trip-sheets.pdf
Victory busSunday155,155,Victory bus,1 of 2,38,Sunday,https://www4.septa.org/picking/pdf/fall-a-2026/victory/bus/paddles/sunday-paddles.pdf#page=38,https://www4.septa.org/picking/pdf/fall-a-2026/victory/bus/paddles/sunday-paddles#page=38.pdf,https://www4.septa.org/picking/pdf/fall-a-2026/victory/bus/trip-sheets/sunday-trip-sheets.pdf
Victory busSunday156,156,Victory bus,1 of 2,40,Sunday,https://www4.septa.org/picking/pdf/fall-a-2026/victory/bus/paddles/sunday-paddles.pdf#page=40,https://www4.septa.org/picking/pdf/fall-a-2026/victory/bus/paddles/sunday-paddles#page=40.pdf,https://www4.septa.org/picking/pdf/fall-a-2026/victory/bus/trip-sheets/sunday-trip-sheets.pdf
Victory busSunday157,157,Victory bus,1 of 2,42,Sunday,https://www4.septa.org/picking/pdf/fall-a-2026/victory/bus/paddles/sunday-paddles.pdf#page=42,https://www4.septa.org/picking/pdf/fall-a-2026/victory/bus/paddles/sunday-paddles#page=42.pdf,https://www4.septa.org/picking/pdf/fall-a-2026/victory/bus/trip-sheets/sunday-trip-sheets.pdf
Victory busSunday158,158,Victory bus,1 of 2,44,Sunday,https://www4.septa.org/picking/pdf/fall-a-2026/victory/bus/paddles/sunday-paddles.pdf#page=44,https://www4.septa.org/picking/pdf/fall-a-2026/victory/bus/paddles/sunday-paddles#page=44.pdf,https://www4.septa.org/picking/pdf/fall-a-2026/victory/bus/trip-sheets/sunday-trip-sheets.pdf
Victory busSunday176,176,Victory bus,1 of 3,46,Sunday,https://www4.septa.org/picking/pdf/fall-a-2026/victory/bus/paddles/sunday-paddles.pdf#page=46,https://www4.septa.org/picking/pdf/fall-a-2026/victory/bus/paddles/sunday-paddles#page=46.pdf,https://www4.septa.org/picking/pdf/fall-a-2026/victory/bus/trip-sheets/sunday-trip-sheets.pdf
Victory busSunday177,177,Victory bus,1 of 2,49,Sunday,https://www4.septa.org/picking/pdf/fall-a-2026/victory/bus/paddles/sunday-paddles.pdf#page=49,https://www4.septa.org/picking/pdf/fall-a-2026/victory/bus/paddles/sunday-paddles#page=49.pdf,https://www4.septa.org/picking/pdf/fall-a-2026/victory/bus/trip-sheets/sunday-trip-sheets.pdf
Victory busSunday178,178,Victory bus,1 of 2,51,Sunday,https://www4.septa.org/picking/pdf/fall-a-2026/victory/bus/paddles/sunday-paddles.pdf#page=51,https://www4.septa.org/picking/pdf/fall-a-2026/victory/bus/paddles/sunday-paddles#page=51.pdf,https://www4.septa.org/picking/pdf/fall-a-2026/victory/bus/trip-sheets/sunday-trip-sheets.pdf
Victory busSunday179,179,Victory bus,1 of 3,53,Sunday,https://www4.septa.org/picking/pdf/fall-a-2026/victory/bus/paddles/sunday-paddles.pdf#page=53,https://www4.septa.org/picking/pdf/fall-a-2026/victory/bus/paddles/sunday-paddles#page=53.pdf,https://www4.septa.org/picking/pdf/fall-a-2026/victory/bus/trip-sheets/sunday-trip-sheets.pdf
Victory busSunday180,180,Victory bus,1 of 2,56,Sunday,https://www4.septa.org/picking/pdf/fall-a-2026/victory/bus/paddles/sunday-paddles.pdf#page=56,https://www4.septa.org/picking/pdf/fall-a-2026/victory/bus/paddles/sunday-paddles#page=56.pdf,https://www4.septa.org/picking/pdf/fall-a-2026/victory/bus/trip-sheets/sunday-trip-sheets.pdf
Victory busSunday181,181,Victory bus,1 of 2,58,Sunday,https://www4.septa.org/picking/pdf/fall-a-2026/victory/bus/paddles/sunday-paddles.pdf#page=58,https://www4.septa.org/picking/pdf/fall-a-2026/victory/bus/paddles/sunday-paddles#page=58.pdf,https://www4.septa.org/picking/pdf/fall-a-2026/victory/bus/trip-sheets/sunday-trip-sheets.pdf
Victory busSunday182,182,Victory bus,1 of 2,60,Sunday,https://www4.septa.org/picking/pdf/fall-a-2026/victory/bus/paddles/sunday-paddles.pdf#page=60,https://www4.septa.org/picking/pdf/fall-a-2026/victory/bus/paddles/sunday-paddles#page=60.pdf,https://www4.septa.org/picking/pdf/fall-a-2026/victory/bus/trip-sheets/sunday-trip-sheets.pdf
Victory busSunday201,201,Victory bus,1 of 3,62,Sunday,https://www4.septa.org/picking/pdf/fall-a-2026/victory/bus/paddles/sunday-paddles.pdf#page=62,https://www4.septa.org/picking/pdf/fall-a-2026/victory/bus/paddles/sunday-paddles#page=62.pdf,https://www4.septa.org/picking/pdf/fall-a-2026/victory/bus/trip-sheets/sunday-trip-sheets.pdf
Victory busSunday202,202,Victory bus,1 of 2,65,Sunday,https://www4.septa.org/picking/pdf/fall-a-2026/victory/bus/paddles/sunday-paddles.pdf#page=65,https://www4.septa.org/picking/pdf/fall-a-2026/victory/bus/paddles/sunday-paddles#page=65.pdf,https://www4.septa.org/picking/pdf/fall-a-2026/victory/bus/trip-sheets/sunday-trip-sheets.pdf
Victory busSunday203,203,Victory bus,1 of 2,67,Sunday,https://www4.septa.org/picking/pdf/fall-a-2026/victory/bus/paddles/sunday-paddles.pdf#page=67,https://www4.septa.org/picking/pdf/fall-a-2026/victory/bus/paddles/sunday-paddles#page=67.pdf,https://www4.septa.org/picking/pdf/fall-a-2026/victory/bus/trip-sheets/sunday-trip-sheets.pdf
Victory busSunday204,204,Victory bus,1 of 3,69,Sunday,https://www4.septa.org/picking/pdf/fall-a-2026/victory/bus/paddles/sunday-paddles.pdf#page=69,https://www4.septa.org/picking/pdf/fall-a-2026/victory/bus/paddles/sunday-paddles#page=69.pdf,https://www4.septa.org/picking/pdf/fall-a-2026/victory/bus/trip-sheets/sunday-trip-sheets.pdf
Victory busSunday205,205,Victory bus,1 of 3,72,Sunday,https://www4.septa.org/picking/pdf/fall-a-2026/victory/bus/paddles/sunday-paddles.pdf#page=72,https://www4.septa.org/picking/pdf/fall-a-2026/victory/bus/paddles/sunday-paddles#page=72.pdf,https://www4.septa.org/picking/pdf/fall-a-2026/victory/bus/trip-sheets/sunday-trip-sheets.pdf
Victory busSunday226,226,Victory bus,1 of 2,75,Sunday,https://www4.septa.org/picking/pdf/fall-a-2026/victory/bus/paddles/sunday-paddles.pdf#page=75,https://www4.septa.org/picking/pdf/fall-a-2026/victory/bus/paddles/sunday-paddles#page=75.pdf,https://www4.septa.org/picking/pdf/fall-a-2026/victory/bus/trip-sheets/sunday-trip-sheets.pdf
Victory busSunday227,227,Victory bus,1 of 2,77,Sunday,https://www4.septa.org/picking/pdf/fall-a-2026/victory/bus/paddles/sunday-paddles.pdf#page=77,https://www4.septa.org/picking/pdf/fall-a-2026/victory/bus/paddles/sunday-paddles#page=77.pdf,https://www4.septa.org/picking/pdf/fall-a-2026/victory/bus/trip-sheets/sunday-trip-sheets.pdf
Victory busSunday228,228,Victory bus,1 of 2,79,Sunday,https://www4.septa.org/picking/pdf/fall-a-2026/victory/bus/paddles/sunday-paddles.pdf#page=79,https://www4.septa.org/picking/pdf/fall-a-2026/victory/bus/paddles/sunday-paddles#page=79.pdf,https://www4.septa.org/picking/pdf/fall-a-2026/victory/bus/trip-sheets/sunday-trip-sheets.pdf
Victory busSunday276,276,Victory bus,1 of 2,81,Sunday,https://www4.septa.org/picking/pdf/fall-a-2026/victory/bus/paddles/sunday-paddles.pdf#page=81,https://www4.septa.org/picking/pdf/fall-a-2026/victory/bus/paddles/sunday-paddles#page=81.pdf,https://www4.septa.org/picking/pdf/fall-a-2026/victory/bus/trip-sheets/sunday-trip-sheets.pdf
Victory busSunday277,277,Victory bus,1 of 2,83,Sunday,https://www4.septa.org/picking/pdf/fall-a-2026/victory/bus/paddles/sunday-paddles.pdf#page=83,https://www4.septa.org/picking/pdf/fall-a-2026/victory/bus/paddles/sunday-paddles#page=83.pdf,https://www4.septa.org/picking/pdf/fall-a-2026/victory/bus/trip-sheets/sunday-trip-sheets.pdf
Victory busSunday278,278,Victory bus,1 of 2,85,Sunday,https://www4.septa.org/picking/pdf/fall-a-2026/victory/bus/paddles/sunday-paddles.pdf#page=85,https://www4.septa.org/picking/pdf/fall-a-2026/victory/bus/paddles/sunday-paddles#page=85.pdf,https://www4.septa.org/picking/pdf/fall-a-2026/victory/bus/trip-sheets/sunday-trip-sheets.pdf
Victory busSunday279,279,Victory bus,1 of 2,87,Sunday,https://www4.septa.org/picking/pdf/fall-a-2026/victory/bus/paddles/sunday-paddles.pdf#page=87,https://www4.septa.org/picking/pdf/fall-a-2026/victory/bus/paddles/sunday-paddles#page=87.pdf,https://www4.septa.org/picking/pdf/fall-a-2026/victory/bus/trip-sheets/sunday-trip-sheets.pdf
Victory busSunday280,280,Victory bus,1 of 2,89,Sunday,https://www4.septa.org/picking/pdf/fall-a-2026/victory/bus/paddles/sunday-paddles.pdf#page=89,https://www4.septa.org/picking/pdf/fall-a-2026/victory/bus/paddles/sunday-paddles#page=89.pdf,https://www4.septa.org/picking/pdf/fall-a-2026/victory/bus/trip-sheets/sunday-trip-sheets.pdf
Victory busSunday281,281,Victory bus,1 of 2,91,Sunday,https://www4.septa.org/picking/pdf/fall-a-2026/victory/bus/paddles/sunday-paddles.pdf#page=91,https://www4.septa.org/picking/pdf/fall-a-2026/victory/bus/paddles/sunday-paddles#page=91.pdf,https://www4.septa.org/picking/pdf/fall-a-2026/victory/bus/trip-sheets/sunday-trip-sheets.pdf
Victory busSunday282,282,Victory bus,1 of 2,93,Sunday,https://www4.septa.org/picking/pdf/fall-a-2026/victory/bus/paddles/sunday-paddles.pdf#page=93,https://www4.septa.org/picking/pdf/fall-a-2026/victory/bus/paddles/sunday-paddles#page=93.pdf,https://www4.septa.org/picking/pdf/fall-a-2026/victory/bus/trip-sheets/sunday-trip-sheets.pdf
Victory busSunday283,283,Victory bus,1 of 3,95,Sunday,https://www4.septa.org/picking/pdf/fall-a-2026/victory/bus/paddles/sunday-paddles.pdf#page=95,https://www4.septa.org/picking/pdf/fall-a-2026/victory/bus/paddles/sunday-paddles#page=95.pdf,https://www4.septa.org/picking/pdf/fall-a-2026/victory/bus/trip-sheets/sunday-trip-sheets.pdf
Victory busSunday284,284,Victory bus,1 of 2,98,Sunday,https://www4.septa.org/picking/pdf/fall-a-2026/victory/bus/paddles/sunday-paddles.pdf#page=98,https://www4.septa.org/picking/pdf/fall-a-2026/victory/bus/paddles/sunday-paddles#page=98.pdf,https://www4.septa.org/picking/pdf/fall-a-2026/victory/bus/trip-sheets/sunday-trip-sheets.pdf
Victory busSunday285,285,Victory bus,1 of 2,100,Sunday,https://www4.septa.org/picking/pdf/fall-a-2026/victory/bus/paddles/sunday-paddles.pdf#page=100,https://www4.septa.org/picking/pdf/fall-a-2026/victory/bus/paddles/sunday-paddles#page=100.pdf,https://www4.septa.org/picking/pdf/fall-a-2026/victory/bus/trip-sheets/sunday-trip-sheets.pdf
Victory busSunday286,286,Victory bus,1 of 2,102,Sunday,https://www4.septa.org/picking/pdf/fall-a-2026/victory/bus/paddles/sunday-paddles.pdf#page=102,https://www4.septa.org/picking/pdf/fall-a-2026/victory/bus/paddles/sunday-paddles#page=102.pdf,https://www4.septa.org/picking/pdf/fall-a-2026/victory/bus/trip-sheets/sunday-trip-sheets.pdf
Victory busSunday287,287,Victory bus,1 of 2,104,Sunday,https://www4.septa.org/picking/pdf/fall-a-2026/victory/bus/paddles/sunday-paddles.pdf#page=104,https://www4.septa.org/picking/pdf/fall-a-2026/victory/bus/paddles/sunday-paddles#page=104.pdf,https://www4.septa.org/picking/pdf/fall-a-2026/victory/bus/trip-sheets/sunday-trip-sheets.pdf
Victory busSunday288,288,Victory bus,1 of 2,106,Sunday,https://www4.septa.org/picking/pdf/fall-a-2026/victory/bus/paddles/sunday-paddles.pdf#page=106,https://www4.septa.org/picking/pdf/fall-a-2026/victory/bus/paddles/sunday-paddles#page=106.pdf,https://www4.septa.org/picking/pdf/fall-a-2026/victory/bus/trip-sheets/sunday-trip-sheets.pdf
Victory busSunday289,289,Victory bus,1 of 2,108,Sunday,https://www4.septa.org/picking/pdf/fall-a-2026/victory/bus/paddles/sunday-paddles.pdf#page=108,https://www4.septa.org/picking/pdf/fall-a-2026/victory/bus/paddles/sunday-paddles#page=108.pdf,https://www4.septa.org/picking/pdf/fall-a-2026/victory/bus/trip-sheets/sunday-trip-sheets.pdf
Victory busSunday290,290,Victory bus,1 of 2,110,Sunday,https://www4.septa.org/picking/pdf/fall-a-2026/victory/bus/paddles/sunday-paddles.pdf#page=110,https://www4.septa.org/picking/pdf/fall-a-2026/victory/bus/paddles/sunday-paddles#page=110.pdf,https://www4.septa.org/picking/pdf/fall-a-2026/victory/bus/trip-sheets/sunday-trip-sheets.pdf
Victory busSunday306,306,Victory bus,1 of 2,112,Sunday,https://www4.septa.org/picking/pdf/fall-a-2026/victory/bus/paddles/sunday-paddles.pdf#page=112,https://www4.septa.org/picking/pdf/fall-a-2026/victory/bus/paddles/sunday-paddles#page=112.pdf,https://www4.septa.org/picking/pdf/fall-a-2026/victory/bus/trip-sheets/sunday-trip-sheets.pdf
Victory busSunday307,307,Victory bus,1 of 2,114,Sunday,https://www4.septa.org/picking/pdf/fall-a-2026/victory/bus/paddles/sunday-paddles.pdf#page=114,https://www4.septa.org/picking/pdf/fall-a-2026/victory/bus/paddles/sunday-paddles#page=114.pdf,https://www4.septa.org/picking/pdf/fall-a-2026/victory/bus/trip-sheets/sunday-trip-sheets.pdf
Victory busSunday308,308,Victory bus,1 of 4,116,Sunday,https://www4.septa.org/picking/pdf/fall-a-2026/victory/bus/paddles/sunday-paddles.pdf#page=116,https://www4.septa.org/picking/pdf/fall-a-2026/victory/bus/paddles/sunday-paddles#page=116.pdf,https://www4.septa.org/picking/pdf/fall-a-2026/victory/bus/trip-sheets/sunday-trip-sheets.pdf
Victory busSunday309,309,Victory bus,1 of 2,120,Sunday,https://www4.septa.org/picking/pdf/fall-a-2026/victory/bus/paddles/sunday-paddles.pdf#page=120,https://www4.septa.org/picking/pdf/fall-a-2026/victory/bus/paddles/sunday-paddles#page=120.pdf,https://www4.septa.org/picking/pdf/fall-a-2026/victory/bus/trip-sheets/sunday-trip-sheets.pdf
Victory busSunday310,310,Victory bus,1 of 2,122,Sunday,https://www4.septa.org/picking/pdf/fall-a-2026/victory/bus/paddles/sunday-paddles.pdf#page=122,https://www4.septa.org/picking/pdf/fall-a-2026/victory/bus/paddles/sunday-paddles#page=122.pdf,https://www4.septa.org/picking/pdf/fall-a-2026/victory/bus/trip-sheets/sunday-trip-sheets.pdf
Victory busSunday326,326,Victory bus,1 of 2,124,Sunday,https://www4.septa.org/picking/pdf/fall-a-2026/victory/bus/paddles/sunday-paddles.pdf#page=124,https://www4.septa.org/picking/pdf/fall-a-2026/victory/bus/paddles/sunday-paddles#page=124.pdf,https://www4.septa.org/picking/pdf/fall-a-2026/victory/bus/trip-sheets/sunday-trip-sheets.pdf
Victory busSunday327,327,Victory bus,1 of 2,126,Sunday,https://www4.septa.org/picking/pdf/fall-a-2026/victory/bus/paddles/sunday-paddles.pdf#page=126,https://www4.septa.org/picking/pdf/fall-a-2026/victory/bus/paddles/sunday-paddles#page=126.pdf,https://www4.septa.org/picking/pdf/fall-a-2026/victory/bus/trip-sheets/sunday-trip-sheets.pdf
Victory busSunday328,328,Victory bus,1 of 2,128,Sunday,https://www4.septa.org/picking/pdf/fall-a-2026/victory/bus/paddles/sunday-paddles.pdf#page=128,https://www4.septa.org/picking/pdf/fall-a-2026/victory/bus/paddles/sunday-paddles#page=128.pdf,https://www4.septa.org/picking/pdf/fall-a-2026/victory/bus/trip-sheets/sunday-trip-sheets.pdf
Victory busSunday329,329,Victory bus,1 of 2,130,Sunday,https://www4.septa.org/picking/pdf/fall-a-2026/victory/bus/paddles/sunday-paddles.pdf#page=130,https://www4.septa.org/picking/pdf/fall-a-2026/victory/bus/paddles/sunday-paddles#page=130.pdf,https://www4.septa.org/picking/pdf/fall-a-2026/victory/bus/trip-sheets/sunday-trip-sheets.pdf
Victory busSunday376,376,Victory bus,1 of 2,132,Sunday,https://www4.septa.org/picking/pdf/fall-a-2026/victory/bus/paddles/sunday-paddles.pdf#page=132,https://www4.septa.org/picking/pdf/fall-a-2026/victory/bus/paddles/sunday-paddles#page=132.pdf,https://www4.septa.org/picking/pdf/fall-a-2026/victory/bus/trip-sheets/sunday-trip-sheets.pdf
Victory busSunday377,377,Victory bus,1 of 3,134,Sunday,https://www4.septa.org/picking/pdf/fall-a-2026/victory/bus/paddles/sunday-paddles.pdf#page=134,https://www4.septa.org/picking/pdf/fall-a-2026/victory/bus/paddles/sunday-paddles#page=134.pdf,https://www4.septa.org/picking/pdf/fall-a-2026/victory/bus/trip-sheets/sunday-trip-sheets.pdf
Victory busSunday378,378,Victory bus,1 of 2,137,Sunday,https://www4.septa.org/picking/pdf/fall-a-2026/victory/bus/paddles/sunday-paddles.pdf#page=137,https://www4.septa.org/picking/pdf/fall-a-2026/victory/bus/paddles/sunday-paddles#page=137.pdf,https://www4.septa.org/picking/pdf/fall-a-2026/victory/bus/trip-sheets/sunday-trip-sheets.pdf
Victory busSunday379,379,Victory bus,1 of 2,139,Sunday,https://www4.septa.org/picking/pdf/fall-a-2026/victory/bus/paddles/sunday-paddles.pdf#page=139,https://www4.septa.org/picking/pdf/fall-a-2026/victory/bus/paddles/sunday-paddles#page=139.pdf,https://www4.septa.org/picking/pdf/fall-a-2026/victory/bus/trip-sheets/sunday-trip-sheets.pdf
Victory busSunday380,380,Victory bus,1 of 2,141,Sunday,https://www4.septa.org/picking/pdf/fall-a-2026/victory/bus/paddles/sunday-paddles.pdf#page=141,https://www4.septa.org/picking/pdf/fall-a-2026/victory/bus/paddles/sunday-paddles#page=141.pdf,https://www4.septa.org/picking/pdf/fall-a-2026/victory/bus/trip-sheets/sunday-trip-sheets.pdf
Victory busSunday426,426,Victory bus,1 of 2,143,Sunday,https://www4.septa.org/picking/pdf/fall-a-2026/victory/bus/paddles/sunday-paddles.pdf#page=143,https://www4.septa.org/picking/pdf/fall-a-2026/victory/bus/paddles/sunday-paddles#page=143.pdf,https://www4.septa.org/picking/pdf/fall-a-2026/victory/bus/trip-sheets/sunday-trip-sheets.pdf
Victory busSunday427,427,Victory bus,1 of 2,145,Sunday,https://www4.septa.org/picking/pdf/fall-a-2026/victory/bus/paddles/sunday-paddles.pdf#page=145,https://www4.septa.org/picking/pdf/fall-a-2026/victory/bus/paddles/sunday-paddles#page=145.pdf,https://www4.septa.org/picking/pdf/fall-a-2026/victory/bus/trip-sheets/sunday-trip-sheets.pdf
Victory busSunday428,428,Victory bus,1 of 2,147,Sunday,https://www4.septa.org/picking/pdf/fall-a-2026/victory/bus/paddles/sunday-paddles.pdf#page=147,https://www4.septa.org/picking/pdf/fall-a-2026/victory/bus/paddles/sunday-paddles#page=147.pdf,https://www4.septa.org/picking/pdf/fall-a-2026/victory/bus/trip-sheets/sunday-trip-sheets.pdf
Victory busSunday429,429,Victory bus,1 of 2,149,Sunday,https://www4.septa.org/picking/pdf/fall-a-2026/victory/bus/paddles/sunday-paddles.pdf#page=149,https://www4.septa.org/picking/pdf/fall-a-2026/victory/bus/paddles/sunday-paddles#page=149.pdf,https://www4.septa.org/picking/pdf/fall-a-2026/victory/bus/trip-sheets/sunday-trip-sheets.pdf
Victory busSunday451,451,Victory bus,1 of 3,151,Sunday,https://www4.septa.org/picking/pdf/fall-a-2026/victory/bus/paddles/sunday-paddles.pdf#page=151,https://www4.septa.org/picking/pdf/fall-a-2026/victory/bus/paddles/sunday-paddles#page=151.pdf,https://www4.septa.org/picking/pdf/fall-a-2026/victory/bus/trip-sheets/sunday-trip-sheets.pdf
Victory busSunday452,452,Victory bus,1 of 2,154,Sunday,https://www4.septa.org/picking/pdf/fall-a-2026/victory/bus/paddles/sunday-paddles.pdf#page=154,https://www4.septa.org/picking/pdf/fall-a-2026/victory/bus/paddles/sunday-paddles#page=154.pdf,https://www4.septa.org/picking/pdf/fall-a-2026/victory/bus/trip-sheets/sunday-trip-sheets.pdf
Victory busSunday501,501,Victory bus,1 of 2,156,Sunday,https://www4.septa.org/picking/pdf/fall-a-2026/victory/bus/paddles/sunday-paddles.pdf#page=156,https://www4.septa.org/picking/pdf/fall-a-2026/victory/bus/paddles/sunday-paddles#page=156.pdf,https://www4.septa.org/picking/pdf/fall-a-2026/victory/bus/trip-sheets/sunday-trip-sheets.pdf
Victory busSunday502,502,Victory bus,1 of 3,158,Sunday,https://www4.septa.org/picking/pdf/fall-a-2026/victory/bus/paddles/sunday-paddles.pdf#page=158,https://www4.septa.org/picking/pdf/fall-a-2026/victory/bus/paddles/sunday-paddles#page=158.pdf,https://www4.septa.org/picking/pdf/fall-a-2026/victory/bus/trip-sheets/sunday-trip-sheets.pdf
Victory busSunday503,503,Victory bus,1 of 2,161,Sunday,https://www4.septa.org/picking/pdf/fall-a-2026/victory/bus/paddles/sunday-paddles.pdf#page=161,https://www4.septa.org/picking/pdf/fall-a-2026/victory/bus/paddles/sunday-paddles#page=161.pdf,https://www4.septa.org/picking/pdf/fall-a-2026/victory/bus/trip-sheets/sunday-trip-sheets.pdf
Victory busSunday526,526,Victory bus,1 of 3,163,Sunday,https://www4.septa.org/picking/pdf/fall-a-2026/victory/bus/paddles/sunday-paddles.pdf#page=163,https://www4.septa.org/picking/pdf/fall-a-2026/victory/bus/paddles/sunday-paddles#page=163.pdf,https://www4.septa.org/picking/pdf/fall-a-2026/victory/bus/trip-sheets/sunday-trip-sheets.pdf
Victory busSunday527,527,Victory bus,1 of 3,166,Sunday,https://www4.septa.org/picking/pdf/fall-a-2026/victory/bus/paddles/sunday-paddles.pdf#page=166,https://www4.septa.org/picking/pdf/fall-a-2026/victory/bus/paddles/sunday-paddles#page=166.pdf,https://www4.septa.org/picking/pdf/fall-a-2026/victory/bus/trip-sheets/sunday-trip-sheets.pdf
Victory busSunday528,528,Victory bus,1 of 3,169,Sunday,https://www4.septa.org/picking/pdf/fall-a-2026/victory/bus/paddles/sunday-paddles.pdf#page=169,https://www4.septa.org/picking/pdf/fall-a-2026/victory/bus/paddles/sunday-paddles#page=169.pdf,https://www4.septa.org/picking/pdf/fall-a-2026/victory/bus/trip-sheets/sunday-trip-sheets.pdf
Victory busSunday529,529,Victory bus,1 of 3,172,Sunday,https://www4.septa.org/picking/pdf/fall-a-2026/victory/bus/paddles/sunday-paddles.pdf#page=172,https://www4.septa.org/picking/pdf/fall-a-2026/victory/bus/paddles/sunday-paddles#page=172.pdf,https://www4.septa.org/picking/pdf/fall-a-2026/victory/bus/trip-sheets/sunday-trip-sheets.pdf
Victory busSunday530,530,Victory bus,1 of 3,175,Sunday,https://www4.septa.org/picking/pdf/fall-a-2026/victory/bus/paddles/sunday-paddles.pdf#page=175,https://www4.septa.org/picking/pdf/fall-a-2026/victory/bus/paddles/sunday-paddles#page=175.pdf,https://www4.septa.org/picking/pdf/fall-a-2026/victory/bus/trip-sheets/sunday-trip-sheets.pdf
Victory busSunday531,531,Victory bus,1 of 3,178,Sunday,https://www4.septa.org/picking/pdf/fall-a-2026/victory/bus/paddles/sunday-paddles.pdf#page=178,https://www4.septa.org/picking/pdf/fall-a-2026/victory/bus/paddles/sunday-paddles#page=178.pdf,https://www4.septa.org/picking/pdf/fall-a-2026/victory/bus/trip-sheets/sunday-trip-sheets.pdf
Victory busSunday532,532,Victory bus,1 of 3,181,Sunday,https://www4.septa.org/picking/pdf/fall-a-2026/victory/bus/paddles/sunday-paddles.pdf#page=181,https://www4.septa.org/picking/pdf/fall-a-2026/victory/bus/paddles/sunday-paddles#page=181.pdf,https://www4.septa.org/picking/pdf/fall-a-2026/victory/bus/trip-sheets/sunday-trip-sheets.pdf
Victory busSunday533,533,Victory bus,1 of 3,184,Sunday,https://www4.septa.org/picking/pdf/fall-a-2026/victory/bus/paddles/sunday-paddles.pdf#page=184,https://www4.septa.org/picking/pdf/fall-a-2026/victory/bus/paddles/sunday-paddles#page=184.pdf,https://www4.septa.org/picking/pdf/fall-a-2026/victory/bus/trip-sheets/sunday-trip-sheets.pdf
Victory busSunday534,534,Victory bus,1 of 2,187,Sunday,https://www4.septa.org/picking/pdf/fall-a-2026/victory/bus/paddles/sunday-paddles.pdf#page=187,https://www4.septa.org/picking/pdf/fall-a-2026/victory/bus/paddles/sunday-paddles#page=187.pdf,https://www4.septa.org/picking/pdf/fall-a-2026/victory/bus/trip-sheets/sunday-trip-sheets.pdf
Victory busSunday556,556,Victory bus,1 of 2,189,Sunday,https://www4.septa.org/picking/pdf/fall-a-2026/victory/bus/paddles/sunday-paddles.pdf#page=189,https://www4.septa.org/picking/pdf/fall-a-2026/victory/bus/paddles/sunday-paddles#page=189.pdf,https://www4.septa.org/picking/pdf/fall-a-2026/victory/bus/trip-sheets/sunday-trip-sheets.pdf
Victory busSunday557,557,Victory bus,1 of 4,191,Sunday,https://www4.septa.org/picking/pdf/fall-a-2026/victory/bus/paddles/sunday-paddles.pdf#page=191,https://www4.septa.org/picking/pdf/fall-a-2026/victory/bus/paddles/sunday-paddles#page=191.pdf,https://www4.septa.org/picking/pdf/fall-a-2026/victory/bus/trip-sheets/sunday-trip-sheets.pdf
