myid,runno,depot,page_1,page,day,moblink,pclink,Trip Sheet
SouthernWeekday1,1,Southern,1 of 2,1,Weekday,https://www4.septa.org/picking/pdf/fall-a-2026/southern/paddles/weekday-paddles.pdf#page=1,https://www4.septa.org/picking/pdf/fall-a-2026/southern/paddles/weekday-paddles#page=1.pdf,https://www4.septa.org/picking/pdf/fall-a-2026/southern/trip-sheets/weekday-trip-sheets.pdf
SouthernWeekday2,2,Southern,1 of 2,3,Weekday,https://www4.septa.org/picking/pdf/fall-a-2026/southern/paddles/weekday-paddles.pdf#page=3,https://www4.septa.org/picking/pdf/fall-a-2026/southern/paddles/weekday-paddles#page=3.pdf,https://www4.septa.org/picking/pdf/fall-a-2026/southern/trip-sheets/weekday-trip-sheets.pdf
SouthernWeekday3,3,Southern,1 of 2,5,Weekday,https://www4.septa.org/picking/pdf/fall-a-2026/southern/paddles/weekday-paddles.pdf#page=5,https://www4.septa.org/picking/pdf/fall-a-2026/southern/paddles/weekday-paddles#page=5.pdf,https://www4.septa.org/picking/pdf/fall-a-2026/southern/trip-sheets/weekday-trip-sheets.pdf
SouthernWeekday4,4,Southern,1 of 3,7,Weekday,https://www4.septa.org/picking/pdf/fall-a-2026/southern/paddles/weekday-paddles.pdf#page=7,https://www4.septa.org/picking/pdf/fall-a-2026/southern/paddles/weekday-paddles#page=7.pdf,https://www4.septa.org/picking/pdf/fall-a-2026/southern/trip-sheets/weekday-trip-sheets.pdf
SouthernWeekday5,5,Southern,1 of 2,10,Weekday,https://www4.septa.org/picking/pdf/fall-a-2026/southern/paddles/weekday-paddles.pdf#page=10,https://www4.septa.org/picking/pdf/fall-a-2026/southern/paddles/weekday-paddles#page=10.pdf,https://www4.septa.org/picking/pdf/fall-a-2026/southern/trip-sheets/weekday-trip-sheets.pdf
SouthernWeekday6,6,Southern,1 of 3,12,Weekday,https://www4.septa.org/picking/pdf/fall-a-2026/southern/paddles/weekday-paddles.pdf#page=12,https://www4.septa.org/picking/pdf/fall-a-2026/southern/paddles/weekday-paddles#page=12.pdf,https://www4.septa.org/picking/pdf/fall-a-2026/southern/trip-sheets/weekday-trip-sheets.pdf
SouthernWeekday7,7,Southern,1 of 2,15,Weekday,https://www4.septa.org/picking/pdf/fall-a-2026/southern/paddles/weekday-paddles.pdf#page=15,https://www4.septa.org/picking/pdf/fall-a-2026/southern/paddles/weekday-paddles#page=15.pdf,https://www4.septa.org/picking/pdf/fall-a-2026/southern/trip-sheets/weekday-trip-sheets.pdf
SouthernWeekday8,8,Southern,1 of 2,17,Weekday,https://www4.septa.org/picking/pdf/fall-a-2026/southern/paddles/weekday-paddles.pdf#page=17,https://www4.septa.org/picking/pdf/fall-a-2026/southern/paddles/weekday-paddles#page=17.pdf,https://www4.septa.org/picking/pdf/fall-a-2026/southern/trip-sheets/weekday-trip-sheets.pdf
SouthernWeekday9,9,Southern,1 of 2,19,Weekday,https://www4.septa.org/picking/pdf/fall-a-2026/southern/paddles/weekday-paddles.pdf#page=19,https://www4.septa.org/picking/pdf/fall-a-2026/southern/paddles/weekday-paddles#page=19.pdf,https://www4.septa.org/picking/pdf/fall-a-2026/southern/trip-sheets/weekday-trip-sheets.pdf
SouthernWeekday10,10,Southern,1 of 2,21,Weekday,https://www4.septa.org/picking/pdf/fall-a-2026/southern/paddles/weekday-paddles.pdf#page=21,https://www4.septa.org/picking/pdf/fall-a-2026/southern/paddles/weekday-paddles#page=21.pdf,https://www4.septa.org/picking/pdf/fall-a-2026/southern/trip-sheets/weekday-trip-sheets.pdf
SouthernWeekday11,11,Southern,1 of 3,23,Weekday,https://www4.septa.org/picking/pdf/fall-a-2026/southern/paddles/weekday-paddles.pdf#page=23,https://www4.septa.org/picking/pdf/fall-a-2026/southern/paddles/weekday-paddles#page=23.pdf,https://www4.septa.org/picking/pdf/fall-a-2026/southern/trip-sheets/weekday-trip-sheets.pdf
SouthernWeekday12,12,Southern,1 of 2,26,Weekday,https://www4.septa.org/picking/pdf/fall-a-2026/southern/paddles/weekday-paddles.pdf#page=26,https://www4.septa.org/picking/pdf/fall-a-2026/southern/paddles/weekday-paddles#page=26.pdf,https://www4.septa.org/picking/pdf/fall-a-2026/southern/trip-sheets/weekday-trip-sheets.pdf
SouthernWeekday13,13,Southern,1 of 2,28,Weekday,https://www4.septa.org/picking/pdf/fall-a-2026/southern/paddles/weekday-paddles.pdf#page=28,https://www4.septa.org/picking/pdf/fall-a-2026/southern/paddles/weekday-paddles#page=28.pdf,https://www4.septa.org/picking/pdf/fall-a-2026/southern/trip-sheets/weekday-trip-sheets.pdf
SouthernWeekday14,14,Southern,1 of 2,30,Weekday,https://www4.septa.org/picking/pdf/fall-a-2026/southern/paddles/weekday-paddles.pdf#page=30,https://www4.septa.org/picking/pdf/fall-a-2026/southern/paddles/weekday-paddles#page=30.pdf,https://www4.septa.org/picking/pdf/fall-a-2026/southern/trip-sheets/weekday-trip-sheets.pdf
SouthernWeekday15,15,Southern,1 of 2,32,Weekday,https://www4.septa.org/picking/pdf/fall-a-2026/southern/paddles/weekday-paddles.pdf#page=32,https://www4.septa.org/picking/pdf/fall-a-2026/southern/paddles/weekday-paddles#page=32.pdf,https://www4.septa.org/picking/pdf/fall-a-2026/southern/trip-sheets/weekday-trip-sheets.pdf
SouthernWeekday16,16,Southern,1 of 2,34,Weekday,https://www4.septa.org/picking/pdf/fall-a-2026/southern/paddles/weekday-paddles.pdf#page=34,https://www4.septa.org/picking/pdf/fall-a-2026/southern/paddles/weekday-paddles#page=34.pdf,https://www4.septa.org/picking/pdf/fall-a-2026/southern/trip-sheets/weekday-trip-sheets.pdf
SouthernWeekday17,17,Southern,1 of 3,36,Weekday,https://www4.septa.org/picking/pdf/fall-a-2026/southern/paddles/weekday-paddles.pdf#page=36,https://www4.septa.org/picking/pdf/fall-a-2026/southern/paddles/weekday-paddles#page=36.pdf,https://www4.septa.org/picking/pdf/fall-a-2026/southern/trip-sheets/weekday-trip-sheets.pdf
SouthernWeekday18,18,Southern,1 of 2,39,Weekday,https://www4.septa.org/picking/pdf/fall-a-2026/southern/paddles/weekday-paddles.pdf#page=39,https://www4.septa.org/picking/pdf/fall-a-2026/southern/paddles/weekday-paddles#page=39.pdf,https://www4.septa.org/picking/pdf/fall-a-2026/southern/trip-sheets/weekday-trip-sheets.pdf
SouthernWeekday19,19,Southern,1 of 3,41,Weekday,https://www4.septa.org/picking/pdf/fall-a-2026/southern/paddles/weekday-paddles.pdf#page=41,https://www4.septa.org/picking/pdf/fall-a-2026/southern/paddles/weekday-paddles#page=41.pdf,https://www4.septa.org/picking/pdf/fall-a-2026/southern/trip-sheets/weekday-trip-sheets.pdf
SouthernWeekday101,101,Southern,1 of 2,44,Weekday,https://www4.septa.org/picking/pdf/fall-a-2026/southern/paddles/weekday-paddles.pdf#page=44,https://www4.septa.org/picking/pdf/fall-a-2026/southern/paddles/weekday-paddles#page=44.pdf,https://www4.septa.org/picking/pdf/fall-a-2026/southern/trip-sheets/weekday-trip-sheets.pdf
SouthernWeekday102,102,Southern,1 of 1,46,Weekday,https://www4.septa.org/picking/pdf/fall-a-2026/southern/paddles/weekday-paddles.pdf#page=46,https://www4.septa.org/picking/pdf/fall-a-2026/southern/paddles/weekday-paddles#page=46.pdf,https://www4.septa.org/picking/pdf/fall-a-2026/southern/trip-sheets/weekday-trip-sheets.pdf
SouthernWeekday103,103,Southern,1 of 3,47,Weekday,https://www4.septa.org/picking/pdf/fall-a-2026/southern/paddles/weekday-paddles.pdf#page=47,https://www4.septa.org/picking/pdf/fall-a-2026/southern/paddles/weekday-paddles#page=47.pdf,https://www4.septa.org/picking/pdf/fall-a-2026/southern/trip-sheets/weekday-trip-sheets.pdf
SouthernWeekday104,104,Southern,1 of 2,50,Weekday,https://www4.septa.org/picking/pdf/fall-a-2026/southern/paddles/weekday-paddles.pdf#page=50,https://www4.septa.org/picking/pdf/fall-a-2026/southern/paddles/weekday-paddles#page=50.pdf,https://www4.septa.org/picking/pdf/fall-a-2026/southern/trip-sheets/weekday-trip-sheets.pdf
SouthernWeekday105,105,Southern,1 of 3,52,Weekday,https://www4.septa.org/picking/pdf/fall-a-2026/southern/paddles/weekday-paddles.pdf#page=52,https://www4.septa.org/picking/pdf/fall-a-2026/southern/paddles/weekday-paddles#page=52.pdf,https://www4.septa.org/picking/pdf/fall-a-2026/southern/trip-sheets/weekday-trip-sheets.pdf
SouthernWeekday106,106,Southern,1 of 4,55,Weekday,https://www4.septa.org/picking/pdf/fall-a-2026/southern/paddles/weekday-paddles.pdf#page=55,https://www4.septa.org/picking/pdf/fall-a-2026/southern/paddles/weekday-paddles#page=55.pdf,https://www4.septa.org/picking/pdf/fall-a-2026/southern/trip-sheets/weekday-trip-sheets.pdf
SouthernWeekday107,107,Southern,1 of 2,59,Weekday,https://www4.septa.org/picking/pdf/fall-a-2026/southern/paddles/weekday-paddles.pdf#page=59,https://www4.septa.org/picking/pdf/fall-a-2026/southern/paddles/weekday-paddles#page=59.pdf,https://www4.septa.org/picking/pdf/fall-a-2026/southern/trip-sheets/weekday-trip-sheets.pdf
SouthernWeekday108,108,Southern,1 of 1,61,Weekday,https://www4.septa.org/picking/pdf/fall-a-2026/southern/paddles/weekday-paddles.pdf#page=61,https://www4.septa.org/picking/pdf/fall-a-2026/southern/paddles/weekday-paddles#page=61.pdf,https://www4.septa.org/picking/pdf/fall-a-2026/southern/trip-sheets/weekday-trip-sheets.pdf
SouthernWeekday109,109,Southern,1 of 2,62,Weekday,https://www4.septa.org/picking/pdf/fall-a-2026/southern/paddles/weekday-paddles.pdf#page=62,https://www4.septa.org/picking/pdf/fall-a-2026/southern/paddles/weekday-paddles#page=62.pdf,https://www4.septa.org/picking/pdf/fall-a-2026/southern/trip-sheets/weekday-trip-sheets.pdf
SouthernWeekday110,110,Southern,1 of 2,64,Weekday,https://www4.septa.org/picking/pdf/fall-a-2026/southern/paddles/weekday-paddles.pdf#page=64,https://www4.septa.org/picking/pdf/fall-a-2026/southern/paddles/weekday-paddles#page=64.pdf,https://www4.septa.org/picking/pdf/fall-a-2026/southern/trip-sheets/weekday-trip-sheets.pdf
SouthernWeekday201,201,Southern,1 of 2,66,Weekday,https://www4.septa.org/picking/pdf/fall-a-2026/southern/paddles/weekday-paddles.pdf#page=66,https://www4.septa.org/picking/pdf/fall-a-2026/southern/paddles/weekday-paddles#page=66.pdf,https://www4.septa.org/picking/pdf/fall-a-2026/southern/trip-sheets/weekday-trip-sheets.pdf
SouthernWeekday202,202,Southern,1 of 2,68,Weekday,https://www4.septa.org/picking/pdf/fall-a-2026/southern/paddles/weekday-paddles.pdf#page=68,https://www4.septa.org/picking/pdf/fall-a-2026/southern/paddles/weekday-paddles#page=68.pdf,https://www4.septa.org/picking/pdf/fall-a-2026/southern/trip-sheets/weekday-trip-sheets.pdf
SouthernWeekday203,203,Southern,1 of 2,70,Weekday,https://www4.septa.org/picking/pdf/fall-a-2026/southern/paddles/weekday-paddles.pdf#page=70,https://www4.septa.org/picking/pdf/fall-a-2026/southern/paddles/weekday-paddles#page=70.pdf,https://www4.septa.org/picking/pdf/fall-a-2026/southern/trip-sheets/weekday-trip-sheets.pdf
SouthernWeekday204,204,Southern,1 of 1,72,Weekday,https://www4.septa.org/picking/pdf/fall-a-2026/southern/paddles/weekday-paddles.pdf#page=72,https://www4.septa.org/picking/pdf/fall-a-2026/southern/paddles/weekday-paddles#page=72.pdf,https://www4.septa.org/picking/pdf/fall-a-2026/southern/trip-sheets/weekday-trip-sheets.pdf
SouthernWeekday205,205,Southern,1 of 1,73,Weekday,https://www4.septa.org/picking/pdf/fall-a-2026/southern/paddles/weekday-paddles.pdf#page=73,https://www4.septa.org/picking/pdf/fall-a-2026/southern/paddles/weekday-paddles#page=73.pdf,https://www4.septa.org/picking/pdf/fall-a-2026/southern/trip-sheets/weekday-trip-sheets.pdf
SouthernWeekday206,206,Southern,1 of 3,74,Weekday,https://www4.septa.org/picking/pdf/fall-a-2026/southern/paddles/weekday-paddles.pdf#page=74,https://www4.septa.org/picking/pdf/fall-a-2026/southern/paddles/weekday-paddles#page=74.pdf,https://www4.septa.org/picking/pdf/fall-a-2026/southern/trip-sheets/weekday-trip-sheets.pdf
SouthernWeekday207,207,Southern,1 of 2,77,Weekday,https://www4.septa.org/picking/pdf/fall-a-2026/southern/paddles/weekday-paddles.pdf#page=77,https://www4.septa.org/picking/pdf/fall-a-2026/southern/paddles/weekday-paddles#page=77.pdf,https://www4.septa.org/picking/pdf/fall-a-2026/southern/trip-sheets/weekday-trip-sheets.pdf
SouthernWeekday208,208,Southern,1 of 3,79,Weekday,https://www4.septa.org/picking/pdf/fall-a-2026/southern/paddles/weekday-paddles.pdf#page=79,https://www4.septa.org/picking/pdf/fall-a-2026/southern/paddles/weekday-paddles#page=79.pdf,https://www4.septa.org/picking/pdf/fall-a-2026/southern/trip-sheets/weekday-trip-sheets.pdf
SouthernWeekday209,209,Southern,1 of 2,82,Weekday,https://www4.septa.org/picking/pdf/fall-a-2026/southern/paddles/weekday-paddles.pdf#page=82,https://www4.septa.org/picking/pdf/fall-a-2026/southern/paddles/weekday-paddles#page=82.pdf,https://www4.septa.org/picking/pdf/fall-a-2026/southern/trip-sheets/weekday-trip-sheets.pdf
SouthernWeekday210,210,Southern,1 of 1,84,Weekday,https://www4.septa.org/picking/pdf/fall-a-2026/southern/paddles/weekday-paddles.pdf#page=84,https://www4.septa.org/picking/pdf/fall-a-2026/southern/paddles/weekday-paddles#page=84.pdf,https://www4.septa.org/picking/pdf/fall-a-2026/southern/trip-sheets/weekday-trip-sheets.pdf
SouthernWeekday211,211,Southern,1 of 1,85,Weekday,https://www4.septa.org/picking/pdf/fall-a-2026/southern/paddles/weekday-paddles.pdf#page=85,https://www4.septa.org/picking/pdf/fall-a-2026/southern/paddles/weekday-paddles#page=85.pdf,https://www4.septa.org/picking/pdf/fall-a-2026/southern/trip-sheets/weekday-trip-sheets.pdf
SouthernWeekday212,212,Southern,1 of 1,86,Weekday,https://www4.septa.org/picking/pdf/fall-a-2026/southern/paddles/weekday-paddles.pdf#page=86,https://www4.septa.org/picking/pdf/fall-a-2026/southern/paddles/weekday-paddles#page=86.pdf,https://www4.septa.org/picking/pdf/fall-a-2026/southern/trip-sheets/weekday-trip-sheets.pdf
SouthernWeekday213,213,Southern,1 of 1,87,Weekday,https://www4.septa.org/picking/pdf/fall-a-2026/southern/paddles/weekday-paddles.pdf#page=87,https://www4.septa.org/picking/pdf/fall-a-2026/southern/paddles/weekday-paddles#page=87.pdf,https://www4.septa.org/picking/pdf/fall-a-2026/southern/trip-sheets/weekday-trip-sheets.pdf
SouthernWeekday214,214,Southern,1 of 2,88,Weekday,https://www4.septa.org/picking/pdf/fall-a-2026/southern/paddles/weekday-paddles.pdf#page=88,https://www4.septa.org/picking/pdf/fall-a-2026/southern/paddles/weekday-paddles#page=88.pdf,https://www4.septa.org/picking/pdf/fall-a-2026/southern/trip-sheets/weekday-trip-sheets.pdf
SouthernWeekday215,215,Southern,1 of 2,90,Weekday,https://www4.septa.org/picking/pdf/fall-a-2026/southern/paddles/weekday-paddles.pdf#page=90,https://www4.septa.org/picking/pdf/fall-a-2026/southern/paddles/weekday-paddles#page=90.pdf,https://www4.septa.org/picking/pdf/fall-a-2026/southern/trip-sheets/weekday-trip-sheets.pdf
SouthernWeekday275,275,Southern,1 of 2,92,Weekday,https://www4.septa.org/picking/pdf/fall-a-2026/southern/paddles/weekday-paddles.pdf#page=92,https://www4.septa.org/picking/pdf/fall-a-2026/southern/paddles/weekday-paddles#page=92.pdf,https://www4.septa.org/picking/pdf/fall-a-2026/southern/trip-sheets/weekday-trip-sheets.pdf
SouthernWeekday276,276,Southern,1 of 2,94,Weekday,https://www4.septa.org/picking/pdf/fall-a-2026/southern/paddles/weekday-paddles.pdf#page=94,https://www4.septa.org/picking/pdf/fall-a-2026/southern/paddles/weekday-paddles#page=94.pdf,https://www4.septa.org/picking/pdf/fall-a-2026/southern/trip-sheets/weekday-trip-sheets.pdf
SouthernWeekday277,277,Southern,1 of 2,96,Weekday,https://www4.septa.org/picking/pdf/fall-a-2026/southern/paddles/weekday-paddles.pdf#page=96,https://www4.septa.org/picking/pdf/fall-a-2026/southern/paddles/weekday-paddles#page=96.pdf,https://www4.septa.org/picking/pdf/fall-a-2026/southern/trip-sheets/weekday-trip-sheets.pdf
SouthernWeekday278,278,Southern,1 of 2,98,Weekday,https://www4.septa.org/picking/pdf/fall-a-2026/southern/paddles/weekday-paddles.pdf#page=98,https://www4.septa.org/picking/pdf/fall-a-2026/southern/paddles/weekday-paddles#page=98.pdf,https://www4.septa.org/picking/pdf/fall-a-2026/southern/trip-sheets/weekday-trip-sheets.pdf
SouthernWeekday279,279,Southern,1 of 2,100,Weekday,https://www4.septa.org/picking/pdf/fall-a-2026/southern/paddles/weekday-paddles.pdf#page=100,https://www4.septa.org/picking/pdf/fall-a-2026/southern/paddles/weekday-paddles#page=100.pdf,https://www4.septa.org/picking/pdf/fall-a-2026/southern/trip-sheets/weekday-trip-sheets.pdf
SouthernWeekday280,280,Southern,1 of 3,102,Weekday,https://www4.septa.org/picking/pdf/fall-a-2026/southern/paddles/weekday-paddles.pdf#page=102,https://www4.septa.org/picking/pdf/fall-a-2026/southern/paddles/weekday-paddles#page=102.pdf,https://www4.septa.org/picking/pdf/fall-a-2026/southern/trip-sheets/weekday-trip-sheets.pdf
SouthernWeekday281,281,Southern,1 of 2,105,Weekday,https://www4.septa.org/picking/pdf/fall-a-2026/southern/paddles/weekday-paddles.pdf#page=105,https://www4.septa.org/picking/pdf/fall-a-2026/southern/paddles/weekday-paddles#page=105.pdf,https://www4.septa.org/picking/pdf/fall-a-2026/southern/trip-sheets/weekday-trip-sheets.pdf
SouthernWeekday282,282,Southern,1 of 3,107,Weekday,https://www4.septa.org/picking/pdf/fall-a-2026/southern/paddles/weekday-paddles.pdf#page=107,https://www4.septa.org/picking/pdf/fall-a-2026/southern/paddles/weekday-paddles#page=107.pdf,https://www4.septa.org/picking/pdf/fall-a-2026/southern/trip-sheets/weekday-trip-sheets.pdf
SouthernWeekday283,283,Southern,1 of 3,110,Weekday,https://www4.septa.org/picking/pdf/fall-a-2026/southern/paddles/weekday-paddles.pdf#page=110,https://www4.septa.org/picking/pdf/fall-a-2026/southern/paddles/weekday-paddles#page=110.pdf,https://www4.septa.org/picking/pdf/fall-a-2026/southern/trip-sheets/weekday-trip-sheets.pdf
SouthernWeekday301,301,Southern,1 of 2,113,Weekday,https://www4.septa.org/picking/pdf/fall-a-2026/southern/paddles/weekday-paddles.pdf#page=113,https://www4.septa.org/picking/pdf/fall-a-2026/southern/paddles/weekday-paddles#page=113.pdf,https://www4.septa.org/picking/pdf/fall-a-2026/southern/trip-sheets/weekday-trip-sheets.pdf
SouthernWeekday302,302,Southern,1 of 2,115,Weekday,https://www4.septa.org/picking/pdf/fall-a-2026/southern/paddles/weekday-paddles.pdf#page=115,https://www4.septa.org/picking/pdf/fall-a-2026/southern/paddles/weekday-paddles#page=115.pdf,https://www4.septa.org/picking/pdf/fall-a-2026/southern/trip-sheets/weekday-trip-sheets.pdf
SouthernWeekday303,303,Southern,1 of 3,117,Weekday,https://www4.septa.org/picking/pdf/fall-a-2026/southern/paddles/weekday-paddles.pdf#page=117,https://www4.septa.org/picking/pdf/fall-a-2026/southern/paddles/weekday-paddles#page=117.pdf,https://www4.septa.org/picking/pdf/fall-a-2026/southern/trip-sheets/weekday-trip-sheets.pdf
SouthernWeekday304,304,Southern,1 of 1,120,Weekday,https://www4.septa.org/picking/pdf/fall-a-2026/southern/paddles/weekday-paddles.pdf#page=120,https://www4.septa.org/picking/pdf/fall-a-2026/southern/paddles/weekday-paddles#page=120.pdf,https://www4.septa.org/picking/pdf/fall-a-2026/southern/trip-sheets/weekday-trip-sheets.pdf
SouthernWeekday305,305,Southern,1 of 2,121,Weekday,https://www4.septa.org/picking/pdf/fall-a-2026/southern/paddles/weekday-paddles.pdf#page=121,https://www4.septa.org/picking/pdf/fall-a-2026/southern/paddles/weekday-paddles#page=121.pdf,https://www4.septa.org/picking/pdf/fall-a-2026/southern/trip-sheets/weekday-trip-sheets.pdf
SouthernWeekday306,306,Southern,1 of 2,123,Weekday,https://www4.septa.org/picking/pdf/fall-a-2026/southern/paddles/weekday-paddles.pdf#page=123,https://www4.septa.org/picking/pdf/fall-a-2026/southern/paddles/weekday-paddles#page=123.pdf,https://www4.septa.org/picking/pdf/fall-a-2026/southern/trip-sheets/weekday-trip-sheets.pdf
SouthernWeekday307,307,Southern,1 of 2,125,Weekday,https://www4.septa.org/picking/pdf/fall-a-2026/southern/paddles/weekday-paddles.pdf#page=125,https://www4.septa.org/picking/pdf/fall-a-2026/southern/paddles/weekday-paddles#page=125.pdf,https://www4.septa.org/picking/pdf/fall-a-2026/southern/trip-sheets/weekday-trip-sheets.pdf
SouthernWeekday308,308,Southern,1 of 2,127,Weekday,https://www4.septa.org/picking/pdf/fall-a-2026/southern/paddles/weekday-paddles.pdf#page=127,https://www4.septa.org/picking/pdf/fall-a-2026/southern/paddles/weekday-paddles#page=127.pdf,https://www4.septa.org/picking/pdf/fall-a-2026/southern/trip-sheets/weekday-trip-sheets.pdf
SouthernWeekday351,351,Southern,1 of 2,129,Weekday,https://www4.septa.org/picking/pdf/fall-a-2026/southern/paddles/weekday-paddles.pdf#page=129,https://www4.septa.org/picking/pdf/fall-a-2026/southern/paddles/weekday-paddles#page=129.pdf,https://www4.septa.org/picking/pdf/fall-a-2026/southern/trip-sheets/weekday-trip-sheets.pdf
SouthernWeekday352,352,Southern,1 of 2,131,Weekday,https://www4.septa.org/picking/pdf/fall-a-2026/southern/paddles/weekday-paddles.pdf#page=131,https://www4.septa.org/picking/pdf/fall-a-2026/southern/paddles/weekday-paddles#page=131.pdf,https://www4.septa.org/picking/pdf/fall-a-2026/southern/trip-sheets/weekday-trip-sheets.pdf
SouthernWeekday353,353,Southern,1 of 2,133,Weekday,https://www4.septa.org/picking/pdf/fall-a-2026/southern/paddles/weekday-paddles.pdf#page=133,https://www4.septa.org/picking/pdf/fall-a-2026/southern/paddles/weekday-paddles#page=133.pdf,https://www4.septa.org/picking/pdf/fall-a-2026/southern/trip-sheets/weekday-trip-sheets.pdf
SouthernWeekday354,354,Southern,1 of 2,135,Weekday,https://www4.septa.org/picking/pdf/fall-a-2026/southern/paddles/weekday-paddles.pdf#page=135,https://www4.septa.org/picking/pdf/fall-a-2026/southern/paddles/weekday-paddles#page=135.pdf,https://www4.septa.org/picking/pdf/fall-a-2026/southern/trip-sheets/weekday-trip-sheets.pdf
SouthernWeekday355,355,Southern,1 of 2,137,Weekday,https://www4.septa.org/picking/pdf/fall-a-2026/southern/paddles/weekday-paddles.pdf#page=137,https://www4.septa.org/picking/pdf/fall-a-2026/southern/paddles/weekday-paddles#page=137.pdf,https://www4.septa.org/picking/pdf/fall-a-2026/southern/trip-sheets/weekday-trip-sheets.pdf
SouthernWeekday356,356,Southern,1 of 2,139,Weekday,https://www4.septa.org/picking/pdf/fall-a-2026/southern/paddles/weekday-paddles.pdf#page=139,https://www4.septa.org/picking/pdf/fall-a-2026/southern/paddles/weekday-paddles#page=139.pdf,https://www4.septa.org/picking/pdf/fall-a-2026/southern/trip-sheets/weekday-trip-sheets.pdf
SouthernWeekday357,357,Southern,1 of 2,141,Weekday,https://www4.septa.org/picking/pdf/fall-a-2026/southern/paddles/weekday-paddles.pdf#page=141,https://www4.septa.org/picking/pdf/fall-a-2026/southern/paddles/weekday-paddles#page=141.pdf,https://www4.septa.org/picking/pdf/fall-a-2026/southern/trip-sheets/weekday-trip-sheets.pdf
SouthernWeekday451,451,Southern,1 of 2,143,Weekday,https://www4.septa.org/picking/pdf/fall-a-2026/southern/paddles/weekday-paddles.pdf#page=143,https://www4.septa.org/picking/pdf/fall-a-2026/southern/paddles/weekday-paddles#page=143.pdf,https://www4.septa.org/picking/pdf/fall-a-2026/southern/trip-sheets/weekday-trip-sheets.pdf
SouthernWeekday452,452,Southern,1 of 2,145,Weekday,https://www4.septa.org/picking/pdf/fall-a-2026/southern/paddles/weekday-paddles.pdf#page=145,https://www4.septa.org/picking/pdf/fall-a-2026/southern/paddles/weekday-paddles#page=145.pdf,https://www4.septa.org/picking/pdf/fall-a-2026/southern/trip-sheets/weekday-trip-sheets.pdf
SouthernWeekday453,453,Southern,1 of 3,147,Weekday,https://www4.septa.org/picking/pdf/fall-a-2026/southern/paddles/weekday-paddles.pdf#page=147,https://www4.septa.org/picking/pdf/fall-a-2026/southern/paddles/weekday-paddles#page=147.pdf,https://www4.septa.org/picking/pdf/fall-a-2026/southern/trip-sheets/weekday-trip-sheets.pdf
SouthernWeekday454,454,Southern,1 of 2,150,Weekday,https://www4.septa.org/picking/pdf/fall-a-2026/southern/paddles/weekday-paddles.pdf#page=150,https://www4.septa.org/picking/pdf/fall-a-2026/southern/paddles/weekday-paddles#page=150.pdf,https://www4.septa.org/picking/pdf/fall-a-2026/southern/trip-sheets/weekday-trip-sheets.pdf
SouthernWeekday455,455,Southern,1 of 2,152,Weekday,https://www4.septa.org/picking/pdf/fall-a-2026/southern/paddles/weekday-paddles.pdf#page=152,https://www4.septa.org/picking/pdf/fall-a-2026/southern/paddles/weekday-paddles#page=152.pdf,https://www4.septa.org/picking/pdf/fall-a-2026/southern/trip-sheets/weekday-trip-sheets.pdf
SouthernWeekday456,456,Southern,1 of 2,154,Weekday,https://www4.septa.org/picking/pdf/fall-a-2026/southern/paddles/weekday-paddles.pdf#page=154,https://www4.septa.org/picking/pdf/fall-a-2026/southern/paddles/weekday-paddles#page=154.pdf,https://www4.septa.org/picking/pdf/fall-a-2026/southern/trip-sheets/weekday-trip-sheets.pdf
SouthernWeekday457,457,Southern,1 of 2,156,Weekday,https://www4.septa.org/picking/pdf/fall-a-2026/southern/paddles/weekday-paddles.pdf#page=156,https://www4.septa.org/picking/pdf/fall-a-2026/southern/paddles/weekday-paddles#page=156.pdf,https://www4.septa.org/picking/pdf/fall-a-2026/southern/trip-sheets/weekday-trip-sheets.pdf
SouthernWeekday501,501,Southern,1 of 4,158,Weekday,https://www4.septa.org/picking/pdf/fall-a-2026/southern/paddles/weekday-paddles.pdf#page=158,https://www4.septa.org/picking/pdf/fall-a-2026/southern/paddles/weekday-paddles#page=158.pdf,https://www4.septa.org/picking/pdf/fall-a-2026/southern/trip-sheets/weekday-trip-sheets.pdf
SouthernWeekday502,502,Southern,1 of 5,162,Weekday,https://www4.septa.org/picking/pdf/fall-a-2026/southern/paddles/weekday-paddles.pdf#page=162,https://www4.septa.org/picking/pdf/fall-a-2026/southern/paddles/weekday-paddles#page=162.pdf,https://www4.septa.org/picking/pdf/fall-a-2026/southern/trip-sheets/weekday-trip-sheets.pdf
SouthernWeekday503,503,Southern,1 of 5,167,Weekday,https://www4.septa.org/picking/pdf/fall-a-2026/southern/paddles/weekday-paddles.pdf#page=167,https://www4.septa.org/picking/pdf/fall-a-2026/southern/paddles/weekday-paddles#page=167.pdf,https://www4.septa.org/picking/pdf/fall-a-2026/southern/trip-sheets/weekday-trip-sheets.pdf
SouthernWeekday504,504,Southern,1 of 2,172,Weekday,https://www4.septa.org/picking/pdf/fall-a-2026/southern/paddles/weekday-paddles.pdf#page=172,https://www4.septa.org/picking/pdf/fall-a-2026/southern/paddles/weekday-paddles#page=172.pdf,https://www4.septa.org/picking/pdf/fall-a-2026/southern/trip-sheets/weekday-trip-sheets.pdf
SouthernWeekday505,505,Southern,1 of 2,174,Weekday,https://www4.septa.org/picking/pdf/fall-a-2026/southern/paddles/weekday-paddles.pdf#page=174,https://www4.septa.org/picking/pdf/fall-a-2026/southern/paddles/weekday-paddles#page=174.pdf,https://www4.septa.org/picking/pdf/fall-a-2026/southern/trip-sheets/weekday-trip-sheets.pdf
SouthernWeekday506,506,Southern,1 of 3,176,Weekday,https://www4.septa.org/picking/pdf/fall-a-2026/southern/paddles/weekday-paddles.pdf#page=176,https://www4.septa.org/picking/pdf/fall-a-2026/southern/paddles/weekday-paddles#page=176.pdf,https://www4.septa.org/picking/pdf/fall-a-2026/southern/trip-sheets/weekday-trip-sheets.pdf
SouthernWeekday507,507,Southern,1 of 3,179,Weekday,https://www4.septa.org/picking/pdf/fall-a-2026/southern/paddles/weekday-paddles.pdf#page=179,https://www4.septa.org/picking/pdf/fall-a-2026/southern/paddles/weekday-paddles#page=179.pdf,https://www4.septa.org/picking/pdf/fall-a-2026/southern/trip-sheets/weekday-trip-sheets.pdf
SouthernWeekday508,508,Southern,1 of 2,182,Weekday,https://www4.septa.org/picking/pdf/fall-a-2026/southern/paddles/weekday-paddles.pdf#page=182,https://www4.septa.org/picking/pdf/fall-a-2026/southern/paddles/weekday-paddles#page=182.pdf,https://www4.septa.org/picking/pdf/fall-a-2026/southern/trip-sheets/weekday-trip-sheets.pdf
SouthernWeekday509,509,Southern,1 of 3,184,Weekday,https://www4.septa.org/picking/pdf/fall-a-2026/southern/paddles/weekday-paddles.pdf#page=184,https://www4.septa.org/picking/pdf/fall-a-2026/southern/paddles/weekday-paddles#page=184.pdf,https://www4.septa.org/picking/pdf/fall-a-2026/southern/trip-sheets/weekday-trip-sheets.pdf
SouthernWeekday510,510,Southern,1 of 2,187,Weekday,https://www4.septa.org/picking/pdf/fall-a-2026/southern/paddles/weekday-paddles.pdf#page=187,https://www4.septa.org/picking/pdf/fall-a-2026/southern/paddles/weekday-paddles#page=187.pdf,https://www4.septa.org/picking/pdf/fall-a-2026/southern/trip-sheets/weekday-trip-sheets.pdf
SouthernWeekday511,511,Southern,1 of 2,189,Weekday,https://www4.septa.org/picking/pdf/fall-a-2026/southern/paddles/weekday-paddles.pdf#page=189,https://www4.septa.org/picking/pdf/fall-a-2026/southern/paddles/weekday-paddles#page=189.pdf,https://www4.septa.org/picking/pdf/fall-a-2026/southern/trip-sheets/weekday-trip-sheets.pdf
SouthernWeekday601,601,Southern,1 of 3,191,Weekday,https://www4.septa.org/picking/pdf/fall-a-2026/southern/paddles/weekday-paddles.pdf#page=191,https://www4.septa.org/picking/pdf/fall-a-2026/southern/paddles/weekday-paddles#page=191.pdf,https://www4.septa.org/picking/pdf/fall-a-2026/southern/trip-sheets/weekday-trip-sheets.pdf
SouthernWeekday602,602,Southern,1 of 3,194,Weekday,https://www4.septa.org/picking/pdf/fall-a-2026/southern/paddles/weekday-paddles.pdf#page=194,https://www4.septa.org/picking/pdf/fall-a-2026/southern/paddles/weekday-paddles#page=194.pdf,https://www4.septa.org/picking/pdf/fall-a-2026/southern/trip-sheets/weekday-trip-sheets.pdf
SouthernWeekday603,603,Southern,1 of 3,197,Weekday,https://www4.septa.org/picking/pdf/fall-a-2026/southern/paddles/weekday-paddles.pdf#page=197,https://www4.septa.org/picking/pdf/fall-a-2026/southern/paddles/weekday-paddles#page=197.pdf,https://www4.septa.org/picking/pdf/fall-a-2026/southern/trip-sheets/weekday-trip-sheets.pdf
SouthernWeekday604,604,Southern,1 of 3,200,Weekday,https://www4.septa.org/picking/pdf/fall-a-2026/southern/paddles/weekday-paddles.pdf#page=200,https://www4.septa.org/picking/pdf/fall-a-2026/southern/paddles/weekday-paddles#page=200.pdf,https://www4.septa.org/picking/pdf/fall-a-2026/southern/trip-sheets/weekday-trip-sheets.pdf
SouthernWeekday605,605,Southern,1 of 3,203,Weekday,https://www4.septa.org/picking/pdf/fall-a-2026/southern/paddles/weekday-paddles.pdf#page=203,https://www4.septa.org/picking/pdf/fall-a-2026/southern/paddles/weekday-paddles#page=203.pdf,https://www4.septa.org/picking/pdf/fall-a-2026/southern/trip-sheets/weekday-trip-sheets.pdf
SouthernWeekday606,606,Southern,1 of 3,206,Weekday,https://www4.septa.org/picking/pdf/fall-a-2026/southern/paddles/weekday-paddles.pdf#page=206,https://www4.septa.org/picking/pdf/fall-a-2026/southern/paddles/weekday-paddles#page=206.pdf,https://www4.septa.org/picking/pdf/fall-a-2026/southern/trip-sheets/weekday-trip-sheets.pdf
SouthernWeekday607,607,Southern,1 of 2,209,Weekday,https://www4.septa.org/picking/pdf/fall-a-2026/southern/paddles/weekday-paddles.pdf#page=209,https://www4.septa.org/picking/pdf/fall-a-2026/southern/paddles/weekday-paddles#page=209.pdf,https://www4.septa.org/picking/pdf/fall-a-2026/southern/trip-sheets/weekday-trip-sheets.pdf
SouthernWeekday608,608,Southern,1 of 3,211,Weekday,https://www4.septa.org/picking/pdf/fall-a-2026/southern/paddles/weekday-paddles.pdf#page=211,https://www4.septa.org/picking/pdf/fall-a-2026/southern/paddles/weekday-paddles#page=211.pdf,https://www4.septa.org/picking/pdf/fall-a-2026/southern/trip-sheets/weekday-trip-sheets.pdf
SouthernWeekday609,609,Southern,1 of 6,214,Weekday,https://www4.septa.org/picking/pdf/fall-a-2026/southern/paddles/weekday-paddles.pdf#page=214,https://www4.septa.org/picking/pdf/fall-a-2026/southern/paddles/weekday-paddles#page=214.pdf,https://www4.septa.org/picking/pdf/fall-a-2026/southern/trip-sheets/weekday-trip-sheets.pdf
SouthernWeekday610,610,Southern,1 of 3,220,Weekday,https://www4.septa.org/picking/pdf/fall-a-2026/southern/paddles/weekday-paddles.pdf#page=220,https://www4.septa.org/picking/pdf/fall-a-2026/southern/paddles/weekday-paddles#page=220.pdf,https://www4.septa.org/picking/pdf/fall-a-2026/southern/trip-sheets/weekday-trip-sheets.pdf
SouthernWeekday611,611,Southern,1 of 3,223,Weekday,https://www4.septa.org/picking/pdf/fall-a-2026/southern/paddles/weekday-paddles.pdf#page=223,https://www4.septa.org/picking/pdf/fall-a-2026/southern/paddles/weekday-paddles#page=223.pdf,https://www4.septa.org/picking/pdf/fall-a-2026/southern/trip-sheets/weekday-trip-sheets.pdf
SouthernWeekday612,612,Southern,1 of 3,226,Weekday,https://www4.septa.org/picking/pdf/fall-a-2026/southern/paddles/weekday-paddles.pdf#page=226,https://www4.septa.org/picking/pdf/fall-a-2026/southern/paddles/weekday-paddles#page=226.pdf,https://www4.septa.org/picking/pdf/fall-a-2026/southern/trip-sheets/weekday-trip-sheets.pdf
SouthernWeekday613,613,Southern,1 of 3,229,Weekday,https://www4.septa.org/picking/pdf/fall-a-2026/southern/paddles/weekday-paddles.pdf#page=229,https://www4.septa.org/picking/pdf/fall-a-2026/southern/paddles/weekday-paddles#page=229.pdf,https://www4.septa.org/picking/pdf/fall-a-2026/southern/trip-sheets/weekday-trip-sheets.pdf
SouthernWeekday614,614,Southern,1 of 3,232,Weekday,https://www4.septa.org/picking/pdf/fall-a-2026/southern/paddles/weekday-paddles.pdf#page=232,https://www4.septa.org/picking/pdf/fall-a-2026/southern/paddles/weekday-paddles#page=232.pdf,https://www4.septa.org/picking/pdf/fall-a-2026/southern/trip-sheets/weekday-trip-sheets.pdf
SouthernWeekday615,615,Southern,1 of 3,235,Weekday,https://www4.septa.org/picking/pdf/fall-a-2026/southern/paddles/weekday-paddles.pdf#page=235,https://www4.septa.org/picking/pdf/fall-a-2026/southern/paddles/weekday-paddles#page=235.pdf,https://www4.septa.org/picking/pdf/fall-a-2026/southern/trip-sheets/weekday-trip-sheets.pdf
SouthernWeekday616,616,Southern,1 of 3,238,Weekday,https://www4.septa.org/picking/pdf/fall-a-2026/southern/paddles/weekday-paddles.pdf#page=238,https://www4.septa.org/picking/pdf/fall-a-2026/southern/paddles/weekday-paddles#page=238.pdf,https://www4.septa.org/picking/pdf/fall-a-2026/southern/trip-sheets/weekday-trip-sheets.pdf
SouthernWeekday617,617,Southern,1 of 2,241,Weekday,https://www4.septa.org/picking/pdf/fall-a-2026/southern/paddles/weekday-paddles.pdf#page=241,https://www4.septa.org/picking/pdf/fall-a-2026/southern/paddles/weekday-paddles#page=241.pdf,https://www4.septa.org/picking/pdf/fall-a-2026/southern/trip-sheets/weekday-trip-sheets.pdf
SouthernWeekday618,618,Southern,1 of 3,243,Weekday,https://www4.septa.org/picking/pdf/fall-a-2026/southern/paddles/weekday-paddles.pdf#page=243,https://www4.septa.org/picking/pdf/fall-a-2026/southern/paddles/weekday-paddles#page=243.pdf,https://www4.septa.org/picking/pdf/fall-a-2026/southern/trip-sheets/weekday-trip-sheets.pdf
SouthernWeekday619,619,Southern,1 of 3,246,Weekday,https://www4.septa.org/picking/pdf/fall-a-2026/southern/paddles/weekday-paddles.pdf#page=246,https://www4.septa.org/picking/pdf/fall-a-2026/southern/paddles/weekday-paddles#page=246.pdf,https://www4.septa.org/picking/pdf/fall-a-2026/southern/trip-sheets/weekday-trip-sheets.pdf
SouthernWeekday620,620,Southern,1 of 5,249,Weekday,https://www4.septa.org/picking/pdf/fall-a-2026/southern/paddles/weekday-paddles.pdf#page=249,https://www4.septa.org/picking/pdf/fall-a-2026/southern/paddles/weekday-paddles#page=249.pdf,https://www4.septa.org/picking/pdf/fall-a-2026/southern/trip-sheets/weekday-trip-sheets.pdf
SouthernWeekday621,621,Southern,1 of 2,254,Weekday,https://www4.septa.org/picking/pdf/fall-a-2026/southern/paddles/weekday-paddles.pdf#page=254,https://www4.septa.org/picking/pdf/fall-a-2026/southern/paddles/weekday-paddles#page=254.pdf,https://www4.septa.org/picking/pdf/fall-a-2026/southern/trip-sheets/weekday-trip-sheets.pdf
SouthernWeekday622,622,Southern,1 of 3,256,Weekday,https://www4.septa.org/picking/pdf/fall-a-2026/southern/paddles/weekday-paddles.pdf#page=256,https://www4.septa.org/picking/pdf/fall-a-2026/southern/paddles/weekday-paddles#page=256.pdf,https://www4.septa.org/picking/pdf/fall-a-2026/southern/trip-sheets/weekday-trip-sheets.pdf
SouthernWeekday623,623,Southern,1 of 3,259,Weekday,https://www4.septa.org/picking/pdf/fall-a-2026/southern/paddles/weekday-paddles.pdf#page=259,https://www4.septa.org/picking/pdf/fall-a-2026/southern/paddles/weekday-paddles#page=259.pdf,https://www4.septa.org/picking/pdf/fall-a-2026/southern/trip-sheets/weekday-trip-sheets.pdf
SouthernWeekday624,624,Southern,1 of 2,262,Weekday,https://www4.septa.org/picking/pdf/fall-a-2026/southern/paddles/weekday-paddles.pdf#page=262,https://www4.septa.org/picking/pdf/fall-a-2026/southern/paddles/weekday-paddles#page=262.pdf,https://www4.septa.org/picking/pdf/fall-a-2026/southern/trip-sheets/weekday-trip-sheets.pdf
SouthernWeekday625,625,Southern,1 of 3,264,Weekday,https://www4.septa.org/picking/pdf/fall-a-2026/southern/paddles/weekday-paddles.pdf#page=264,https://www4.septa.org/picking/pdf/fall-a-2026/southern/paddles/weekday-paddles#page=264.pdf,https://www4.septa.org/picking/pdf/fall-a-2026/southern/trip-sheets/weekday-trip-sheets.pdf
SouthernWeekday626,626,Southern,1 of 3,267,Weekday,https://www4.septa.org/picking/pdf/fall-a-2026/southern/paddles/weekday-paddles.pdf#page=267,https://www4.septa.org/picking/pdf/fall-a-2026/southern/paddles/weekday-paddles#page=267.pdf,https://www4.septa.org/picking/pdf/fall-a-2026/southern/trip-sheets/weekday-trip-sheets.pdf
SouthernWeekday627,627,Southern,1 of 3,270,Weekday,https://www4.septa.org/picking/pdf/fall-a-2026/southern/paddles/weekday-paddles.pdf#page=270,https://www4.septa.org/picking/pdf/fall-a-2026/southern/paddles/weekday-paddles#page=270.pdf,https://www4.septa.org/picking/pdf/fall-a-2026/southern/trip-sheets/weekday-trip-sheets.pdf
SouthernWeekday628,628,Southern,1 of 2,273,Weekday,https://www4.septa.org/picking/pdf/fall-a-2026/southern/paddles/weekday-paddles.pdf#page=273,https://www4.septa.org/picking/pdf/fall-a-2026/southern/paddles/weekday-paddles#page=273.pdf,https://www4.septa.org/picking/pdf/fall-a-2026/southern/trip-sheets/weekday-trip-sheets.pdf
SouthernWeekday629,629,Southern,1 of 3,275,Weekday,https://www4.septa.org/picking/pdf/fall-a-2026/southern/paddles/weekday-paddles.pdf#page=275,https://www4.septa.org/picking/pdf/fall-a-2026/southern/paddles/weekday-paddles#page=275.pdf,https://www4.septa.org/picking/pdf/fall-a-2026/southern/trip-sheets/weekday-trip-sheets.pdf
SouthernWeekday630,630,Southern,1 of 3,278,Weekday,https://www4.septa.org/picking/pdf/fall-a-2026/southern/paddles/weekday-paddles.pdf#page=278,https://www4.septa.org/picking/pdf/fall-a-2026/southern/paddles/weekday-paddles#page=278.pdf,https://www4.septa.org/picking/pdf/fall-a-2026/southern/trip-sheets/weekday-trip-sheets.pdf
SouthernWeekday631,631,Southern,1 of 3,281,Weekday,https://www4.septa.org/picking/pdf/fall-a-2026/southern/paddles/weekday-paddles.pdf#page=281,https://www4.septa.org/picking/pdf/fall-a-2026/southern/paddles/weekday-paddles#page=281.pdf,https://www4.septa.org/picking/pdf/fall-a-2026/southern/trip-sheets/weekday-trip-sheets.pdf
SouthernWeekday701,701,Southern,1 of 2,284,Weekday,https://www4.septa.org/picking/pdf/fall-a-2026/southern/paddles/weekday-paddles.pdf#page=284,https://www4.septa.org/picking/pdf/fall-a-2026/southern/paddles/weekday-paddles#page=284.pdf,https://www4.septa.org/picking/pdf/fall-a-2026/southern/trip-sheets/weekday-trip-sheets.pdf
SouthernWeekday702,702,Southern,1 of 2,286,Weekday,https://www4.septa.org/picking/pdf/fall-a-2026/southern/paddles/weekday-paddles.pdf#page=286,https://www4.septa.org/picking/pdf/fall-a-2026/southern/paddles/weekday-paddles#page=286.pdf,https://www4.septa.org/picking/pdf/fall-a-2026/southern/trip-sheets/weekday-trip-sheets.pdf
SouthernWeekday703,703,Southern,1 of 2,288,Weekday,https://www4.septa.org/picking/pdf/fall-a-2026/southern/paddles/weekday-paddles.pdf#page=288,https://www4.septa.org/picking/pdf/fall-a-2026/southern/paddles/weekday-paddles#page=288.pdf,https://www4.septa.org/picking/pdf/fall-a-2026/southern/trip-sheets/weekday-trip-sheets.pdf
SouthernWeekday704,704,Southern,1 of 2,290,Weekday,https://www4.septa.org/picking/pdf/fall-a-2026/southern/paddles/weekday-paddles.pdf#page=290,https://www4.septa.org/picking/pdf/fall-a-2026/southern/paddles/weekday-paddles#page=290.pdf,https://www4.septa.org/picking/pdf/fall-a-2026/southern/trip-sheets/weekday-trip-sheets.pdf
SouthernWeekday705,705,Southern,1 of 2,292,Weekday,https://www4.septa.org/picking/pdf/fall-a-2026/southern/paddles/weekday-paddles.pdf#page=292,https://www4.septa.org/picking/pdf/fall-a-2026/southern/paddles/weekday-paddles#page=292.pdf,https://www4.septa.org/picking/pdf/fall-a-2026/southern/trip-sheets/weekday-trip-sheets.pdf
SouthernWeekday706,706,Southern,1 of 2,294,Weekday,https://www4.septa.org/picking/pdf/fall-a-2026/southern/paddles/weekday-paddles.pdf#page=294,https://www4.septa.org/picking/pdf/fall-a-2026/southern/paddles/weekday-paddles#page=294.pdf,https://www4.septa.org/picking/pdf/fall-a-2026/southern/trip-sheets/weekday-trip-sheets.pdf
SouthernWeekday707,707,Southern,1 of 2,296,Weekday,https://www4.septa.org/picking/pdf/fall-a-2026/southern/paddles/weekday-paddles.pdf#page=296,https://www4.septa.org/picking/pdf/fall-a-2026/southern/paddles/weekday-paddles#page=296.pdf,https://www4.septa.org/picking/pdf/fall-a-2026/southern/trip-sheets/weekday-trip-sheets.pdf
SouthernWeekday708,708,Southern,1 of 2,298,Weekday,https://www4.septa.org/picking/pdf/fall-a-2026/southern/paddles/weekday-paddles.pdf#page=298,https://www4.septa.org/picking/pdf/fall-a-2026/southern/paddles/weekday-paddles#page=298.pdf,https://www4.septa.org/picking/pdf/fall-a-2026/southern/trip-sheets/weekday-trip-sheets.pdf
SouthernWeekday709,709,Southern,1 of 3,300,Weekday,https://www4.septa.org/picking/pdf/fall-a-2026/southern/paddles/weekday-paddles.pdf#page=300,https://www4.septa.org/picking/pdf/fall-a-2026/southern/paddles/weekday-paddles#page=300.pdf,https://www4.septa.org/picking/pdf/fall-a-2026/southern/trip-sheets/weekday-trip-sheets.pdf
SouthernWeekday710,710,Southern,1 of 2,303,Weekday,https://www4.septa.org/picking/pdf/fall-a-2026/southern/paddles/weekday-paddles.pdf#page=303,https://www4.septa.org/picking/pdf/fall-a-2026/southern/paddles/weekday-paddles#page=303.pdf,https://www4.septa.org/picking/pdf/fall-a-2026/southern/trip-sheets/weekday-trip-sheets.pdf
SouthernWeekday711,711,Southern,1 of 3,305,Weekday,https://www4.septa.org/picking/pdf/fall-a-2026/southern/paddles/weekday-paddles.pdf#page=305,https://www4.septa.org/picking/pdf/fall-a-2026/southern/paddles/weekday-paddles#page=305.pdf,https://www4.septa.org/picking/pdf/fall-a-2026/southern/trip-sheets/weekday-trip-sheets.pdf
SouthernWeekday712,712,Southern,1 of 3,308,Weekday,https://www4.septa.org/picking/pdf/fall-a-2026/southern/paddles/weekday-paddles.pdf#page=308,https://www4.septa.org/picking/pdf/fall-a-2026/southern/paddles/weekday-paddles#page=308.pdf,https://www4.septa.org/picking/pdf/fall-a-2026/southern/trip-sheets/weekday-trip-sheets.pdf
SouthernWeekday713,713,Southern,1 of 3,311,Weekday,https://www4.septa.org/picking/pdf/fall-a-2026/southern/paddles/weekday-paddles.pdf#page=311,https://www4.septa.org/picking/pdf/fall-a-2026/southern/paddles/weekday-paddles#page=311.pdf,https://www4.septa.org/picking/pdf/fall-a-2026/southern/trip-sheets/weekday-trip-sheets.pdf
SouthernWeekday714,714,Southern,1 of 3,314,Weekday,https://www4.septa.org/picking/pdf/fall-a-2026/southern/paddles/weekday-paddles.pdf#page=314,https://www4.septa.org/picking/pdf/fall-a-2026/southern/paddles/weekday-paddles#page=314.pdf,https://www4.septa.org/picking/pdf/fall-a-2026/southern/trip-sheets/weekday-trip-sheets.pdf
SouthernWeekday715,715,Southern,1 of 2,317,Weekday,https://www4.septa.org/picking/pdf/fall-a-2026/southern/paddles/weekday-paddles.pdf#page=317,https://www4.septa.org/picking/pdf/fall-a-2026/southern/paddles/weekday-paddles#page=317.pdf,https://www4.septa.org/picking/pdf/fall-a-2026/southern/trip-sheets/weekday-trip-sheets.pdf
SouthernWeekday716,716,Southern,1 of 3,319,Weekday,https://www4.septa.org/picking/pdf/fall-a-2026/southern/paddles/weekday-paddles.pdf#page=319,https://www4.septa.org/picking/pdf/fall-a-2026/southern/paddles/weekday-paddles#page=319.pdf,https://www4.septa.org/picking/pdf/fall-a-2026/southern/trip-sheets/weekday-trip-sheets.pdf
SouthernWeekday717,717,Southern,1 of 3,322,Weekday,https://www4.septa.org/picking/pdf/fall-a-2026/southern/paddles/weekday-paddles.pdf#page=322,https://www4.septa.org/picking/pdf/fall-a-2026/southern/paddles/weekday-paddles#page=322.pdf,https://www4.septa.org/picking/pdf/fall-a-2026/southern/trip-sheets/weekday-trip-sheets.pdf
SouthernWeekday718,718,Southern,1 of 2,325,Weekday,https://www4.septa.org/picking/pdf/fall-a-2026/southern/paddles/weekday-paddles.pdf#page=325,https://www4.septa.org/picking/pdf/fall-a-2026/southern/paddles/weekday-paddles#page=325.pdf,https://www4.septa.org/picking/pdf/fall-a-2026/southern/trip-sheets/weekday-trip-sheets.pdf
SouthernWeekday719,719,Southern,1 of 2,327,Weekday,https://www4.septa.org/picking/pdf/fall-a-2026/southern/paddles/weekday-paddles.pdf#page=327,https://www4.septa.org/picking/pdf/fall-a-2026/southern/paddles/weekday-paddles#page=327.pdf,https://www4.septa.org/picking/pdf/fall-a-2026/southern/trip-sheets/weekday-trip-sheets.pdf
SouthernWeekday720,720,Southern,1 of 3,329,Weekday,https://www4.septa.org/picking/pdf/fall-a-2026/southern/paddles/weekday-paddles.pdf#page=329,https://www4.septa.org/picking/pdf/fall-a-2026/southern/paddles/weekday-paddles#page=329.pdf,https://www4.septa.org/picking/pdf/fall-a-2026/southern/trip-sheets/weekday-trip-sheets.pdf
SouthernWeekday751,751,Southern,1 of 2,332,Weekday,https://www4.septa.org/picking/pdf/fall-a-2026/southern/paddles/weekday-paddles.pdf#page=332,https://www4.septa.org/picking/pdf/fall-a-2026/southern/paddles/weekday-paddles#page=332.pdf,https://www4.septa.org/picking/pdf/fall-a-2026/southern/trip-sheets/weekday-trip-sheets.pdf
SouthernWeekday752,752,Southern,1 of 2,334,Weekday,https://www4.septa.org/picking/pdf/fall-a-2026/southern/paddles/weekday-paddles.pdf#page=334,https://www4.septa.org/picking/pdf/fall-a-2026/southern/paddles/weekday-paddles#page=334.pdf,https://www4.septa.org/picking/pdf/fall-a-2026/southern/trip-sheets/weekday-trip-sheets.pdf
SouthernWeekday753,753,Southern,1 of 2,336,Weekday,https://www4.septa.org/picking/pdf/fall-a-2026/southern/paddles/weekday-paddles.pdf#page=336,https://www4.septa.org/picking/pdf/fall-a-2026/southern/paddles/weekday-paddles#page=336.pdf,https://www4.septa.org/picking/pdf/fall-a-2026/southern/trip-sheets/weekday-trip-sheets.pdf
SouthernWeekday754,754,Southern,1 of 2,338,Weekday,https://www4.septa.org/picking/pdf/fall-a-2026/southern/paddles/weekday-paddles.pdf#page=338,https://www4.septa.org/picking/pdf/fall-a-2026/southern/paddles/weekday-paddles#page=338.pdf,https://www4.septa.org/picking/pdf/fall-a-2026/southern/trip-sheets/weekday-trip-sheets.pdf
SouthernWeekday755,755,Southern,1 of 2,340,Weekday,https://www4.septa.org/picking/pdf/fall-a-2026/southern/paddles/weekday-paddles.pdf#page=340,https://www4.septa.org/picking/pdf/fall-a-2026/southern/paddles/weekday-paddles#page=340.pdf,https://www4.septa.org/picking/pdf/fall-a-2026/southern/trip-sheets/weekday-trip-sheets.pdf
SouthernWeekday756,756,Southern,1 of 2,342,Weekday,https://www4.septa.org/picking/pdf/fall-a-2026/southern/paddles/weekday-paddles.pdf#page=342,https://www4.septa.org/picking/pdf/fall-a-2026/southern/paddles/weekday-paddles#page=342.pdf,https://www4.septa.org/picking/pdf/fall-a-2026/southern/trip-sheets/weekday-trip-sheets.pdf
SouthernWeekday757,757,Southern,1 of 2,344,Weekday,https://www4.septa.org/picking/pdf/fall-a-2026/southern/paddles/weekday-paddles.pdf#page=344,https://www4.septa.org/picking/pdf/fall-a-2026/southern/paddles/weekday-paddles#page=344.pdf,https://www4.septa.org/picking/pdf/fall-a-2026/southern/trip-sheets/weekday-trip-sheets.pdf
SouthernWeekday758,758,Southern,1 of 2,346,Weekday,https://www4.septa.org/picking/pdf/fall-a-2026/southern/paddles/weekday-paddles.pdf#page=346,https://www4.septa.org/picking/pdf/fall-a-2026/southern/paddles/weekday-paddles#page=346.pdf,https://www4.septa.org/picking/pdf/fall-a-2026/southern/trip-sheets/weekday-trip-sheets.pdf
SouthernWeekday759,759,Southern,1 of 2,348,Weekday,https://www4.septa.org/picking/pdf/fall-a-2026/southern/paddles/weekday-paddles.pdf#page=348,https://www4.septa.org/picking/pdf/fall-a-2026/southern/paddles/weekday-paddles#page=348.pdf,https://www4.septa.org/picking/pdf/fall-a-2026/southern/trip-sheets/weekday-trip-sheets.pdf
SouthernWeekday760,760,Southern,1 of 2,350,Weekday,https://www4.septa.org/picking/pdf/fall-a-2026/southern/paddles/weekday-paddles.pdf#page=350,https://www4.septa.org/picking/pdf/fall-a-2026/southern/paddles/weekday-paddles#page=350.pdf,https://www4.septa.org/picking/pdf/fall-a-2026/southern/trip-sheets/weekday-trip-sheets.pdf
SouthernWeekday761,761,Southern,1 of 2,352,Weekday,https://www4.septa.org/picking/pdf/fall-a-2026/southern/paddles/weekday-paddles.pdf#page=352,https://www4.septa.org/picking/pdf/fall-a-2026/southern/paddles/weekday-paddles#page=352.pdf,https://www4.septa.org/picking/pdf/fall-a-2026/southern/trip-sheets/weekday-trip-sheets.pdf
SouthernWeekday762,762,Southern,1 of 2,354,Weekday,https://www4.septa.org/picking/pdf/fall-a-2026/southern/paddles/weekday-paddles.pdf#page=354,https://www4.septa.org/picking/pdf/fall-a-2026/southern/paddles/weekday-paddles#page=354.pdf,https://www4.septa.org/picking/pdf/fall-a-2026/southern/trip-sheets/weekday-trip-sheets.pdf
SouthernWeekday763,763,Southern,1 of 2,356,Weekday,https://www4.septa.org/picking/pdf/fall-a-2026/southern/paddles/weekday-paddles.pdf#page=356,https://www4.septa.org/picking/pdf/fall-a-2026/southern/paddles/weekday-paddles#page=356.pdf,https://www4.septa.org/picking/pdf/fall-a-2026/southern/trip-sheets/weekday-trip-sheets.pdf
SouthernWeekday764,764,Southern,1 of 2,358,Weekday,https://www4.septa.org/picking/pdf/fall-a-2026/southern/paddles/weekday-paddles.pdf#page=358,https://www4.septa.org/picking/pdf/fall-a-2026/southern/paddles/weekday-paddles#page=358.pdf,https://www4.septa.org/picking/pdf/fall-a-2026/southern/trip-sheets/weekday-trip-sheets.pdf
SouthernWeekday765,765,Southern,1 of 2,360,Weekday,https://www4.septa.org/picking/pdf/fall-a-2026/southern/paddles/weekday-paddles.pdf#page=360,https://www4.septa.org/picking/pdf/fall-a-2026/southern/paddles/weekday-paddles#page=360.pdf,https://www4.septa.org/picking/pdf/fall-a-2026/southern/trip-sheets/weekday-trip-sheets.pdf
SouthernWeekday801,801,Southern,1 of 3,362,Weekday,https://www4.septa.org/picking/pdf/fall-a-2026/southern/paddles/weekday-paddles.pdf#page=362,https://www4.septa.org/picking/pdf/fall-a-2026/southern/paddles/weekday-paddles#page=362.pdf,https://www4.septa.org/picking/pdf/fall-a-2026/southern/trip-sheets/weekday-trip-sheets.pdf
SouthernWeekday802,802,Southern,1 of 3,365,Weekday,https://www4.septa.org/picking/pdf/fall-a-2026/southern/paddles/weekday-paddles.pdf#page=365,https://www4.septa.org/picking/pdf/fall-a-2026/southern/paddles/weekday-paddles#page=365.pdf,https://www4.septa.org/picking/pdf/fall-a-2026/southern/trip-sheets/weekday-trip-sheets.pdf
SouthernWeekday803,803,Southern,1 of 3,368,Weekday,https://www4.septa.org/picking/pdf/fall-a-2026/southern/paddles/weekday-paddles.pdf#page=368,https://www4.septa.org/picking/pdf/fall-a-2026/southern/paddles/weekday-paddles#page=368.pdf,https://www4.septa.org/picking/pdf/fall-a-2026/southern/trip-sheets/weekday-trip-sheets.pdf
SouthernWeekday804,804,Southern,1 of 3,371,Weekday,https://www4.septa.org/picking/pdf/fall-a-2026/southern/paddles/weekday-paddles.pdf#page=371,https://www4.septa.org/picking/pdf/fall-a-2026/southern/paddles/weekday-paddles#page=371.pdf,https://www4.septa.org/picking/pdf/fall-a-2026/southern/trip-sheets/weekday-trip-sheets.pdf
SouthernWeekday805,805,Southern,1 of 3,374,Weekday,https://www4.septa.org/picking/pdf/fall-a-2026/southern/paddles/weekday-paddles.pdf#page=374,https://www4.septa.org/picking/pdf/fall-a-2026/southern/paddles/weekday-paddles#page=374.pdf,https://www4.septa.org/picking/pdf/fall-a-2026/southern/trip-sheets/weekday-trip-sheets.pdf
SouthernWeekday806,806,Southern,1 of 3,377,Weekday,https://www4.septa.org/picking/pdf/fall-a-2026/southern/paddles/weekday-paddles.pdf#page=377,https://www4.septa.org/picking/pdf/fall-a-2026/southern/paddles/weekday-paddles#page=377.pdf,https://www4.septa.org/picking/pdf/fall-a-2026/southern/trip-sheets/weekday-trip-sheets.pdf
SouthernWeekday807,807,Southern,1 of 8,380,Weekday,https://www4.septa.org/picking/pdf/fall-a-2026/southern/paddles/weekday-paddles.pdf#page=380,https://www4.septa.org/picking/pdf/fall-a-2026/southern/paddles/weekday-paddles#page=380.pdf,https://www4.septa.org/picking/pdf/fall-a-2026/southern/trip-sheets/weekday-trip-sheets.pdf
SouthernWeekday808,808,Southern,1 of 3,388,Weekday,https://www4.septa.org/picking/pdf/fall-a-2026/southern/paddles/weekday-paddles.pdf#page=388,https://www4.septa.org/picking/pdf/fall-a-2026/southern/paddles/weekday-paddles#page=388.pdf,https://www4.septa.org/picking/pdf/fall-a-2026/southern/trip-sheets/weekday-trip-sheets.pdf
SouthernWeekday809,809,Southern,1 of 3,391,Weekday,https://www4.septa.org/picking/pdf/fall-a-2026/southern/paddles/weekday-paddles.pdf#page=391,https://www4.septa.org/picking/pdf/fall-a-2026/southern/paddles/weekday-paddles#page=391.pdf,https://www4.septa.org/picking/pdf/fall-a-2026/southern/trip-sheets/weekday-trip-sheets.pdf
SouthernWeekday810,810,Southern,1 of 2,394,Weekday,https://www4.septa.org/picking/pdf/fall-a-2026/southern/paddles/weekday-paddles.pdf#page=394,https://www4.septa.org/picking/pdf/fall-a-2026/southern/paddles/weekday-paddles#page=394.pdf,https://www4.septa.org/picking/pdf/fall-a-2026/southern/trip-sheets/weekday-trip-sheets.pdf
SouthernWeekday811,811,Southern,1 of 3,396,Weekday,https://www4.septa.org/picking/pdf/fall-a-2026/southern/paddles/weekday-paddles.pdf#page=396,https://www4.septa.org/picking/pdf/fall-a-2026/southern/paddles/weekday-paddles#page=396.pdf,https://www4.septa.org/picking/pdf/fall-a-2026/southern/trip-sheets/weekday-trip-sheets.pdf
SouthernWeekday812,812,Southern,1 of 3,399,Weekday,https://www4.septa.org/picking/pdf/fall-a-2026/southern/paddles/weekday-paddles.pdf#page=399,https://www4.septa.org/picking/pdf/fall-a-2026/southern/paddles/weekday-paddles#page=399.pdf,https://www4.septa.org/picking/pdf/fall-a-2026/southern/trip-sheets/weekday-trip-sheets.pdf
SouthernWeekday813,813,Southern,1 of 4,402,Weekday,https://www4.septa.org/picking/pdf/fall-a-2026/southern/paddles/weekday-paddles.pdf#page=402,https://www4.septa.org/picking/pdf/fall-a-2026/southern/paddles/weekday-paddles#page=402.pdf,https://www4.septa.org/picking/pdf/fall-a-2026/southern/trip-sheets/weekday-trip-sheets.pdf
SouthernWeekday814,814,Southern,1 of 3,406,Weekday,https://www4.septa.org/picking/pdf/fall-a-2026/southern/paddles/weekday-paddles.pdf#page=406,https://www4.septa.org/picking/pdf/fall-a-2026/southern/paddles/weekday-paddles#page=406.pdf,https://www4.septa.org/picking/pdf/fall-a-2026/southern/trip-sheets/weekday-trip-sheets.pdf
SouthernWeekday815,815,Southern,1 of 2,409,Weekday,https://www4.septa.org/picking/pdf/fall-a-2026/southern/paddles/weekday-paddles.pdf#page=409,https://www4.septa.org/picking/pdf/fall-a-2026/southern/paddles/weekday-paddles#page=409.pdf,https://www4.septa.org/picking/pdf/fall-a-2026/southern/trip-sheets/weekday-trip-sheets.pdf
SouthernWeekday816,816,Southern,1 of 4,411,Weekday,https://www4.septa.org/picking/pdf/fall-a-2026/southern/paddles/weekday-paddles.pdf#page=411,https://www4.septa.org/picking/pdf/fall-a-2026/southern/paddles/weekday-paddles#page=411.pdf,https://www4.septa.org/picking/pdf/fall-a-2026/southern/trip-sheets/weekday-trip-sheets.pdf
SouthernWeekday817,817,Southern,1 of 2,415,Weekday,https://www4.septa.org/picking/pdf/fall-a-2026/southern/paddles/weekday-paddles.pdf#page=415,https://www4.septa.org/picking/pdf/fall-a-2026/southern/paddles/weekday-paddles#page=415.pdf,https://www4.septa.org/picking/pdf/fall-a-2026/southern/trip-sheets/weekday-trip-sheets.pdf
SouthernWeekday851,851,Southern,1 of 2,417,Weekday,https://www4.septa.org/picking/pdf/fall-a-2026/southern/paddles/weekday-paddles.pdf#page=417,https://www4.septa.org/picking/pdf/fall-a-2026/southern/paddles/weekday-paddles#page=417.pdf,https://www4.septa.org/picking/pdf/fall-a-2026/southern/trip-sheets/weekday-trip-sheets.pdf
SouthernWeekday852,852,Southern,1 of 2,419,Weekday,https://www4.septa.org/picking/pdf/fall-a-2026/southern/paddles/weekday-paddles.pdf#page=419,https://www4.septa.org/picking/pdf/fall-a-2026/southern/paddles/weekday-paddles#page=419.pdf,https://www4.septa.org/picking/pdf/fall-a-2026/southern/trip-sheets/weekday-trip-sheets.pdf
SouthernWeekday853,853,Southern,1 of 2,421,Weekday,https://www4.septa.org/picking/pdf/fall-a-2026/southern/paddles/weekday-paddles.pdf#page=421,https://www4.septa.org/picking/pdf/fall-a-2026/southern/paddles/weekday-paddles#page=421.pdf,https://www4.septa.org/picking/pdf/fall-a-2026/southern/trip-sheets/weekday-trip-sheets.pdf
SouthernWeekday854,854,Southern,1 of 2,423,Weekday,https://www4.septa.org/picking/pdf/fall-a-2026/southern/paddles/weekday-paddles.pdf#page=423,https://www4.septa.org/picking/pdf/fall-a-2026/southern/paddles/weekday-paddles#page=423.pdf,https://www4.septa.org/picking/pdf/fall-a-2026/southern/trip-sheets/weekday-trip-sheets.pdf
SouthernWeekday855,855,Southern,1 of 3,425,Weekday,https://www4.septa.org/picking/pdf/fall-a-2026/southern/paddles/weekday-paddles.pdf#page=425,https://www4.septa.org/picking/pdf/fall-a-2026/southern/paddles/weekday-paddles#page=425.pdf,https://www4.septa.org/picking/pdf/fall-a-2026/southern/trip-sheets/weekday-trip-sheets.pdf
SouthernWeekday856,856,Southern,1 of 2,428,Weekday,https://www4.septa.org/picking/pdf/fall-a-2026/southern/paddles/weekday-paddles.pdf#page=428,https://www4.septa.org/picking/pdf/fall-a-2026/southern/paddles/weekday-paddles#page=428.pdf,https://www4.septa.org/picking/pdf/fall-a-2026/southern/trip-sheets/weekday-trip-sheets.pdf
SouthernWeekday857,857,Southern,1 of 2,430,Weekday,https://www4.septa.org/picking/pdf/fall-a-2026/southern/paddles/weekday-paddles.pdf#page=430,https://www4.septa.org/picking/pdf/fall-a-2026/southern/paddles/weekday-paddles#page=430.pdf,https://www4.septa.org/picking/pdf/fall-a-2026/southern/trip-sheets/weekday-trip-sheets.pdf
SouthernWeekday858,858,Southern,1 of 2,432,Weekday,https://www4.septa.org/picking/pdf/fall-a-2026/southern/paddles/weekday-paddles.pdf#page=432,https://www4.septa.org/picking/pdf/fall-a-2026/southern/paddles/weekday-paddles#page=432.pdf,https://www4.septa.org/picking/pdf/fall-a-2026/southern/trip-sheets/weekday-trip-sheets.pdf
SouthernWeekday859,859,Southern,1 of 2,434,Weekday,https://www4.septa.org/picking/pdf/fall-a-2026/southern/paddles/weekday-paddles.pdf#page=434,https://www4.septa.org/picking/pdf/fall-a-2026/southern/paddles/weekday-paddles#page=434.pdf,https://www4.septa.org/picking/pdf/fall-a-2026/southern/trip-sheets/weekday-trip-sheets.pdf
SouthernWeekday860,860,Southern,1 of 2,436,Weekday,https://www4.septa.org/picking/pdf/fall-a-2026/southern/paddles/weekday-paddles.pdf#page=436,https://www4.septa.org/picking/pdf/fall-a-2026/southern/paddles/weekday-paddles#page=436.pdf,https://www4.septa.org/picking/pdf/fall-a-2026/southern/trip-sheets/weekday-trip-sheets.pdf
SouthernWeekday861,861,Southern,1 of 2,438,Weekday,https://www4.septa.org/picking/pdf/fall-a-2026/southern/paddles/weekday-paddles.pdf#page=438,https://www4.septa.org/picking/pdf/fall-a-2026/southern/paddles/weekday-paddles#page=438.pdf,https://www4.septa.org/picking/pdf/fall-a-2026/southern/trip-sheets/weekday-trip-sheets.pdf
SouthernWeekday862,862,Southern,1 of 2,440,Weekday,https://www4.septa.org/picking/pdf/fall-a-2026/southern/paddles/weekday-paddles.pdf#page=440,https://www4.septa.org/picking/pdf/fall-a-2026/southern/paddles/weekday-paddles#page=440.pdf,https://www4.septa.org/picking/pdf/fall-a-2026/southern/trip-sheets/weekday-trip-sheets.pdf
SouthernWeekday863,863,Southern,1 of 2,442,Weekday,https://www4.septa.org/picking/pdf/fall-a-2026/southern/paddles/weekday-paddles.pdf#page=442,https://www4.septa.org/picking/pdf/fall-a-2026/southern/paddles/weekday-paddles#page=442.pdf,https://www4.septa.org/picking/pdf/fall-a-2026/southern/trip-sheets/weekday-trip-sheets.pdf
SouthernWeekday864,864,Southern,1 of 2,444,Weekday,https://www4.septa.org/picking/pdf/fall-a-2026/southern/paddles/weekday-paddles.pdf#page=444,https://www4.septa.org/picking/pdf/fall-a-2026/southern/paddles/weekday-paddles#page=444.pdf,https://www4.septa.org/picking/pdf/fall-a-2026/southern/trip-sheets/weekday-trip-sheets.pdf
SouthernWeekday865,865,Southern,1 of 2,446,Weekday,https://www4.septa.org/picking/pdf/fall-a-2026/southern/paddles/weekday-paddles.pdf#page=446,https://www4.septa.org/picking/pdf/fall-a-2026/southern/paddles/weekday-paddles#page=446.pdf,https://www4.septa.org/picking/pdf/fall-a-2026/southern/trip-sheets/weekday-trip-sheets.pdf
SouthernWeekday866,866,Southern,1 of 2,448,Weekday,https://www4.septa.org/picking/pdf/fall-a-2026/southern/paddles/weekday-paddles.pdf#page=448,https://www4.septa.org/picking/pdf/fall-a-2026/southern/paddles/weekday-paddles#page=448.pdf,https://www4.septa.org/picking/pdf/fall-a-2026/southern/trip-sheets/weekday-trip-sheets.pdf
SouthernWeekday867,867,Southern,1 of 2,450,Weekday,https://www4.septa.org/picking/pdf/fall-a-2026/southern/paddles/weekday-paddles.pdf#page=450,https://www4.septa.org/picking/pdf/fall-a-2026/southern/paddles/weekday-paddles#page=450.pdf,https://www4.septa.org/picking/pdf/fall-a-2026/southern/trip-sheets/weekday-trip-sheets.pdf
SouthernWeekday868,868,Southern,1 of 2,452,Weekday,https://www4.septa.org/picking/pdf/fall-a-2026/southern/paddles/weekday-paddles.pdf#page=452,https://www4.septa.org/picking/pdf/fall-a-2026/southern/paddles/weekday-paddles#page=452.pdf,https://www4.septa.org/picking/pdf/fall-a-2026/southern/trip-sheets/weekday-trip-sheets.pdf
SouthernWeekday869,869,Southern,1 of 2,454,Weekday,https://www4.septa.org/picking/pdf/fall-a-2026/southern/paddles/weekday-paddles.pdf#page=454,https://www4.septa.org/picking/pdf/fall-a-2026/southern/paddles/weekday-paddles#page=454.pdf,https://www4.septa.org/picking/pdf/fall-a-2026/southern/trip-sheets/weekday-trip-sheets.pdf
SouthernWeekday870,870,Southern,1 of 2,456,Weekday,https://www4.septa.org/picking/pdf/fall-a-2026/southern/paddles/weekday-paddles.pdf#page=456,https://www4.septa.org/picking/pdf/fall-a-2026/southern/paddles/weekday-paddles#page=456.pdf,https://www4.septa.org/picking/pdf/fall-a-2026/southern/trip-sheets/weekday-trip-sheets.pdf
SouthernWeekday901,901,Southern,1 of 2,458,Weekday,https://www4.septa.org/picking/pdf/fall-a-2026/southern/paddles/weekday-paddles.pdf#page=458,https://www4.septa.org/picking/pdf/fall-a-2026/southern/paddles/weekday-paddles#page=458.pdf,https://www4.septa.org/picking/pdf/fall-a-2026/southern/trip-sheets/weekday-trip-sheets.pdf
SouthernWeekday902,902,Southern,1 of 2,460,Weekday,https://www4.septa.org/picking/pdf/fall-a-2026/southern/paddles/weekday-paddles.pdf#page=460,https://www4.septa.org/picking/pdf/fall-a-2026/southern/paddles/weekday-paddles#page=460.pdf,https://www4.septa.org/picking/pdf/fall-a-2026/southern/trip-sheets/weekday-trip-sheets.pdf
SouthernWeekday903,903,Southern,1 of 2,462,Weekday,https://www4.septa.org/picking/pdf/fall-a-2026/southern/paddles/weekday-paddles.pdf#page=462,https://www4.septa.org/picking/pdf/fall-a-2026/southern/paddles/weekday-paddles#page=462.pdf,https://www4.septa.org/picking/pdf/fall-a-2026/southern/trip-sheets/weekday-trip-sheets.pdf
SouthernWeekday904,904,Southern,1 of 2,464,Weekday,https://www4.septa.org/picking/pdf/fall-a-2026/southern/paddles/weekday-paddles.pdf#page=464,https://www4.septa.org/picking/pdf/fall-a-2026/southern/paddles/weekday-paddles#page=464.pdf,https://www4.septa.org/picking/pdf/fall-a-2026/southern/trip-sheets/weekday-trip-sheets.pdf
SouthernWeekday905,905,Southern,1 of 2,466,Weekday,https://www4.septa.org/picking/pdf/fall-a-2026/southern/paddles/weekday-paddles.pdf#page=466,https://www4.septa.org/picking/pdf/fall-a-2026/southern/paddles/weekday-paddles#page=466.pdf,https://www4.septa.org/picking/pdf/fall-a-2026/southern/trip-sheets/weekday-trip-sheets.pdf
SouthernWeekday906,906,Southern,1 of 2,468,Weekday,https://www4.septa.org/picking/pdf/fall-a-2026/southern/paddles/weekday-paddles.pdf#page=468,https://www4.septa.org/picking/pdf/fall-a-2026/southern/paddles/weekday-paddles#page=468.pdf,https://www4.septa.org/picking/pdf/fall-a-2026/southern/trip-sheets/weekday-trip-sheets.pdf
SouthernWeekday907,907,Southern,1 of 2,470,Weekday,https://www4.septa.org/picking/pdf/fall-a-2026/southern/paddles/weekday-paddles.pdf#page=470,https://www4.septa.org/picking/pdf/fall-a-2026/southern/paddles/weekday-paddles#page=470.pdf,https://www4.septa.org/picking/pdf/fall-a-2026/southern/trip-sheets/weekday-trip-sheets.pdf
SouthernWeekday951,951,Southern,1 of 2,472,Weekday,https://www4.septa.org/picking/pdf/fall-a-2026/southern/paddles/weekday-paddles.pdf#page=472,https://www4.septa.org/picking/pdf/fall-a-2026/southern/paddles/weekday-paddles#page=472.pdf,https://www4.septa.org/picking/pdf/fall-a-2026/southern/trip-sheets/weekday-trip-sheets.pdf
SouthernWeekday952,952,Southern,1 of 2,474,Weekday,https://www4.septa.org/picking/pdf/fall-a-2026/southern/paddles/weekday-paddles.pdf#page=474,https://www4.septa.org/picking/pdf/fall-a-2026/southern/paddles/weekday-paddles#page=474.pdf,https://www4.septa.org/picking/pdf/fall-a-2026/southern/trip-sheets/weekday-trip-sheets.pdf
SouthernWeekday953,953,Southern,1 of 2,476,Weekday,https://www4.septa.org/picking/pdf/fall-a-2026/southern/paddles/weekday-paddles.pdf#page=476,https://www4.septa.org/picking/pdf/fall-a-2026/southern/paddles/weekday-paddles#page=476.pdf,https://www4.septa.org/picking/pdf/fall-a-2026/southern/trip-sheets/weekday-trip-sheets.pdf
SouthernWeekday954,954,Southern,1 of 2,478,Weekday,https://www4.septa.org/picking/pdf/fall-a-2026/southern/paddles/weekday-paddles.pdf#page=478,https://www4.septa.org/picking/pdf/fall-a-2026/southern/paddles/weekday-paddles#page=478.pdf,https://www4.septa.org/picking/pdf/fall-a-2026/southern/trip-sheets/weekday-trip-sheets.pdf
SouthernWeekday955,955,Southern,1 of 2,480,Weekday,https://www4.septa.org/picking/pdf/fall-a-2026/southern/paddles/weekday-paddles.pdf#page=480,https://www4.septa.org/picking/pdf/fall-a-2026/southern/paddles/weekday-paddles#page=480.pdf,https://www4.septa.org/picking/pdf/fall-a-2026/southern/trip-sheets/weekday-trip-sheets.pdf
SouthernWeekday956,956,Southern,1 of 4,482,Weekday,https://www4.septa.org/picking/pdf/fall-a-2026/southern/paddles/weekday-paddles.pdf#page=482,https://www4.septa.org/picking/pdf/fall-a-2026/southern/paddles/weekday-paddles#page=482.pdf,https://www4.septa.org/picking/pdf/fall-a-2026/southern/trip-sheets/weekday-trip-sheets.pdf
SouthernWeekday957,957,Southern,1 of 2,486,Weekday,https://www4.septa.org/picking/pdf/fall-a-2026/southern/paddles/weekday-paddles.pdf#page=486,https://www4.septa.org/picking/pdf/fall-a-2026/southern/paddles/weekday-paddles#page=486.pdf,https://www4.septa.org/picking/pdf/fall-a-2026/southern/trip-sheets/weekday-trip-sheets.pdf
SouthernWeekday958,958,Southern,1 of 3,488,Weekday,https://www4.septa.org/picking/pdf/fall-a-2026/southern/paddles/weekday-paddles.pdf#page=488,https://www4.septa.org/picking/pdf/fall-a-2026/southern/paddles/weekday-paddles#page=488.pdf,https://www4.septa.org/picking/pdf/fall-a-2026/southern/trip-sheets/weekday-trip-sheets.pdf
SouthernWeekday959,959,Southern,1 of 4,491,Weekday,https://www4.septa.org/picking/pdf/fall-a-2026/southern/paddles/weekday-paddles.pdf#page=491,https://www4.septa.org/picking/pdf/fall-a-2026/southern/paddles/weekday-paddles#page=491.pdf,https://www4.septa.org/picking/pdf/fall-a-2026/southern/trip-sheets/weekday-trip-sheets.pdf
SouthernWeekday960,960,Southern,1 of 2,495,Weekday,https://www4.septa.org/picking/pdf/fall-a-2026/southern/paddles/weekday-paddles.pdf#page=495,https://www4.septa.org/picking/pdf/fall-a-2026/southern/paddles/weekday-paddles#page=495.pdf,https://www4.septa.org/picking/pdf/fall-a-2026/southern/trip-sheets/weekday-trip-sheets.pdf
SouthernWeekday961,961,Southern,1 of 2,497,Weekday,https://www4.septa.org/picking/pdf/fall-a-2026/southern/paddles/weekday-paddles.pdf#page=497,https://www4.septa.org/picking/pdf/fall-a-2026/southern/paddles/weekday-paddles#page=497.pdf,https://www4.septa.org/picking/pdf/fall-a-2026/southern/trip-sheets/weekday-trip-sheets.pdf
SouthernWeekday962,962,Southern,1 of 2,499,Weekday,https://www4.septa.org/picking/pdf/fall-a-2026/southern/paddles/weekday-paddles.pdf#page=499,https://www4.septa.org/picking/pdf/fall-a-2026/southern/paddles/weekday-paddles#page=499.pdf,https://www4.septa.org/picking/pdf/fall-a-2026/southern/trip-sheets/weekday-trip-sheets.pdf
SouthernWeekday963,963,Southern,1 of 2,501,Weekday,https://www4.septa.org/picking/pdf/fall-a-2026/southern/paddles/weekday-paddles.pdf#page=501,https://www4.septa.org/picking/pdf/fall-a-2026/southern/paddles/weekday-paddles#page=501.pdf,https://www4.septa.org/picking/pdf/fall-a-2026/southern/trip-sheets/weekday-trip-sheets.pdf
SouthernWeekday964,964,Southern,1 of 4,503,Weekday,https://www4.septa.org/picking/pdf/fall-a-2026/southern/paddles/weekday-paddles.pdf#page=503,https://www4.septa.org/picking/pdf/fall-a-2026/southern/paddles/weekday-paddles#page=503.pdf,https://www4.septa.org/picking/pdf/fall-a-2026/southern/trip-sheets/weekday-trip-sheets.pdf
SouthernWeekday965,965,Southern,1 of 2,507,Weekday,https://www4.septa.org/picking/pdf/fall-a-2026/southern/paddles/weekday-paddles.pdf#page=507,https://www4.septa.org/picking/pdf/fall-a-2026/southern/paddles/weekday-paddles#page=507.pdf,https://www4.septa.org/picking/pdf/fall-a-2026/southern/trip-sheets/weekday-trip-sheets.pdf
SouthernSaturday1,1,Southern,1 of 2,1,Saturday,https://www4.septa.org/picking/pdf/fall-a-2026/southern/paddles/saturday-paddles.pdf#page=1,https://www4.septa.org/picking/pdf/fall-a-2026/southern/paddles/saturday-paddles#page=1.pdf,https://www4.septa.org/picking/pdf/fall-a-2026/southern/trip-sheets/saturday-trip-sheets.pdf
SouthernSaturday2,2,Southern,1 of 2,3,Saturday,https://www4.septa.org/picking/pdf/fall-a-2026/southern/paddles/saturday-paddles.pdf#page=3,https://www4.septa.org/picking/pdf/fall-a-2026/southern/paddles/saturday-paddles#page=3.pdf,https://www4.septa.org/picking/pdf/fall-a-2026/southern/trip-sheets/saturday-trip-sheets.pdf
SouthernSaturday3,3,Southern,1 of 2,5,Saturday,https://www4.septa.org/picking/pdf/fall-a-2026/southern/paddles/saturday-paddles.pdf#page=5,https://www4.septa.org/picking/pdf/fall-a-2026/southern/paddles/saturday-paddles#page=5.pdf,https://www4.septa.org/picking/pdf/fall-a-2026/southern/trip-sheets/saturday-trip-sheets.pdf
SouthernSaturday4,4,Southern,1 of 2,7,Saturday,https://www4.septa.org/picking/pdf/fall-a-2026/southern/paddles/saturday-paddles.pdf#page=7,https://www4.septa.org/picking/pdf/fall-a-2026/southern/paddles/saturday-paddles#page=7.pdf,https://www4.septa.org/picking/pdf/fall-a-2026/southern/trip-sheets/saturday-trip-sheets.pdf
SouthernSaturday5,5,Southern,1 of 2,9,Saturday,https://www4.septa.org/picking/pdf/fall-a-2026/southern/paddles/saturday-paddles.pdf#page=9,https://www4.septa.org/picking/pdf/fall-a-2026/southern/paddles/saturday-paddles#page=9.pdf,https://www4.septa.org/picking/pdf/fall-a-2026/southern/trip-sheets/saturday-trip-sheets.pdf
SouthernSaturday6,6,Southern,1 of 2,11,Saturday,https://www4.septa.org/picking/pdf/fall-a-2026/southern/paddles/saturday-paddles.pdf#page=11,https://www4.septa.org/picking/pdf/fall-a-2026/southern/paddles/saturday-paddles#page=11.pdf,https://www4.septa.org/picking/pdf/fall-a-2026/southern/trip-sheets/saturday-trip-sheets.pdf
SouthernSaturday7,7,Southern,1 of 2,13,Saturday,https://www4.septa.org/picking/pdf/fall-a-2026/southern/paddles/saturday-paddles.pdf#page=13,https://www4.septa.org/picking/pdf/fall-a-2026/southern/paddles/saturday-paddles#page=13.pdf,https://www4.septa.org/picking/pdf/fall-a-2026/southern/trip-sheets/saturday-trip-sheets.pdf
SouthernSaturday8,8,Southern,1 of 1,15,Saturday,https://www4.septa.org/picking/pdf/fall-a-2026/southern/paddles/saturday-paddles.pdf#page=15,https://www4.septa.org/picking/pdf/fall-a-2026/southern/paddles/saturday-paddles#page=15.pdf,https://www4.septa.org/picking/pdf/fall-a-2026/southern/trip-sheets/saturday-trip-sheets.pdf
SouthernSaturday9,9,Southern,1 of 2,16,Saturday,https://www4.septa.org/picking/pdf/fall-a-2026/southern/paddles/saturday-paddles.pdf#page=16,https://www4.septa.org/picking/pdf/fall-a-2026/southern/paddles/saturday-paddles#page=16.pdf,https://www4.septa.org/picking/pdf/fall-a-2026/southern/trip-sheets/saturday-trip-sheets.pdf
SouthernSaturday10,10,Southern,1 of 2,18,Saturday,https://www4.septa.org/picking/pdf/fall-a-2026/southern/paddles/saturday-paddles.pdf#page=18,https://www4.septa.org/picking/pdf/fall-a-2026/southern/paddles/saturday-paddles#page=18.pdf,https://www4.septa.org/picking/pdf/fall-a-2026/southern/trip-sheets/saturday-trip-sheets.pdf
SouthernSaturday11,11,Southern,1 of 2,20,Saturday,https://www4.septa.org/picking/pdf/fall-a-2026/southern/paddles/saturday-paddles.pdf#page=20,https://www4.septa.org/picking/pdf/fall-a-2026/southern/paddles/saturday-paddles#page=20.pdf,https://www4.septa.org/picking/pdf/fall-a-2026/southern/trip-sheets/saturday-trip-sheets.pdf
SouthernSaturday101,101,Southern,1 of 2,22,Saturday,https://www4.septa.org/picking/pdf/fall-a-2026/southern/paddles/saturday-paddles.pdf#page=22,https://www4.septa.org/picking/pdf/fall-a-2026/southern/paddles/saturday-paddles#page=22.pdf,https://www4.septa.org/picking/pdf/fall-a-2026/southern/trip-sheets/saturday-trip-sheets.pdf
SouthernSaturday102,102,Southern,1 of 2,24,Saturday,https://www4.septa.org/picking/pdf/fall-a-2026/southern/paddles/saturday-paddles.pdf#page=24,https://www4.septa.org/picking/pdf/fall-a-2026/southern/paddles/saturday-paddles#page=24.pdf,https://www4.septa.org/picking/pdf/fall-a-2026/southern/trip-sheets/saturday-trip-sheets.pdf
SouthernSaturday103,103,Southern,1 of 2,26,Saturday,https://www4.septa.org/picking/pdf/fall-a-2026/southern/paddles/saturday-paddles.pdf#page=26,https://www4.septa.org/picking/pdf/fall-a-2026/southern/paddles/saturday-paddles#page=26.pdf,https://www4.septa.org/picking/pdf/fall-a-2026/southern/trip-sheets/saturday-trip-sheets.pdf
SouthernSaturday104,104,Southern,1 of 2,28,Saturday,https://www4.septa.org/picking/pdf/fall-a-2026/southern/paddles/saturday-paddles.pdf#page=28,https://www4.septa.org/picking/pdf/fall-a-2026/southern/paddles/saturday-paddles#page=28.pdf,https://www4.septa.org/picking/pdf/fall-a-2026/southern/trip-sheets/saturday-trip-sheets.pdf
SouthernSaturday105,105,Southern,1 of 2,30,Saturday,https://www4.septa.org/picking/pdf/fall-a-2026/southern/paddles/saturday-paddles.pdf#page=30,https://www4.septa.org/picking/pdf/fall-a-2026/southern/paddles/saturday-paddles#page=30.pdf,https://www4.septa.org/picking/pdf/fall-a-2026/southern/trip-sheets/saturday-trip-sheets.pdf
SouthernSaturday106,106,Southern,1 of 1,32,Saturday,https://www4.septa.org/picking/pdf/fall-a-2026/southern/paddles/saturday-paddles.pdf#page=32,https://www4.septa.org/picking/pdf/fall-a-2026/southern/paddles/saturday-paddles#page=32.pdf,https://www4.septa.org/picking/pdf/fall-a-2026/southern/trip-sheets/saturday-trip-sheets.pdf
SouthernSaturday107,107,Southern,1 of 2,33,Saturday,https://www4.septa.org/picking/pdf/fall-a-2026/southern/paddles/saturday-paddles.pdf#page=33,https://www4.septa.org/picking/pdf/fall-a-2026/southern/paddles/saturday-paddles#page=33.pdf,https://www4.septa.org/picking/pdf/fall-a-2026/southern/trip-sheets/saturday-trip-sheets.pdf
SouthernSaturday201,201,Southern,1 of 2,35,Saturday,https://www4.septa.org/picking/pdf/fall-a-2026/southern/paddles/saturday-paddles.pdf#page=35,https://www4.septa.org/picking/pdf/fall-a-2026/southern/paddles/saturday-paddles#page=35.pdf,https://www4.septa.org/picking/pdf/fall-a-2026/southern/trip-sheets/saturday-trip-sheets.pdf
SouthernSaturday202,202,Southern,1 of 1,37,Saturday,https://www4.septa.org/picking/pdf/fall-a-2026/southern/paddles/saturday-paddles.pdf#page=37,https://www4.septa.org/picking/pdf/fall-a-2026/southern/paddles/saturday-paddles#page=37.pdf,https://www4.septa.org/picking/pdf/fall-a-2026/southern/trip-sheets/saturday-trip-sheets.pdf
SouthernSaturday203,203,Southern,1 of 1,38,Saturday,https://www4.septa.org/picking/pdf/fall-a-2026/southern/paddles/saturday-paddles.pdf#page=38,https://www4.septa.org/picking/pdf/fall-a-2026/southern/paddles/saturday-paddles#page=38.pdf,https://www4.septa.org/picking/pdf/fall-a-2026/southern/trip-sheets/saturday-trip-sheets.pdf
SouthernSaturday204,204,Southern,1 of 1,39,Saturday,https://www4.septa.org/picking/pdf/fall-a-2026/southern/paddles/saturday-paddles.pdf#page=39,https://www4.septa.org/picking/pdf/fall-a-2026/southern/paddles/saturday-paddles#page=39.pdf,https://www4.septa.org/picking/pdf/fall-a-2026/southern/trip-sheets/saturday-trip-sheets.pdf
SouthernSaturday205,205,Southern,1 of 1,40,Saturday,https://www4.septa.org/picking/pdf/fall-a-2026/southern/paddles/saturday-paddles.pdf#page=40,https://www4.septa.org/picking/pdf/fall-a-2026/southern/paddles/saturday-paddles#page=40.pdf,https://www4.septa.org/picking/pdf/fall-a-2026/southern/trip-sheets/saturday-trip-sheets.pdf
SouthernSaturday206,206,Southern,1 of 1,41,Saturday,https://www4.septa.org/picking/pdf/fall-a-2026/southern/paddles/saturday-paddles.pdf#page=41,https://www4.septa.org/picking/pdf/fall-a-2026/southern/paddles/saturday-paddles#page=41.pdf,https://www4.septa.org/picking/pdf/fall-a-2026/southern/trip-sheets/saturday-trip-sheets.pdf
SouthernSaturday207,207,Southern,1 of 1,42,Saturday,https://www4.septa.org/picking/pdf/fall-a-2026/southern/paddles/saturday-paddles.pdf#page=42,https://www4.septa.org/picking/pdf/fall-a-2026/southern/paddles/saturday-paddles#page=42.pdf,https://www4.septa.org/picking/pdf/fall-a-2026/southern/trip-sheets/saturday-trip-sheets.pdf
SouthernSaturday208,208,Southern,1 of 1,43,Saturday,https://www4.septa.org/picking/pdf/fall-a-2026/southern/paddles/saturday-paddles.pdf#page=43,https://www4.septa.org/picking/pdf/fall-a-2026/southern/paddles/saturday-paddles#page=43.pdf,https://www4.septa.org/picking/pdf/fall-a-2026/southern/trip-sheets/saturday-trip-sheets.pdf
SouthernSaturday209,209,Southern,1 of 1,44,Saturday,https://www4.septa.org/picking/pdf/fall-a-2026/southern/paddles/saturday-paddles.pdf#page=44,https://www4.septa.org/picking/pdf/fall-a-2026/southern/paddles/saturday-paddles#page=44.pdf,https://www4.septa.org/picking/pdf/fall-a-2026/southern/trip-sheets/saturday-trip-sheets.pdf
SouthernSaturday210,210,Southern,1 of 1,45,Saturday,https://www4.septa.org/picking/pdf/fall-a-2026/southern/paddles/saturday-paddles.pdf#page=45,https://www4.septa.org/picking/pdf/fall-a-2026/southern/paddles/saturday-paddles#page=45.pdf,https://www4.septa.org/picking/pdf/fall-a-2026/southern/trip-sheets/saturday-trip-sheets.pdf
SouthernSaturday211,211,Southern,1 of 2,46,Saturday,https://www4.septa.org/picking/pdf/fall-a-2026/southern/paddles/saturday-paddles.pdf#page=46,https://www4.septa.org/picking/pdf/fall-a-2026/southern/paddles/saturday-paddles#page=46.pdf,https://www4.septa.org/picking/pdf/fall-a-2026/southern/trip-sheets/saturday-trip-sheets.pdf
SouthernSaturday275,275,Southern,1 of 3,48,Saturday,https://www4.septa.org/picking/pdf/fall-a-2026/southern/paddles/saturday-paddles.pdf#page=48,https://www4.septa.org/picking/pdf/fall-a-2026/southern/paddles/saturday-paddles#page=48.pdf,https://www4.septa.org/picking/pdf/fall-a-2026/southern/trip-sheets/saturday-trip-sheets.pdf
SouthernSaturday276,276,Southern,1 of 3,51,Saturday,https://www4.septa.org/picking/pdf/fall-a-2026/southern/paddles/saturday-paddles.pdf#page=51,https://www4.septa.org/picking/pdf/fall-a-2026/southern/paddles/saturday-paddles#page=51.pdf,https://www4.septa.org/picking/pdf/fall-a-2026/southern/trip-sheets/saturday-trip-sheets.pdf
SouthernSaturday277,277,Southern,1 of 3,54,Saturday,https://www4.septa.org/picking/pdf/fall-a-2026/southern/paddles/saturday-paddles.pdf#page=54,https://www4.septa.org/picking/pdf/fall-a-2026/southern/paddles/saturday-paddles#page=54.pdf,https://www4.septa.org/picking/pdf/fall-a-2026/southern/trip-sheets/saturday-trip-sheets.pdf
SouthernSaturday278,278,Southern,1 of 2,57,Saturday,https://www4.septa.org/picking/pdf/fall-a-2026/southern/paddles/saturday-paddles.pdf#page=57,https://www4.septa.org/picking/pdf/fall-a-2026/southern/paddles/saturday-paddles#page=57.pdf,https://www4.septa.org/picking/pdf/fall-a-2026/southern/trip-sheets/saturday-trip-sheets.pdf
SouthernSaturday279,279,Southern,1 of 2,59,Saturday,https://www4.septa.org/picking/pdf/fall-a-2026/southern/paddles/saturday-paddles.pdf#page=59,https://www4.septa.org/picking/pdf/fall-a-2026/southern/paddles/saturday-paddles#page=59.pdf,https://www4.septa.org/picking/pdf/fall-a-2026/southern/trip-sheets/saturday-trip-sheets.pdf
SouthernSaturday280,280,Southern,1 of 3,61,Saturday,https://www4.septa.org/picking/pdf/fall-a-2026/southern/paddles/saturday-paddles.pdf#page=61,https://www4.septa.org/picking/pdf/fall-a-2026/southern/paddles/saturday-paddles#page=61.pdf,https://www4.septa.org/picking/pdf/fall-a-2026/southern/trip-sheets/saturday-trip-sheets.pdf
SouthernSaturday281,281,Southern,1 of 3,64,Saturday,https://www4.septa.org/picking/pdf/fall-a-2026/southern/paddles/saturday-paddles.pdf#page=64,https://www4.septa.org/picking/pdf/fall-a-2026/southern/paddles/saturday-paddles#page=64.pdf,https://www4.septa.org/picking/pdf/fall-a-2026/southern/trip-sheets/saturday-trip-sheets.pdf
SouthernSaturday301,301,Southern,1 of 2,67,Saturday,https://www4.septa.org/picking/pdf/fall-a-2026/southern/paddles/saturday-paddles.pdf#page=67,https://www4.septa.org/picking/pdf/fall-a-2026/southern/paddles/saturday-paddles#page=67.pdf,https://www4.septa.org/picking/pdf/fall-a-2026/southern/trip-sheets/saturday-trip-sheets.pdf
SouthernSaturday302,302,Southern,1 of 2,69,Saturday,https://www4.septa.org/picking/pdf/fall-a-2026/southern/paddles/saturday-paddles.pdf#page=69,https://www4.septa.org/picking/pdf/fall-a-2026/southern/paddles/saturday-paddles#page=69.pdf,https://www4.septa.org/picking/pdf/fall-a-2026/southern/trip-sheets/saturday-trip-sheets.pdf
SouthernSaturday303,303,Southern,1 of 2,71,Saturday,https://www4.septa.org/picking/pdf/fall-a-2026/southern/paddles/saturday-paddles.pdf#page=71,https://www4.septa.org/picking/pdf/fall-a-2026/southern/paddles/saturday-paddles#page=71.pdf,https://www4.septa.org/picking/pdf/fall-a-2026/southern/trip-sheets/saturday-trip-sheets.pdf
SouthernSaturday304,304,Southern,1 of 2,73,Saturday,https://www4.septa.org/picking/pdf/fall-a-2026/southern/paddles/saturday-paddles.pdf#page=73,https://www4.septa.org/picking/pdf/fall-a-2026/southern/paddles/saturday-paddles#page=73.pdf,https://www4.septa.org/picking/pdf/fall-a-2026/southern/trip-sheets/saturday-trip-sheets.pdf
SouthernSaturday351,351,Southern,1 of 2,75,Saturday,https://www4.septa.org/picking/pdf/fall-a-2026/southern/paddles/saturday-paddles.pdf#page=75,https://www4.septa.org/picking/pdf/fall-a-2026/southern/paddles/saturday-paddles#page=75.pdf,https://www4.septa.org/picking/pdf/fall-a-2026/southern/trip-sheets/saturday-trip-sheets.pdf
SouthernSaturday352,352,Southern,1 of 1,77,Saturday,https://www4.septa.org/picking/pdf/fall-a-2026/southern/paddles/saturday-paddles.pdf#page=77,https://www4.septa.org/picking/pdf/fall-a-2026/southern/paddles/saturday-paddles#page=77.pdf,https://www4.septa.org/picking/pdf/fall-a-2026/southern/trip-sheets/saturday-trip-sheets.pdf
SouthernSaturday353,353,Southern,1 of 2,78,Saturday,https://www4.septa.org/picking/pdf/fall-a-2026/southern/paddles/saturday-paddles.pdf#page=78,https://www4.septa.org/picking/pdf/fall-a-2026/southern/paddles/saturday-paddles#page=78.pdf,https://www4.septa.org/picking/pdf/fall-a-2026/southern/trip-sheets/saturday-trip-sheets.pdf
SouthernSaturday354,354,Southern,1 of 2,80,Saturday,https://www4.septa.org/picking/pdf/fall-a-2026/southern/paddles/saturday-paddles.pdf#page=80,https://www4.septa.org/picking/pdf/fall-a-2026/southern/paddles/saturday-paddles#page=80.pdf,https://www4.septa.org/picking/pdf/fall-a-2026/southern/trip-sheets/saturday-trip-sheets.pdf
SouthernSaturday355,355,Southern,1 of 2,82,Saturday,https://www4.septa.org/picking/pdf/fall-a-2026/southern/paddles/saturday-paddles.pdf#page=82,https://www4.septa.org/picking/pdf/fall-a-2026/southern/paddles/saturday-paddles#page=82.pdf,https://www4.septa.org/picking/pdf/fall-a-2026/southern/trip-sheets/saturday-trip-sheets.pdf
SouthernSaturday451,451,Southern,1 of 2,84,Saturday,https://www4.septa.org/picking/pdf/fall-a-2026/southern/paddles/saturday-paddles.pdf#page=84,https://www4.septa.org/picking/pdf/fall-a-2026/southern/paddles/saturday-paddles#page=84.pdf,https://www4.septa.org/picking/pdf/fall-a-2026/southern/trip-sheets/saturday-trip-sheets.pdf
SouthernSaturday452,452,Southern,1 of 2,86,Saturday,https://www4.septa.org/picking/pdf/fall-a-2026/southern/paddles/saturday-paddles.pdf#page=86,https://www4.septa.org/picking/pdf/fall-a-2026/southern/paddles/saturday-paddles#page=86.pdf,https://www4.septa.org/picking/pdf/fall-a-2026/southern/trip-sheets/saturday-trip-sheets.pdf
SouthernSaturday453,453,Southern,1 of 3,88,Saturday,https://www4.septa.org/picking/pdf/fall-a-2026/southern/paddles/saturday-paddles.pdf#page=88,https://www4.septa.org/picking/pdf/fall-a-2026/southern/paddles/saturday-paddles#page=88.pdf,https://www4.septa.org/picking/pdf/fall-a-2026/southern/trip-sheets/saturday-trip-sheets.pdf
SouthernSaturday454,454,Southern,1 of 2,91,Saturday,https://www4.septa.org/picking/pdf/fall-a-2026/southern/paddles/saturday-paddles.pdf#page=91,https://www4.septa.org/picking/pdf/fall-a-2026/southern/paddles/saturday-paddles#page=91.pdf,https://www4.septa.org/picking/pdf/fall-a-2026/southern/trip-sheets/saturday-trip-sheets.pdf
SouthernSaturday501,501,Southern,1 of 2,93,Saturday,https://www4.septa.org/picking/pdf/fall-a-2026/southern/paddles/saturday-paddles.pdf#page=93,https://www4.septa.org/picking/pdf/fall-a-2026/southern/paddles/saturday-paddles#page=93.pdf,https://www4.septa.org/picking/pdf/fall-a-2026/southern/trip-sheets/saturday-trip-sheets.pdf
SouthernSaturday502,502,Southern,1 of 3,95,Saturday,https://www4.septa.org/picking/pdf/fall-a-2026/southern/paddles/saturday-paddles.pdf#page=95,https://www4.septa.org/picking/pdf/fall-a-2026/southern/paddles/saturday-paddles#page=95.pdf,https://www4.septa.org/picking/pdf/fall-a-2026/southern/trip-sheets/saturday-trip-sheets.pdf
SouthernSaturday503,503,Southern,1 of 2,98,Saturday,https://www4.septa.org/picking/pdf/fall-a-2026/southern/paddles/saturday-paddles.pdf#page=98,https://www4.septa.org/picking/pdf/fall-a-2026/southern/paddles/saturday-paddles#page=98.pdf,https://www4.septa.org/picking/pdf/fall-a-2026/southern/trip-sheets/saturday-trip-sheets.pdf
SouthernSaturday504,504,Southern,1 of 2,100,Saturday,https://www4.septa.org/picking/pdf/fall-a-2026/southern/paddles/saturday-paddles.pdf#page=100,https://www4.septa.org/picking/pdf/fall-a-2026/southern/paddles/saturday-paddles#page=100.pdf,https://www4.septa.org/picking/pdf/fall-a-2026/southern/trip-sheets/saturday-trip-sheets.pdf
SouthernSaturday601,601,Southern,1 of 2,102,Saturday,https://www4.septa.org/picking/pdf/fall-a-2026/southern/paddles/saturday-paddles.pdf#page=102,https://www4.septa.org/picking/pdf/fall-a-2026/southern/paddles/saturday-paddles#page=102.pdf,https://www4.septa.org/picking/pdf/fall-a-2026/southern/trip-sheets/saturday-trip-sheets.pdf
SouthernSaturday602,602,Southern,1 of 3,104,Saturday,https://www4.septa.org/picking/pdf/fall-a-2026/southern/paddles/saturday-paddles.pdf#page=104,https://www4.septa.org/picking/pdf/fall-a-2026/southern/paddles/saturday-paddles#page=104.pdf,https://www4.septa.org/picking/pdf/fall-a-2026/southern/trip-sheets/saturday-trip-sheets.pdf
SouthernSaturday603,603,Southern,1 of 2,107,Saturday,https://www4.septa.org/picking/pdf/fall-a-2026/southern/paddles/saturday-paddles.pdf#page=107,https://www4.septa.org/picking/pdf/fall-a-2026/southern/paddles/saturday-paddles#page=107.pdf,https://www4.septa.org/picking/pdf/fall-a-2026/southern/trip-sheets/saturday-trip-sheets.pdf
SouthernSaturday604,604,Southern,1 of 3,109,Saturday,https://www4.septa.org/picking/pdf/fall-a-2026/southern/paddles/saturday-paddles.pdf#page=109,https://www4.septa.org/picking/pdf/fall-a-2026/southern/paddles/saturday-paddles#page=109.pdf,https://www4.septa.org/picking/pdf/fall-a-2026/southern/trip-sheets/saturday-trip-sheets.pdf
SouthernSaturday605,605,Southern,1 of 2,112,Saturday,https://www4.septa.org/picking/pdf/fall-a-2026/southern/paddles/saturday-paddles.pdf#page=112,https://www4.septa.org/picking/pdf/fall-a-2026/southern/paddles/saturday-paddles#page=112.pdf,https://www4.septa.org/picking/pdf/fall-a-2026/southern/trip-sheets/saturday-trip-sheets.pdf
SouthernSaturday606,606,Southern,1 of 2,114,Saturday,https://www4.septa.org/picking/pdf/fall-a-2026/southern/paddles/saturday-paddles.pdf#page=114,https://www4.septa.org/picking/pdf/fall-a-2026/southern/paddles/saturday-paddles#page=114.pdf,https://www4.septa.org/picking/pdf/fall-a-2026/southern/trip-sheets/saturday-trip-sheets.pdf
SouthernSaturday607,607,Southern,1 of 3,116,Saturday,https://www4.septa.org/picking/pdf/fall-a-2026/southern/paddles/saturday-paddles.pdf#page=116,https://www4.septa.org/picking/pdf/fall-a-2026/southern/paddles/saturday-paddles#page=116.pdf,https://www4.septa.org/picking/pdf/fall-a-2026/southern/trip-sheets/saturday-trip-sheets.pdf
SouthernSaturday608,608,Southern,1 of 3,119,Saturday,https://www4.septa.org/picking/pdf/fall-a-2026/southern/paddles/saturday-paddles.pdf#page=119,https://www4.septa.org/picking/pdf/fall-a-2026/southern/paddles/saturday-paddles#page=119.pdf,https://www4.septa.org/picking/pdf/fall-a-2026/southern/trip-sheets/saturday-trip-sheets.pdf
SouthernSaturday609,609,Southern,1 of 3,122,Saturday,https://www4.septa.org/picking/pdf/fall-a-2026/southern/paddles/saturday-paddles.pdf#page=122,https://www4.septa.org/picking/pdf/fall-a-2026/southern/paddles/saturday-paddles#page=122.pdf,https://www4.septa.org/picking/pdf/fall-a-2026/southern/trip-sheets/saturday-trip-sheets.pdf
SouthernSaturday610,610,Southern,1 of 3,125,Saturday,https://www4.septa.org/picking/pdf/fall-a-2026/southern/paddles/saturday-paddles.pdf#page=125,https://www4.septa.org/picking/pdf/fall-a-2026/southern/paddles/saturday-paddles#page=125.pdf,https://www4.septa.org/picking/pdf/fall-a-2026/southern/trip-sheets/saturday-trip-sheets.pdf
SouthernSaturday611,611,Southern,1 of 2,128,Saturday,https://www4.septa.org/picking/pdf/fall-a-2026/southern/paddles/saturday-paddles.pdf#page=128,https://www4.septa.org/picking/pdf/fall-a-2026/southern/paddles/saturday-paddles#page=128.pdf,https://www4.septa.org/picking/pdf/fall-a-2026/southern/trip-sheets/saturday-trip-sheets.pdf
SouthernSaturday612,612,Southern,1 of 3,130,Saturday,https://www4.septa.org/picking/pdf/fall-a-2026/southern/paddles/saturday-paddles.pdf#page=130,https://www4.septa.org/picking/pdf/fall-a-2026/southern/paddles/saturday-paddles#page=130.pdf,https://www4.septa.org/picking/pdf/fall-a-2026/southern/trip-sheets/saturday-trip-sheets.pdf
SouthernSaturday613,613,Southern,1 of 3,133,Saturday,https://www4.septa.org/picking/pdf/fall-a-2026/southern/paddles/saturday-paddles.pdf#page=133,https://www4.septa.org/picking/pdf/fall-a-2026/southern/paddles/saturday-paddles#page=133.pdf,https://www4.septa.org/picking/pdf/fall-a-2026/southern/trip-sheets/saturday-trip-sheets.pdf
SouthernSaturday614,614,Southern,1 of 3,136,Saturday,https://www4.septa.org/picking/pdf/fall-a-2026/southern/paddles/saturday-paddles.pdf#page=136,https://www4.septa.org/picking/pdf/fall-a-2026/southern/paddles/saturday-paddles#page=136.pdf,https://www4.septa.org/picking/pdf/fall-a-2026/southern/trip-sheets/saturday-trip-sheets.pdf
SouthernSaturday615,615,Southern,1 of 2,139,Saturday,https://www4.septa.org/picking/pdf/fall-a-2026/southern/paddles/saturday-paddles.pdf#page=139,https://www4.septa.org/picking/pdf/fall-a-2026/southern/paddles/saturday-paddles#page=139.pdf,https://www4.septa.org/picking/pdf/fall-a-2026/southern/trip-sheets/saturday-trip-sheets.pdf
SouthernSaturday616,616,Southern,1 of 3,141,Saturday,https://www4.septa.org/picking/pdf/fall-a-2026/southern/paddles/saturday-paddles.pdf#page=141,https://www4.septa.org/picking/pdf/fall-a-2026/southern/paddles/saturday-paddles#page=141.pdf,https://www4.septa.org/picking/pdf/fall-a-2026/southern/trip-sheets/saturday-trip-sheets.pdf
SouthernSaturday617,617,Southern,1 of 3,144,Saturday,https://www4.septa.org/picking/pdf/fall-a-2026/southern/paddles/saturday-paddles.pdf#page=144,https://www4.septa.org/picking/pdf/fall-a-2026/southern/paddles/saturday-paddles#page=144.pdf,https://www4.septa.org/picking/pdf/fall-a-2026/southern/trip-sheets/saturday-trip-sheets.pdf
SouthernSaturday618,618,Southern,1 of 3,147,Saturday,https://www4.septa.org/picking/pdf/fall-a-2026/southern/paddles/saturday-paddles.pdf#page=147,https://www4.septa.org/picking/pdf/fall-a-2026/southern/paddles/saturday-paddles#page=147.pdf,https://www4.septa.org/picking/pdf/fall-a-2026/southern/trip-sheets/saturday-trip-sheets.pdf
SouthernSaturday619,619,Southern,1 of 3,150,Saturday,https://www4.septa.org/picking/pdf/fall-a-2026/southern/paddles/saturday-paddles.pdf#page=150,https://www4.septa.org/picking/pdf/fall-a-2026/southern/paddles/saturday-paddles#page=150.pdf,https://www4.septa.org/picking/pdf/fall-a-2026/southern/trip-sheets/saturday-trip-sheets.pdf
SouthernSaturday620,620,Southern,1 of 3,153,Saturday,https://www4.septa.org/picking/pdf/fall-a-2026/southern/paddles/saturday-paddles.pdf#page=153,https://www4.septa.org/picking/pdf/fall-a-2026/southern/paddles/saturday-paddles#page=153.pdf,https://www4.septa.org/picking/pdf/fall-a-2026/southern/trip-sheets/saturday-trip-sheets.pdf
SouthernSaturday701,701,Southern,1 of 2,156,Saturday,https://www4.septa.org/picking/pdf/fall-a-2026/southern/paddles/saturday-paddles.pdf#page=156,https://www4.septa.org/picking/pdf/fall-a-2026/southern/paddles/saturday-paddles#page=156.pdf,https://www4.septa.org/picking/pdf/fall-a-2026/southern/trip-sheets/saturday-trip-sheets.pdf
SouthernSaturday702,702,Southern,1 of 2,158,Saturday,https://www4.septa.org/picking/pdf/fall-a-2026/southern/paddles/saturday-paddles.pdf#page=158,https://www4.septa.org/picking/pdf/fall-a-2026/southern/paddles/saturday-paddles#page=158.pdf,https://www4.septa.org/picking/pdf/fall-a-2026/southern/trip-sheets/saturday-trip-sheets.pdf
SouthernSaturday703,703,Southern,1 of 3,160,Saturday,https://www4.septa.org/picking/pdf/fall-a-2026/southern/paddles/saturday-paddles.pdf#page=160,https://www4.septa.org/picking/pdf/fall-a-2026/southern/paddles/saturday-paddles#page=160.pdf,https://www4.septa.org/picking/pdf/fall-a-2026/southern/trip-sheets/saturday-trip-sheets.pdf
SouthernSaturday704,704,Southern,1 of 2,163,Saturday,https://www4.septa.org/picking/pdf/fall-a-2026/southern/paddles/saturday-paddles.pdf#page=163,https://www4.septa.org/picking/pdf/fall-a-2026/southern/paddles/saturday-paddles#page=163.pdf,https://www4.septa.org/picking/pdf/fall-a-2026/southern/trip-sheets/saturday-trip-sheets.pdf
SouthernSaturday705,705,Southern,1 of 2,165,Saturday,https://www4.septa.org/picking/pdf/fall-a-2026/southern/paddles/saturday-paddles.pdf#page=165,https://www4.septa.org/picking/pdf/fall-a-2026/southern/paddles/saturday-paddles#page=165.pdf,https://www4.septa.org/picking/pdf/fall-a-2026/southern/trip-sheets/saturday-trip-sheets.pdf
SouthernSaturday706,706,Southern,1 of 2,167,Saturday,https://www4.septa.org/picking/pdf/fall-a-2026/southern/paddles/saturday-paddles.pdf#page=167,https://www4.septa.org/picking/pdf/fall-a-2026/southern/paddles/saturday-paddles#page=167.pdf,https://www4.septa.org/picking/pdf/fall-a-2026/southern/trip-sheets/saturday-trip-sheets.pdf
SouthernSaturday707,707,Southern,1 of 2,169,Saturday,https://www4.septa.org/picking/pdf/fall-a-2026/southern/paddles/saturday-paddles.pdf#page=169,https://www4.septa.org/picking/pdf/fall-a-2026/southern/paddles/saturday-paddles#page=169.pdf,https://www4.septa.org/picking/pdf/fall-a-2026/southern/trip-sheets/saturday-trip-sheets.pdf
SouthernSaturday751,751,Southern,1 of 2,171,Saturday,https://www4.septa.org/picking/pdf/fall-a-2026/southern/paddles/saturday-paddles.pdf#page=171,https://www4.septa.org/picking/pdf/fall-a-2026/southern/paddles/saturday-paddles#page=171.pdf,https://www4.septa.org/picking/pdf/fall-a-2026/southern/trip-sheets/saturday-trip-sheets.pdf
SouthernSaturday752,752,Southern,1 of 2,173,Saturday,https://www4.septa.org/picking/pdf/fall-a-2026/southern/paddles/saturday-paddles.pdf#page=173,https://www4.septa.org/picking/pdf/fall-a-2026/southern/paddles/saturday-paddles#page=173.pdf,https://www4.septa.org/picking/pdf/fall-a-2026/southern/trip-sheets/saturday-trip-sheets.pdf
SouthernSaturday753,753,Southern,1 of 2,175,Saturday,https://www4.septa.org/picking/pdf/fall-a-2026/southern/paddles/saturday-paddles.pdf#page=175,https://www4.septa.org/picking/pdf/fall-a-2026/southern/paddles/saturday-paddles#page=175.pdf,https://www4.septa.org/picking/pdf/fall-a-2026/southern/trip-sheets/saturday-trip-sheets.pdf
SouthernSaturday754,754,Southern,1 of 2,177,Saturday,https://www4.septa.org/picking/pdf/fall-a-2026/southern/paddles/saturday-paddles.pdf#page=177,https://www4.septa.org/picking/pdf/fall-a-2026/southern/paddles/saturday-paddles#page=177.pdf,https://www4.septa.org/picking/pdf/fall-a-2026/southern/trip-sheets/saturday-trip-sheets.pdf
SouthernSaturday755,755,Southern,1 of 2,179,Saturday,https://www4.septa.org/picking/pdf/fall-a-2026/southern/paddles/saturday-paddles.pdf#page=179,https://www4.septa.org/picking/pdf/fall-a-2026/southern/paddles/saturday-paddles#page=179.pdf,https://www4.septa.org/picking/pdf/fall-a-2026/southern/trip-sheets/saturday-trip-sheets.pdf
SouthernSaturday756,756,Southern,1 of 1,181,Saturday,https://www4.septa.org/picking/pdf/fall-a-2026/southern/paddles/saturday-paddles.pdf#page=181,https://www4.septa.org/picking/pdf/fall-a-2026/southern/paddles/saturday-paddles#page=181.pdf,https://www4.septa.org/picking/pdf/fall-a-2026/southern/trip-sheets/saturday-trip-sheets.pdf
SouthernSaturday757,757,Southern,1 of 2,182,Saturday,https://www4.septa.org/picking/pdf/fall-a-2026/southern/paddles/saturday-paddles.pdf#page=182,https://www4.septa.org/picking/pdf/fall-a-2026/southern/paddles/saturday-paddles#page=182.pdf,https://www4.septa.org/picking/pdf/fall-a-2026/southern/trip-sheets/saturday-trip-sheets.pdf
SouthernSaturday758,758,Southern,1 of 2,184,Saturday,https://www4.septa.org/picking/pdf/fall-a-2026/southern/paddles/saturday-paddles.pdf#page=184,https://www4.septa.org/picking/pdf/fall-a-2026/southern/paddles/saturday-paddles#page=184.pdf,https://www4.septa.org/picking/pdf/fall-a-2026/southern/trip-sheets/saturday-trip-sheets.pdf
SouthernSaturday759,759,Southern,1 of 2,186,Saturday,https://www4.septa.org/picking/pdf/fall-a-2026/southern/paddles/saturday-paddles.pdf#page=186,https://www4.septa.org/picking/pdf/fall-a-2026/southern/paddles/saturday-paddles#page=186.pdf,https://www4.septa.org/picking/pdf/fall-a-2026/southern/trip-sheets/saturday-trip-sheets.pdf
SouthernSaturday760,760,Southern,1 of 2,188,Saturday,https://www4.septa.org/picking/pdf/fall-a-2026/southern/paddles/saturday-paddles.pdf#page=188,https://www4.septa.org/picking/pdf/fall-a-2026/southern/paddles/saturday-paddles#page=188.pdf,https://www4.septa.org/picking/pdf/fall-a-2026/southern/trip-sheets/saturday-trip-sheets.pdf
SouthernSaturday761,761,Southern,1 of 1,190,Saturday,https://www4.septa.org/picking/pdf/fall-a-2026/southern/paddles/saturday-paddles.pdf#page=190,https://www4.septa.org/picking/pdf/fall-a-2026/southern/paddles/saturday-paddles#page=190.pdf,https://www4.septa.org/picking/pdf/fall-a-2026/southern/trip-sheets/saturday-trip-sheets.pdf
SouthernSaturday762,762,Southern,1 of 2,191,Saturday,https://www4.septa.org/picking/pdf/fall-a-2026/southern/paddles/saturday-paddles.pdf#page=191,https://www4.septa.org/picking/pdf/fall-a-2026/southern/paddles/saturday-paddles#page=191.pdf,https://www4.septa.org/picking/pdf/fall-a-2026/southern/trip-sheets/saturday-trip-sheets.pdf
SouthernSaturday763,763,Southern,1 of 2,193,Saturday,https://www4.septa.org/picking/pdf/fall-a-2026/southern/paddles/saturday-paddles.pdf#page=193,https://www4.septa.org/picking/pdf/fall-a-2026/southern/paddles/saturday-paddles#page=193.pdf,https://www4.septa.org/picking/pdf/fall-a-2026/southern/trip-sheets/saturday-trip-sheets.pdf
SouthernSaturday801,801,Southern,1 of 3,195,Saturday,https://www4.septa.org/picking/pdf/fall-a-2026/southern/paddles/saturday-paddles.pdf#page=195,https://www4.septa.org/picking/pdf/fall-a-2026/southern/paddles/saturday-paddles#page=195.pdf,https://www4.septa.org/picking/pdf/fall-a-2026/southern/trip-sheets/saturday-trip-sheets.pdf
SouthernSaturday802,802,Southern,1 of 3,198,Saturday,https://www4.septa.org/picking/pdf/fall-a-2026/southern/paddles/saturday-paddles.pdf#page=198,https://www4.septa.org/picking/pdf/fall-a-2026/southern/paddles/saturday-paddles#page=198.pdf,https://www4.septa.org/picking/pdf/fall-a-2026/southern/trip-sheets/saturday-trip-sheets.pdf
SouthernSaturday803,803,Southern,1 of 2,201,Saturday,https://www4.septa.org/picking/pdf/fall-a-2026/southern/paddles/saturday-paddles.pdf#page=201,https://www4.septa.org/picking/pdf/fall-a-2026/southern/paddles/saturday-paddles#page=201.pdf,https://www4.septa.org/picking/pdf/fall-a-2026/southern/trip-sheets/saturday-trip-sheets.pdf
SouthernSaturday804,804,Southern,1 of 2,203,Saturday,https://www4.septa.org/picking/pdf/fall-a-2026/southern/paddles/saturday-paddles.pdf#page=203,https://www4.septa.org/picking/pdf/fall-a-2026/southern/paddles/saturday-paddles#page=203.pdf,https://www4.septa.org/picking/pdf/fall-a-2026/southern/trip-sheets/saturday-trip-sheets.pdf
SouthernSaturday805,805,Southern,1 of 2,205,Saturday,https://www4.septa.org/picking/pdf/fall-a-2026/southern/paddles/saturday-paddles.pdf#page=205,https://www4.septa.org/picking/pdf/fall-a-2026/southern/paddles/saturday-paddles#page=205.pdf,https://www4.septa.org/picking/pdf/fall-a-2026/southern/trip-sheets/saturday-trip-sheets.pdf
SouthernSaturday806,806,Southern,1 of 2,207,Saturday,https://www4.septa.org/picking/pdf/fall-a-2026/southern/paddles/saturday-paddles.pdf#page=207,https://www4.septa.org/picking/pdf/fall-a-2026/southern/paddles/saturday-paddles#page=207.pdf,https://www4.septa.org/picking/pdf/fall-a-2026/southern/trip-sheets/saturday-trip-sheets.pdf
SouthernSaturday807,807,Southern,1 of 2,209,Saturday,https://www4.septa.org/picking/pdf/fall-a-2026/southern/paddles/saturday-paddles.pdf#page=209,https://www4.septa.org/picking/pdf/fall-a-2026/southern/paddles/saturday-paddles#page=209.pdf,https://www4.septa.org/picking/pdf/fall-a-2026/southern/trip-sheets/saturday-trip-sheets.pdf
SouthernSaturday808,808,Southern,1 of 2,211,Saturday,https://www4.septa.org/picking/pdf/fall-a-2026/southern/paddles/saturday-paddles.pdf#page=211,https://www4.septa.org/picking/pdf/fall-a-2026/southern/paddles/saturday-paddles#page=211.pdf,https://www4.septa.org/picking/pdf/fall-a-2026/southern/trip-sheets/saturday-trip-sheets.pdf
SouthernSaturday809,809,Southern,1 of 2,213,Saturday,https://www4.septa.org/picking/pdf/fall-a-2026/southern/paddles/saturday-paddles.pdf#page=213,https://www4.septa.org/picking/pdf/fall-a-2026/southern/paddles/saturday-paddles#page=213.pdf,https://www4.septa.org/picking/pdf/fall-a-2026/southern/trip-sheets/saturday-trip-sheets.pdf
SouthernSaturday851,851,Southern,1 of 2,215,Saturday,https://www4.septa.org/picking/pdf/fall-a-2026/southern/paddles/saturday-paddles.pdf#page=215,https://www4.septa.org/picking/pdf/fall-a-2026/southern/paddles/saturday-paddles#page=215.pdf,https://www4.septa.org/picking/pdf/fall-a-2026/southern/trip-sheets/saturday-trip-sheets.pdf
SouthernSaturday852,852,Southern,1 of 2,217,Saturday,https://www4.septa.org/picking/pdf/fall-a-2026/southern/paddles/saturday-paddles.pdf#page=217,https://www4.septa.org/picking/pdf/fall-a-2026/southern/paddles/saturday-paddles#page=217.pdf,https://www4.septa.org/picking/pdf/fall-a-2026/southern/trip-sheets/saturday-trip-sheets.pdf
SouthernSaturday853,853,Southern,1 of 2,219,Saturday,https://www4.septa.org/picking/pdf/fall-a-2026/southern/paddles/saturday-paddles.pdf#page=219,https://www4.septa.org/picking/pdf/fall-a-2026/southern/paddles/saturday-paddles#page=219.pdf,https://www4.septa.org/picking/pdf/fall-a-2026/southern/trip-sheets/saturday-trip-sheets.pdf
SouthernSaturday854,854,Southern,1 of 2,221,Saturday,https://www4.septa.org/picking/pdf/fall-a-2026/southern/paddles/saturday-paddles.pdf#page=221,https://www4.septa.org/picking/pdf/fall-a-2026/southern/paddles/saturday-paddles#page=221.pdf,https://www4.septa.org/picking/pdf/fall-a-2026/southern/trip-sheets/saturday-trip-sheets.pdf
SouthernSaturday855,855,Southern,1 of 2,223,Saturday,https://www4.septa.org/picking/pdf/fall-a-2026/southern/paddles/saturday-paddles.pdf#page=223,https://www4.septa.org/picking/pdf/fall-a-2026/southern/paddles/saturday-paddles#page=223.pdf,https://www4.septa.org/picking/pdf/fall-a-2026/southern/trip-sheets/saturday-trip-sheets.pdf
SouthernSaturday856,856,Southern,1 of 2,225,Saturday,https://www4.septa.org/picking/pdf/fall-a-2026/southern/paddles/saturday-paddles.pdf#page=225,https://www4.septa.org/picking/pdf/fall-a-2026/southern/paddles/saturday-paddles#page=225.pdf,https://www4.septa.org/picking/pdf/fall-a-2026/southern/trip-sheets/saturday-trip-sheets.pdf
SouthernSaturday857,857,Southern,1 of 2,227,Saturday,https://www4.septa.org/picking/pdf/fall-a-2026/southern/paddles/saturday-paddles.pdf#page=227,https://www4.septa.org/picking/pdf/fall-a-2026/southern/paddles/saturday-paddles#page=227.pdf,https://www4.septa.org/picking/pdf/fall-a-2026/southern/trip-sheets/saturday-trip-sheets.pdf
SouthernSaturday858,858,Southern,1 of 2,229,Saturday,https://www4.septa.org/picking/pdf/fall-a-2026/southern/paddles/saturday-paddles.pdf#page=229,https://www4.septa.org/picking/pdf/fall-a-2026/southern/paddles/saturday-paddles#page=229.pdf,https://www4.septa.org/picking/pdf/fall-a-2026/southern/trip-sheets/saturday-trip-sheets.pdf
SouthernSaturday859,859,Southern,1 of 2,231,Saturday,https://www4.septa.org/picking/pdf/fall-a-2026/southern/paddles/saturday-paddles.pdf#page=231,https://www4.septa.org/picking/pdf/fall-a-2026/southern/paddles/saturday-paddles#page=231.pdf,https://www4.septa.org/picking/pdf/fall-a-2026/southern/trip-sheets/saturday-trip-sheets.pdf
SouthernSaturday860,860,Southern,1 of 2,233,Saturday,https://www4.septa.org/picking/pdf/fall-a-2026/southern/paddles/saturday-paddles.pdf#page=233,https://www4.septa.org/picking/pdf/fall-a-2026/southern/paddles/saturday-paddles#page=233.pdf,https://www4.septa.org/picking/pdf/fall-a-2026/southern/trip-sheets/saturday-trip-sheets.pdf
SouthernSaturday861,861,Southern,1 of 2,235,Saturday,https://www4.septa.org/picking/pdf/fall-a-2026/southern/paddles/saturday-paddles.pdf#page=235,https://www4.septa.org/picking/pdf/fall-a-2026/southern/paddles/saturday-paddles#page=235.pdf,https://www4.septa.org/picking/pdf/fall-a-2026/southern/trip-sheets/saturday-trip-sheets.pdf
SouthernSaturday862,862,Southern,1 of 2,237,Saturday,https://www4.septa.org/picking/pdf/fall-a-2026/southern/paddles/saturday-paddles.pdf#page=237,https://www4.septa.org/picking/pdf/fall-a-2026/southern/paddles/saturday-paddles#page=237.pdf,https://www4.septa.org/picking/pdf/fall-a-2026/southern/trip-sheets/saturday-trip-sheets.pdf
SouthernSaturday901,901,Southern,1 of 2,239,Saturday,https://www4.septa.org/picking/pdf/fall-a-2026/southern/paddles/saturday-paddles.pdf#page=239,https://www4.septa.org/picking/pdf/fall-a-2026/southern/paddles/saturday-paddles#page=239.pdf,https://www4.septa.org/picking/pdf/fall-a-2026/southern/trip-sheets/saturday-trip-sheets.pdf
SouthernSaturday902,902,Southern,1 of 2,241,Saturday,https://www4.septa.org/picking/pdf/fall-a-2026/southern/paddles/saturday-paddles.pdf#page=241,https://www4.septa.org/picking/pdf/fall-a-2026/southern/paddles/saturday-paddles#page=241.pdf,https://www4.septa.org/picking/pdf/fall-a-2026/southern/trip-sheets/saturday-trip-sheets.pdf
SouthernSaturday903,903,Southern,1 of 2,243,Saturday,https://www4.septa.org/picking/pdf/fall-a-2026/southern/paddles/saturday-paddles.pdf#page=243,https://www4.septa.org/picking/pdf/fall-a-2026/southern/paddles/saturday-paddles#page=243.pdf,https://www4.septa.org/picking/pdf/fall-a-2026/southern/trip-sheets/saturday-trip-sheets.pdf
SouthernSaturday904,904,Southern,1 of 2,245,Saturday,https://www4.septa.org/picking/pdf/fall-a-2026/southern/paddles/saturday-paddles.pdf#page=245,https://www4.septa.org/picking/pdf/fall-a-2026/southern/paddles/saturday-paddles#page=245.pdf,https://www4.septa.org/picking/pdf/fall-a-2026/southern/trip-sheets/saturday-trip-sheets.pdf
SouthernSaturday905,905,Southern,1 of 2,247,Saturday,https://www4.septa.org/picking/pdf/fall-a-2026/southern/paddles/saturday-paddles.pdf#page=247,https://www4.septa.org/picking/pdf/fall-a-2026/southern/paddles/saturday-paddles#page=247.pdf,https://www4.septa.org/picking/pdf/fall-a-2026/southern/trip-sheets/saturday-trip-sheets.pdf
SouthernSaturday951,951,Southern,1 of 2,249,Saturday,https://www4.septa.org/picking/pdf/fall-a-2026/southern/paddles/saturday-paddles.pdf#page=249,https://www4.septa.org/picking/pdf/fall-a-2026/southern/paddles/saturday-paddles#page=249.pdf,https://www4.septa.org/picking/pdf/fall-a-2026/southern/trip-sheets/saturday-trip-sheets.pdf
SouthernSaturday952,952,Southern,1 of 2,251,Saturday,https://www4.septa.org/picking/pdf/fall-a-2026/southern/paddles/saturday-paddles.pdf#page=251,https://www4.septa.org/picking/pdf/fall-a-2026/southern/paddles/saturday-paddles#page=251.pdf,https://www4.septa.org/picking/pdf/fall-a-2026/southern/trip-sheets/saturday-trip-sheets.pdf
SouthernSaturday953,953,Southern,1 of 2,253,Saturday,https://www4.septa.org/picking/pdf/fall-a-2026/southern/paddles/saturday-paddles.pdf#page=253,https://www4.septa.org/picking/pdf/fall-a-2026/southern/paddles/saturday-paddles#page=253.pdf,https://www4.septa.org/picking/pdf/fall-a-2026/southern/trip-sheets/saturday-trip-sheets.pdf
SouthernSaturday954,954,Southern,1 of 2,255,Saturday,https://www4.septa.org/picking/pdf/fall-a-2026/southern/paddles/saturday-paddles.pdf#page=255,https://www4.septa.org/picking/pdf/fall-a-2026/southern/paddles/saturday-paddles#page=255.pdf,https://www4.septa.org/picking/pdf/fall-a-2026/southern/trip-sheets/saturday-trip-sheets.pdf
SouthernSaturday955,955,Southern,1 of 2,257,Saturday,https://www4.septa.org/picking/pdf/fall-a-2026/southern/paddles/saturday-paddles.pdf#page=257,https://www4.septa.org/picking/pdf/fall-a-2026/southern/paddles/saturday-paddles#page=257.pdf,https://www4.septa.org/picking/pdf/fall-a-2026/southern/trip-sheets/saturday-trip-sheets.pdf
SouthernSaturday956,956,Southern,1 of 2,259,Saturday,https://www4.septa.org/picking/pdf/fall-a-2026/southern/paddles/saturday-paddles.pdf#page=259,https://www4.septa.org/picking/pdf/fall-a-2026/southern/paddles/saturday-paddles#page=259.pdf,https://www4.septa.org/picking/pdf/fall-a-2026/southern/trip-sheets/saturday-trip-sheets.pdf
SouthernSaturday957,957,Southern,1 of 2,261,Saturday,https://www4.septa.org/picking/pdf/fall-a-2026/southern/paddles/saturday-paddles.pdf#page=261,https://www4.septa.org/picking/pdf/fall-a-2026/southern/paddles/saturday-paddles#page=261.pdf,https://www4.septa.org/picking/pdf/fall-a-2026/southern/trip-sheets/saturday-trip-sheets.pdf
SouthernSaturday958,958,Southern,1 of 2,263,Saturday,https://www4.septa.org/picking/pdf/fall-a-2026/southern/paddles/saturday-paddles.pdf#page=263,https://www4.septa.org/picking/pdf/fall-a-2026/southern/paddles/saturday-paddles#page=263.pdf,https://www4.septa.org/picking/pdf/fall-a-2026/southern/trip-sheets/saturday-trip-sheets.pdf
SouthernSaturday959,959,Southern,1 of 2,265,Saturday,https://www4.septa.org/picking/pdf/fall-a-2026/southern/paddles/saturday-paddles.pdf#page=265,https://www4.septa.org/picking/pdf/fall-a-2026/southern/paddles/saturday-paddles#page=265.pdf,https://www4.septa.org/picking/pdf/fall-a-2026/southern/trip-sheets/saturday-trip-sheets.pdf
SouthernSaturday960,960,Southern,1 of 2,267,Saturday,https://www4.septa.org/picking/pdf/fall-a-2026/southern/paddles/saturday-paddles.pdf#page=267,https://www4.septa.org/picking/pdf/fall-a-2026/southern/paddles/saturday-paddles#page=267.pdf,https://www4.septa.org/picking/pdf/fall-a-2026/southern/trip-sheets/saturday-trip-sheets.pdf
SouthernSaturday961,961,Southern,1 of 2,269,Saturday,https://www4.septa.org/picking/pdf/fall-a-2026/southern/paddles/saturday-paddles.pdf#page=269,https://www4.septa.org/picking/pdf/fall-a-2026/southern/paddles/saturday-paddles#page=269.pdf,https://www4.septa.org/picking/pdf/fall-a-2026/southern/trip-sheets/saturday-trip-sheets.pdf
SouthernSaturday962,962,Southern,1 of 2,271,Saturday,https://www4.septa.org/picking/pdf/fall-a-2026/southern/paddles/saturday-paddles.pdf#page=271,https://www4.septa.org/picking/pdf/fall-a-2026/southern/paddles/saturday-paddles#page=271.pdf,https://www4.septa.org/picking/pdf/fall-a-2026/southern/trip-sheets/saturday-trip-sheets.pdf
SouthernSaturday963,963,Southern,1 of 2,273,Saturday,https://www4.septa.org/picking/pdf/fall-a-2026/southern/paddles/saturday-paddles.pdf#page=273,https://www4.septa.org/picking/pdf/fall-a-2026/southern/paddles/saturday-paddles#page=273.pdf,https://www4.septa.org/picking/pdf/fall-a-2026/southern/trip-sheets/saturday-trip-sheets.pdf
SouthernSunday1,1,Southern,1 of 3,1,Sunday,https://www4.septa.org/picking/pdf/fall-a-2026/southern/paddles/sunday-paddles.pdf#page=1,https://www4.septa.org/picking/pdf/fall-a-2026/southern/paddles/sunday-paddles#page=1.pdf,https://www4.septa.org/picking/pdf/fall-a-2026/southern/trip-sheets/sunday-trip-sheets.pdf
SouthernSunday2,2,Southern,1 of 2,4,Sunday,https://www4.septa.org/picking/pdf/fall-a-2026/southern/paddles/sunday-paddles.pdf#page=4,https://www4.septa.org/picking/pdf/fall-a-2026/southern/paddles/sunday-paddles#page=4.pdf,https://www4.septa.org/picking/pdf/fall-a-2026/southern/trip-sheets/sunday-trip-sheets.pdf
SouthernSunday3,3,Southern,1 of 2,6,Sunday,https://www4.septa.org/picking/pdf/fall-a-2026/southern/paddles/sunday-paddles.pdf#page=6,https://www4.septa.org/picking/pdf/fall-a-2026/southern/paddles/sunday-paddles#page=6.pdf,https://www4.septa.org/picking/pdf/fall-a-2026/southern/trip-sheets/sunday-trip-sheets.pdf
SouthernSunday4,4,Southern,1 of 2,8,Sunday,https://www4.septa.org/picking/pdf/fall-a-2026/southern/paddles/sunday-paddles.pdf#page=8,https://www4.septa.org/picking/pdf/fall-a-2026/southern/paddles/sunday-paddles#page=8.pdf,https://www4.septa.org/picking/pdf/fall-a-2026/southern/trip-sheets/sunday-trip-sheets.pdf
SouthernSunday5,5,Southern,1 of 2,10,Sunday,https://www4.septa.org/picking/pdf/fall-a-2026/southern/paddles/sunday-paddles.pdf#page=10,https://www4.septa.org/picking/pdf/fall-a-2026/southern/paddles/sunday-paddles#page=10.pdf,https://www4.septa.org/picking/pdf/fall-a-2026/southern/trip-sheets/sunday-trip-sheets.pdf
SouthernSunday6,6,Southern,1 of 2,12,Sunday,https://www4.septa.org/picking/pdf/fall-a-2026/southern/paddles/sunday-paddles.pdf#page=12,https://www4.septa.org/picking/pdf/fall-a-2026/southern/paddles/sunday-paddles#page=12.pdf,https://www4.septa.org/picking/pdf/fall-a-2026/southern/trip-sheets/sunday-trip-sheets.pdf
SouthernSunday7,7,Southern,1 of 2,14,Sunday,https://www4.septa.org/picking/pdf/fall-a-2026/southern/paddles/sunday-paddles.pdf#page=14,https://www4.septa.org/picking/pdf/fall-a-2026/southern/paddles/sunday-paddles#page=14.pdf,https://www4.septa.org/picking/pdf/fall-a-2026/southern/trip-sheets/sunday-trip-sheets.pdf
SouthernSunday8,8,Southern,1 of 2,16,Sunday,https://www4.septa.org/picking/pdf/fall-a-2026/southern/paddles/sunday-paddles.pdf#page=16,https://www4.septa.org/picking/pdf/fall-a-2026/southern/paddles/sunday-paddles#page=16.pdf,https://www4.septa.org/picking/pdf/fall-a-2026/southern/trip-sheets/sunday-trip-sheets.pdf
SouthernSunday9,9,Southern,1 of 2,18,Sunday,https://www4.septa.org/picking/pdf/fall-a-2026/southern/paddles/sunday-paddles.pdf#page=18,https://www4.septa.org/picking/pdf/fall-a-2026/southern/paddles/sunday-paddles#page=18.pdf,https://www4.septa.org/picking/pdf/fall-a-2026/southern/trip-sheets/sunday-trip-sheets.pdf
SouthernSunday10,10,Southern,1 of 3,20,Sunday,https://www4.septa.org/picking/pdf/fall-a-2026/southern/paddles/sunday-paddles.pdf#page=20,https://www4.septa.org/picking/pdf/fall-a-2026/southern/paddles/sunday-paddles#page=20.pdf,https://www4.septa.org/picking/pdf/fall-a-2026/southern/trip-sheets/sunday-trip-sheets.pdf
SouthernSunday11,11,Southern,1 of 2,23,Sunday,https://www4.septa.org/picking/pdf/fall-a-2026/southern/paddles/sunday-paddles.pdf#page=23,https://www4.septa.org/picking/pdf/fall-a-2026/southern/paddles/sunday-paddles#page=23.pdf,https://www4.septa.org/picking/pdf/fall-a-2026/southern/trip-sheets/sunday-trip-sheets.pdf
SouthernSunday101,101,Southern,1 of 1,25,Sunday,https://www4.septa.org/picking/pdf/fall-a-2026/southern/paddles/sunday-paddles.pdf#page=25,https://www4.septa.org/picking/pdf/fall-a-2026/southern/paddles/sunday-paddles#page=25.pdf,https://www4.septa.org/picking/pdf/fall-a-2026/southern/trip-sheets/sunday-trip-sheets.pdf
SouthernSunday102,102,Southern,1 of 1,26,Sunday,https://www4.septa.org/picking/pdf/fall-a-2026/southern/paddles/sunday-paddles.pdf#page=26,https://www4.septa.org/picking/pdf/fall-a-2026/southern/paddles/sunday-paddles#page=26.pdf,https://www4.septa.org/picking/pdf/fall-a-2026/southern/trip-sheets/sunday-trip-sheets.pdf
SouthernSunday103,103,Southern,1 of 1,27,Sunday,https://www4.septa.org/picking/pdf/fall-a-2026/southern/paddles/sunday-paddles.pdf#page=27,https://www4.septa.org/picking/pdf/fall-a-2026/southern/paddles/sunday-paddles#page=27.pdf,https://www4.septa.org/picking/pdf/fall-a-2026/southern/trip-sheets/sunday-trip-sheets.pdf
SouthernSunday104,104,Southern,1 of 2,28,Sunday,https://www4.septa.org/picking/pdf/fall-a-2026/southern/paddles/sunday-paddles.pdf#page=28,https://www4.septa.org/picking/pdf/fall-a-2026/southern/paddles/sunday-paddles#page=28.pdf,https://www4.septa.org/picking/pdf/fall-a-2026/southern/trip-sheets/sunday-trip-sheets.pdf
SouthernSunday201,201,Southern,1 of 2,30,Sunday,https://www4.septa.org/picking/pdf/fall-a-2026/southern/paddles/sunday-paddles.pdf#page=30,https://www4.septa.org/picking/pdf/fall-a-2026/southern/paddles/sunday-paddles#page=30.pdf,https://www4.septa.org/picking/pdf/fall-a-2026/southern/trip-sheets/sunday-trip-sheets.pdf
SouthernSunday202,202,Southern,1 of 2,32,Sunday,https://www4.septa.org/picking/pdf/fall-a-2026/southern/paddles/sunday-paddles.pdf#page=32,https://www4.septa.org/picking/pdf/fall-a-2026/southern/paddles/sunday-paddles#page=32.pdf,https://www4.septa.org/picking/pdf/fall-a-2026/southern/trip-sheets/sunday-trip-sheets.pdf
SouthernSunday203,203,Southern,1 of 1,34,Sunday,https://www4.septa.org/picking/pdf/fall-a-2026/southern/paddles/sunday-paddles.pdf#page=34,https://www4.septa.org/picking/pdf/fall-a-2026/southern/paddles/sunday-paddles#page=34.pdf,https://www4.septa.org/picking/pdf/fall-a-2026/southern/trip-sheets/sunday-trip-sheets.pdf
SouthernSunday204,204,Southern,1 of 1,35,Sunday,https://www4.septa.org/picking/pdf/fall-a-2026/southern/paddles/sunday-paddles.pdf#page=35,https://www4.septa.org/picking/pdf/fall-a-2026/southern/paddles/sunday-paddles#page=35.pdf,https://www4.septa.org/picking/pdf/fall-a-2026/southern/trip-sheets/sunday-trip-sheets.pdf
SouthernSunday205,205,Southern,1 of 2,36,Sunday,https://www4.septa.org/picking/pdf/fall-a-2026/southern/paddles/sunday-paddles.pdf#page=36,https://www4.septa.org/picking/pdf/fall-a-2026/southern/paddles/sunday-paddles#page=36.pdf,https://www4.septa.org/picking/pdf/fall-a-2026/southern/trip-sheets/sunday-trip-sheets.pdf
SouthernSunday206,206,Southern,1 of 1,38,Sunday,https://www4.septa.org/picking/pdf/fall-a-2026/southern/paddles/sunday-paddles.pdf#page=38,https://www4.septa.org/picking/pdf/fall-a-2026/southern/paddles/sunday-paddles#page=38.pdf,https://www4.septa.org/picking/pdf/fall-a-2026/southern/trip-sheets/sunday-trip-sheets.pdf
SouthernSunday207,207,Southern,1 of 1,39,Sunday,https://www4.septa.org/picking/pdf/fall-a-2026/southern/paddles/sunday-paddles.pdf#page=39,https://www4.septa.org/picking/pdf/fall-a-2026/southern/paddles/sunday-paddles#page=39.pdf,https://www4.septa.org/picking/pdf/fall-a-2026/southern/trip-sheets/sunday-trip-sheets.pdf
SouthernSunday208,208,Southern,1 of 1,40,Sunday,https://www4.septa.org/picking/pdf/fall-a-2026/southern/paddles/sunday-paddles.pdf#page=40,https://www4.septa.org/picking/pdf/fall-a-2026/southern/paddles/sunday-paddles#page=40.pdf,https://www4.septa.org/picking/pdf/fall-a-2026/southern/trip-sheets/sunday-trip-sheets.pdf
SouthernSunday209,209,Southern,1 of 1,41,Sunday,https://www4.septa.org/picking/pdf/fall-a-2026/southern/paddles/sunday-paddles.pdf#page=41,https://www4.septa.org/picking/pdf/fall-a-2026/southern/paddles/sunday-paddles#page=41.pdf,https://www4.septa.org/picking/pdf/fall-a-2026/southern/trip-sheets/sunday-trip-sheets.pdf
SouthernSunday210,210,Southern,1 of 1,42,Sunday,https://www4.septa.org/picking/pdf/fall-a-2026/southern/paddles/sunday-paddles.pdf#page=42,https://www4.septa.org/picking/pdf/fall-a-2026/southern/paddles/sunday-paddles#page=42.pdf,https://www4.septa.org/picking/pdf/fall-a-2026/southern/trip-sheets/sunday-trip-sheets.pdf
SouthernSunday275,275,Southern,1 of 3,43,Sunday,https://www4.septa.org/picking/pdf/fall-a-2026/southern/paddles/sunday-paddles.pdf#page=43,https://www4.septa.org/picking/pdf/fall-a-2026/southern/paddles/sunday-paddles#page=43.pdf,https://www4.septa.org/picking/pdf/fall-a-2026/southern/trip-sheets/sunday-trip-sheets.pdf
SouthernSunday276,276,Southern,1 of 3,46,Sunday,https://www4.septa.org/picking/pdf/fall-a-2026/southern/paddles/sunday-paddles.pdf#page=46,https://www4.septa.org/picking/pdf/fall-a-2026/southern/paddles/sunday-paddles#page=46.pdf,https://www4.septa.org/picking/pdf/fall-a-2026/southern/trip-sheets/sunday-trip-sheets.pdf
SouthernSunday277,277,Southern,1 of 3,49,Sunday,https://www4.septa.org/picking/pdf/fall-a-2026/southern/paddles/sunday-paddles.pdf#page=49,https://www4.septa.org/picking/pdf/fall-a-2026/southern/paddles/sunday-paddles#page=49.pdf,https://www4.septa.org/picking/pdf/fall-a-2026/southern/trip-sheets/sunday-trip-sheets.pdf
SouthernSunday278,278,Southern,1 of 3,52,Sunday,https://www4.septa.org/picking/pdf/fall-a-2026/southern/paddles/sunday-paddles.pdf#page=52,https://www4.septa.org/picking/pdf/fall-a-2026/southern/paddles/sunday-paddles#page=52.pdf,https://www4.septa.org/picking/pdf/fall-a-2026/southern/trip-sheets/sunday-trip-sheets.pdf
SouthernSunday279,279,Southern,1 of 3,55,Sunday,https://www4.septa.org/picking/pdf/fall-a-2026/southern/paddles/sunday-paddles.pdf#page=55,https://www4.septa.org/picking/pdf/fall-a-2026/southern/paddles/sunday-paddles#page=55.pdf,https://www4.septa.org/picking/pdf/fall-a-2026/southern/trip-sheets/sunday-trip-sheets.pdf
SouthernSunday301,301,Southern,1 of 2,58,Sunday,https://www4.septa.org/picking/pdf/fall-a-2026/southern/paddles/sunday-paddles.pdf#page=58,https://www4.septa.org/picking/pdf/fall-a-2026/southern/paddles/sunday-paddles#page=58.pdf,https://www4.septa.org/picking/pdf/fall-a-2026/southern/trip-sheets/sunday-trip-sheets.pdf
SouthernSunday302,302,Southern,1 of 2,60,Sunday,https://www4.septa.org/picking/pdf/fall-a-2026/southern/paddles/sunday-paddles.pdf#page=60,https://www4.septa.org/picking/pdf/fall-a-2026/southern/paddles/sunday-paddles#page=60.pdf,https://www4.septa.org/picking/pdf/fall-a-2026/southern/trip-sheets/sunday-trip-sheets.pdf
SouthernSunday303,303,Southern,1 of 2,62,Sunday,https://www4.septa.org/picking/pdf/fall-a-2026/southern/paddles/sunday-paddles.pdf#page=62,https://www4.septa.org/picking/pdf/fall-a-2026/southern/paddles/sunday-paddles#page=62.pdf,https://www4.septa.org/picking/pdf/fall-a-2026/southern/trip-sheets/sunday-trip-sheets.pdf
SouthernSunday304,304,Southern,1 of 2,64,Sunday,https://www4.septa.org/picking/pdf/fall-a-2026/southern/paddles/sunday-paddles.pdf#page=64,https://www4.septa.org/picking/pdf/fall-a-2026/southern/paddles/sunday-paddles#page=64.pdf,https://www4.septa.org/picking/pdf/fall-a-2026/southern/trip-sheets/sunday-trip-sheets.pdf
SouthernSunday305,305,Southern,1 of 2,66,Sunday,https://www4.septa.org/picking/pdf/fall-a-2026/southern/paddles/sunday-paddles.pdf#page=66,https://www4.septa.org/picking/pdf/fall-a-2026/southern/paddles/sunday-paddles#page=66.pdf,https://www4.septa.org/picking/pdf/fall-a-2026/southern/trip-sheets/sunday-trip-sheets.pdf
SouthernSunday351,351,Southern,1 of 2,68,Sunday,https://www4.septa.org/picking/pdf/fall-a-2026/southern/paddles/sunday-paddles.pdf#page=68,https://www4.septa.org/picking/pdf/fall-a-2026/southern/paddles/sunday-paddles#page=68.pdf,https://www4.septa.org/picking/pdf/fall-a-2026/southern/trip-sheets/sunday-trip-sheets.pdf
SouthernSunday352,352,Southern,1 of 1,70,Sunday,https://www4.septa.org/picking/pdf/fall-a-2026/southern/paddles/sunday-paddles.pdf#page=70,https://www4.septa.org/picking/pdf/fall-a-2026/southern/paddles/sunday-paddles#page=70.pdf,https://www4.septa.org/picking/pdf/fall-a-2026/southern/trip-sheets/sunday-trip-sheets.pdf
SouthernSunday353,353,Southern,1 of 2,71,Sunday,https://www4.septa.org/picking/pdf/fall-a-2026/southern/paddles/sunday-paddles.pdf#page=71,https://www4.septa.org/picking/pdf/fall-a-2026/southern/paddles/sunday-paddles#page=71.pdf,https://www4.septa.org/picking/pdf/fall-a-2026/southern/trip-sheets/sunday-trip-sheets.pdf
SouthernSunday354,354,Southern,1 of 2,73,Sunday,https://www4.septa.org/picking/pdf/fall-a-2026/southern/paddles/sunday-paddles.pdf#page=73,https://www4.septa.org/picking/pdf/fall-a-2026/southern/paddles/sunday-paddles#page=73.pdf,https://www4.septa.org/picking/pdf/fall-a-2026/southern/trip-sheets/sunday-trip-sheets.pdf
SouthernSunday451,451,Southern,1 of 2,75,Sunday,https://www4.septa.org/picking/pdf/fall-a-2026/southern/paddles/sunday-paddles.pdf#page=75,https://www4.septa.org/picking/pdf/fall-a-2026/southern/paddles/sunday-paddles#page=75.pdf,https://www4.septa.org/picking/pdf/fall-a-2026/southern/trip-sheets/sunday-trip-sheets.pdf
SouthernSunday452,452,Southern,1 of 2,77,Sunday,https://www4.septa.org/picking/pdf/fall-a-2026/southern/paddles/sunday-paddles.pdf#page=77,https://www4.septa.org/picking/pdf/fall-a-2026/southern/paddles/sunday-paddles#page=77.pdf,https://www4.septa.org/picking/pdf/fall-a-2026/southern/trip-sheets/sunday-trip-sheets.pdf
SouthernSunday453,453,Southern,1 of 2,79,Sunday,https://www4.septa.org/picking/pdf/fall-a-2026/southern/paddles/sunday-paddles.pdf#page=79,https://www4.septa.org/picking/pdf/fall-a-2026/southern/paddles/sunday-paddles#page=79.pdf,https://www4.septa.org/picking/pdf/fall-a-2026/southern/trip-sheets/sunday-trip-sheets.pdf
SouthernSunday454,454,Southern,1 of 2,81,Sunday,https://www4.septa.org/picking/pdf/fall-a-2026/southern/paddles/sunday-paddles.pdf#page=81,https://www4.septa.org/picking/pdf/fall-a-2026/southern/paddles/sunday-paddles#page=81.pdf,https://www4.septa.org/picking/pdf/fall-a-2026/southern/trip-sheets/sunday-trip-sheets.pdf
SouthernSunday501,501,Southern,1 of 2,83,Sunday,https://www4.septa.org/picking/pdf/fall-a-2026/southern/paddles/sunday-paddles.pdf#page=83,https://www4.septa.org/picking/pdf/fall-a-2026/southern/paddles/sunday-paddles#page=83.pdf,https://www4.septa.org/picking/pdf/fall-a-2026/southern/trip-sheets/sunday-trip-sheets.pdf
SouthernSunday502,502,Southern,1 of 2,85,Sunday,https://www4.septa.org/picking/pdf/fall-a-2026/southern/paddles/sunday-paddles.pdf#page=85,https://www4.septa.org/picking/pdf/fall-a-2026/southern/paddles/sunday-paddles#page=85.pdf,https://www4.septa.org/picking/pdf/fall-a-2026/southern/trip-sheets/sunday-trip-sheets.pdf
SouthernSunday601,601,Southern,1 of 3,87,Sunday,https://www4.septa.org/picking/pdf/fall-a-2026/southern/paddles/sunday-paddles.pdf#page=87,https://www4.septa.org/picking/pdf/fall-a-2026/southern/paddles/sunday-paddles#page=87.pdf,https://www4.septa.org/picking/pdf/fall-a-2026/southern/trip-sheets/sunday-trip-sheets.pdf
SouthernSunday602,602,Southern,1 of 3,90,Sunday,https://www4.septa.org/picking/pdf/fall-a-2026/southern/paddles/sunday-paddles.pdf#page=90,https://www4.septa.org/picking/pdf/fall-a-2026/southern/paddles/sunday-paddles#page=90.pdf,https://www4.septa.org/picking/pdf/fall-a-2026/southern/trip-sheets/sunday-trip-sheets.pdf
SouthernSunday603,603,Southern,1 of 2,93,Sunday,https://www4.septa.org/picking/pdf/fall-a-2026/southern/paddles/sunday-paddles.pdf#page=93,https://www4.septa.org/picking/pdf/fall-a-2026/southern/paddles/sunday-paddles#page=93.pdf,https://www4.septa.org/picking/pdf/fall-a-2026/southern/trip-sheets/sunday-trip-sheets.pdf
SouthernSunday604,604,Southern,1 of 3,95,Sunday,https://www4.septa.org/picking/pdf/fall-a-2026/southern/paddles/sunday-paddles.pdf#page=95,https://www4.septa.org/picking/pdf/fall-a-2026/southern/paddles/sunday-paddles#page=95.pdf,https://www4.septa.org/picking/pdf/fall-a-2026/southern/trip-sheets/sunday-trip-sheets.pdf
SouthernSunday605,605,Southern,1 of 3,98,Sunday,https://www4.septa.org/picking/pdf/fall-a-2026/southern/paddles/sunday-paddles.pdf#page=98,https://www4.septa.org/picking/pdf/fall-a-2026/southern/paddles/sunday-paddles#page=98.pdf,https://www4.septa.org/picking/pdf/fall-a-2026/southern/trip-sheets/sunday-trip-sheets.pdf
SouthernSunday606,606,Southern,1 of 2,101,Sunday,https://www4.septa.org/picking/pdf/fall-a-2026/southern/paddles/sunday-paddles.pdf#page=101,https://www4.septa.org/picking/pdf/fall-a-2026/southern/paddles/sunday-paddles#page=101.pdf,https://www4.septa.org/picking/pdf/fall-a-2026/southern/trip-sheets/sunday-trip-sheets.pdf
SouthernSunday607,607,Southern,1 of 3,103,Sunday,https://www4.septa.org/picking/pdf/fall-a-2026/southern/paddles/sunday-paddles.pdf#page=103,https://www4.septa.org/picking/pdf/fall-a-2026/southern/paddles/sunday-paddles#page=103.pdf,https://www4.septa.org/picking/pdf/fall-a-2026/southern/trip-sheets/sunday-trip-sheets.pdf
SouthernSunday608,608,Southern,1 of 3,106,Sunday,https://www4.septa.org/picking/pdf/fall-a-2026/southern/paddles/sunday-paddles.pdf#page=106,https://www4.septa.org/picking/pdf/fall-a-2026/southern/paddles/sunday-paddles#page=106.pdf,https://www4.septa.org/picking/pdf/fall-a-2026/southern/trip-sheets/sunday-trip-sheets.pdf
SouthernSunday609,609,Southern,1 of 3,109,Sunday,https://www4.septa.org/picking/pdf/fall-a-2026/southern/paddles/sunday-paddles.pdf#page=109,https://www4.septa.org/picking/pdf/fall-a-2026/southern/paddles/sunday-paddles#page=109.pdf,https://www4.septa.org/picking/pdf/fall-a-2026/southern/trip-sheets/sunday-trip-sheets.pdf
SouthernSunday610,610,Southern,1 of 3,112,Sunday,https://www4.septa.org/picking/pdf/fall-a-2026/southern/paddles/sunday-paddles.pdf#page=112,https://www4.septa.org/picking/pdf/fall-a-2026/southern/paddles/sunday-paddles#page=112.pdf,https://www4.septa.org/picking/pdf/fall-a-2026/southern/trip-sheets/sunday-trip-sheets.pdf
SouthernSunday611,611,Southern,1 of 3,115,Sunday,https://www4.septa.org/picking/pdf/fall-a-2026/southern/paddles/sunday-paddles.pdf#page=115,https://www4.septa.org/picking/pdf/fall-a-2026/southern/paddles/sunday-paddles#page=115.pdf,https://www4.septa.org/picking/pdf/fall-a-2026/southern/trip-sheets/sunday-trip-sheets.pdf
SouthernSunday612,612,Southern,1 of 3,118,Sunday,https://www4.septa.org/picking/pdf/fall-a-2026/southern/paddles/sunday-paddles.pdf#page=118,https://www4.septa.org/picking/pdf/fall-a-2026/southern/paddles/sunday-paddles#page=118.pdf,https://www4.septa.org/picking/pdf/fall-a-2026/southern/trip-sheets/sunday-trip-sheets.pdf
SouthernSunday701,701,Southern,1 of 2,121,Sunday,https://www4.septa.org/picking/pdf/fall-a-2026/southern/paddles/sunday-paddles.pdf#page=121,https://www4.septa.org/picking/pdf/fall-a-2026/southern/paddles/sunday-paddles#page=121.pdf,https://www4.septa.org/picking/pdf/fall-a-2026/southern/trip-sheets/sunday-trip-sheets.pdf
SouthernSunday702,702,Southern,1 of 2,123,Sunday,https://www4.septa.org/picking/pdf/fall-a-2026/southern/paddles/sunday-paddles.pdf#page=123,https://www4.septa.org/picking/pdf/fall-a-2026/southern/paddles/sunday-paddles#page=123.pdf,https://www4.septa.org/picking/pdf/fall-a-2026/southern/trip-sheets/sunday-trip-sheets.pdf
SouthernSunday703,703,Southern,1 of 2,125,Sunday,https://www4.septa.org/picking/pdf/fall-a-2026/southern/paddles/sunday-paddles.pdf#page=125,https://www4.septa.org/picking/pdf/fall-a-2026/southern/paddles/sunday-paddles#page=125.pdf,https://www4.septa.org/picking/pdf/fall-a-2026/southern/trip-sheets/sunday-trip-sheets.pdf
SouthernSunday704,704,Southern,1 of 2,127,Sunday,https://www4.septa.org/picking/pdf/fall-a-2026/southern/paddles/sunday-paddles.pdf#page=127,https://www4.septa.org/picking/pdf/fall-a-2026/southern/paddles/sunday-paddles#page=127.pdf,https://www4.septa.org/picking/pdf/fall-a-2026/southern/trip-sheets/sunday-trip-sheets.pdf
SouthernSunday705,705,Southern,1 of 2,129,Sunday,https://www4.septa.org/picking/pdf/fall-a-2026/southern/paddles/sunday-paddles.pdf#page=129,https://www4.septa.org/picking/pdf/fall-a-2026/southern/paddles/sunday-paddles#page=129.pdf,https://www4.septa.org/picking/pdf/fall-a-2026/southern/trip-sheets/sunday-trip-sheets.pdf
SouthernSunday706,706,Southern,1 of 2,131,Sunday,https://www4.septa.org/picking/pdf/fall-a-2026/southern/paddles/sunday-paddles.pdf#page=131,https://www4.septa.org/picking/pdf/fall-a-2026/southern/paddles/sunday-paddles#page=131.pdf,https://www4.septa.org/picking/pdf/fall-a-2026/southern/trip-sheets/sunday-trip-sheets.pdf
SouthernSunday707,707,Southern,1 of 2,133,Sunday,https://www4.septa.org/picking/pdf/fall-a-2026/southern/paddles/sunday-paddles.pdf#page=133,https://www4.septa.org/picking/pdf/fall-a-2026/southern/paddles/sunday-paddles#page=133.pdf,https://www4.septa.org/picking/pdf/fall-a-2026/southern/trip-sheets/sunday-trip-sheets.pdf
SouthernSunday708,708,Southern,1 of 2,135,Sunday,https://www4.septa.org/picking/pdf/fall-a-2026/southern/paddles/sunday-paddles.pdf#page=135,https://www4.septa.org/picking/pdf/fall-a-2026/southern/paddles/sunday-paddles#page=135.pdf,https://www4.septa.org/picking/pdf/fall-a-2026/southern/trip-sheets/sunday-trip-sheets.pdf
SouthernSunday709,709,Southern,1 of 2,137,Sunday,https://www4.septa.org/picking/pdf/fall-a-2026/southern/paddles/sunday-paddles.pdf#page=137,https://www4.septa.org/picking/pdf/fall-a-2026/southern/paddles/sunday-paddles#page=137.pdf,https://www4.septa.org/picking/pdf/fall-a-2026/southern/trip-sheets/sunday-trip-sheets.pdf
SouthernSunday710,710,Southern,1 of 2,139,Sunday,https://www4.septa.org/picking/pdf/fall-a-2026/southern/paddles/sunday-paddles.pdf#page=139,https://www4.septa.org/picking/pdf/fall-a-2026/southern/paddles/sunday-paddles#page=139.pdf,https://www4.septa.org/picking/pdf/fall-a-2026/southern/trip-sheets/sunday-trip-sheets.pdf
SouthernSunday751,751,Southern,1 of 2,141,Sunday,https://www4.septa.org/picking/pdf/fall-a-2026/southern/paddles/sunday-paddles.pdf#page=141,https://www4.septa.org/picking/pdf/fall-a-2026/southern/paddles/sunday-paddles#page=141.pdf,https://www4.septa.org/picking/pdf/fall-a-2026/southern/trip-sheets/sunday-trip-sheets.pdf
SouthernSunday752,752,Southern,1 of 2,143,Sunday,https://www4.septa.org/picking/pdf/fall-a-2026/southern/paddles/sunday-paddles.pdf#page=143,https://www4.septa.org/picking/pdf/fall-a-2026/southern/paddles/sunday-paddles#page=143.pdf,https://www4.septa.org/picking/pdf/fall-a-2026/southern/trip-sheets/sunday-trip-sheets.pdf
SouthernSunday753,753,Southern,1 of 2,145,Sunday,https://www4.septa.org/picking/pdf/fall-a-2026/southern/paddles/sunday-paddles.pdf#page=145,https://www4.septa.org/picking/pdf/fall-a-2026/southern/paddles/sunday-paddles#page=145.pdf,https://www4.septa.org/picking/pdf/fall-a-2026/southern/trip-sheets/sunday-trip-sheets.pdf
SouthernSunday754,754,Southern,1 of 2,147,Sunday,https://www4.septa.org/picking/pdf/fall-a-2026/southern/paddles/sunday-paddles.pdf#page=147,https://www4.septa.org/picking/pdf/fall-a-2026/southern/paddles/sunday-paddles#page=147.pdf,https://www4.septa.org/picking/pdf/fall-a-2026/southern/trip-sheets/sunday-trip-sheets.pdf
SouthernSunday755,755,Southern,1 of 2,149,Sunday,https://www4.septa.org/picking/pdf/fall-a-2026/southern/paddles/sunday-paddles.pdf#page=149,https://www4.septa.org/picking/pdf/fall-a-2026/southern/paddles/sunday-paddles#page=149.pdf,https://www4.septa.org/picking/pdf/fall-a-2026/southern/trip-sheets/sunday-trip-sheets.pdf
SouthernSunday756,756,Southern,1 of 3,151,Sunday,https://www4.septa.org/picking/pdf/fall-a-2026/southern/paddles/sunday-paddles.pdf#page=151,https://www4.septa.org/picking/pdf/fall-a-2026/southern/paddles/sunday-paddles#page=151.pdf,https://www4.septa.org/picking/pdf/fall-a-2026/southern/trip-sheets/sunday-trip-sheets.pdf
SouthernSunday757,757,Southern,1 of 2,154,Sunday,https://www4.septa.org/picking/pdf/fall-a-2026/southern/paddles/sunday-paddles.pdf#page=154,https://www4.septa.org/picking/pdf/fall-a-2026/southern/paddles/sunday-paddles#page=154.pdf,https://www4.septa.org/picking/pdf/fall-a-2026/southern/trip-sheets/sunday-trip-sheets.pdf
SouthernSunday758,758,Southern,1 of 3,156,Sunday,https://www4.septa.org/picking/pdf/fall-a-2026/southern/paddles/sunday-paddles.pdf#page=156,https://www4.septa.org/picking/pdf/fall-a-2026/southern/paddles/sunday-paddles#page=156.pdf,https://www4.septa.org/picking/pdf/fall-a-2026/southern/trip-sheets/sunday-trip-sheets.pdf
SouthernSunday759,759,Southern,1 of 2,159,Sunday,https://www4.septa.org/picking/pdf/fall-a-2026/southern/paddles/sunday-paddles.pdf#page=159,https://www4.septa.org/picking/pdf/fall-a-2026/southern/paddles/sunday-paddles#page=159.pdf,https://www4.septa.org/picking/pdf/fall-a-2026/southern/trip-sheets/sunday-trip-sheets.pdf
SouthernSunday760,760,Southern,1 of 2,161,Sunday,https://www4.septa.org/picking/pdf/fall-a-2026/southern/paddles/sunday-paddles.pdf#page=161,https://www4.septa.org/picking/pdf/fall-a-2026/southern/paddles/sunday-paddles#page=161.pdf,https://www4.septa.org/picking/pdf/fall-a-2026/southern/trip-sheets/sunday-trip-sheets.pdf
SouthernSunday761,761,Southern,1 of 2,163,Sunday,https://www4.septa.org/picking/pdf/fall-a-2026/southern/paddles/sunday-paddles.pdf#page=163,https://www4.septa.org/picking/pdf/fall-a-2026/southern/paddles/sunday-paddles#page=163.pdf,https://www4.septa.org/picking/pdf/fall-a-2026/southern/trip-sheets/sunday-trip-sheets.pdf
SouthernSunday762,762,Southern,1 of 2,165,Sunday,https://www4.septa.org/picking/pdf/fall-a-2026/southern/paddles/sunday-paddles.pdf#page=165,https://www4.septa.org/picking/pdf/fall-a-2026/southern/paddles/sunday-paddles#page=165.pdf,https://www4.septa.org/picking/pdf/fall-a-2026/southern/trip-sheets/sunday-trip-sheets.pdf
SouthernSunday763,763,Southern,1 of 2,167,Sunday,https://www4.septa.org/picking/pdf/fall-a-2026/southern/paddles/sunday-paddles.pdf#page=167,https://www4.septa.org/picking/pdf/fall-a-2026/southern/paddles/sunday-paddles#page=167.pdf,https://www4.septa.org/picking/pdf/fall-a-2026/southern/trip-sheets/sunday-trip-sheets.pdf
SouthernSunday801,801,Southern,1 of 3,169,Sunday,https://www4.septa.org/picking/pdf/fall-a-2026/southern/paddles/sunday-paddles.pdf#page=169,https://www4.septa.org/picking/pdf/fall-a-2026/southern/paddles/sunday-paddles#page=169.pdf,https://www4.septa.org/picking/pdf/fall-a-2026/southern/trip-sheets/sunday-trip-sheets.pdf
SouthernSunday802,802,Southern,1 of 4,172,Sunday,https://www4.septa.org/picking/pdf/fall-a-2026/southern/paddles/sunday-paddles.pdf#page=172,https://www4.septa.org/picking/pdf/fall-a-2026/southern/paddles/sunday-paddles#page=172.pdf,https://www4.septa.org/picking/pdf/fall-a-2026/southern/trip-sheets/sunday-trip-sheets.pdf
SouthernSunday803,803,Southern,1 of 2,176,Sunday,https://www4.septa.org/picking/pdf/fall-a-2026/southern/paddles/sunday-paddles.pdf#page=176,https://www4.septa.org/picking/pdf/fall-a-2026/southern/paddles/sunday-paddles#page=176.pdf,https://www4.septa.org/picking/pdf/fall-a-2026/southern/trip-sheets/sunday-trip-sheets.pdf
SouthernSunday804,804,Southern,1 of 2,178,Sunday,https://www4.septa.org/picking/pdf/fall-a-2026/southern/paddles/sunday-paddles.pdf#page=178,https://www4.septa.org/picking/pdf/fall-a-2026/southern/paddles/sunday-paddles#page=178.pdf,https://www4.septa.org/picking/pdf/fall-a-2026/southern/trip-sheets/sunday-trip-sheets.pdf
SouthernSunday805,805,Southern,1 of 2,180,Sunday,https://www4.septa.org/picking/pdf/fall-a-2026/southern/paddles/sunday-paddles.pdf#page=180,https://www4.septa.org/picking/pdf/fall-a-2026/southern/paddles/sunday-paddles#page=180.pdf,https://www4.septa.org/picking/pdf/fall-a-2026/southern/trip-sheets/sunday-trip-sheets.pdf
SouthernSunday806,806,Southern,1 of 2,182,Sunday,https://www4.septa.org/picking/pdf/fall-a-2026/southern/paddles/sunday-paddles.pdf#page=182,https://www4.septa.org/picking/pdf/fall-a-2026/southern/paddles/sunday-paddles#page=182.pdf,https://www4.septa.org/picking/pdf/fall-a-2026/southern/trip-sheets/sunday-trip-sheets.pdf
SouthernSunday807,807,Southern,1 of 2,184,Sunday,https://www4.septa.org/picking/pdf/fall-a-2026/southern/paddles/sunday-paddles.pdf#page=184,https://www4.septa.org/picking/pdf/fall-a-2026/southern/paddles/sunday-paddles#page=184.pdf,https://www4.septa.org/picking/pdf/fall-a-2026/southern/trip-sheets/sunday-trip-sheets.pdf
SouthernSunday808,808,Southern,1 of 2,186,Sunday,https://www4.septa.org/picking/pdf/fall-a-2026/southern/paddles/sunday-paddles.pdf#page=186,https://www4.septa.org/picking/pdf/fall-a-2026/southern/paddles/sunday-paddles#page=186.pdf,https://www4.septa.org/picking/pdf/fall-a-2026/southern/trip-sheets/sunday-trip-sheets.pdf
SouthernSunday809,809,Southern,1 of 2,188,Sunday,https://www4.septa.org/picking/pdf/fall-a-2026/southern/paddles/sunday-paddles.pdf#page=188,https://www4.septa.org/picking/pdf/fall-a-2026/southern/paddles/sunday-paddles#page=188.pdf,https://www4.septa.org/picking/pdf/fall-a-2026/southern/trip-sheets/sunday-trip-sheets.pdf
SouthernSunday851,851,Southern,1 of 2,190,Sunday,https://www4.septa.org/picking/pdf/fall-a-2026/southern/paddles/sunday-paddles.pdf#page=190,https://www4.septa.org/picking/pdf/fall-a-2026/southern/paddles/sunday-paddles#page=190.pdf,https://www4.septa.org/picking/pdf/fall-a-2026/southern/trip-sheets/sunday-trip-sheets.pdf
SouthernSunday852,852,Southern,1 of 2,192,Sunday,https://www4.septa.org/picking/pdf/fall-a-2026/southern/paddles/sunday-paddles.pdf#page=192,https://www4.septa.org/picking/pdf/fall-a-2026/southern/paddles/sunday-paddles#page=192.pdf,https://www4.septa.org/picking/pdf/fall-a-2026/southern/trip-sheets/sunday-trip-sheets.pdf
SouthernSunday853,853,Southern,1 of 2,194,Sunday,https://www4.septa.org/picking/pdf/fall-a-2026/southern/paddles/sunday-paddles.pdf#page=194,https://www4.septa.org/picking/pdf/fall-a-2026/southern/paddles/sunday-paddles#page=194.pdf,https://www4.septa.org/picking/pdf/fall-a-2026/southern/trip-sheets/sunday-trip-sheets.pdf
SouthernSunday854,854,Southern,1 of 2,196,Sunday,https://www4.septa.org/picking/pdf/fall-a-2026/southern/paddles/sunday-paddles.pdf#page=196,https://www4.septa.org/picking/pdf/fall-a-2026/southern/paddles/sunday-paddles#page=196.pdf,https://www4.septa.org/picking/pdf/fall-a-2026/southern/trip-sheets/sunday-trip-sheets.pdf
SouthernSunday855,855,Southern,1 of 2,198,Sunday,https://www4.septa.org/picking/pdf/fall-a-2026/southern/paddles/sunday-paddles.pdf#page=198,https://www4.septa.org/picking/pdf/fall-a-2026/southern/paddles/sunday-paddles#page=198.pdf,https://www4.septa.org/picking/pdf/fall-a-2026/southern/trip-sheets/sunday-trip-sheets.pdf
SouthernSunday856,856,Southern,1 of 2,200,Sunday,https://www4.septa.org/picking/pdf/fall-a-2026/southern/paddles/sunday-paddles.pdf#page=200,https://www4.septa.org/picking/pdf/fall-a-2026/southern/paddles/sunday-paddles#page=200.pdf,https://www4.septa.org/picking/pdf/fall-a-2026/southern/trip-sheets/sunday-trip-sheets.pdf
SouthernSunday857,857,Southern,1 of 2,202,Sunday,https://www4.septa.org/picking/pdf/fall-a-2026/southern/paddles/sunday-paddles.pdf#page=202,https://www4.septa.org/picking/pdf/fall-a-2026/southern/paddles/sunday-paddles#page=202.pdf,https://www4.septa.org/picking/pdf/fall-a-2026/southern/trip-sheets/sunday-trip-sheets.pdf
SouthernSunday858,858,Southern,1 of 2,204,Sunday,https://www4.septa.org/picking/pdf/fall-a-2026/southern/paddles/sunday-paddles.pdf#page=204,https://www4.septa.org/picking/pdf/fall-a-2026/southern/paddles/sunday-paddles#page=204.pdf,https://www4.septa.org/picking/pdf/fall-a-2026/southern/trip-sheets/sunday-trip-sheets.pdf
SouthernSunday859,859,Southern,1 of 2,206,Sunday,https://www4.septa.org/picking/pdf/fall-a-2026/southern/paddles/sunday-paddles.pdf#page=206,https://www4.septa.org/picking/pdf/fall-a-2026/southern/paddles/sunday-paddles#page=206.pdf,https://www4.septa.org/picking/pdf/fall-a-2026/southern/trip-sheets/sunday-trip-sheets.pdf
SouthernSunday901,901,Southern,1 of 2,208,Sunday,https://www4.septa.org/picking/pdf/fall-a-2026/southern/paddles/sunday-paddles.pdf#page=208,https://www4.septa.org/picking/pdf/fall-a-2026/southern/paddles/sunday-paddles#page=208.pdf,https://www4.septa.org/picking/pdf/fall-a-2026/southern/trip-sheets/sunday-trip-sheets.pdf
SouthernSunday902,902,Southern,1 of 2,210,Sunday,https://www4.septa.org/picking/pdf/fall-a-2026/southern/paddles/sunday-paddles.pdf#page=210,https://www4.septa.org/picking/pdf/fall-a-2026/southern/paddles/sunday-paddles#page=210.pdf,https://www4.septa.org/picking/pdf/fall-a-2026/southern/trip-sheets/sunday-trip-sheets.pdf
SouthernSunday903,903,Southern,1 of 2,212,Sunday,https://www4.septa.org/picking/pdf/fall-a-2026/southern/paddles/sunday-paddles.pdf#page=212,https://www4.septa.org/picking/pdf/fall-a-2026/southern/paddles/sunday-paddles#page=212.pdf,https://www4.septa.org/picking/pdf/fall-a-2026/southern/trip-sheets/sunday-trip-sheets.pdf
SouthernSunday904,904,Southern,1 of 2,214,Sunday,https://www4.septa.org/picking/pdf/fall-a-2026/southern/paddles/sunday-paddles.pdf#page=214,https://www4.septa.org/picking/pdf/fall-a-2026/southern/paddles/sunday-paddles#page=214.pdf,https://www4.septa.org/picking/pdf/fall-a-2026/southern/trip-sheets/sunday-trip-sheets.pdf
SouthernSunday905,905,Southern,1 of 2,216,Sunday,https://www4.septa.org/picking/pdf/fall-a-2026/southern/paddles/sunday-paddles.pdf#page=216,https://www4.septa.org/picking/pdf/fall-a-2026/southern/paddles/sunday-paddles#page=216.pdf,https://www4.septa.org/picking/pdf/fall-a-2026/southern/trip-sheets/sunday-trip-sheets.pdf
SouthernSunday906,906,Southern,1 of 2,218,Sunday,https://www4.septa.org/picking/pdf/fall-a-2026/southern/paddles/sunday-paddles.pdf#page=218,https://www4.septa.org/picking/pdf/fall-a-2026/southern/paddles/sunday-paddles#page=218.pdf,https://www4.septa.org/picking/pdf/fall-a-2026/southern/trip-sheets/sunday-trip-sheets.pdf
SouthernSunday951,951,Southern,1 of 2,220,Sunday,https://www4.septa.org/picking/pdf/fall-a-2026/southern/paddles/sunday-paddles.pdf#page=220,https://www4.septa.org/picking/pdf/fall-a-2026/southern/paddles/sunday-paddles#page=220.pdf,https://www4.septa.org/picking/pdf/fall-a-2026/southern/trip-sheets/sunday-trip-sheets.pdf
SouthernSunday952,952,Southern,1 of 2,222,Sunday,https://www4.septa.org/picking/pdf/fall-a-2026/southern/paddles/sunday-paddles.pdf#page=222,https://www4.septa.org/picking/pdf/fall-a-2026/southern/paddles/sunday-paddles#page=222.pdf,https://www4.septa.org/picking/pdf/fall-a-2026/southern/trip-sheets/sunday-trip-sheets.pdf
SouthernSunday953,953,Southern,1 of 2,224,Sunday,https://www4.septa.org/picking/pdf/fall-a-2026/southern/paddles/sunday-paddles.pdf#page=224,https://www4.septa.org/picking/pdf/fall-a-2026/southern/paddles/sunday-paddles#page=224.pdf,https://www4.septa.org/picking/pdf/fall-a-2026/southern/trip-sheets/sunday-trip-sheets.pdf
SouthernSunday954,954,Southern,1 of 2,226,Sunday,https://www4.septa.org/picking/pdf/fall-a-2026/southern/paddles/sunday-paddles.pdf#page=226,https://www4.septa.org/picking/pdf/fall-a-2026/southern/paddles/sunday-paddles#page=226.pdf,https://www4.septa.org/picking/pdf/fall-a-2026/southern/trip-sheets/sunday-trip-sheets.pdf
SouthernSunday955,955,Southern,1 of 2,228,Sunday,https://www4.septa.org/picking/pdf/fall-a-2026/southern/paddles/sunday-paddles.pdf#page=228,https://www4.septa.org/picking/pdf/fall-a-2026/southern/paddles/sunday-paddles#page=228.pdf,https://www4.septa.org/picking/pdf/fall-a-2026/southern/trip-sheets/sunday-trip-sheets.pdf
SouthernSunday956,956,Southern,1 of 2,230,Sunday,https://www4.septa.org/picking/pdf/fall-a-2026/southern/paddles/sunday-paddles.pdf#page=230,https://www4.septa.org/picking/pdf/fall-a-2026/southern/paddles/sunday-paddles#page=230.pdf,https://www4.septa.org/picking/pdf/fall-a-2026/southern/trip-sheets/sunday-trip-sheets.pdf
SouthernSunday957,957,Southern,1 of 2,232,Sunday,https://www4.septa.org/picking/pdf/fall-a-2026/southern/paddles/sunday-paddles.pdf#page=232,https://www4.septa.org/picking/pdf/fall-a-2026/southern/paddles/sunday-paddles#page=232.pdf,https://www4.septa.org/picking/pdf/fall-a-2026/southern/trip-sheets/sunday-trip-sheets.pdf
SouthernSunday958,958,Southern,1 of 2,234,Sunday,https://www4.septa.org/picking/pdf/fall-a-2026/southern/paddles/sunday-paddles.pdf#page=234,https://www4.septa.org/picking/pdf/fall-a-2026/southern/paddles/sunday-paddles#page=234.pdf,https://www4.septa.org/picking/pdf/fall-a-2026/southern/trip-sheets/sunday-trip-sheets.pdf
SouthernSunday959,959,Southern,1 of 2,236,Sunday,https://www4.septa.org/picking/pdf/fall-a-2026/southern/paddles/sunday-paddles.pdf#page=236,https://www4.septa.org/picking/pdf/fall-a-2026/southern/paddles/sunday-paddles#page=236.pdf,https://www4.septa.org/picking/pdf/fall-a-2026/southern/trip-sheets/sunday-trip-sheets.pdf
SouthernSunday960,960,Southern,1 of 2,238,Sunday,https://www4.septa.org/picking/pdf/fall-a-2026/southern/paddles/sunday-paddles.pdf#page=238,https://www4.septa.org/picking/pdf/fall-a-2026/southern/paddles/sunday-paddles#page=238.pdf,https://www4.septa.org/picking/pdf/fall-a-2026/southern/trip-sheets/sunday-trip-sheets.pdf
SouthernSunday961,961,Southern,1 of 2,240,Sunday,https://www4.septa.org/picking/pdf/fall-a-2026/southern/paddles/sunday-paddles.pdf#page=240,https://www4.septa.org/picking/pdf/fall-a-2026/southern/paddles/sunday-paddles#page=240.pdf,https://www4.septa.org/picking/pdf/fall-a-2026/southern/trip-sheets/sunday-trip-sheets.pdf
SouthernSunday962,962,Southern,1 of 2,242,Sunday,https://www4.septa.org/picking/pdf/fall-a-2026/southern/paddles/sunday-paddles.pdf#page=242,https://www4.septa.org/picking/pdf/fall-a-2026/southern/paddles/sunday-paddles#page=242.pdf,https://www4.septa.org/picking/pdf/fall-a-2026/southern/trip-sheets/sunday-trip-sheets.pdf
